Handle,Title,Body HTML,Vendor,Type,Tags,Published,Option1 Name,Option1 Value,Variant SKU,Variant Price,Variant Compare At Price,Variant Inventory Qty,Variant Inventory Policy,Image Src,Image Position,Status,Command
dr-ppp6a6i10,Anafe a gas Bosch PPP6A6I10 Vidrio 60 cm,"<ul><li>• FlameSelect: ajuste preciso de la llama con 9 niveles para elegir</li><li>• Mesada de Cristal Templado: Diseño vanguardista en negro, altamente resistente y fácil de limpiar</li><li>• Parrillas de Hierro Fundido: soporte firme y limpieza fácil.</li><li>• 4 Quemadores de Gas: Incluye quemador rápido de 3 kW para cocciones potentes y veloces</li><li>• Sistema de Seguridad Gas Stop: corta el gas cuando se apaga la llama del quemador</li><li>• Mandos metálicos ergonómicos para un manejo sencillo y preciso</li><li>• Parrillas lavables en el lavavajillas: máxima comodidad a la hora de la limpieza</li><li>• Autoencendido integrado en el mando</li><li>• Versatilidad de Gas: Configurada para gas natural con inyectores para gas butano incluidos</li><li>• Dimensiones del aparato (alto x ancho x fondo): 54 x 590 x 520 mm</li><li>• Dimensiones de encastre (ancho x fondo x alto): 560 x 480 x 45 mm</li></ul>",Bosch,Electro,"Cocinas, Bosch, stock-verificado",TRUE,Color,Anafe a gas Bosch PPP6A6I10 Vidrio 60 cm,PPP6A6I10,30880.00,,10,deny,https://f.fcdn.app/imgs/dd0ce2/www.diaril.com.uy/diaruy/3a27/original/catalogo/PPP6A6I10_PPP6A6I10_1/1000x1000/anafe-a-gas-bosch-ppp6a6i10-vidrio-60-cm-anafe-a-gas-bosch-ppp6a6i10-vidrio-60-cm.jpg,1,,
dr-ppp6a6i10,,,,,,,,,,,,,,https://f.fcdn.app/imgs/b8dd25/www.diaril.com.uy/diaruy/3a27/original/catalogo/PPP6A6I10_PPP6A6I10_1/1500-1500/anafe-a-gas-bosch-ppp6a6i10-vidrio-60-cm-anafe-a-gas-bosch-ppp6a6i10-vidrio-60-cm.jpg,2,,
dr-ppp6a6i10,,,,,,,,,,,,,,https://f.fcdn.app/imgs/71f207/www.diaril.com.uy/diaruy/3a27/original/catalogo/PPP6A6I10_PPP6A6I10_1/1920-1200/anafe-a-gas-bosch-ppp6a6i10-vidrio-60-cm-anafe-a-gas-bosch-ppp6a6i10-vidrio-60-cm.jpg,3,,
dr-ppp6a6i10,,,,,,,,,,,,,,https://f.fcdn.app/imgs/3abc15/www.diaril.com.uy/diaruy/32e9/original/catalogo/PPP6A6I10_PPP6A6I10_2/1500-1500/anafe-a-gas-bosch-ppp6a6i10-vidrio-60-cm-anafe-a-gas-bosch-ppp6a6i10-vidrio-60-cm.jpg,4,,
dr-ppp6a6i10,,,,,,,,,,,,,,https://f.fcdn.app/imgs/35dea6/www.diaril.com.uy/diaruy/32e9/original/catalogo/PPP6A6I10_PPP6A6I10_2/1920-1200/anafe-a-gas-bosch-ppp6a6i10-vidrio-60-cm-anafe-a-gas-bosch-ppp6a6i10-vidrio-60-cm.jpg,5,,
dr-ppp6a6i10,,,,,,,,,,,,,,https://f.fcdn.app/imgs/4dafda/www.diaril.com.uy/diaruy/32e9/original/catalogo/PPP6A6I10_PPP6A6I10_2/1000x1000/anafe-a-gas-bosch-ppp6a6i10-vidrio-60-cm-anafe-a-gas-bosch-ppp6a6i10-vidrio-60-cm.jpg,6,,
dr-ppp6a6i10,,,,,,,,,,,,,,https://f.fcdn.app/imgs/96a5e3/www.diaril.com.uy/diaruy/fdcd/original/catalogo/PPP6A6I10_PPP6A6I10_3/1500-1500/anafe-a-gas-bosch-ppp6a6i10-vidrio-60-cm-anafe-a-gas-bosch-ppp6a6i10-vidrio-60-cm.jpg,7,,
dr-ppp6a6i10,,,,,,,,,,,,,,https://f.fcdn.app/imgs/305083/www.diaril.com.uy/diaruy/fdcd/original/catalogo/PPP6A6I10_PPP6A6I10_3/1920-1200/anafe-a-gas-bosch-ppp6a6i10-vidrio-60-cm-anafe-a-gas-bosch-ppp6a6i10-vidrio-60-cm.jpg,8,,
dr-hsg7361b1,Horno de empotrar Bosch HSG7361B1 100% Vapor,"<ul><li>• Horno con 3 formas de cocción: 100% Vapor, cocción tradicional con aporte de vapor o cocción convencional.</li><li>• 21 métodos de cocción: Sistema de calentamiento 4D Profesional, Calor superior e inferior, Grill con aire caliente, Grill de amplia superficie, Grill, Función pizza, Calor inferior, cocción suave a baja temperatura, Precalentar vajilla, mantener caliente, Aire caliente suave, hornear suave, vapor 100%, vapor añadido, Regenerar con vapor, Fermentación, descongelar, aire caliente con grill + vapor, mantener caliente + vapor, aire caliente 4D profesional + vapor, Aire caliente arriba y abajo + vapor.</li><li>• Rango de temperatura 30°C a 250°C.</li><li>• Capacidad: 71 litros.</li><li>• 5 alturas de colocación de bandejas.</li><li>• Panel de mandos Touch Control.</li><li>• Panel trasero autolimpiante.</li><li>• Asistente de limpieza con agua.</li><li>• Asistente de control de voz.</li><li>• Reloj electrónico programable de inicio y paro de cocción.</li><li>• Asistente de cocción Assist: recetas y recomendaciones de cocción.</li><li>• Golpe de vapor: inyección extra de vapor en el momento elegido.</li><li>• Diferentes intensidades de vapor: alto, medio y bajo.</li><li>• Iluminación LED en el interior del horno.</li><li>• Indicador de falta de agua.</li><li>• Generación de vapor fuera de la cavidad.</li><li>• Indicación de temperatura interior del horno en cada momento.</li><li>• Accesorios: Bandeja plana, Bandeja para vapor perforada tamaño M, Bandeja grande para vapor perforada, Bandeja para vapor sin perforar tam. M, Parrilla, Bandeja profunda, Bandeja AirFry.</li><li>• Autodesconexión de seguridad.</li><li>• Bloqueo de seguridad para niños.</li><li>• Dimensiones del aparato (alto x ancho x fondo): 595x594x548 mm.</li><li>• Dimensiones de encastre (alto x ancho x fondo): 585-595x560-568x 550 mm.</li></ul>",Bosch,Electro,"Cocinas, Bosch, stock-verificado",TRUE,Color,Horno de empotrar Bosch HSG7361B1 100% Vapor,HSG7361B1,135500.00,,10,deny,https://f.fcdn.app/imgs/014d45/www.diaril.com.uy/diaruy/171d/original/catalogo/HSG7361B1_HSG7361B1_1/1000x1000/horno-de-empotrar-bosch-hsg7361b1-100-vapor-horno-de-empotrar-bosch-hsg7361b1-100-vapor.jpg,1,,
dr-hsg7361b1,,,,,,,,,,,,,,https://f.fcdn.app/imgs/b47122/www.diaril.com.uy/diaruy/171d/original/catalogo/HSG7361B1_HSG7361B1_1/1500-1500/horno-de-empotrar-bosch-hsg7361b1-100-vapor-horno-de-empotrar-bosch-hsg7361b1-100-vapor.jpg,2,,
dr-hsg7361b1,,,,,,,,,,,,,,https://f.fcdn.app/imgs/a29618/www.diaril.com.uy/diaruy/171d/original/catalogo/HSG7361B1_HSG7361B1_1/1920-1200/horno-de-empotrar-bosch-hsg7361b1-100-vapor-horno-de-empotrar-bosch-hsg7361b1-100-vapor.jpg,3,,
dr-hsg7361b1,,,,,,,,,,,,,,https://f.fcdn.app/imgs/4badbe/www.diaril.com.uy/diaruy/a67a/original/catalogo/HSG7361B1_HSG7361B1_2/1500-1500/horno-de-empotrar-bosch-hsg7361b1-100-vapor-horno-de-empotrar-bosch-hsg7361b1-100-vapor.jpg,4,,
dr-hsg7361b1,,,,,,,,,,,,,,https://f.fcdn.app/imgs/05f921/www.diaril.com.uy/diaruy/a67a/original/catalogo/HSG7361B1_HSG7361B1_2/1920-1200/horno-de-empotrar-bosch-hsg7361b1-100-vapor-horno-de-empotrar-bosch-hsg7361b1-100-vapor.jpg,5,,
dr-hsg7361b1,,,,,,,,,,,,,,https://f.fcdn.app/imgs/1cdae8/www.diaril.com.uy/diaruy/a67a/original/catalogo/HSG7361B1_HSG7361B1_2/1000x1000/horno-de-empotrar-bosch-hsg7361b1-100-vapor-horno-de-empotrar-bosch-hsg7361b1-100-vapor.jpg,6,,
dr-hsg7361b1,,,,,,,,,,,,,,https://f.fcdn.app/imgs/0c44fd/www.diaril.com.uy/diaruy/e645/original/catalogo/HSG7361B1_HSG7361B1_3/1500-1500/horno-de-empotrar-bosch-hsg7361b1-100-vapor-horno-de-empotrar-bosch-hsg7361b1-100-vapor.jpg,7,,
dr-hsg7361b1,,,,,,,,,,,,,,https://f.fcdn.app/imgs/555817/www.diaril.com.uy/diaruy/e645/original/catalogo/HSG7361B1_HSG7361B1_3/1920-1200/horno-de-empotrar-bosch-hsg7361b1-100-vapor-horno-de-empotrar-bosch-hsg7361b1-100-vapor.jpg,8,,
dr-dbb97dp60,Campana decorativa integrada Bosch DBB97DP60 90 cm,"<ul><li>• Ancho 90 cm.</li><li>• Diseño Mate: elegante acabado negro mate que reduce la visibilidad de las huellas.</li><li>• Diseño compacto y eficiente para un almacenamiento extra y mayores posibilidades. Hasta un máximo de 10Kg de almacenamiento en cada lado.</li><li>• Visor de cristal con control táctil para un manejo más fácil y una mejor captura del vapor.</li><li>• Instalación discreta para una perfecta integración en armarios de cocina.</li><li>• Motor EcoSilence: el motor silencioso, potente y eficiente.</li><li>• TouchControl en acero inoxidable con sensores luminosos.</li><li>• 4 potencias de extracción: 3+1 intensivo.</li><li>• El motor y la luz se encienden y apagan automáticamente abriendo y cerrando la visera de cristal. La luz también puede encenderse y apagarse de forma independiente.</li><li>• Encendido y apagado gradual de la luz.</li><li>• Filtros lavables en el lavavajillas.</li><li>• Potencia máxima de extracción: 699 m³/h .</li><li>• Instalación en armarios de pared con una profundidad máxima de hasta 360 mm y un ancho de 900 mm.</li><li>• Para instalación en muebles de mayor altura, es posible adquirir extensiones para el conducto decorativo como accesorio adicional.</li><li>• Indicación de estado de programa, tiempo restante y fin diferido.</li><li>• Medidas aparato (alto x ancho x fondo): 340 x 898 x 298 mm.</li><li>• Medidas encastre (alto x ancho x fondo): 340 x 860 x 300 mm.</li></ul>",Bosch,Electro,"Campanas, Bosch, stock-verificado",TRUE,Color,Campana decorativa integrada Bosch DBB97DP60 90 cm,DBB97DP60,55087.00,,10,deny,https://f.fcdn.app/imgs/e70d15/www.diaril.com.uy/diaruy/07c7/original/catalogo/DBB97DP60_DBB97DP60_1/1000x1000/campana-decorativa-integrada-bosch-dbb97dp60-90-cm-campana-decorativa-integrada-bosch-dbb97dp60-90-cm.jpg,1,,
dr-dbb97dp60,,,,,,,,,,,,,,https://f.fcdn.app/imgs/753206/www.diaril.com.uy/diaruy/07c7/original/catalogo/DBB97DP60_DBB97DP60_1/1500-1500/campana-decorativa-integrada-bosch-dbb97dp60-90-cm-campana-decorativa-integrada-bosch-dbb97dp60-90-cm.jpg,2,,
dr-dbb97dp60,,,,,,,,,,,,,,https://f.fcdn.app/imgs/20cf7c/www.diaril.com.uy/diaruy/07c7/original/catalogo/DBB97DP60_DBB97DP60_1/1920-1200/campana-decorativa-integrada-bosch-dbb97dp60-90-cm-campana-decorativa-integrada-bosch-dbb97dp60-90-cm.jpg,3,,
dr-dbb97dp60,,,,,,,,,,,,,,https://f.fcdn.app/imgs/cf9acc/www.diaril.com.uy/diaruy/17e8/original/catalogo/DBB97DP60_DBB97DP60_2/1500-1500/campana-decorativa-integrada-bosch-dbb97dp60-90-cm-campana-decorativa-integrada-bosch-dbb97dp60-90-cm.jpg,4,,
dr-dbb97dp60,,,,,,,,,,,,,,https://f.fcdn.app/imgs/b45a0f/www.diaril.com.uy/diaruy/17e8/original/catalogo/DBB97DP60_DBB97DP60_2/1920-1200/campana-decorativa-integrada-bosch-dbb97dp60-90-cm-campana-decorativa-integrada-bosch-dbb97dp60-90-cm.jpg,5,,
dr-dbb97dp60,,,,,,,,,,,,,,https://f.fcdn.app/imgs/055e25/www.diaril.com.uy/diaruy/17e8/original/catalogo/DBB97DP60_DBB97DP60_2/1000x1000/campana-decorativa-integrada-bosch-dbb97dp60-90-cm-campana-decorativa-integrada-bosch-dbb97dp60-90-cm.jpg,6,,
dr-dbb97dp60,,,,,,,,,,,,,,https://f.fcdn.app/imgs/e136f3/www.diaril.com.uy/diaruy/f9a9/original/catalogo/DBB97DP60_DBB97DP60_3/1500-1500/campana-decorativa-integrada-bosch-dbb97dp60-90-cm-campana-decorativa-integrada-bosch-dbb97dp60-90-cm.jpg,7,,
dr-dbb97dp60,,,,,,,,,,,,,,https://f.fcdn.app/imgs/f07c5d/www.diaril.com.uy/diaruy/f9a9/original/catalogo/DBB97DP60_DBB97DP60_3/1920-1200/campana-decorativa-integrada-bosch-dbb97dp60-90-cm-campana-decorativa-integrada-bosch-dbb97dp60-90-cm.jpg,8,,
dr-tie20109,Cafetera Superautomática Bosch TIE20109 VeroCafe,"<ul><li>• Molinillo de café de alta calidad, fabricado en cerámica de alta resistencia, que garantiza un óptimo molido del grano y un mínimo ruido.</li><li>• Grado de molido del café ajustable en varios niveles.</li><li>• Bomba de 15 bares de presión.</li><li>• Bebidas disponibles: Espresso, Café, Cappuccino, Latte Macchiato, espuma de leche.</li><li>• Función OneTouch: tu mejor café al alcance de un solo dedo, un solo instante.</li><li>• Fácil mantenimiento y rápida limpieza.</li><li>• Depósito de agua extraíble de 1.4 lt.</li><li>• Bandeja de goteo con recipiente para posos de café.</li><li>• Programa automático de limpieza y descalcificación.</li></ul>",Bosch,Electro,"Cafeteras, Bosch, stock-verificado",TRUE,Color,Cafetera Superautomática Bosch TIE20109 VeroCafe,TIE20109,43522.00,,10,deny,https://f.fcdn.app/imgs/270c2e/www.diaril.com.uy/diaruy/db47/original/catalogo/TIE20109_TIE20109_1/1000x1000/cafetera-superautomatica-bosch-tie20109-verocafe-cafetera-superautomatica-bosch-tie20109-verocafe.jpg,1,,
dr-tie20109,,,,,,,,,,,,,,https://f.fcdn.app/imgs/595487/www.diaril.com.uy/diaruy/db47/original/catalogo/TIE20109_TIE20109_1/1500-1500/cafetera-superautomatica-bosch-tie20109-verocafe-cafetera-superautomatica-bosch-tie20109-verocafe.jpg,2,,
dr-tie20109,,,,,,,,,,,,,,https://f.fcdn.app/imgs/4b8a5a/www.diaril.com.uy/diaruy/db47/original/catalogo/TIE20109_TIE20109_1/1920-1200/cafetera-superautomatica-bosch-tie20109-verocafe-cafetera-superautomatica-bosch-tie20109-verocafe.jpg,3,,
dr-tie20109,,,,,,,,,,,,,,https://f.fcdn.app/imgs/265d31/www.diaril.com.uy/diaruy/83d7/original/catalogo/TIE20109_TIE20109_2/1500-1500/cafetera-superautomatica-bosch-tie20109-verocafe-cafetera-superautomatica-bosch-tie20109-verocafe.jpg,4,,
dr-tie20109,,,,,,,,,,,,,,https://f.fcdn.app/imgs/4a5113/www.diaril.com.uy/diaruy/83d7/original/catalogo/TIE20109_TIE20109_2/1920-1200/cafetera-superautomatica-bosch-tie20109-verocafe-cafetera-superautomatica-bosch-tie20109-verocafe.jpg,5,,
dr-tie20109,,,,,,,,,,,,,,https://f.fcdn.app/imgs/30dc4f/www.diaril.com.uy/diaruy/83d7/original/catalogo/TIE20109_TIE20109_2/1000x1000/cafetera-superautomatica-bosch-tie20109-verocafe-cafetera-superautomatica-bosch-tie20109-verocafe.jpg,6,,
dr-tie20109,,,,,,,,,,,,,,https://f.fcdn.app/imgs/b41661/www.diaril.com.uy/diaruy/e919/original/catalogo/TIE20109_TIE20109_3/1500-1500/cafetera-superautomatica-bosch-tie20109-verocafe-cafetera-superautomatica-bosch-tie20109-verocafe.jpg,7,,
dr-tie20109,,,,,,,,,,,,,,https://f.fcdn.app/imgs/819f4b/www.diaril.com.uy/diaruy/e919/original/catalogo/TIE20109_TIE20109_3/1920-1200/cafetera-superautomatica-bosch-tie20109-verocafe-cafetera-superautomatica-bosch-tie20109-verocafe.jpg,8,,
dr-bgs21wp0w,Aspiradora sin bolsa Bosch BGS21WP0W,"<ul><li>• Potencia: 2000W</li><li>• Motor con 10 años de garantía.</li><li>• Tecnología Power AirCycle: para una mayor eficacia de limpieza gracias a la triple circulación de aire y al potente motor Bosch.</li><li>• Control de potencia: resultados óptimos en todas las plantas gracias a una regulación precisa de la potencia y una gestión brillante del motor.</li><li>•Filtro higiénico HEPA lavable: alta filtración para un aire de escape más limpio.</li><li>• Depósito de polvo de 2 lt de capacidad con vaciado fácil y rápido.</li><li>• Radio de Acción de 10 Metros: Limpia grandes superficies sin cambiar de enchufe</li><li>• Accesorios incluídos: 1 boquilla combinada, 1 cepillo turbo, 1 boquilla universal.</li></ul>",Bosch,Electro,"Aspiradoras, Bosch, stock-verificado",TRUE,Color,Aspiradora sin bolsa Bosch BGS21WP0W,BGS21WP0W,12891.00,,10,deny,https://f.fcdn.app/imgs/954f2b/www.diaril.com.uy/diaruy/0b49/original/catalogo/BGS21WP0W_BGS21WP0W_1/1000x1000/aspiradora-sin-bolsa-bosch-bgs21wp0w-aspiradora-sin-bolsa-bosch-bgs21wp0w.jpg,1,,
dr-bgs21wp0w,,,,,,,,,,,,,,https://f.fcdn.app/imgs/b233f3/www.diaril.com.uy/diaruy/0b49/original/catalogo/BGS21WP0W_BGS21WP0W_1/1500-1500/aspiradora-sin-bolsa-bosch-bgs21wp0w-aspiradora-sin-bolsa-bosch-bgs21wp0w.jpg,2,,
dr-bgs21wp0w,,,,,,,,,,,,,,https://f.fcdn.app/imgs/404d09/www.diaril.com.uy/diaruy/0b49/original/catalogo/BGS21WP0W_BGS21WP0W_1/1920-1200/aspiradora-sin-bolsa-bosch-bgs21wp0w-aspiradora-sin-bolsa-bosch-bgs21wp0w.jpg,3,,
dr-bgs21wp0w,,,,,,,,,,,,,,https://f.fcdn.app/imgs/74ed47/www.diaril.com.uy/diaruy/4f87/original/catalogo/BGS21WP0W_BGS21WP0W_2/1500-1500/aspiradora-sin-bolsa-bosch-bgs21wp0w-aspiradora-sin-bolsa-bosch-bgs21wp0w.jpg,4,,
dr-bgs21wp0w,,,,,,,,,,,,,,https://f.fcdn.app/imgs/fc339d/www.diaril.com.uy/diaruy/4f87/original/catalogo/BGS21WP0W_BGS21WP0W_2/1920-1200/aspiradora-sin-bolsa-bosch-bgs21wp0w-aspiradora-sin-bolsa-bosch-bgs21wp0w.jpg,5,,
dr-bgs21wp0w,,,,,,,,,,,,,,https://f.fcdn.app/imgs/e58fb2/www.diaril.com.uy/diaruy/4f87/original/catalogo/BGS21WP0W_BGS21WP0W_2/1000x1000/aspiradora-sin-bolsa-bosch-bgs21wp0w-aspiradora-sin-bolsa-bosch-bgs21wp0w.jpg,6,,
dr-bgs21wp0w,,,,,,,,,,,,,,https://f.fcdn.app/imgs/c642ed/www.diaril.com.uy/diaruy/b690/original/catalogo/BGS21WP0W_BGS21WP0W_3/1500-1500/aspiradora-sin-bolsa-bosch-bgs21wp0w-aspiradora-sin-bolsa-bosch-bgs21wp0w.jpg,7,,
dr-bgs21wp0w,,,,,,,,,,,,,,https://f.fcdn.app/imgs/f880f2/www.diaril.com.uy/diaruy/b690/original/catalogo/BGS21WP0W_BGS21WP0W_3/1920-1200/aspiradora-sin-bolsa-bosch-bgs21wp0w-aspiradora-sin-bolsa-bosch-bgs21wp0w.jpg,8,,
dr-sms6zci10e,Lavavajillas Bosch SMS6ZCI10E 14 servicios,"<ul><li>• PerfectDry: Sistema de secado avanzado con Zeolitas para resultados perfectos, incluso en plásticos, con menos consumo de energía.</li><li>• Motor EcoSilence Inverter: Ultra silencioso, eficiente y con 10 años de garantía total.</li><li>• Capacidad para 14 Servicios: Máximo espacio interior para cubrir todas las necesidades familiares.</li><li>• 3ª Bandeja VarioDrawer: Nivel adicional dedicado para cubiertos y utensilios pequeños, liberando espacio inferior.</li><li>• Cestas Flex: flexibilidad en las cestas para poder llenar el lavavajillas de una manera fácil y practica.</li><li>• Cesta superior RackMatic: Puedes regular con absoluta seguridad la altura de la cesta superior hasta 5 cm en 3 niveles</li><li>diferentes, incluso con la cesta llena.</li><li>• Silence Pro: el lavavajillas ultrasilencioso de 40 dB.</li><li>• Higiene y Durabilidad: Cuba interior de acero inoxidable de alta calidad con 10 años de garantía.</li><li>• Detección ""Todo en 1"": detección automática de detergentes combinados.</li><li>• Programación Diferida (24h): Flexibilidad total para iniciar el lavado cuando más te convenga.</li></ul>",Bosch,Electro,"Lavavajillas, Bosch",TRUE,Color,Lavavajillas Bosch SMS6ZCI10E 14 servicios,SMS6ZCI10E,82486.00,,0,deny,https://f.fcdn.app/imgs/fcaa87/www.diaril.com.uy/diaruy/6162/original/catalogo/SMS6ZCI10E_SMS6ZCI10E_1/1000x1000/lavavajillas-bosch-sms6zci10e-14-servicios-lavavajillas-bosch-sms6zci10e-14-servicios.jpg,1,,
dr-sms6zci10e,,,,,,,,,,,,,,https://f.fcdn.app/imgs/c0869a/www.diaril.com.uy/diaruy/6162/original/catalogo/SMS6ZCI10E_SMS6ZCI10E_1/1500-1500/lavavajillas-bosch-sms6zci10e-14-servicios-lavavajillas-bosch-sms6zci10e-14-servicios.jpg,2,,
dr-sms6zci10e,,,,,,,,,,,,,,https://f.fcdn.app/imgs/1b9832/www.diaril.com.uy/diaruy/6162/original/catalogo/SMS6ZCI10E_SMS6ZCI10E_1/1920-1200/lavavajillas-bosch-sms6zci10e-14-servicios-lavavajillas-bosch-sms6zci10e-14-servicios.jpg,3,,
dr-sms6zci10e,,,,,,,,,,,,,,https://f.fcdn.app/imgs/f10725/www.diaril.com.uy/diaruy/59da/original/catalogo/SMS6ZCI10E_SMS6ZCI10E_2/1500-1500/lavavajillas-bosch-sms6zci10e-14-servicios-lavavajillas-bosch-sms6zci10e-14-servicios.jpg,4,,
dr-sms6zci10e,,,,,,,,,,,,,,https://f.fcdn.app/imgs/169a06/www.diaril.com.uy/diaruy/59da/original/catalogo/SMS6ZCI10E_SMS6ZCI10E_2/1920-1200/lavavajillas-bosch-sms6zci10e-14-servicios-lavavajillas-bosch-sms6zci10e-14-servicios.jpg,5,,
dr-sms6zci10e,,,,,,,,,,,,,,https://f.fcdn.app/imgs/958cb0/www.diaril.com.uy/diaruy/59da/original/catalogo/SMS6ZCI10E_SMS6ZCI10E_2/1000x1000/lavavajillas-bosch-sms6zci10e-14-servicios-lavavajillas-bosch-sms6zci10e-14-servicios.jpg,6,,
dr-sms6zci10e,,,,,,,,,,,,,,https://f.fcdn.app/imgs/887ddb/www.diaril.com.uy/diaruy/53cf/original/catalogo/SMS6ZCI10E_SMS6ZCI10E_3/1500-1500/lavavajillas-bosch-sms6zci10e-14-servicios-lavavajillas-bosch-sms6zci10e-14-servicios.jpg,7,,
dr-sms6zci10e,,,,,,,,,,,,,,https://f.fcdn.app/imgs/20294b/www.diaril.com.uy/diaruy/53cf/original/catalogo/SMS6ZCI10E_SMS6ZCI10E_3/1920-1200/lavavajillas-bosch-sms6zci10e-14-servicios-lavavajillas-bosch-sms6zci10e-14-servicios.jpg,8,,
dr-dhl555bm,Campana de integración Bosch DHL555BM 53cm,"<ul><li>• Modulo de integración color gris metalizado</li><li>• Potencia de extracción en nivel intensivo: 604 m³/h.</li><li>• 4 potencias de extracción: 3+1 intensivo.</li><li>• Potencia intensiva: Alta potencia de extracción que permite conseguir una buena extracción del aire y una mejor calidad del mismo en la cocina de manera rápida.</li><li>• Campana silenciosa: máxima potencia de extracción con el mínimo ruido.</li><li>• Filtros de aluminio multicapa lavables en el lavavajillas. Los filtros antigrasa se encargan de retener la mayor cantidad de grasa y partículas que hay en el aire, garantizando de esta manera el mejor rendimiento de la campana.</li><li>• Iluminación LED: proporciona una buena iluminación blanca para la zona de cocción.</li><li>• Posibilidad de instalarse con salida al exterior o en recirculación, adquiriendo su accesorio correspondiente.</li><li>• Medidas del producto (alto x ancho x fondo): 215 x 530 x 380 mm</li><li>• Medidas de encastre (alto x ancho x fondo): 215 x 500 x 350 mm</li><li>• Consultar y respetar las dimensiones de encastre facilitadas en el manual de instalación.</li></ul>",Bosch,Electro,"Campanas, Bosch, stock-verificado",TRUE,Color,Campana de integración Bosch DHL555BM 53cm,DHL555BM,24829.00,,10,deny,https://f.fcdn.app/imgs/a5db88/www.diaril.com.uy/diaruy/1885/original/catalogo/DHL555BM_DHL555BM_1/1000x1000/campana-de-integracion-bosch-dhl555bm-53cm-campana-de-integracion-bosch-dhl555bm-53cm.jpg,1,,
dr-dhl555bm,,,,,,,,,,,,,,https://f.fcdn.app/imgs/2bdb23/www.diaril.com.uy/diaruy/1885/original/catalogo/DHL555BM_DHL555BM_1/1500-1500/campana-de-integracion-bosch-dhl555bm-53cm-campana-de-integracion-bosch-dhl555bm-53cm.jpg,2,,
dr-dhl555bm,,,,,,,,,,,,,,https://f.fcdn.app/imgs/21a823/www.diaril.com.uy/diaruy/1885/original/catalogo/DHL555BM_DHL555BM_1/1920-1200/campana-de-integracion-bosch-dhl555bm-53cm-campana-de-integracion-bosch-dhl555bm-53cm.jpg,3,,
dr-dhl555bm,,,,,,,,,,,,,,https://f.fcdn.app/imgs/c7aaae/www.diaril.com.uy/diaruy/7327/original/catalogo/DHL555BM_DHL555BM_2/1500-1500/campana-de-integracion-bosch-dhl555bm-53cm-campana-de-integracion-bosch-dhl555bm-53cm.jpg,4,,
dr-dhl555bm,,,,,,,,,,,,,,https://f.fcdn.app/imgs/5cd879/www.diaril.com.uy/diaruy/7327/original/catalogo/DHL555BM_DHL555BM_2/1920-1200/campana-de-integracion-bosch-dhl555bm-53cm-campana-de-integracion-bosch-dhl555bm-53cm.jpg,5,,
dr-dhl555bm,,,,,,,,,,,,,,https://f.fcdn.app/imgs/b8233c/www.diaril.com.uy/diaruy/7327/original/catalogo/DHL555BM_DHL555BM_2/1000x1000/campana-de-integracion-bosch-dhl555bm-53cm-campana-de-integracion-bosch-dhl555bm-53cm.jpg,6,,
dr-dhl555bm,,,,,,,,,,,,,,https://f.fcdn.app/imgs/cca5d4/www.diaril.com.uy/diaruy/2d03/original/catalogo/DHL555BM_DHL555BM_3/1500-1500/campana-de-integracion-bosch-dhl555bm-53cm-campana-de-integracion-bosch-dhl555bm-53cm.jpg,7,,
dr-dhl555bm,,,,,,,,,,,,,,https://f.fcdn.app/imgs/58054c/www.diaril.com.uy/diaruy/2d03/original/catalogo/DHL555BM_DHL555BM_3/1920-1200/campana-de-integracion-bosch-dhl555bm-53cm-campana-de-integracion-bosch-dhl555bm-53cm.jpg,8,,
dr-msm67160,Mixer Bosch MSM67160 ErgoMixx 750W,"<ul><li>• Motor de alta potencia con hasta 750W: potencia para todo tipo de ingredientes y para poder usar todos los accesorios.</li><li>• Cuchillas QuattroBlade de acero inoxidable: resultados perfectos de trituración con el sistema antisalpicaduras.</li><li>• Cuerpo ergonómico, que permite un uso más cómodo y sencillo.</li><li>• Hasta 12+1 niveles de potencia. Elige entre los 12 niveles posibles, incluso un nivel turbo plus, para garantizar una consistencia perfecta para cualquier receta.</li><li>• Pie desmontable mediante pulsadores.</li><li>• Como accesorios incluye: picador, batidor y vaso medidor. Más variedad para poder cocinar y disfrutar.</li></ul>",Bosch,Electro,"Licuadoras, Bosch, stock-verificado",TRUE,Color,Mixer Bosch MSM67160 ErgoMixx 750W,MSM67160,6176.00,,10,deny,https://f.fcdn.app/imgs/74d64e/www.diaril.com.uy/diaruy/bccc/original/catalogo/MSM67160_MSM67160_1/1000x1000/mixer-bosch-msm67160-ergomixx-750w-mixer-bosch-msm67160-ergomixx-750w.jpg,1,,
dr-msm67160,,,,,,,,,,,,,,https://f.fcdn.app/imgs/302fe6/www.diaril.com.uy/diaruy/bccc/original/catalogo/MSM67160_MSM67160_1/1500-1500/mixer-bosch-msm67160-ergomixx-750w-mixer-bosch-msm67160-ergomixx-750w.jpg,2,,
dr-msm67160,,,,,,,,,,,,,,https://f.fcdn.app/imgs/99af25/www.diaril.com.uy/diaruy/bccc/original/catalogo/MSM67160_MSM67160_1/1920-1200/mixer-bosch-msm67160-ergomixx-750w-mixer-bosch-msm67160-ergomixx-750w.jpg,3,,
dr-msm67160,,,,,,,,,,,,,,https://f.fcdn.app/imgs/1f8dbd/www.diaril.com.uy/diaruy/8dfd/original/catalogo/MSM67160_MSM67160_2/1500-1500/mixer-bosch-msm67160-ergomixx-750w-mixer-bosch-msm67160-ergomixx-750w.jpg,4,,
dr-msm67160,,,,,,,,,,,,,,https://f.fcdn.app/imgs/daa66f/www.diaril.com.uy/diaruy/8dfd/original/catalogo/MSM67160_MSM67160_2/1920-1200/mixer-bosch-msm67160-ergomixx-750w-mixer-bosch-msm67160-ergomixx-750w.jpg,5,,
dr-msm67160,,,,,,,,,,,,,,https://f.fcdn.app/imgs/5ec756/www.diaril.com.uy/diaruy/8dfd/original/catalogo/MSM67160_MSM67160_2/1000x1000/mixer-bosch-msm67160-ergomixx-750w-mixer-bosch-msm67160-ergomixx-750w.jpg,6,,
dr-msm67160,,,,,,,,,,,,,,https://f.fcdn.app/imgs/d1a3cc/www.diaril.com.uy/diaruy/3f17/original/catalogo/MSM67160_MSM67160_3/1500-1500/mixer-bosch-msm67160-ergomixx-750w-mixer-bosch-msm67160-ergomixx-750w.jpg,7,,
dr-msm67160,,,,,,,,,,,,,,https://f.fcdn.app/imgs/b708f5/www.diaril.com.uy/diaruy/3f17/original/catalogo/MSM67160_MSM67160_3/1920-1200/mixer-bosch-msm67160-ergomixx-750w-mixer-bosch-msm67160-ergomixx-750w.jpg,8,,
dr-dwk85dk60,Campana decorativa de pared Bosch DWK85DK60 Negro,<ul><li>• Campana decorativa inclinada con control básico Touch Select y motor silencioso para una cocina libre de olores y ruidos.</li><li>• Motor silencioso: mantén la tranquilidad en tu cocina incluso con la máxima potencia de extracción.</li><li>• 4 potencias de extracción: 3+1 intensivo.</li><li>• Nivel intensivo con retracción automática: la campana se ajustará al nivel normal de extracción.</li><li>• Control Touch Select Basic: controla todos los ajustes de la campana con un solo dedo.</li><li>• Indicador de saturación del filtro: te recuerda cuándo limpiar y sustituir los filtros de la campana.</li><li>• Fácil limpieza: el diseño y la apertura de la campana facilitan la limpieza y el cambio de filtros.</li><li>• Potencia de Extracción de 550 m3/h en nivel intensivo.</li><li>• Eficiencia Energética Clase A: Alto rendimiento con bajo consumo eléctrico.</li><li>• Iluminación LED.</li><li>• Filtros de aluminio multicapa lavables en el lavavajillas.</li><li>• Doble Opción de Instalación: Apta para salida al exterior o recirculación.</li><li>• Mantenimiento Sencillo: Superficies lisas y materiales fáciles de limpiar.</li><li>• Válvula Antirretorno incluida: Protege tu hogar de olores externos y aire frío.</li><li>• Dimensiones del aparato (ancho x fondo): 790 x 325 mm.</li></ul>,Bosch,Electro,"Campanas, Bosch, stock-verificado",TRUE,Color,Campana decorativa de pared Bosch DWK85DK60 Negro,DWK85DK60,31046.00,,10,deny,https://f.fcdn.app/imgs/39712b/www.diaril.com.uy/diaruy/ea22/original/catalogo/DWK85DK60_DWK85DK60_1/1000x1000/campana-decorativa-de-pared-bosch-dwk85dk60-negro-campana-decorativa-de-pared-bosch-dwk85dk60-negro.jpg,1,,
dr-dwk85dk60,,,,,,,,,,,,,,https://f.fcdn.app/imgs/275862/www.diaril.com.uy/diaruy/ea22/original/catalogo/DWK85DK60_DWK85DK60_1/1500-1500/campana-decorativa-de-pared-bosch-dwk85dk60-negro-campana-decorativa-de-pared-bosch-dwk85dk60-negro.jpg,2,,
dr-dwk85dk60,,,,,,,,,,,,,,https://f.fcdn.app/imgs/7829da/www.diaril.com.uy/diaruy/ea22/original/catalogo/DWK85DK60_DWK85DK60_1/1920-1200/campana-decorativa-de-pared-bosch-dwk85dk60-negro-campana-decorativa-de-pared-bosch-dwk85dk60-negro.jpg,3,,
dr-dwk85dk60,,,,,,,,,,,,,,https://f.fcdn.app/imgs/7c25ab/www.diaril.com.uy/diaruy/0f94/original/catalogo/DWK85DK60_DWK85DK60_2/1500-1500/campana-decorativa-de-pared-bosch-dwk85dk60-negro-campana-decorativa-de-pared-bosch-dwk85dk60-negro.jpg,4,,
dr-dwk85dk60,,,,,,,,,,,,,,https://f.fcdn.app/imgs/c1788b/www.diaril.com.uy/diaruy/0f94/original/catalogo/DWK85DK60_DWK85DK60_2/1920-1200/campana-decorativa-de-pared-bosch-dwk85dk60-negro-campana-decorativa-de-pared-bosch-dwk85dk60-negro.jpg,5,,
dr-dwk85dk60,,,,,,,,,,,,,,https://f.fcdn.app/imgs/06dce2/www.diaril.com.uy/diaruy/0f94/original/catalogo/DWK85DK60_DWK85DK60_2/1000x1000/campana-decorativa-de-pared-bosch-dwk85dk60-negro-campana-decorativa-de-pared-bosch-dwk85dk60-negro.jpg,6,,
dr-dwk85dk60,,,,,,,,,,,,,,https://f.fcdn.app/imgs/de69a2/www.diaril.com.uy/diaruy/e7a7/original/catalogo/DWK85DK60_DWK85DK60_3/1500-1500/campana-decorativa-de-pared-bosch-dwk85dk60-negro-campana-decorativa-de-pared-bosch-dwk85dk60-negro.jpg,7,,
dr-dwk85dk60,,,,,,,,,,,,,,https://f.fcdn.app/imgs/38bd94/www.diaril.com.uy/diaruy/e7a7/original/catalogo/DWK85DK60_DWK85DK60_3/1920-1200/campana-decorativa-de-pared-bosch-dwk85dk60-negro-campana-decorativa-de-pared-bosch-dwk85dk60-negro.jpg,8,,
dr-fut-6ksl-inv,Lavarropas Futura FUT-6KSL-INV Carga frontal 6 kg,<ul><li>• Motor Inverter: Hasta 35% de ahorro de energía</li><li>• Capacidad de carga: 6 kg</li><li>• Centrifugado eficiente: 1200 rpm</li><li>• 16 Programas de lavado para diferentes tipos de tejidos</li><li>• Lavado rápido: Programas de 15 y 30 minutos</li><li>• Panel electrónico con Display Digital LED programable</li><li>• Bloqueo para niños</li><li>• Tambor de Acero Inoxidable de alta resistencia</li><li>• Bomba de desagüe automática integrada</li><li>• Medidas: Ancho 59.8 cm | Profundidad 44.5 cm | Altura 84.5 cm</li></ul>,Futura,Electro,"Lavarropas, Futura, stock-verificado",TRUE,Color,Lavarropas Futura FUT-6KSL-INV Carga frontal 6 kg,FUT-6KSL-INV,12394.00,,10,deny,https://f.fcdn.app/imgs/8fdb09/www.diaril.com.uy/diaruy/134d/original/catalogo/FUT-6KSL-INV_FUT-6KSL-INV_1/1000x1000/lavarropas-futura-fut-6ksl-inv-carga-frontal-6-kg-lavarropas-futura-fut-6ksl-inv-carga-frontal-6-kg.jpg,1,,
dr-fut-6ksl-inv,,,,,,,,,,,,,,https://f.fcdn.app/imgs/0c12a6/www.diaril.com.uy/diaruy/134d/original/catalogo/FUT-6KSL-INV_FUT-6KSL-INV_1/1500-1500/lavarropas-futura-fut-6ksl-inv-carga-frontal-6-kg-lavarropas-futura-fut-6ksl-inv-carga-frontal-6-kg.jpg,2,,
dr-fut-6ksl-inv,,,,,,,,,,,,,,https://f.fcdn.app/imgs/4b6a21/www.diaril.com.uy/diaruy/134d/original/catalogo/FUT-6KSL-INV_FUT-6KSL-INV_1/1920-1200/lavarropas-futura-fut-6ksl-inv-carga-frontal-6-kg-lavarropas-futura-fut-6ksl-inv-carga-frontal-6-kg.jpg,3,,
dr-fut-6ksl-inv,,,,,,,,,,,,,,https://f.fcdn.app/imgs/b536f6/www.diaril.com.uy/diaruy/134d/original/catalogo/FUT-6KSL-INV_FUT-6KSL-INV_1/2000-2000/lavarropas-futura-fut-6ksl-inv-carga-frontal-6-kg-lavarropas-futura-fut-6ksl-inv-carga-frontal-6-kg.jpg,4,,
dr-fut-6ksl-inv,,,,,,,,,,,,,,https://f.fcdn.app/imgs/c9732c/www.diaril.com.uy/diaruy/134d/original/catalogo/FUT-6KSL-INV_FUT-6KSL-INV_1/100x100/lavarropas-futura-fut-6ksl-inv-carga-frontal-6-kg-lavarropas-futura-fut-6ksl-inv-carga-frontal-6-kg.jpg,5,,
dr-fut-6ksl-inv,,,,,,,,,,,,,,https://f.fcdn.app/imgs/08556d/www.diaril.com.uy/diaruy/134d/original/catalogo/FUT-6KSL-INV_FUT-6KSL-INV_1/1000_1000/lavarropas-futura-fut-6ksl-inv-carga-frontal-6-kg-lavarropas-futura-fut-6ksl-inv-carga-frontal-6-kg.jpg,6,,
dr-mercury2800,Plancha a vapor Ufesa Mercury 2800 W,"<ul><li>• Potencia: 2800W</li><li>• Golpe de vapor máx 200g. Elimina hasta las arrugas más difíciles</li><li>• Vapor continuo hasta 45g/min. Prendas sin arrugas con la máxima rapidez</li><li>• Dosificación de vapor variable</li><li>• Sistema 3 antical (1-Autolimpieza, 2-Golpe antical, 3-Cartucho antical)</li><li>• Antigoteo. Sin restos de manchas de agua en tus tejidos</li><li>• Capacidad del depósito 280ml</li><li>• Planchado vertical</li><li>• Planchado con vapor o en seco</li><li>• Función de pulverización</li><li>• Suela cerámica. Precisión sin esfuerzo, deslizamiento suave y distribución uniforme del calor para resultados rápidos y sin arrugas</li><li>• Dimensiones suela 23.7 x 11.5cm</li><li>• Cable largo de 1,9m</li></ul>",Ufesa,Electro,"Planchas, Ufesa, stock-verificado",TRUE,Color,Plancha a vapor Ufesa Mercury 2800 W,MERCURY 2800,2653.00,,10,deny,https://f.fcdn.app/imgs/3bc9fb/www.diaril.com.uy/diaruy/1abc/original/catalogo/MERCURY2800_MERCURY2800_1/1000x1000/plancha-a-vapor-ufesa-mercury-2800-w-plancha-a-vapor-ufesa-mercury-2800-w.jpg,1,,
dr-mercury2800,,,,,,,,,,,,,,https://f.fcdn.app/imgs/e64ad4/www.diaril.com.uy/diaruy/1abc/original/catalogo/MERCURY2800_MERCURY2800_1/1500-1500/plancha-a-vapor-ufesa-mercury-2800-w-plancha-a-vapor-ufesa-mercury-2800-w.jpg,2,,
dr-mercury2800,,,,,,,,,,,,,,https://f.fcdn.app/imgs/6be2ca/www.diaril.com.uy/diaruy/1abc/original/catalogo/MERCURY2800_MERCURY2800_1/1920-1200/plancha-a-vapor-ufesa-mercury-2800-w-plancha-a-vapor-ufesa-mercury-2800-w.jpg,3,,
dr-mercury2800,,,,,,,,,,,,,,https://f.fcdn.app/imgs/ab7136/www.diaril.com.uy/diaruy/55e2/original/catalogo/MERCURY2800_MERCURY2800_2/1500-1500/plancha-a-vapor-ufesa-mercury-2800-w-plancha-a-vapor-ufesa-mercury-2800-w.jpg,4,,
dr-mercury2800,,,,,,,,,,,,,,https://f.fcdn.app/imgs/b726e9/www.diaril.com.uy/diaruy/55e2/original/catalogo/MERCURY2800_MERCURY2800_2/1920-1200/plancha-a-vapor-ufesa-mercury-2800-w-plancha-a-vapor-ufesa-mercury-2800-w.jpg,5,,
dr-mercury2800,,,,,,,,,,,,,,https://f.fcdn.app/imgs/a166b0/www.diaril.com.uy/diaruy/55e2/original/catalogo/MERCURY2800_MERCURY2800_2/1000x1000/plancha-a-vapor-ufesa-mercury-2800-w-plancha-a-vapor-ufesa-mercury-2800-w.jpg,6,,
dr-mercury2800,,,,,,,,,,,,,,https://f.fcdn.app/imgs/1d05b4/www.diaril.com.uy/diaruy/d758/original/catalogo/MERCURY2800_MERCURY2800_3/1500-1500/plancha-a-vapor-ufesa-mercury-2800-w-plancha-a-vapor-ufesa-mercury-2800-w.jpg,7,,
dr-mercury2800,,,,,,,,,,,,,,https://f.fcdn.app/imgs/0bd0ef/www.diaril.com.uy/diaruy/d758/original/catalogo/MERCURY2800_MERCURY2800_3/1920-1200/plancha-a-vapor-ufesa-mercury-2800-w-plancha-a-vapor-ufesa-mercury-2800-w.jpg,8,,
dr-cropcut,Cortapelo Ufesa Crop Cut,"<ul><li>• Motor AC</li><li>• Cuchillas de acero inoxidable</li><li>• Longitud de cuchilla ajustable para un corte eficiente</li><li>• 4 peines de corte (3, 6, 9 y 12 mm)</li><li>• Peine protector</li><li>• Botella de aceite, cepillo de limpieza</li><li>• Uso con cable</li></ul>",Ufesa,Electro,"Otros, Ufesa, stock-verificado",TRUE,Color,Cortapelo Ufesa Crop Cut,CROP CUT,1617.00,,10,deny,https://f.fcdn.app/imgs/0a5a90/www.diaril.com.uy/diaruy/652b/original/catalogo/CROPCUT_CROPCUT_1/1000x1000/cortapelo-ufesa-crop-cut-cortapelo-ufesa-crop-cut.jpg,1,,
dr-cropcut,,,,,,,,,,,,,,https://f.fcdn.app/imgs/fe8edd/www.diaril.com.uy/diaruy/652b/original/catalogo/CROPCUT_CROPCUT_1/1500-1500/cortapelo-ufesa-crop-cut-cortapelo-ufesa-crop-cut.jpg,2,,
dr-cropcut,,,,,,,,,,,,,,https://f.fcdn.app/imgs/f328bf/www.diaril.com.uy/diaruy/652b/original/catalogo/CROPCUT_CROPCUT_1/1920-1200/cortapelo-ufesa-crop-cut-cortapelo-ufesa-crop-cut.jpg,3,,
dr-cropcut,,,,,,,,,,,,,,https://f.fcdn.app/imgs/c42fc7/www.diaril.com.uy/diaruy/c102/original/catalogo/CROPCUT_CROPCUT_2/1500-1500/cortapelo-ufesa-crop-cut-cortapelo-ufesa-crop-cut.jpg,4,,
dr-cropcut,,,,,,,,,,,,,,https://f.fcdn.app/imgs/05f48c/www.diaril.com.uy/diaruy/c102/original/catalogo/CROPCUT_CROPCUT_2/1920-1200/cortapelo-ufesa-crop-cut-cortapelo-ufesa-crop-cut.jpg,5,,
dr-cropcut,,,,,,,,,,,,,,https://f.fcdn.app/imgs/52d1ea/www.diaril.com.uy/diaruy/c102/original/catalogo/CROPCUT_CROPCUT_2/1000x1000/cortapelo-ufesa-crop-cut-cortapelo-ufesa-crop-cut.jpg,6,,
dr-cropcut,,,,,,,,,,,,,,https://f.fcdn.app/imgs/1bb407/www.diaril.com.uy/diaruy/7b18/original/catalogo/CROPCUT_CROPCUT_3/1500-1500/cortapelo-ufesa-crop-cut-cortapelo-ufesa-crop-cut.jpg,7,,
dr-cropcut,,,,,,,,,,,,,,https://f.fcdn.app/imgs/924a64/www.diaril.com.uy/diaruy/7b18/original/catalogo/CROPCUT_CROPCUT_3/1920-1200/cortapelo-ufesa-crop-cut-cortapelo-ufesa-crop-cut.jpg,8,,
dr-msm6m831,Mixer Bosch MSM6M831 ErgoMaster 1200W,"<ul><li>• Potencia: 1200 W.</li><li>• Control de velocidad intuitivo con una sola mano con palanca extra grande.</li><li>• Pie y cuerpo de acero inoxidable.</li><li>• Cuchillas de acero inoxidable aptas para picar hielo.</li><li>• Cúpula antisalpicaduras.</li><li>• La primera conexión de cerámica del mundo: transmite la potencia del motor a las chuchillas sin desgaste.</li><li>• QuattroBlade System Pro: la cúpula con refuerzo de flujo garantiza un flujo óptimo para obtener resultados de mezcla perfectos.</li><li>• Picador con tapa universal.</li><li>• Varillas batidora de acero inoxidable.</li><li>• Varilla mezcladora.</li><li>• Vaso mezclador graduado.</li><li>• Unidad de alto rendimiento F1200 con refrigeración por aire:  Garantiza menos sobrecalentamiento, con 10 años de garantía del motor.</li><li>• Los mejores componentes perfectamente mezclados: prepárate para un nuevo nivel de experiencia en la preparación de tus alimentos.</li></ul>",Bosch,Electro,"Licuadoras, Bosch, stock-verificado",TRUE,Color,Mixer Bosch MSM6M831 ErgoMaster 1200W,MSM6M831,8249.00,,10,deny,https://f.fcdn.app/imgs/6af8d0/www.diaril.com.uy/diaruy/2c61/original/catalogo/MSM6M831_MSM6M831_1/1000x1000/mixer-bosch-msm6m831-ergomaster-1200w-mixer-bosch-msm6m831-ergomaster-1200w.jpg,1,,
dr-msm6m831,,,,,,,,,,,,,,https://f.fcdn.app/imgs/ec8edf/www.diaril.com.uy/diaruy/2c61/original/catalogo/MSM6M831_MSM6M831_1/1500-1500/mixer-bosch-msm6m831-ergomaster-1200w-mixer-bosch-msm6m831-ergomaster-1200w.jpg,2,,
dr-msm6m831,,,,,,,,,,,,,,https://f.fcdn.app/imgs/17366f/www.diaril.com.uy/diaruy/2c61/original/catalogo/MSM6M831_MSM6M831_1/1920-1200/mixer-bosch-msm6m831-ergomaster-1200w-mixer-bosch-msm6m831-ergomaster-1200w.jpg,3,,
dr-msm6m831,,,,,,,,,,,,,,https://f.fcdn.app/imgs/a7afaf/www.diaril.com.uy/diaruy/025e/original/catalogo/MSM6M831_MSM6M831_2/1500-1500/mixer-bosch-msm6m831-ergomaster-1200w-mixer-bosch-msm6m831-ergomaster-1200w.jpg,4,,
dr-msm6m831,,,,,,,,,,,,,,https://f.fcdn.app/imgs/021336/www.diaril.com.uy/diaruy/025e/original/catalogo/MSM6M831_MSM6M831_2/1920-1200/mixer-bosch-msm6m831-ergomaster-1200w-mixer-bosch-msm6m831-ergomaster-1200w.jpg,5,,
dr-msm6m831,,,,,,,,,,,,,,https://f.fcdn.app/imgs/e2f6a6/www.diaril.com.uy/diaruy/025e/original/catalogo/MSM6M831_MSM6M831_2/1000x1000/mixer-bosch-msm6m831-ergomaster-1200w-mixer-bosch-msm6m831-ergomaster-1200w.jpg,6,,
dr-msm6m831,,,,,,,,,,,,,,https://f.fcdn.app/imgs/be1200/www.diaril.com.uy/diaruy/f224/original/catalogo/MSM6M831_MSM6M831_3/1500-1500/mixer-bosch-msm6m831-ergomaster-1200w-mixer-bosch-msm6m831-ergomaster-1200w.jpg,7,,
dr-msm6m831,,,,,,,,,,,,,,https://f.fcdn.app/imgs/783c17/www.diaril.com.uy/diaruy/f224/original/catalogo/MSM6M831_MSM6M831_3/1920-1200/mixer-bosch-msm6m831-ergomaster-1200w-mixer-bosch-msm6m831-ergomaster-1200w.jpg,8,,
dr-swrobson,Sandwichera Ufesa Robson 3 en 1,"<ul><li>• Potencia: 850W</li><li>• Placas intercambiables: grill, waffles y sándwich</li><li>• Placas antiadherentes de 21.6 x 12cm</li><li>• Indicador luminoso y temperatura</li><li>• Cierre de seguridad</li><li>• Asa de tacto frío</li><li>• Protección calentamiento</li></ul>",Ufesa,Electro,"Sandwicheras, Ufesa, stock-verificado",TRUE,Color,Sandwichera Ufesa Robson 3 en 1,SW ROBSON,3482.00,,10,deny,https://f.fcdn.app/imgs/ce2bef/www.diaril.com.uy/diaruy/b218/original/catalogo/SWROBSON_SWROBSON_1/1000x1000/sandwichera-ufesa-robson-3-en-1-sandwichera-ufesa-robson-3-en-1.jpg,1,,
dr-swrobson,,,,,,,,,,,,,,https://f.fcdn.app/imgs/9ea85b/www.diaril.com.uy/diaruy/b218/original/catalogo/SWROBSON_SWROBSON_1/1500-1500/sandwichera-ufesa-robson-3-en-1-sandwichera-ufesa-robson-3-en-1.jpg,2,,
dr-swrobson,,,,,,,,,,,,,,https://f.fcdn.app/imgs/3b28d2/www.diaril.com.uy/diaruy/b218/original/catalogo/SWROBSON_SWROBSON_1/1920-1200/sandwichera-ufesa-robson-3-en-1-sandwichera-ufesa-robson-3-en-1.jpg,3,,
dr-swrobson,,,,,,,,,,,,,,https://f.fcdn.app/imgs/a15cf8/www.diaril.com.uy/diaruy/9490/original/catalogo/SWROBSON_SWROBSON_2/1500-1500/sandwichera-ufesa-robson-3-en-1-sandwichera-ufesa-robson-3-en-1.jpg,4,,
dr-swrobson,,,,,,,,,,,,,,https://f.fcdn.app/imgs/459152/www.diaril.com.uy/diaruy/9490/original/catalogo/SWROBSON_SWROBSON_2/1920-1200/sandwichera-ufesa-robson-3-en-1-sandwichera-ufesa-robson-3-en-1.jpg,5,,
dr-swrobson,,,,,,,,,,,,,,https://f.fcdn.app/imgs/99af0d/www.diaril.com.uy/diaruy/9490/original/catalogo/SWROBSON_SWROBSON_2/1000x1000/sandwichera-ufesa-robson-3-en-1-sandwichera-ufesa-robson-3-en-1.jpg,6,,
dr-swrobson,,,,,,,,,,,,,,https://f.fcdn.app/imgs/35636c/www.diaril.com.uy/diaruy/96a8/original/catalogo/SWROBSON_SWROBSON_3/1500-1500/sandwichera-ufesa-robson-3-en-1-sandwichera-ufesa-robson-3-en-1.jpg,7,,
dr-swrobson,,,,,,,,,,,,,,https://f.fcdn.app/imgs/f92370/www.diaril.com.uy/diaruy/96a8/original/catalogo/SWROBSON_SWROBSON_3/1920-1200/sandwichera-ufesa-robson-3-en-1-sandwichera-ufesa-robson-3-en-1.jpg,8,,
dr-trhelios,Toallero eléctrico Ufesa Helios,<ul><li>• 500W</li><li>• 2 en 1: toallero eléctrico y radiador sin aceite</li><li>• IP34: resistencia a la penetración de agua y polvo</li><li>• LCD display: muestra la temperatura y las horas programadas</li><li>• Función Temporizador: permite programarlo hasta 8 horas</li><li>• Fácil de instalar: se puede colgar en la pared o colocar con patas en el suelo</li></ul>,Ufesa,Electro,"Climatización, Ufesa",TRUE,Color,Toallero eléctrico Ufesa Helios,TR HELIOS,13223.00,,0,deny,https://f.fcdn.app/imgs/6dce9d/www.diaril.com.uy/diaruy/2efd/original/catalogo/TRHELIOS_TRHELIOS_1/1000x1000/toallero-electrico-ufesa-helios-toallero-electrico-ufesa-helios.jpg,1,,
dr-trhelios,,,,,,,,,,,,,,https://f.fcdn.app/imgs/740f46/www.diaril.com.uy/diaruy/2efd/original/catalogo/TRHELIOS_TRHELIOS_1/1500-1500/toallero-electrico-ufesa-helios-toallero-electrico-ufesa-helios.jpg,2,,
dr-trhelios,,,,,,,,,,,,,,https://f.fcdn.app/imgs/e0bede/www.diaril.com.uy/diaruy/2efd/original/catalogo/TRHELIOS_TRHELIOS_1/1920-1200/toallero-electrico-ufesa-helios-toallero-electrico-ufesa-helios.jpg,3,,
dr-trhelios,,,,,,,,,,,,,,https://f.fcdn.app/imgs/5da8d9/www.diaril.com.uy/diaruy/9e3f/original/catalogo/TRHELIOS_TRHELIOS_2/1500-1500/toallero-electrico-ufesa-helios-toallero-electrico-ufesa-helios.jpg,4,,
dr-trhelios,,,,,,,,,,,,,,https://f.fcdn.app/imgs/f14817/www.diaril.com.uy/diaruy/9e3f/original/catalogo/TRHELIOS_TRHELIOS_2/1920-1200/toallero-electrico-ufesa-helios-toallero-electrico-ufesa-helios.jpg,5,,
dr-trhelios,,,,,,,,,,,,,,https://f.fcdn.app/imgs/6eb6e1/www.diaril.com.uy/diaruy/9e3f/original/catalogo/TRHELIOS_TRHELIOS_2/1000x1000/toallero-electrico-ufesa-helios-toallero-electrico-ufesa-helios.jpg,6,,
dr-trhelios,,,,,,,,,,,,,,https://f.fcdn.app/imgs/d00db6/www.diaril.com.uy/diaruy/0b94/original/catalogo/TRHELIOS_TRHELIOS_3/1500-1500/toallero-electrico-ufesa-helios-toallero-electrico-ufesa-helios.jpg,7,,
dr-trhelios,,,,,,,,,,,,,,https://f.fcdn.app/imgs/38847b/www.diaril.com.uy/diaruy/0b94/original/catalogo/TRHELIOS_TRHELIOS_3/1920-1200/toallero-electrico-ufesa-helios-toallero-electrico-ufesa-helios.jpg,8,,
dr-freshchop,Picadora de alimentos Ufesa FreshChop,"<ul><li>• 500W</li><li>• Capacidad: 1,2 lt</li><li>• Bloqueo de seguridad</li><li>• Pulsador de velocidad única para un control sencillo</li><li>• Jarra de cristal de 1,2 lt</li><li>• Doble cuchilla de acero inoxidable</li><li>• Con alfombrilla antideslizante</li></ul>",Ufesa,Electro,"Batidoras, Ufesa",TRUE,Color,Picadora de alimentos Ufesa FreshChop,FRESHCHOP,2860.00,,0,deny,https://f.fcdn.app/imgs/ae334a/www.diaril.com.uy/diaruy/9d43/original/catalogo/FRESHCHOP_FRESHCHOP_1/1000x1000/picadora-de-alimentos-ufesa-freshchop-picadora-de-alimentos-ufesa-freshchop.jpg,1,,
dr-freshchop,,,,,,,,,,,,,,https://f.fcdn.app/imgs/589a1e/www.diaril.com.uy/diaruy/9d43/original/catalogo/FRESHCHOP_FRESHCHOP_1/1500-1500/picadora-de-alimentos-ufesa-freshchop-picadora-de-alimentos-ufesa-freshchop.jpg,2,,
dr-freshchop,,,,,,,,,,,,,,https://f.fcdn.app/imgs/4186ea/www.diaril.com.uy/diaruy/9d43/original/catalogo/FRESHCHOP_FRESHCHOP_1/1920-1200/picadora-de-alimentos-ufesa-freshchop-picadora-de-alimentos-ufesa-freshchop.jpg,3,,
dr-freshchop,,,,,,,,,,,,,,https://f.fcdn.app/imgs/7feaf6/www.diaril.com.uy/diaruy/e087/original/catalogo/FRESHCHOP_FRESHCHOP_2/1500-1500/picadora-de-alimentos-ufesa-freshchop-picadora-de-alimentos-ufesa-freshchop.jpg,4,,
dr-freshchop,,,,,,,,,,,,,,https://f.fcdn.app/imgs/cf46f3/www.diaril.com.uy/diaruy/e087/original/catalogo/FRESHCHOP_FRESHCHOP_2/1920-1200/picadora-de-alimentos-ufesa-freshchop-picadora-de-alimentos-ufesa-freshchop.jpg,5,,
dr-freshchop,,,,,,,,,,,,,,https://f.fcdn.app/imgs/9e6bfc/www.diaril.com.uy/diaruy/e087/original/catalogo/FRESHCHOP_FRESHCHOP_2/1000x1000/picadora-de-alimentos-ufesa-freshchop-picadora-de-alimentos-ufesa-freshchop.jpg,6,,
dr-freshchop,,,,,,,,,,,,,,https://f.fcdn.app/imgs/65161c/www.diaril.com.uy/diaruy/59af/original/catalogo/FRESHCHOP_FRESHCHOP_3/1500-1500/picadora-de-alimentos-ufesa-freshchop-picadora-de-alimentos-ufesa-freshchop.jpg,7,,
dr-freshchop,,,,,,,,,,,,,,https://f.fcdn.app/imgs/8741de/www.diaril.com.uy/diaruy/59af/original/catalogo/FRESHCHOP_FRESHCHOP_3/1920-1200/picadora-de-alimentos-ufesa-freshchop-picadora-de-alimentos-ufesa-freshchop.jpg,8,,
dr-myglamourset,Pack Secador + Planchita Ufesa My glamour set,<ul><li>Secador de pelo</li><li>• 2200W</li><li>• 3 ajustes para todo tipo de cabellos: Eco/Max + Golpe de aire frío</li><li>• Concentrador</li><li>• Filtro extraíble para facilitar la limpieza</li><li>• Plegable</li><li>• Dimensiones: 210x260x75mm</li><li>Plancha de pelo</li><li>• Óptima temperatura 200ºC</li><li>• Placas con revestimiento de cerámica</li><li>• Placas flotantes extra-largas de 110 mm</li><li>• Interruptor de encendido/apagado con indicador LED</li><li>• Dimensiones: 300x30x30mm</li><li>Neceser</li><li>• Exterior de cuero plástico</li><li>• Interior resistente al calor con dos compartimentos</li><li>• Dimensiones: 330x160x140mm</li></ul>,Ufesa,Electro,"Otros, Ufesa, stock-verificado",TRUE,Color,Pack Secador + Planchita Ufesa My glamour set,MY GLAMOUR SET,3689.00,,10,deny,https://f.fcdn.app/imgs/32c497/www.diaril.com.uy/diaruy/21f6/original/catalogo/MYGLAMOURSET_MYGLAMOURSET_1/1000x1000/pack-secador-planchita-ufesa-my-glamour-set-pack-secador-planchita-ufesa-my-glamour-set.jpg,1,,
dr-myglamourset,,,,,,,,,,,,,,https://f.fcdn.app/imgs/454db0/www.diaril.com.uy/diaruy/21f6/original/catalogo/MYGLAMOURSET_MYGLAMOURSET_1/1500-1500/pack-secador-planchita-ufesa-my-glamour-set-pack-secador-planchita-ufesa-my-glamour-set.jpg,2,,
dr-myglamourset,,,,,,,,,,,,,,https://f.fcdn.app/imgs/88bc23/www.diaril.com.uy/diaruy/21f6/original/catalogo/MYGLAMOURSET_MYGLAMOURSET_1/1920-1200/pack-secador-planchita-ufesa-my-glamour-set-pack-secador-planchita-ufesa-my-glamour-set.jpg,3,,
dr-myglamourset,,,,,,,,,,,,,,https://f.fcdn.app/imgs/92ec4e/www.diaril.com.uy/diaruy/d239/original/catalogo/MYGLAMOURSET_MYGLAMOURSET_2/1500-1500/pack-secador-planchita-ufesa-my-glamour-set-pack-secador-planchita-ufesa-my-glamour-set.jpg,4,,
dr-myglamourset,,,,,,,,,,,,,,https://f.fcdn.app/imgs/2e7014/www.diaril.com.uy/diaruy/d239/original/catalogo/MYGLAMOURSET_MYGLAMOURSET_2/1920-1200/pack-secador-planchita-ufesa-my-glamour-set-pack-secador-planchita-ufesa-my-glamour-set.jpg,5,,
dr-myglamourset,,,,,,,,,,,,,,https://f.fcdn.app/imgs/e225cb/www.diaril.com.uy/diaruy/d239/original/catalogo/MYGLAMOURSET_MYGLAMOURSET_2/1000x1000/pack-secador-planchita-ufesa-my-glamour-set-pack-secador-planchita-ufesa-my-glamour-set.jpg,6,,
dr-myglamourset,,,,,,,,,,,,,,https://f.fcdn.app/imgs/f0b76e/www.diaril.com.uy/diaruy/9d9c/original/catalogo/MYGLAMOURSET_MYGLAMOURSET_3/1500-1500/pack-secador-planchita-ufesa-my-glamour-set-pack-secador-planchita-ufesa-my-glamour-set.jpg,7,,
dr-myglamourset,,,,,,,,,,,,,,https://f.fcdn.app/imgs/f4ba52/www.diaril.com.uy/diaruy/9d9c/original/catalogo/MYGLAMOURSET_MYGLAMOURSET_3/1920-1200/pack-secador-planchita-ufesa-my-glamour-set-pack-secador-planchita-ufesa-my-glamour-set.jpg,8,,
dr-neptunemaxgo,Mixer Ufesa Neptune Max GO! Inalámbrico,"<ul><li>• Mixer recargable</li><li>• Con luz indicador de carga de batería</li><li>• 5 velocidades ajustables</li><li>• Batería de 2000mAh y hasta 12 usos por carga</li><li>• Cable USB-C</li><li>• Tiempo de carga con cable de 2A: 2-2,5 hs</li><li>• Protección contra sobrecarga</li><li>• Bloqueo automático</li><li>• Accesorios incluidos: batidor emulsionador, picadora 500ml y vaso medidor 700ml</li><li>• 4 cuchillas de alta eficiencia</li></ul>",Ufesa,Electro,"Licuadoras, Ufesa, stock-verificado",TRUE,Color,Mixer Ufesa Neptune Max GO! Inalámbrico,NEPTUNE MAX GO,5762.00,,10,deny,https://f.fcdn.app/imgs/2d207b/www.diaril.com.uy/diaruy/a5c0/original/catalogo/NEPTUNEMAXGO_NEPTUNEMAXGO_1/1000x1000/mixer-ufesa-neptune-max-go-inalambrico-mixer-ufesa-neptune-max-go-inalambrico.jpg,1,,
dr-neptunemaxgo,,,,,,,,,,,,,,https://f.fcdn.app/imgs/7dd3c7/www.diaril.com.uy/diaruy/a5c0/original/catalogo/NEPTUNEMAXGO_NEPTUNEMAXGO_1/1500-1500/mixer-ufesa-neptune-max-go-inalambrico-mixer-ufesa-neptune-max-go-inalambrico.jpg,2,,
dr-neptunemaxgo,,,,,,,,,,,,,,https://f.fcdn.app/imgs/7416f8/www.diaril.com.uy/diaruy/a5c0/original/catalogo/NEPTUNEMAXGO_NEPTUNEMAXGO_1/1920-1200/mixer-ufesa-neptune-max-go-inalambrico-mixer-ufesa-neptune-max-go-inalambrico.jpg,3,,
dr-neptunemaxgo,,,,,,,,,,,,,,https://f.fcdn.app/imgs/981cfa/www.diaril.com.uy/diaruy/2d6e/original/catalogo/NEPTUNEMAXGO_NEPTUNEMAXGO_2/1500-1500/mixer-ufesa-neptune-max-go-inalambrico-mixer-ufesa-neptune-max-go-inalambrico.jpg,4,,
dr-neptunemaxgo,,,,,,,,,,,,,,https://f.fcdn.app/imgs/e70b46/www.diaril.com.uy/diaruy/2d6e/original/catalogo/NEPTUNEMAXGO_NEPTUNEMAXGO_2/1920-1200/mixer-ufesa-neptune-max-go-inalambrico-mixer-ufesa-neptune-max-go-inalambrico.jpg,5,,
dr-neptunemaxgo,,,,,,,,,,,,,,https://f.fcdn.app/imgs/1b0e41/www.diaril.com.uy/diaruy/2d6e/original/catalogo/NEPTUNEMAXGO_NEPTUNEMAXGO_2/1000x1000/mixer-ufesa-neptune-max-go-inalambrico-mixer-ufesa-neptune-max-go-inalambrico.jpg,6,,
dr-neptunemaxgo,,,,,,,,,,,,,,https://f.fcdn.app/imgs/bdcd81/www.diaril.com.uy/diaruy/91ff/original/catalogo/NEPTUNEMAXGO_NEPTUNEMAXGO_3/1500-1500/mixer-ufesa-neptune-max-go-inalambrico-mixer-ufesa-neptune-max-go-inalambrico.jpg,7,,
dr-neptunemaxgo,,,,,,,,,,,,,,https://f.fcdn.app/imgs/a2a408/www.diaril.com.uy/diaruy/91ff/original/catalogo/NEPTUNEMAXGO_NEPTUNEMAXGO_3/1920-1200/mixer-ufesa-neptune-max-go-inalambrico-mixer-ufesa-neptune-max-go-inalambrico.jpg,8,,
dr-mfnuvella,Espumadora de leche Ufesa Nuvella,"<ul><li>• 600W</li><li>• Capacidad máxima: 200 ml</li><li>• Incluye 2 batidores intercambiables: uno para espumar y otro para calentar la leche</li><li>• 3 Funciones: Espuma Caliente, Espuma Fría, Calienta Leche</li><li>• Tecnología magnética</li><li>• Jarra con revestimiento antiadherente</li></ul>",Ufesa,Electro,"Cafeteras, Ufesa",TRUE,Color,Espumadora de leche Ufesa Nuvella,MF NUVELLA,3689.00,,0,deny,https://f.fcdn.app/imgs/ff27c0/www.diaril.com.uy/diaruy/cb44/original/catalogo/MFNUVELLA_MFNUVELLA_1/1000x1000/espumadora-de-leche-ufesa-nuvella-espumadora-de-leche-ufesa-nuvella.jpg,1,,
dr-mfnuvella,,,,,,,,,,,,,,https://f.fcdn.app/imgs/0d7cbb/www.diaril.com.uy/diaruy/cb44/original/catalogo/MFNUVELLA_MFNUVELLA_1/1500-1500/espumadora-de-leche-ufesa-nuvella-espumadora-de-leche-ufesa-nuvella.jpg,2,,
dr-mfnuvella,,,,,,,,,,,,,,https://f.fcdn.app/imgs/e020e0/www.diaril.com.uy/diaruy/cb44/original/catalogo/MFNUVELLA_MFNUVELLA_1/1920-1200/espumadora-de-leche-ufesa-nuvella-espumadora-de-leche-ufesa-nuvella.jpg,3,,
dr-mfnuvella,,,,,,,,,,,,,,https://f.fcdn.app/imgs/22237e/www.diaril.com.uy/diaruy/65fb/original/catalogo/MFNUVELLA_MFNUVELLA_2/1500-1500/espumadora-de-leche-ufesa-nuvella-espumadora-de-leche-ufesa-nuvella.jpg,4,,
dr-mfnuvella,,,,,,,,,,,,,,https://f.fcdn.app/imgs/177b0f/www.diaril.com.uy/diaruy/65fb/original/catalogo/MFNUVELLA_MFNUVELLA_2/1920-1200/espumadora-de-leche-ufesa-nuvella-espumadora-de-leche-ufesa-nuvella.jpg,5,,
dr-mfnuvella,,,,,,,,,,,,,,https://f.fcdn.app/imgs/432e57/www.diaril.com.uy/diaruy/65fb/original/catalogo/MFNUVELLA_MFNUVELLA_2/1000x1000/espumadora-de-leche-ufesa-nuvella-espumadora-de-leche-ufesa-nuvella.jpg,6,,
dr-mfnuvella,,,,,,,,,,,,,,https://f.fcdn.app/imgs/43e7ad/www.diaril.com.uy/diaruy/22cf/original/catalogo/MFNUVELLA_MFNUVELLA_3/1500-1500/espumadora-de-leche-ufesa-nuvella-espumadora-de-leche-ufesa-nuvella.jpg,7,,
dr-mfnuvella,,,,,,,,,,,,,,https://f.fcdn.app/imgs/2177c9/www.diaril.com.uy/diaruy/22cf/original/catalogo/MFNUVELLA_MFNUVELLA_3/1920-1200/espumadora-de-leche-ufesa-nuvella-espumadora-de-leche-ufesa-nuvella.jpg,8,,
dr-fut-cc106ev,Calienta camas 2 Pzas Futura FUT-CC106EV,<ul><li>• Potencia: 60W.x2 220V/50HZ.</li><li>• Medidas: 160 x 140 cm.</li><li>• Material: 100% poliéster de alta resistencia.</li><li>• Doble control con 3 ajustes de temperatura e indicador LED.</li><li>• Desmontable para lavar a maquina o a mano.</li><li>• Fácil de sujetar al colchón con correas elásticas.</li><li>• Protección contra sobrecalentamiento.</li></ul>,Futura,Electro,"Climatización, Futura, stock-verificado",TRUE,Color,Calienta camas 2 Pzas Futura FUT-CC106EV,FUT-CC106EV,1617.00,,10,deny,https://f.fcdn.app/imgs/a395eb/www.diaril.com.uy/diaruy/8ba0/original/catalogo/FUT-CC106EV_FUT-CC106EV_1/1000x1000/calienta-camas-2-pzas-futura-fut-cc106ev-calienta-camas-2-pzas-futura-fut-cc106ev.jpg,1,,
dr-fut-cc106ev,,,,,,,,,,,,,,https://f.fcdn.app/imgs/060405/www.diaril.com.uy/diaruy/8ba0/original/catalogo/FUT-CC106EV_FUT-CC106EV_1/1500-1500/calienta-camas-2-pzas-futura-fut-cc106ev-calienta-camas-2-pzas-futura-fut-cc106ev.jpg,2,,
dr-fut-cc106ev,,,,,,,,,,,,,,https://f.fcdn.app/imgs/6081e9/www.diaril.com.uy/diaruy/8ba0/original/catalogo/FUT-CC106EV_FUT-CC106EV_1/1920-1200/calienta-camas-2-pzas-futura-fut-cc106ev-calienta-camas-2-pzas-futura-fut-cc106ev.jpg,3,,
dr-fut-cc106ev,,,,,,,,,,,,,,https://f.fcdn.app/imgs/396515/www.diaril.com.uy/diaruy/8ba0/original/catalogo/FUT-CC106EV_FUT-CC106EV_1/2000-2000/calienta-camas-2-pzas-futura-fut-cc106ev-calienta-camas-2-pzas-futura-fut-cc106ev.jpg,4,,
dr-fut-cc106ev,,,,,,,,,,,,,,https://f.fcdn.app/imgs/797e65/www.diaril.com.uy/diaruy/8ba0/original/catalogo/FUT-CC106EV_FUT-CC106EV_1/100x100/calienta-camas-2-pzas-futura-fut-cc106ev-calienta-camas-2-pzas-futura-fut-cc106ev.jpg,5,,
dr-fut-cc106ev,,,,,,,,,,,,,,https://f.fcdn.app/imgs/6864bb/www.diaril.com.uy/diaruy/8ba0/original/catalogo/FUT-CC106EV_FUT-CC106EV_1/1000_1000/calienta-camas-2-pzas-futura-fut-cc106ev-calienta-camas-2-pzas-futura-fut-cc106ev.jpg,6,,
dr-wqg245d1es,Secarropas Bosch con bomba de calor WQG245D1ES 9 kg,"<ul><li>• Capacidad de 9 kg: Volumen extra grande ideal para grandes cargas y ropa de cama.</li><li>• Condensador Autolimpiante: mantén el condensador libre de pelusas para una eficiencia energética óptima.</li><li>• Bomba de calor: tecnología innovadora que permite secar de manera eficiente tu ropa.</li><li>• Función AutoDry: secado automático que deja la ropa como deseas.</li><li>• Cesto Especial Incluido: Accesorio extraíble para secar lana, zapatillas y prendas especiales sin rotación.</li><li>• Ciclo Antiarrugas: Proceso de enfriamiento de 120 min al finalizar el programa.</li><li>• Función Media Carga: Optimiza el tiempo y el consumo de energía para cargas pequeñas.</li><li>• El secado rápido en 40 minutos es ideal para cargas pequeñas de prendas finas y sintéticas.</li><li>• Iluminación Interior LED: Visibilidad total del tambor para no olvidar ninguna prenda pequeña.</li><li>• Paneles Antivibración: Diseño lateral que aporta estabilidad y reduce drásticamente el ruido.</li><li>• Display LED Inteligente: Control intuitivo de programas de tiempo y funciones especiales.</li><li>• Dimensiones: (Al x An x Pr) 842 x 598 x 613 mm.</li></ul>",Bosch,Electro,"Lavarropas, Bosch, stock-verificado",TRUE,Color,Secarropas Bosch con bomba de calor WQG245D1ES 9 kg,WQG245D1ES,89532.00,,10,deny,https://f.fcdn.app/imgs/eedfa3/www.diaril.com.uy/diaruy/1170/original/catalogo/WQG245D1ES_WQG245D1ES_1/1000x1000/secarropas-bosch-con-bomba-de-calor-wqg245d1es-9-kg-secarropas-bosch-con-bomba-de-calor-wqg245d1es-9-kg.jpg,1,,
dr-wqg245d1es,,,,,,,,,,,,,,https://f.fcdn.app/imgs/243cf4/www.diaril.com.uy/diaruy/1170/original/catalogo/WQG245D1ES_WQG245D1ES_1/1500-1500/secarropas-bosch-con-bomba-de-calor-wqg245d1es-9-kg-secarropas-bosch-con-bomba-de-calor-wqg245d1es-9-kg.jpg,2,,
dr-wqg245d1es,,,,,,,,,,,,,,https://f.fcdn.app/imgs/0a9f96/www.diaril.com.uy/diaruy/1170/original/catalogo/WQG245D1ES_WQG245D1ES_1/1920-1200/secarropas-bosch-con-bomba-de-calor-wqg245d1es-9-kg-secarropas-bosch-con-bomba-de-calor-wqg245d1es-9-kg.jpg,3,,
dr-wqg245d1es,,,,,,,,,,,,,,https://f.fcdn.app/imgs/5dc391/www.diaril.com.uy/diaruy/8450/original/catalogo/WQG245D1ES_WQG245D1ES_2/1500-1500/secarropas-bosch-con-bomba-de-calor-wqg245d1es-9-kg-secarropas-bosch-con-bomba-de-calor-wqg245d1es-9-kg.jpg,4,,
dr-wqg245d1es,,,,,,,,,,,,,,https://f.fcdn.app/imgs/05746a/www.diaril.com.uy/diaruy/8450/original/catalogo/WQG245D1ES_WQG245D1ES_2/1920-1200/secarropas-bosch-con-bomba-de-calor-wqg245d1es-9-kg-secarropas-bosch-con-bomba-de-calor-wqg245d1es-9-kg.jpg,5,,
dr-wqg245d1es,,,,,,,,,,,,,,https://f.fcdn.app/imgs/807622/www.diaril.com.uy/diaruy/8450/original/catalogo/WQG245D1ES_WQG245D1ES_2/1000x1000/secarropas-bosch-con-bomba-de-calor-wqg245d1es-9-kg-secarropas-bosch-con-bomba-de-calor-wqg245d1es-9-kg.jpg,6,,
dr-wqg245d1es,,,,,,,,,,,,,,https://f.fcdn.app/imgs/411a4e/www.diaril.com.uy/diaruy/0fac/original/catalogo/WQG245D1ES_WQG245D1ES_3/1500-1500/secarropas-bosch-con-bomba-de-calor-wqg245d1es-9-kg-secarropas-bosch-con-bomba-de-calor-wqg245d1es-9-kg.jpg,7,,
dr-wqg245d1es,,,,,,,,,,,,,,https://f.fcdn.app/imgs/ac8962/www.diaril.com.uy/diaruy/0fac/original/catalogo/WQG245D1ES_WQG245D1ES_3/1920-1200/secarropas-bosch-con-bomba-de-calor-wqg245d1es-9-kg-secarropas-bosch-con-bomba-de-calor-wqg245d1es-9-kg.jpg,8,,
dr-phd5767,Secador de pelo Bosch PHD5767 BrillianCare,"<ul><li>• Potencia: 2000 W.</li><li>• Tecnología Quatto-Ion: 4 salidas de ionización para una mejor distribución sobre el cabello, reduciendo notablemente el encrespamiento y aportando un brillo extra.</li><li>• Innovador LED que se ilumina en rojo cuando la función Quattro-Ion es activada.</li><li>• Selector de velocidad de 2 posiciones.</li><li>• Selector de temperatura de 3 posiciones.</li><li>• Botón de aire frío para fijar el peinado.</li><li>• Empuñadura Soft Touch.</li><li>• Pulsador de aire frío.</li><li>• Difusor</li><li>• Concentrador de aire</li><li>• Rejilla desmontable</li><li>• Anilla para colgar</li><li>• Protección contra sobrecalentamiento</li></ul>",Bosch,Electro,"Otros, Bosch, stock-verificado",TRUE,Color,Secador de pelo Bosch PHD5767 BrillianCare,PHD5767,3192.00,,10,deny,https://f.fcdn.app/imgs/0d5ac7/www.diaril.com.uy/diaruy/bc74/original/catalogo/PHD5767_PHD5767_1/1000x1000/secador-de-pelo-bosch-phd5767-brilliancare-secador-de-pelo-bosch-phd5767-brilliancare.jpg,1,,
dr-phd5767,,,,,,,,,,,,,,https://f.fcdn.app/imgs/bb4455/www.diaril.com.uy/diaruy/bc74/original/catalogo/PHD5767_PHD5767_1/1500-1500/secador-de-pelo-bosch-phd5767-brilliancare-secador-de-pelo-bosch-phd5767-brilliancare.jpg,2,,
dr-phd5767,,,,,,,,,,,,,,https://f.fcdn.app/imgs/74b26d/www.diaril.com.uy/diaruy/bc74/original/catalogo/PHD5767_PHD5767_1/1920-1200/secador-de-pelo-bosch-phd5767-brilliancare-secador-de-pelo-bosch-phd5767-brilliancare.jpg,3,,
dr-phd5767,,,,,,,,,,,,,,https://f.fcdn.app/imgs/109fa2/www.diaril.com.uy/diaruy/6d85/original/catalogo/PHD5767_PHD5767_2/1500-1500/secador-de-pelo-bosch-phd5767-brilliancare-secador-de-pelo-bosch-phd5767-brilliancare.jpg,4,,
dr-phd5767,,,,,,,,,,,,,,https://f.fcdn.app/imgs/079f71/www.diaril.com.uy/diaruy/6d85/original/catalogo/PHD5767_PHD5767_2/1920-1200/secador-de-pelo-bosch-phd5767-brilliancare-secador-de-pelo-bosch-phd5767-brilliancare.jpg,5,,
dr-phd5767,,,,,,,,,,,,,,https://f.fcdn.app/imgs/80169b/www.diaril.com.uy/diaruy/6d85/original/catalogo/PHD5767_PHD5767_2/1000x1000/secador-de-pelo-bosch-phd5767-brilliancare-secador-de-pelo-bosch-phd5767-brilliancare.jpg,6,,
dr-phd5767,,,,,,,,,,,,,,https://f.fcdn.app/imgs/9fa294/www.diaril.com.uy/diaruy/be8a/original/catalogo/PHD5767_PHD5767_3/1500-1500/secador-de-pelo-bosch-phd5767-brilliancare-secador-de-pelo-bosch-phd5767-brilliancare.jpg,7,,
dr-phd5767,,,,,,,,,,,,,,https://f.fcdn.app/imgs/3cdc14/www.diaril.com.uy/diaruy/be8a/original/catalogo/PHD5767_PHD5767_3/1920-1200/secador-de-pelo-bosch-phd5767-brilliancare-secador-de-pelo-bosch-phd5767-brilliancare.jpg,8,,
dr-fut-mwe20bx,Microondas de empotrar Futura 20 lts FUT-MWE20BX,<ul><li>• Capacidad: 20 Litros.</li><li>• Potencia: 800W.</li><li>• 10 Niveles de potencia.</li><li>• Mandos digitales.</li><li>• Display digital LED.</li><li>• Temporizador.</li><li>• Descongelamiento automático y por tiempo.</li><li>• Inicio rápido.</li><li>• Bloqueo para niños.</li><li>• Plato giratorio.</li><li>• Luz interior.</li><li>• Dimensiones exteriores: (Al. x An. x Prof.) 262 × 452 × 354 mm.</li><li>• Dimensiones interiores: (An. x Prof. x Al.) 210 × 315 × 329 mm.</li></ul>,Futura,Electro,"Cocinas, Futura, stock-verificado",TRUE,Color,Microondas de empotrar Futura 20 lts FUT-MWE20BX,FUT-MWE20BX,10736.00,,10,deny,https://f.fcdn.app/imgs/8c367e/www.diaril.com.uy/diaruy/e3ba/original/catalogo/FUT-MWE20BX_FUT-MWE20BX_1/1000x1000/microondas-de-empotrar-futura-20-lts-fut-mwe20bx-microondas-de-empotrar-futura-20-lts-fut-mwe20bx.jpg,1,,
dr-fut-mwe20bx,,,,,,,,,,,,,,https://f.fcdn.app/imgs/47bdd2/www.diaril.com.uy/diaruy/e3ba/original/catalogo/FUT-MWE20BX_FUT-MWE20BX_1/1500-1500/microondas-de-empotrar-futura-20-lts-fut-mwe20bx-microondas-de-empotrar-futura-20-lts-fut-mwe20bx.jpg,2,,
dr-fut-mwe20bx,,,,,,,,,,,,,,https://f.fcdn.app/imgs/2c82bc/www.diaril.com.uy/diaruy/e3ba/original/catalogo/FUT-MWE20BX_FUT-MWE20BX_1/1920-1200/microondas-de-empotrar-futura-20-lts-fut-mwe20bx-microondas-de-empotrar-futura-20-lts-fut-mwe20bx.jpg,3,,
dr-fut-mwe20bx,,,,,,,,,,,,,,https://f.fcdn.app/imgs/730744/www.diaril.com.uy/diaruy/e3ba/original/catalogo/FUT-MWE20BX_FUT-MWE20BX_1/2000-2000/microondas-de-empotrar-futura-20-lts-fut-mwe20bx-microondas-de-empotrar-futura-20-lts-fut-mwe20bx.jpg,4,,
dr-fut-mwe20bx,,,,,,,,,,,,,,https://f.fcdn.app/imgs/3932c6/www.diaril.com.uy/diaruy/e3ba/original/catalogo/FUT-MWE20BX_FUT-MWE20BX_1/100x100/microondas-de-empotrar-futura-20-lts-fut-mwe20bx-microondas-de-empotrar-futura-20-lts-fut-mwe20bx.jpg,5,,
dr-fut-mwe20bx,,,,,,,,,,,,,,https://f.fcdn.app/imgs/94a868/www.diaril.com.uy/diaruy/e3ba/original/catalogo/FUT-MWE20BX_FUT-MWE20BX_1/1000_1000/microondas-de-empotrar-futura-20-lts-fut-mwe20bx-microondas-de-empotrar-futura-20-lts-fut-mwe20bx.jpg,6,,
dr-scairglow,Secador de pelo Ufesa AIR GLOW 2200 W,"<ul><li>• Secador profesional motor AC 2200W.</li><li>• 2 velocidades / 3 temperaturas.</li><li>• Concentrador y difusor.</li><li>• Golpe de aire frío.</li><li>• Filtro extraíble.</li><li>• Anillo colgador.</li><li>• 1,9 mt de cable.</li></ul>",Ufesa,Electro,"Otros, Ufesa",TRUE,Color,Secador de pelo Ufesa AIR GLOW 2200 W,SC AIR GLOW,2653.00,,0,deny,https://f.fcdn.app/imgs/e5eb30/www.diaril.com.uy/diaruy/f458/original/catalogo/SCAIRGLOW_SCAIRGLOW_1/1000x1000/secador-de-pelo-ufesa-air-glow-2200-w-secador-de-pelo-ufesa-air-glow-2200-w.jpg,1,,
dr-scairglow,,,,,,,,,,,,,,https://f.fcdn.app/imgs/353a3b/www.diaril.com.uy/diaruy/f458/original/catalogo/SCAIRGLOW_SCAIRGLOW_1/1500-1500/secador-de-pelo-ufesa-air-glow-2200-w-secador-de-pelo-ufesa-air-glow-2200-w.jpg,2,,
dr-scairglow,,,,,,,,,,,,,,https://f.fcdn.app/imgs/dc7c6e/www.diaril.com.uy/diaruy/f458/original/catalogo/SCAIRGLOW_SCAIRGLOW_1/1920-1200/secador-de-pelo-ufesa-air-glow-2200-w-secador-de-pelo-ufesa-air-glow-2200-w.jpg,3,,
dr-scairglow,,,,,,,,,,,,,,https://f.fcdn.app/imgs/db5c8e/www.diaril.com.uy/diaruy/e7b8/original/catalogo/SCAIRGLOW_SCAIRGLOW_2/1500-1500/secador-de-pelo-ufesa-air-glow-2200-w-secador-de-pelo-ufesa-air-glow-2200-w.jpg,4,,
dr-scairglow,,,,,,,,,,,,,,https://f.fcdn.app/imgs/355eb1/www.diaril.com.uy/diaruy/e7b8/original/catalogo/SCAIRGLOW_SCAIRGLOW_2/1920-1200/secador-de-pelo-ufesa-air-glow-2200-w-secador-de-pelo-ufesa-air-glow-2200-w.jpg,5,,
dr-scairglow,,,,,,,,,,,,,,https://f.fcdn.app/imgs/98240e/www.diaril.com.uy/diaruy/e7b8/original/catalogo/SCAIRGLOW_SCAIRGLOW_2/1000x1000/secador-de-pelo-ufesa-air-glow-2200-w-secador-de-pelo-ufesa-air-glow-2200-w.jpg,6,,
dr-scairglow,,,,,,,,,,,,,,https://f.fcdn.app/imgs/2c56a9/www.diaril.com.uy/diaruy/19a2/original/catalogo/SCAIRGLOW_SCAIRGLOW_3/1500-1500/secador-de-pelo-ufesa-air-glow-2200-w-secador-de-pelo-ufesa-air-glow-2200-w.jpg,7,,
dr-scairglow,,,,,,,,,,,,,,https://f.fcdn.app/imgs/cae89c/www.diaril.com.uy/diaruy/19a2/original/catalogo/SCAIRGLOW_SCAIRGLOW_3/1920-1200/secador-de-pelo-ufesa-air-glow-2200-w-secador-de-pelo-ufesa-air-glow-2200-w.jpg,8,,
dr-falcon,Freidora de aire Ufesa Falcon Digital 6.5 L,"<ul><li>• 1700W.</li><li>• Capacidad: 6.5 Lt.</li><li>• Cubeta y bandeja antiadherentes.</li><li>• 8 programas preestablecidos: hornear, patatas fritas, pescado, camarones, verduras, pizza, carne y pollo.</li><li>• Control táctil digital de tiempo y temperatura.</li><li>• Temporizador de hasta 60 minutos.</li><li>• Control de temperatura hasta 200ºC.</li><li>• Tecnología 360º de circulación de aire a alta velocidad.</li><li>• Pies antideslizantes.</li><li>• Cuerpo y asa de tacto frío.</li></ul>",Ufesa,Electro,"Freidoras, Ufesa, stock-verificado",TRUE,Color,Freidora de aire Ufesa Falcon Digital 6.5 L,FALCON,7834.00,,10,deny,https://f.fcdn.app/imgs/4d3322/www.diaril.com.uy/diaruy/17ca/original/catalogo/FALCON_FALCON_1/1000x1000/freidora-de-aire-ufesa-falcon-digital-6-5-l-freidora-de-aire-ufesa-falcon-digital-6-5-l.jpg,1,,
dr-falcon,,,,,,,,,,,,,,https://f.fcdn.app/imgs/5365f9/www.diaril.com.uy/diaruy/17ca/original/catalogo/FALCON_FALCON_1/1500-1500/freidora-de-aire-ufesa-falcon-digital-6-5-l-freidora-de-aire-ufesa-falcon-digital-6-5-l.jpg,2,,
dr-falcon,,,,,,,,,,,,,,https://f.fcdn.app/imgs/3b7df7/www.diaril.com.uy/diaruy/17ca/original/catalogo/FALCON_FALCON_1/1920-1200/freidora-de-aire-ufesa-falcon-digital-6-5-l-freidora-de-aire-ufesa-falcon-digital-6-5-l.jpg,3,,
dr-falcon,,,,,,,,,,,,,,https://f.fcdn.app/imgs/7edf32/www.diaril.com.uy/diaruy/f4d5/original/catalogo/FALCON_FALCON_2/1500-1500/freidora-de-aire-ufesa-falcon-digital-6-5-l-freidora-de-aire-ufesa-falcon-digital-6-5-l.jpg,4,,
dr-falcon,,,,,,,,,,,,,,https://f.fcdn.app/imgs/3438bc/www.diaril.com.uy/diaruy/f4d5/original/catalogo/FALCON_FALCON_2/1920-1200/freidora-de-aire-ufesa-falcon-digital-6-5-l-freidora-de-aire-ufesa-falcon-digital-6-5-l.jpg,5,,
dr-falcon,,,,,,,,,,,,,,https://f.fcdn.app/imgs/ddca31/www.diaril.com.uy/diaruy/f4d5/original/catalogo/FALCON_FALCON_2/1000x1000/freidora-de-aire-ufesa-falcon-digital-6-5-l-freidora-de-aire-ufesa-falcon-digital-6-5-l.jpg,6,,
dr-falcon,,,,,,,,,,,,,,https://f.fcdn.app/imgs/d16f3a/www.diaril.com.uy/diaruy/6735/original/catalogo/FALCON_FALCON_3/1500-1500/freidora-de-aire-ufesa-falcon-digital-6-5-l-freidora-de-aire-ufesa-falcon-digital-6-5-l.jpg,7,,
dr-falcon,,,,,,,,,,,,,,https://f.fcdn.app/imgs/ca6d70/www.diaril.com.uy/diaruy/6735/original/catalogo/FALCON_FALCON_3/1920-1200/freidora-de-aire-ufesa-falcon-digital-6-5-l-freidora-de-aire-ufesa-falcon-digital-6-5-l.jpg,8,,
dr-nanocut,Afeitadora rotativa flex Ufesa NANO CUT,"<ul><li>• Cuchillas Dual Trim.</li><li>• Cabezal pivotante que maximiza el contacto para un ajuste ergonómico sin irritaciones.</li><li>• Cortapatillas extensible.</li><li>• Diseño ergonómico.</li><li>• Uso con y sin cable.</li><li>• Batería de Litio.</li><li>• 70 minutos de autonomía.</li><li>• Tiempo de carga: 1,5 horas.</li><li>• Uso en seco y en mojado: Resistente al agua IPX7*</li><li>• Indicadores LED para carga, batería baja y bloqueo.</li><li>• Cable USB tipo C incluido.</li><li>*Lavable y apta para uso en la ducha únicamente cuando funciona a batería. No utilizar con el cable de carga enchufado mientras está conectado con el agua.</li></ul>",Ufesa,Electro,"Otros, Ufesa, stock-verificado",TRUE,Color,Afeitadora rotativa flex Ufesa NANO CUT,NANO CUT,2694.00,,10,deny,https://f.fcdn.app/imgs/3470c6/www.diaril.com.uy/diaruy/706d/original/catalogo/NANOCUT_NANOCUT_1/1000x1000/afeitadora-rotativa-flex-ufesa-nano-cut-afeitadora-rotativa-flex-ufesa-nano-cut.jpg,1,,
dr-nanocut,,,,,,,,,,,,,,https://f.fcdn.app/imgs/0fce3f/www.diaril.com.uy/diaruy/706d/original/catalogo/NANOCUT_NANOCUT_1/1500-1500/afeitadora-rotativa-flex-ufesa-nano-cut-afeitadora-rotativa-flex-ufesa-nano-cut.jpg,2,,
dr-nanocut,,,,,,,,,,,,,,https://f.fcdn.app/imgs/88b1ec/www.diaril.com.uy/diaruy/706d/original/catalogo/NANOCUT_NANOCUT_1/1920-1200/afeitadora-rotativa-flex-ufesa-nano-cut-afeitadora-rotativa-flex-ufesa-nano-cut.jpg,3,,
dr-nanocut,,,,,,,,,,,,,,https://f.fcdn.app/imgs/42bb2e/www.diaril.com.uy/diaruy/0526/original/catalogo/NANOCUT_NANOCUT_2/1500-1500/afeitadora-rotativa-flex-ufesa-nano-cut-afeitadora-rotativa-flex-ufesa-nano-cut.jpg,4,,
dr-nanocut,,,,,,,,,,,,,,https://f.fcdn.app/imgs/64c62b/www.diaril.com.uy/diaruy/0526/original/catalogo/NANOCUT_NANOCUT_2/1920-1200/afeitadora-rotativa-flex-ufesa-nano-cut-afeitadora-rotativa-flex-ufesa-nano-cut.jpg,5,,
dr-nanocut,,,,,,,,,,,,,,https://f.fcdn.app/imgs/ce0838/www.diaril.com.uy/diaruy/0526/original/catalogo/NANOCUT_NANOCUT_2/1000x1000/afeitadora-rotativa-flex-ufesa-nano-cut-afeitadora-rotativa-flex-ufesa-nano-cut.jpg,6,,
dr-nanocut,,,,,,,,,,,,,,https://f.fcdn.app/imgs/1dc0d6/www.diaril.com.uy/diaruy/e5ba/original/catalogo/NANOCUT_NANOCUT_3/1500-1500/afeitadora-rotativa-flex-ufesa-nano-cut-afeitadora-rotativa-flex-ufesa-nano-cut.jpg,7,,
dr-nanocut,,,,,,,,,,,,,,https://f.fcdn.app/imgs/47e7d6/www.diaril.com.uy/diaruy/e5ba/original/catalogo/NANOCUT_NANOCUT_3/1920-1200/afeitadora-rotativa-flex-ufesa-nano-cut-afeitadora-rotativa-flex-ufesa-nano-cut.jpg,8,,
dr-blackmist,Plancha a vapor Ufesa BLACK MIST Vertical,"<ul><li>• Potencia 1470W.</li><li>• Acción continuada de vapor 21gr/min: elimina arrugas, desinfecta y desodoriza.</li><li>• Ultra-compacto y plegable: fácil de guardar y llevar a cualquier parte.</li><li>• Dimensiones plegado: 14,5x10,8x17,6 cm.</li><li>• Listo para usar en 25 segundos.</li><li>• Capacidad 150ml.</li><li>• Autonomía 10 minutos.</li><li>• Cabezal de acero inoxidable.</li><li>• Accesorio cepillo para tejidos gruesos: abre el tejido y facilita una mayor acción del vapor.</li><li>• Cable 1,8 mt.</li></ul>",Ufesa,Electro,"Planchas, Ufesa, stock-verificado",TRUE,Color,Plancha a vapor Ufesa BLACK MIST Vertical,BLACK MIST,3275.00,,10,deny,https://f.fcdn.app/imgs/84d307/www.diaril.com.uy/diaruy/0ba4/original/catalogo/BLACKMIST_BLACKMIST_1/1000x1000/plancha-a-vapor-ufesa-black-mist-vertical-plancha-a-vapor-ufesa-black-mist-vertical.jpg,1,,
dr-blackmist,,,,,,,,,,,,,,https://f.fcdn.app/imgs/6a7f55/www.diaril.com.uy/diaruy/0ba4/original/catalogo/BLACKMIST_BLACKMIST_1/1500-1500/plancha-a-vapor-ufesa-black-mist-vertical-plancha-a-vapor-ufesa-black-mist-vertical.jpg,2,,
dr-blackmist,,,,,,,,,,,,,,https://f.fcdn.app/imgs/c53fea/www.diaril.com.uy/diaruy/0ba4/original/catalogo/BLACKMIST_BLACKMIST_1/1920-1200/plancha-a-vapor-ufesa-black-mist-vertical-plancha-a-vapor-ufesa-black-mist-vertical.jpg,3,,
dr-blackmist,,,,,,,,,,,,,,https://f.fcdn.app/imgs/20ad1f/www.diaril.com.uy/diaruy/da91/original/catalogo/BLACKMIST_BLACKMIST_2/1500-1500/plancha-a-vapor-ufesa-black-mist-vertical-plancha-a-vapor-ufesa-black-mist-vertical.jpg,4,,
dr-blackmist,,,,,,,,,,,,,,https://f.fcdn.app/imgs/63c6e0/www.diaril.com.uy/diaruy/da91/original/catalogo/BLACKMIST_BLACKMIST_2/1920-1200/plancha-a-vapor-ufesa-black-mist-vertical-plancha-a-vapor-ufesa-black-mist-vertical.jpg,5,,
dr-blackmist,,,,,,,,,,,,,,https://f.fcdn.app/imgs/e95fda/www.diaril.com.uy/diaruy/da91/original/catalogo/BLACKMIST_BLACKMIST_2/1000x1000/plancha-a-vapor-ufesa-black-mist-vertical-plancha-a-vapor-ufesa-black-mist-vertical.jpg,6,,
dr-blackmist,,,,,,,,,,,,,,https://f.fcdn.app/imgs/000fe0/www.diaril.com.uy/diaruy/4d69/original/catalogo/BLACKMIST_BLACKMIST_3/1500-1500/plancha-a-vapor-ufesa-black-mist-vertical-plancha-a-vapor-ufesa-black-mist-vertical.jpg,7,,
dr-blackmist,,,,,,,,,,,,,,https://f.fcdn.app/imgs/e20ecf/www.diaril.com.uy/diaruy/4d69/original/catalogo/BLACKMIST_BLACKMIST_3/1920-1200/plancha-a-vapor-ufesa-black-mist-vertical-plancha-a-vapor-ufesa-black-mist-vertical.jpg,8,,
dr-spzion600,Aspiradora de tapiceria Ufesa Zion 600,"<ul><li>• 600W de potencia.</li><li>• 15.000 pa de succión para conseguir limpiezas perfectas y más rápidas.</li><li>• Aspira líquidos y sólidos al mismo tiempo.</li><li>• Longitud de manguera de 1,5Mt.</li><li>• 1200ml de capacidad de depósito de agua limpia.</li><li>• 1300ml de capacidad de depósito de agua sucia.</li><li>• Doble Cepillo de Limpieza para diferentes zonas.</li><li>• Longitud del cable de 3Mt.</li><li>• Filtro HEPA.</li><li>• 81,2 dB(A).</li></ul>",Ufesa,Electro,"Aspiradoras, Ufesa",TRUE,Color,Aspiradora de tapiceria Ufesa Zion 600,SP ZION 600,10984.00,,0,deny,https://f.fcdn.app/imgs/a5aafc/www.diaril.com.uy/diaruy/46d3/original/catalogo/SPZION600_SPZION600_1/1000x1000/aspiradora-de-tapiceria-ufesa-zion-600-aspiradora-de-tapiceria-ufesa-zion-600.jpg,1,,
dr-spzion600,,,,,,,,,,,,,,https://f.fcdn.app/imgs/70d20c/www.diaril.com.uy/diaruy/46d3/original/catalogo/SPZION600_SPZION600_1/1500-1500/aspiradora-de-tapiceria-ufesa-zion-600-aspiradora-de-tapiceria-ufesa-zion-600.jpg,2,,
dr-spzion600,,,,,,,,,,,,,,https://f.fcdn.app/imgs/e9620d/www.diaril.com.uy/diaruy/46d3/original/catalogo/SPZION600_SPZION600_1/1920-1200/aspiradora-de-tapiceria-ufesa-zion-600-aspiradora-de-tapiceria-ufesa-zion-600.jpg,3,,
dr-spzion600,,,,,,,,,,,,,,https://f.fcdn.app/imgs/79daf1/www.diaril.com.uy/diaruy/d171/original/catalogo/SPZION600_SPZION600_2/1500-1500/aspiradora-de-tapiceria-ufesa-zion-600-aspiradora-de-tapiceria-ufesa-zion-600.jpg,4,,
dr-spzion600,,,,,,,,,,,,,,https://f.fcdn.app/imgs/3b9d68/www.diaril.com.uy/diaruy/d171/original/catalogo/SPZION600_SPZION600_2/1920-1200/aspiradora-de-tapiceria-ufesa-zion-600-aspiradora-de-tapiceria-ufesa-zion-600.jpg,5,,
dr-spzion600,,,,,,,,,,,,,,https://f.fcdn.app/imgs/0cf60b/www.diaril.com.uy/diaruy/d171/original/catalogo/SPZION600_SPZION600_2/1000x1000/aspiradora-de-tapiceria-ufesa-zion-600-aspiradora-de-tapiceria-ufesa-zion-600.jpg,6,,
dr-spzion600,,,,,,,,,,,,,,https://f.fcdn.app/imgs/936c91/www.diaril.com.uy/diaruy/65a7/original/catalogo/SPZION600_SPZION600_3/1500-1500/aspiradora-de-tapiceria-ufesa-zion-600-aspiradora-de-tapiceria-ufesa-zion-600.jpg,7,,
dr-spzion600,,,,,,,,,,,,,,https://f.fcdn.app/imgs/e51ffa/www.diaril.com.uy/diaruy/65a7/original/catalogo/SPZION600_SPZION600_3/1920-1200/aspiradora-de-tapiceria-ufesa-zion-600-aspiradora-de-tapiceria-ufesa-zion-600.jpg,8,,
dr-fut-frh150,Freezer Futura FUT-FRH150 142 L,<ul><li>• Capacidad neta total: 142 Litros</li><li>• Doble Acción: Úsalo como Freezer o Heladera según necesites</li><li>• Congelador de 4 estrellas: Temperatura profesional de hasta -18 °C</li><li>• Gas refrigerante ecológico R600a: Alta eficiencia y cuidado ambiental</li><li>• Cavidad interior recubierta en metal (PCM) para mayor durabilidad</li><li>• Control mecánico de temperatura frontal con luces indicadoras</li><li>• Manija de puerta integrada para un diseño limpio y minimalista</li><li>• Descongelación manual con práctico desagüe frontal</li><li>• Movilidad y estabilidad: Ruedas y patas regulables incluidas</li><li>• Eficiencia energética: Clase B</li><li>• Medidas compactas: Ancho 71 cm | Profundidad 55 cm | Altura 85 cm</li></ul>,Futura,Electro,"Heladeras, Futura, stock-verificado",TRUE,Color,Freezer Futura FUT-FRH150 142 L,FUT-FRH150,11150.00,,10,deny,https://f.fcdn.app/imgs/0bb59c/www.diaril.com.uy/diaruy/6c91/original/catalogo/FUT-FRH150_FUT-FRH150_1/1000x1000/freezer-futura-fut-frh150-142-l-freezer-futura-fut-frh150-142-l.jpg,1,,
dr-fut-frh150,,,,,,,,,,,,,,https://f.fcdn.app/imgs/47e5e1/www.diaril.com.uy/diaruy/6c91/original/catalogo/FUT-FRH150_FUT-FRH150_1/1500-1500/freezer-futura-fut-frh150-142-l-freezer-futura-fut-frh150-142-l.jpg,2,,
dr-fut-frh150,,,,,,,,,,,,,,https://f.fcdn.app/imgs/cf5684/www.diaril.com.uy/diaruy/6c91/original/catalogo/FUT-FRH150_FUT-FRH150_1/1920-1200/freezer-futura-fut-frh150-142-l-freezer-futura-fut-frh150-142-l.jpg,3,,
dr-fut-frh150,,,,,,,,,,,,,,https://f.fcdn.app/imgs/7de107/www.diaril.com.uy/diaruy/e3f8/original/catalogo/FUT-FRH150_FUT-FRH150_2/1500-1500/freezer-futura-fut-frh150-142-l-freezer-futura-fut-frh150-142-l.jpg,4,,
dr-fut-frh150,,,,,,,,,,,,,,https://f.fcdn.app/imgs/dc381b/www.diaril.com.uy/diaruy/e3f8/original/catalogo/FUT-FRH150_FUT-FRH150_2/1920-1200/freezer-futura-fut-frh150-142-l-freezer-futura-fut-frh150-142-l.jpg,5,,
dr-fut-frh150,,,,,,,,,,,,,,https://f.fcdn.app/imgs/eae9fa/www.diaril.com.uy/diaruy/e3f8/original/catalogo/FUT-FRH150_FUT-FRH150_2/1000x1000/freezer-futura-fut-frh150-142-l-freezer-futura-fut-frh150-142-l.jpg,6,,
dr-fut-frh150,,,,,,,,,,,,,,https://f.fcdn.app/imgs/8a0ba3/www.diaril.com.uy/diaruy/60ca/original/catalogo/FUT-FRH150_FUT-FRH150_3/1500-1500/freezer-futura-fut-frh150-142-l-freezer-futura-fut-frh150-142-l.jpg,7,,
dr-fut-frh150,,,,,,,,,,,,,,https://f.fcdn.app/imgs/c31cc6/www.diaril.com.uy/diaruy/60ca/original/catalogo/FUT-FRH150_FUT-FRH150_3/1920-1200/freezer-futura-fut-frh150-142-l-freezer-futura-fut-frh150-142-l.jpg,8,,
dr-pkf611bb8e,Placa vitrocerámica Bosch PKF611BB8E 60 cm,<ul><li>• 60 cm: 4 zonas.</li><li>• Bloqueo de seguridad para niños: bloquea el panel de control para evitar que la placa se encienda accidentalmente.</li><li>• Control TouchSelect: selecciona fácilmente la zona de cocción y la potencia de la placa.</li><li>• Programación de tiempo de cocción: desconecta la zona de cocción al finalizar el tiempo indicado.</li><li>• Dimensiones del aparato (Alto x Ancho x Fondo): 45 x 592 x 522 mm.</li><li>• Dimensiones de instalación (Alto x Ancho x Fondo): 45 x 560 x 490-500 mm.</li></ul>,Bosch,Electro,"Cocinas, Bosch",TRUE,Color,Placa vitrocerámica Bosch PKF611BB8E 60 cm,PKF611BB8E,22383.00,,0,deny,https://f.fcdn.app/imgs/fd699d/www.diaril.com.uy/diaruy/3d15/original/catalogo/PKF611BB8E_PKF611BB8E_1/1000x1000/placa-vitroceramica-bosch-pkf611bb8e-60-cm-placa-vitroceramica-bosch-pkf611bb8e-60-cm.jpg,1,,
dr-pkf611bb8e,,,,,,,,,,,,,,https://f.fcdn.app/imgs/12620c/www.diaril.com.uy/diaruy/3d15/original/catalogo/PKF611BB8E_PKF611BB8E_1/1500-1500/placa-vitroceramica-bosch-pkf611bb8e-60-cm-placa-vitroceramica-bosch-pkf611bb8e-60-cm.jpg,2,,
dr-pkf611bb8e,,,,,,,,,,,,,,https://f.fcdn.app/imgs/ccb519/www.diaril.com.uy/diaruy/3d15/original/catalogo/PKF611BB8E_PKF611BB8E_1/1920-1200/placa-vitroceramica-bosch-pkf611bb8e-60-cm-placa-vitroceramica-bosch-pkf611bb8e-60-cm.jpg,3,,
dr-pkf611bb8e,,,,,,,,,,,,,,https://f.fcdn.app/imgs/b5a7e7/www.diaril.com.uy/diaruy/7dab/original/catalogo/PKF611BB8E_PKF611BB8E_2/1500-1500/placa-vitroceramica-bosch-pkf611bb8e-60-cm-placa-vitroceramica-bosch-pkf611bb8e-60-cm.jpg,4,,
dr-pkf611bb8e,,,,,,,,,,,,,,https://f.fcdn.app/imgs/376c0c/www.diaril.com.uy/diaruy/7dab/original/catalogo/PKF611BB8E_PKF611BB8E_2/1920-1200/placa-vitroceramica-bosch-pkf611bb8e-60-cm-placa-vitroceramica-bosch-pkf611bb8e-60-cm.jpg,5,,
dr-pkf611bb8e,,,,,,,,,,,,,,https://f.fcdn.app/imgs/b31a92/www.diaril.com.uy/diaruy/7dab/original/catalogo/PKF611BB8E_PKF611BB8E_2/1000x1000/placa-vitroceramica-bosch-pkf611bb8e-60-cm-placa-vitroceramica-bosch-pkf611bb8e-60-cm.jpg,6,,
dr-pkf611bb8e,,,,,,,,,,,,,,https://f.fcdn.app/imgs/5786a2/www.diaril.com.uy/diaruy/388e/original/catalogo/PKF611BB8E_PKF611BB8E_3/1500-1500/placa-vitroceramica-bosch-pkf611bb8e-60-cm-placa-vitroceramica-bosch-pkf611bb8e-60-cm.jpg,7,,
dr-pkf611bb8e,,,,,,,,,,,,,,https://f.fcdn.app/imgs/fbf566/www.diaril.com.uy/diaruy/388e/original/catalogo/PKF611BB8E_PKF611BB8E_3/1920-1200/placa-vitroceramica-bosch-pkf611bb8e-60-cm-placa-vitroceramica-bosch-pkf611bb8e-60-cm.jpg,8,,
dr-absolutesteam,Centro de planchado Ufesa Absolute Steam,<ul><li>• Potencia máxima: 2400W.</li><li>• Presión de la bomba: 6.5 bares.</li><li>• Golpe de vapor max 290g.</li><li>• Vapor variable 0-132g/min.</li><li>• Sistema de limpieza antical.</li><li>• Fácil transporte: botón de bloqueo de seguridad.</li><li>• Suela cerámica de fácil deslizamiento.</li><li>• Listo para usar en 2 minutos.</li><li>• Capacidad 1.2Lt.</li><li>• Planchado en seco y vertical.</li><li>• Fácil almacenamiento del cable.</li></ul>,Ufesa,Electro,"Planchas, Ufesa",TRUE,Color,Centro de planchado Ufesa Absolute Steam,ABSOLUTE STEAM,7005.00,,0,deny,https://f.fcdn.app/imgs/69893e/www.diaril.com.uy/diaruy/0d3e/original/catalogo/ABSOLUTESTEAM_ABSOLUTESTEAM_1/1000x1000/centro-de-planchado-ufesa-absolute-steam-centro-de-planchado-ufesa-absolute-steam.jpg,1,,
dr-absolutesteam,,,,,,,,,,,,,,https://f.fcdn.app/imgs/85895f/www.diaril.com.uy/diaruy/0d3e/original/catalogo/ABSOLUTESTEAM_ABSOLUTESTEAM_1/1500-1500/centro-de-planchado-ufesa-absolute-steam-centro-de-planchado-ufesa-absolute-steam.jpg,2,,
dr-absolutesteam,,,,,,,,,,,,,,https://f.fcdn.app/imgs/2f54e8/www.diaril.com.uy/diaruy/0d3e/original/catalogo/ABSOLUTESTEAM_ABSOLUTESTEAM_1/1920-1200/centro-de-planchado-ufesa-absolute-steam-centro-de-planchado-ufesa-absolute-steam.jpg,3,,
dr-absolutesteam,,,,,,,,,,,,,,https://f.fcdn.app/imgs/048b44/www.diaril.com.uy/diaruy/2179/original/catalogo/ABSOLUTESTEAM_ABSOLUTESTEAM_2/1500-1500/centro-de-planchado-ufesa-absolute-steam-centro-de-planchado-ufesa-absolute-steam.jpg,4,,
dr-absolutesteam,,,,,,,,,,,,,,https://f.fcdn.app/imgs/fb4585/www.diaril.com.uy/diaruy/2179/original/catalogo/ABSOLUTESTEAM_ABSOLUTESTEAM_2/1920-1200/centro-de-planchado-ufesa-absolute-steam-centro-de-planchado-ufesa-absolute-steam.jpg,5,,
dr-absolutesteam,,,,,,,,,,,,,,https://f.fcdn.app/imgs/e5a6d0/www.diaril.com.uy/diaruy/2179/original/catalogo/ABSOLUTESTEAM_ABSOLUTESTEAM_2/1000x1000/centro-de-planchado-ufesa-absolute-steam-centro-de-planchado-ufesa-absolute-steam.jpg,6,,
dr-absolutesteam,,,,,,,,,,,,,,https://f.fcdn.app/imgs/894037/www.diaril.com.uy/diaruy/232f/original/catalogo/ABSOLUTESTEAM_ABSOLUTESTEAM_3/1500-1500/centro-de-planchado-ufesa-absolute-steam-centro-de-planchado-ufesa-absolute-steam.jpg,7,,
dr-absolutesteam,,,,,,,,,,,,,,https://f.fcdn.app/imgs/f29727/www.diaril.com.uy/diaruy/232f/original/catalogo/ABSOLUTESTEAM_ABSOLUTESTEAM_3/1920-1200/centro-de-planchado-ufesa-absolute-steam-centro-de-planchado-ufesa-absolute-steam.jpg,8,,
dr-smartscaleplus,Balanza de cocina Ufesa SmartScale Plus,<ul><li>• Diseño extraplano.</li><li>• Superficie de acero inoxidable.</li><li>• Balanza de cocina 27x25cm.</li><li>• Función Tara.</li><li>• Unidades de medida: kg / g / lb.</li><li>• Resolución 1g.</li><li>• Pantalla LED.</li><li>• Apagado automático.</li></ul>,Ufesa,Electro,"Otros, Ufesa, stock-verificado",TRUE,Color,Balanza de cocina Ufesa SmartScale Plus,SMARTSCALE PLUS,2031.00,,10,deny,https://f.fcdn.app/imgs/6a23dd/www.diaril.com.uy/diaruy/f8b8/original/catalogo/SMARTSCALEPLUS_SMARTSCALEPLUS_1/1000x1000/balanza-de-cocina-ufesa-smartscale-plus-balanza-de-cocina-ufesa-smartscale-plus.jpg,1,,
dr-smartscaleplus,,,,,,,,,,,,,,https://f.fcdn.app/imgs/cf079a/www.diaril.com.uy/diaruy/f8b8/original/catalogo/SMARTSCALEPLUS_SMARTSCALEPLUS_1/1500-1500/balanza-de-cocina-ufesa-smartscale-plus-balanza-de-cocina-ufesa-smartscale-plus.jpg,2,,
dr-smartscaleplus,,,,,,,,,,,,,,https://f.fcdn.app/imgs/43e702/www.diaril.com.uy/diaruy/f8b8/original/catalogo/SMARTSCALEPLUS_SMARTSCALEPLUS_1/1920-1200/balanza-de-cocina-ufesa-smartscale-plus-balanza-de-cocina-ufesa-smartscale-plus.jpg,3,,
dr-smartscaleplus,,,,,,,,,,,,,,https://f.fcdn.app/imgs/c33b3b/www.diaril.com.uy/diaruy/843a/original/catalogo/SMARTSCALEPLUS_SMARTSCALEPLUS_2/1500-1500/balanza-de-cocina-ufesa-smartscale-plus-balanza-de-cocina-ufesa-smartscale-plus.jpg,4,,
dr-smartscaleplus,,,,,,,,,,,,,,https://f.fcdn.app/imgs/443c2f/www.diaril.com.uy/diaruy/843a/original/catalogo/SMARTSCALEPLUS_SMARTSCALEPLUS_2/1920-1200/balanza-de-cocina-ufesa-smartscale-plus-balanza-de-cocina-ufesa-smartscale-plus.jpg,5,,
dr-smartscaleplus,,,,,,,,,,,,,,https://f.fcdn.app/imgs/f2a3df/www.diaril.com.uy/diaruy/843a/original/catalogo/SMARTSCALEPLUS_SMARTSCALEPLUS_2/1000x1000/balanza-de-cocina-ufesa-smartscale-plus-balanza-de-cocina-ufesa-smartscale-plus.jpg,6,,
dr-smartscaleplus,,,,,,,,,,,,,,https://f.fcdn.app/imgs/72688c/www.diaril.com.uy/diaruy/f8b8/original/catalogo/SMARTSCALEPLUS_SMARTSCALEPLUS_1/2000-2000/balanza-de-cocina-ufesa-smartscale-plus-balanza-de-cocina-ufesa-smartscale-plus.jpg,7,,
dr-smartscaleplus,,,,,,,,,,,,,,https://f.fcdn.app/imgs/6432a6/www.diaril.com.uy/diaruy/f8b8/original/catalogo/SMARTSCALEPLUS_SMARTSCALEPLUS_1/100x100/balanza-de-cocina-ufesa-smartscale-plus-balanza-de-cocina-ufesa-smartscale-plus.jpg,8,,
dr-totalchef-rk10,Robot de cocina Ufesa TotalChef RK10,"<ul><li>• Motor de 2400W Máx.</li><li>• 30 funciones. La versatilidad que necesitas para dominar cualquier receta: Cocinar, emulsionar, rallar, calentar, cocer, sofreír, cocinar al vapor, picar, mezclar, amasar, picar hielo, trocear, batir, hervir, cocinar a baja temperatura, triturar, pulverizar, montar, mantener caliente, confitar, moler, rebanar, remover, licuar, cocción lenta, cocción al baño maría, escalfar, función turbo, yogur, elaborar purés.</li><li>• Pantalla digital de 10 pulgadas con más de 150 recetas interactivas.</li><li>• Wifi.</li><li>• Apagado automático de seguridad.</li><li>• Ajuste de velocidad de 0 a 12 + turbo.</li><li>• Ajuste de temperatura de 37 a 130°C.</li><li>• Ajuste de tiempo hasta 90 minutos.</li><li>• Jarra waterproof de acero inoxidable de 4,5L con asa ergonómica, apta para lavavajillas e ideal para preparar hasta 4 porciones.</li><li>• 15 programas automáticos: cocción adaptada, pesar, hervir, picar, cocción lenta, amasar, cocinar al vapor, procesador de alimentos, turbo, cocción de arroz, emulsionar, puré, asar, batidos, sous vide (cocción al vacío).</li><li>• Función inversa: Giro de cuchillas que remueven sin cortar, ideal para guisos y sopas.</li><li>• Balanza integrada: máxima precisión hasta 5kg con función Tara.</li><li>• Accesorios incluidos: batidora, pala de mezcla, cuchilla de fácil montaje, espátula, cesta vaporera profunda, cesta vaporera y procesador de alimentos.</li><li>• Vaporera de dos niveles con tapa de cristal retenedora de condensación para una cocción más rápida y sana.</li><li>• Cesta de vapor de gran capacidad para una máxima versatilidad en los platos.</li></ul>",Ufesa,Electro,"Batidoras, Ufesa, stock-verificado",TRUE,Color,Robot de cocina Ufesa TotalChef RK10,TOTAL CHEF-RK10,62134.00,,10,deny,https://f.fcdn.app/imgs/134b6f/www.diaril.com.uy/diaruy/e2a1/original/catalogo/TOTALCHEF-RK10_TOTALCHEF-RK10_1/1000x1000/robot-de-cocina-ufesa-totalchef-rk10-robot-de-cocina-ufesa-totalchef-rk10.jpg,1,,
dr-totalchef-rk10,,,,,,,,,,,,,,https://f.fcdn.app/imgs/a0a7fe/www.diaril.com.uy/diaruy/e2a1/original/catalogo/TOTALCHEF-RK10_TOTALCHEF-RK10_1/1500-1500/robot-de-cocina-ufesa-totalchef-rk10-robot-de-cocina-ufesa-totalchef-rk10.jpg,2,,
dr-totalchef-rk10,,,,,,,,,,,,,,https://f.fcdn.app/imgs/b3c764/www.diaril.com.uy/diaruy/e2a1/original/catalogo/TOTALCHEF-RK10_TOTALCHEF-RK10_1/1920-1200/robot-de-cocina-ufesa-totalchef-rk10-robot-de-cocina-ufesa-totalchef-rk10.jpg,3,,
dr-totalchef-rk10,,,,,,,,,,,,,,https://f.fcdn.app/imgs/bbcc45/www.diaril.com.uy/diaruy/b0c5/original/catalogo/TOTALCHEF-RK10_TOTALCHEF-RK10_2/1500-1500/robot-de-cocina-ufesa-totalchef-rk10-robot-de-cocina-ufesa-totalchef-rk10.jpg,4,,
dr-totalchef-rk10,,,,,,,,,,,,,,https://f.fcdn.app/imgs/e1570e/www.diaril.com.uy/diaruy/b0c5/original/catalogo/TOTALCHEF-RK10_TOTALCHEF-RK10_2/1920-1200/robot-de-cocina-ufesa-totalchef-rk10-robot-de-cocina-ufesa-totalchef-rk10.jpg,5,,
dr-totalchef-rk10,,,,,,,,,,,,,,https://f.fcdn.app/imgs/8fa231/www.diaril.com.uy/diaruy/b0c5/original/catalogo/TOTALCHEF-RK10_TOTALCHEF-RK10_2/1000x1000/robot-de-cocina-ufesa-totalchef-rk10-robot-de-cocina-ufesa-totalchef-rk10.jpg,6,,
dr-totalchef-rk10,,,,,,,,,,,,,,https://f.fcdn.app/imgs/e4ab38/www.diaril.com.uy/diaruy/9942/original/catalogo/TOTALCHEF-RK10_TOTALCHEF-RK10_3/1500-1500/robot-de-cocina-ufesa-totalchef-rk10-robot-de-cocina-ufesa-totalchef-rk10.jpg,7,,
dr-totalchef-rk10,,,,,,,,,,,,,,https://f.fcdn.app/imgs/7aeacb/www.diaril.com.uy/diaruy/9942/original/catalogo/TOTALCHEF-RK10_TOTALCHEF-RK10_3/1920-1200/robot-de-cocina-ufesa-totalchef-rk10-robot-de-cocina-ufesa-totalchef-rk10.jpg,8,,
dr-fut-mw25dsa,Microondas Futura FUT-MW25DSA 25 L Plata,<ul><li>•Capacidad: 25 Litros.</li><li>•Potencia: 900W.</li><li>•10 Niveles de potencia.</li><li>•Mandos digitales.</li><li>•Display digital LED.</li><li>•Temporizador.</li><li>•Descongelamiento automático y por tiempo.</li><li>•Inicio rápido.</li><li>•Bloqueo para niños.</li><li>•Plato giratorio.</li><li>•Luz interior.</li><li>•Dimensiones exteriores: (Al. x An. x Prof.) 281 × 483 × 421 mm.</li><li>•Dimensiones interiores: (Al. x An. x Prof.) 220 × 340 × 344 mm.</li></ul>,Futura,Electro,"Cocinas, Futura, stock-verificado",TRUE,Color,Microondas Futura FUT-MW25DSA 25 L Plata,FUT-MW25DSA,6176.00,,10,deny,https://f.fcdn.app/imgs/4859e5/www.diaril.com.uy/diaruy/fdac/original/catalogo/FUT-MW25DSA_FUT-MW25DSA_1/1000x1000/microondas-futura-fut-mw25dsa-25-l-plata-microondas-futura-fut-mw25dsa-25-l-plata.jpg,1,,
dr-fut-mw25dsa,,,,,,,,,,,,,,https://f.fcdn.app/imgs/da12e9/www.diaril.com.uy/diaruy/fdac/original/catalogo/FUT-MW25DSA_FUT-MW25DSA_1/1500-1500/microondas-futura-fut-mw25dsa-25-l-plata-microondas-futura-fut-mw25dsa-25-l-plata.jpg,2,,
dr-fut-mw25dsa,,,,,,,,,,,,,,https://f.fcdn.app/imgs/5301c0/www.diaril.com.uy/diaruy/fdac/original/catalogo/FUT-MW25DSA_FUT-MW25DSA_1/1920-1200/microondas-futura-fut-mw25dsa-25-l-plata-microondas-futura-fut-mw25dsa-25-l-plata.jpg,3,,
dr-fut-mw25dsa,,,,,,,,,,,,,,https://f.fcdn.app/imgs/fd3785/www.diaril.com.uy/diaruy/a93f/original/catalogo/FUT-MW25DSA_FUT-MW25DSA_2/1500-1500/microondas-futura-fut-mw25dsa-25-l-plata-microondas-futura-fut-mw25dsa-25-l-plata.jpg,4,,
dr-fut-mw25dsa,,,,,,,,,,,,,,https://f.fcdn.app/imgs/7ca771/www.diaril.com.uy/diaruy/a93f/original/catalogo/FUT-MW25DSA_FUT-MW25DSA_2/1920-1200/microondas-futura-fut-mw25dsa-25-l-plata-microondas-futura-fut-mw25dsa-25-l-plata.jpg,5,,
dr-fut-mw25dsa,,,,,,,,,,,,,,https://f.fcdn.app/imgs/cc28fe/www.diaril.com.uy/diaruy/a93f/original/catalogo/FUT-MW25DSA_FUT-MW25DSA_2/1000x1000/microondas-futura-fut-mw25dsa-25-l-plata-microondas-futura-fut-mw25dsa-25-l-plata.jpg,6,,
dr-fut-mw25dsa,,,,,,,,,,,,,,https://f.fcdn.app/imgs/003a58/www.diaril.com.uy/diaruy/8fef/original/catalogo/FUT-MW25DSA_FUT-MW25DSA_3/1500-1500/microondas-futura-fut-mw25dsa-25-l-plata-microondas-futura-fut-mw25dsa-25-l-plata.jpg,7,,
dr-fut-mw25dsa,,,,,,,,,,,,,,https://f.fcdn.app/imgs/c58d21/www.diaril.com.uy/diaruy/8fef/original/catalogo/FUT-MW25DSA_FUT-MW25DSA_3/1920-1200/microondas-futura-fut-mw25dsa-25-l-plata-microondas-futura-fut-mw25dsa-25-l-plata.jpg,8,,
dr-fut-ev43n,Enfriadora de vino Futura FUT-EV43N Vidrio Negro,<ul><li>•Capacidad: 43 botellas(117 litros)</li><li>•220V/50HZ</li><li>•Rango de temperatura: 5-12°C /12-18°C</li><li>•Humedad:>50%RH</li><li>•Compresor con refrigerante R600a</li><li>•Puerta de doble panel de vidrio Low-E (baja emisividad)</li><li>•Gabinete color negro</li><li>•5+1 Estantes de madera</li><li>•Control digital de temperatura interior (táctil) y pantalla LED</li><li>•Iluminación interior LED</li><li>•Puertas reversibles</li><li>•Dimensiones: (ancho x alto x prof.) 480 x 850 x 565 mm.</li></ul>,Futura,Electro,"Heladeras, Futura, stock-verificado",TRUE,Color,Enfriadora de vino Futura FUT-EV43N Vidrio Negro,FUT-EV43N,28601.00,,10,deny,https://f.fcdn.app/imgs/c8afea/www.diaril.com.uy/diaruy/ff6c/original/catalogo/FUT-EV43N_FUT-EV43N_1/1000x1000/enfriadora-de-vino-futura-fut-ev43n-vidrio-negro-enfriadora-de-vino-futura-fut-ev43n-vidrio-negro.jpg,1,,
dr-fut-ev43n,,,,,,,,,,,,,,https://f.fcdn.app/imgs/c2d0dd/www.diaril.com.uy/diaruy/ff6c/original/catalogo/FUT-EV43N_FUT-EV43N_1/1500-1500/enfriadora-de-vino-futura-fut-ev43n-vidrio-negro-enfriadora-de-vino-futura-fut-ev43n-vidrio-negro.jpg,2,,
dr-fut-ev43n,,,,,,,,,,,,,,https://f.fcdn.app/imgs/15c682/www.diaril.com.uy/diaruy/ff6c/original/catalogo/FUT-EV43N_FUT-EV43N_1/1920-1200/enfriadora-de-vino-futura-fut-ev43n-vidrio-negro-enfriadora-de-vino-futura-fut-ev43n-vidrio-negro.jpg,3,,
dr-fut-ev43n,,,,,,,,,,,,,,https://f.fcdn.app/imgs/1dbf8b/www.diaril.com.uy/diaruy/048c/original/catalogo/FUT-EV43N_FUT-EV43N_2/1500-1500/enfriadora-de-vino-futura-fut-ev43n-vidrio-negro-enfriadora-de-vino-futura-fut-ev43n-vidrio-negro.jpg,4,,
dr-fut-ev43n,,,,,,,,,,,,,,https://f.fcdn.app/imgs/aaa7d6/www.diaril.com.uy/diaruy/048c/original/catalogo/FUT-EV43N_FUT-EV43N_2/1920-1200/enfriadora-de-vino-futura-fut-ev43n-vidrio-negro-enfriadora-de-vino-futura-fut-ev43n-vidrio-negro.jpg,5,,
dr-fut-ev43n,,,,,,,,,,,,,,https://f.fcdn.app/imgs/2c3fba/www.diaril.com.uy/diaruy/048c/original/catalogo/FUT-EV43N_FUT-EV43N_2/1000x1000/enfriadora-de-vino-futura-fut-ev43n-vidrio-negro-enfriadora-de-vino-futura-fut-ev43n-vidrio-negro.jpg,6,,
dr-fut-ev43n,,,,,,,,,,,,,,https://f.fcdn.app/imgs/76abf9/www.diaril.com.uy/diaruy/e3c5/original/catalogo/FUT-EV43N_FUT-EV43N_3/1500-1500/enfriadora-de-vino-futura-fut-ev43n-vidrio-negro-enfriadora-de-vino-futura-fut-ev43n-vidrio-negro.jpg,7,,
dr-fut-ev43n,,,,,,,,,,,,,,https://f.fcdn.app/imgs/ae0396/www.diaril.com.uy/diaruy/e3c5/original/catalogo/FUT-EV43N_FUT-EV43N_3/1920-1200/enfriadora-de-vino-futura-fut-ev43n-vidrio-negro-enfriadora-de-vino-futura-fut-ev43n-vidrio-negro.jpg,8,,
dr-fut-ev116n,Enfriadora de vino Futura FUT-EV116N Vidrio Negro,<ul><li>•Capacidad: 116 botellas(325 litros)</li><li>•220V/50HZ</li><li>•Rango de temperatura: 5-12°C /12-18°C</li><li>•Humedad:>50%RH</li><li>•Compresor con refrigerante R600a</li><li>•Puerta de doble panel de vidrio Low-E (baja emisividad)</li><li>•Gabinete color negro</li><li>•10 estantes de madera</li><li>•Control digital de temperatura interior (táctil) y pantalla LED</li><li>•Iluminación interior LED</li><li>•Puertas reversibles</li><li>•Dimensiones: (ancho x alto x prof.) 595 x 1400 x 675 mm</li></ul>,Futura,Electro,"Heladeras, Futura, stock-verificado",TRUE,Color,Enfriadora de vino Futura FUT-EV116N Vidrio Negro,FUT-EV116N,61761.00,,10,deny,https://f.fcdn.app/imgs/b9e8be/www.diaril.com.uy/diaruy/f91b/original/catalogo/FUT-EV116N_FUT-EV116N_1/1000x1000/enfriadora-de-vino-futura-fut-ev116n-vidrio-negro-enfriadora-de-vino-futura-fut-ev116n-vidrio-negro.jpg,1,,
dr-fut-ev116n,,,,,,,,,,,,,,https://f.fcdn.app/imgs/30b952/www.diaril.com.uy/diaruy/f91b/original/catalogo/FUT-EV116N_FUT-EV116N_1/1500-1500/enfriadora-de-vino-futura-fut-ev116n-vidrio-negro-enfriadora-de-vino-futura-fut-ev116n-vidrio-negro.jpg,2,,
dr-fut-ev116n,,,,,,,,,,,,,,https://f.fcdn.app/imgs/aa0023/www.diaril.com.uy/diaruy/f91b/original/catalogo/FUT-EV116N_FUT-EV116N_1/1920-1200/enfriadora-de-vino-futura-fut-ev116n-vidrio-negro-enfriadora-de-vino-futura-fut-ev116n-vidrio-negro.jpg,3,,
dr-fut-ev116n,,,,,,,,,,,,,,https://f.fcdn.app/imgs/4d83d0/www.diaril.com.uy/diaruy/623e/original/catalogo/FUT-EV116N_FUT-EV116N_2/1500-1500/enfriadora-de-vino-futura-fut-ev116n-vidrio-negro-enfriadora-de-vino-futura-fut-ev116n-vidrio-negro.jpg,4,,
dr-fut-ev116n,,,,,,,,,,,,,,https://f.fcdn.app/imgs/3c9e37/www.diaril.com.uy/diaruy/623e/original/catalogo/FUT-EV116N_FUT-EV116N_2/1920-1200/enfriadora-de-vino-futura-fut-ev116n-vidrio-negro-enfriadora-de-vino-futura-fut-ev116n-vidrio-negro.jpg,5,,
dr-fut-ev116n,,,,,,,,,,,,,,https://f.fcdn.app/imgs/a279e5/www.diaril.com.uy/diaruy/623e/original/catalogo/FUT-EV116N_FUT-EV116N_2/1000x1000/enfriadora-de-vino-futura-fut-ev116n-vidrio-negro-enfriadora-de-vino-futura-fut-ev116n-vidrio-negro.jpg,6,,
dr-fut-ev116n,,,,,,,,,,,,,,https://f.fcdn.app/imgs/a4fbfa/www.diaril.com.uy/diaruy/b8c4/original/catalogo/FUT-EV116N_FUT-EV116N_3/1500-1500/enfriadora-de-vino-futura-fut-ev116n-vidrio-negro-enfriadora-de-vino-futura-fut-ev116n-vidrio-negro.jpg,7,,
dr-fut-ev116n,,,,,,,,,,,,,,https://f.fcdn.app/imgs/449648/www.diaril.com.uy/diaruy/b8c4/original/catalogo/FUT-EV116N_FUT-EV116N_3/1920-1200/enfriadora-de-vino-futura-fut-ev116n-vidrio-negro-enfriadora-de-vino-futura-fut-ev116n-vidrio-negro.jpg,8,,
dr-fut-12aasuit-inv,Aire Acondicionado Futura Inverter FUT-12AASUIT-INV 12000 BTU,<ul><li>•12.000 BTU</li><li>•Eficiencia Energética A</li><li>•1650 W</li><li>•Gas refrigerante ecológico R410A</li><li>•Display LED</li><li>•Funciones: Ventilador/Turbo/Oscilación/Sleep/Timer</li><li>•Control remoto</li><li>•Incluye kit de instalación</li></ul>,Futura,Electro,"Climatización, Futura, stock-verificado",TRUE,Color,Aire Acondicionado Futura Inverter FUT-12AASUIT-INV 12000 BTU,FUT-12AASUIT-INV,17368.00,,10,deny,https://f.fcdn.app/imgs/93a1c1/www.diaril.com.uy/diaruy/dbb4/original/catalogo/FUT-12AASUIT-INV_FUT-12AASUIT-INV_1/1000x1000/aire-acondicionado-futura-inverter-fut-12aasuit-inv-12000-btu-aire-acondicionado-futura-inverter-fut-12aasuit-inv-12000-btu.jpg,1,,
dr-fut-12aasuit-inv,,,,,,,,,,,,,,https://f.fcdn.app/imgs/3a9798/www.diaril.com.uy/diaruy/dbb4/original/catalogo/FUT-12AASUIT-INV_FUT-12AASUIT-INV_1/1500-1500/aire-acondicionado-futura-inverter-fut-12aasuit-inv-12000-btu-aire-acondicionado-futura-inverter-fut-12aasuit-inv-12000-btu.jpg,2,,
dr-fut-12aasuit-inv,,,,,,,,,,,,,,https://f.fcdn.app/imgs/922b30/www.diaril.com.uy/diaruy/dbb4/original/catalogo/FUT-12AASUIT-INV_FUT-12AASUIT-INV_1/1920-1200/aire-acondicionado-futura-inverter-fut-12aasuit-inv-12000-btu-aire-acondicionado-futura-inverter-fut-12aasuit-inv-12000-btu.jpg,3,,
dr-fut-12aasuit-inv,,,,,,,,,,,,,,https://f.fcdn.app/imgs/39d774/www.diaril.com.uy/diaruy/a54f/original/catalogo/FUT-12AASUIT-INV_FUT-12AASUIT-INV_2/1500-1500/aire-acondicionado-futura-inverter-fut-12aasuit-inv-12000-btu-aire-acondicionado-futura-inverter-fut-12aasuit-inv-12000-btu.jpg,4,,
dr-fut-12aasuit-inv,,,,,,,,,,,,,,https://f.fcdn.app/imgs/e8e12d/www.diaril.com.uy/diaruy/a54f/original/catalogo/FUT-12AASUIT-INV_FUT-12AASUIT-INV_2/1920-1200/aire-acondicionado-futura-inverter-fut-12aasuit-inv-12000-btu-aire-acondicionado-futura-inverter-fut-12aasuit-inv-12000-btu.jpg,5,,
dr-fut-12aasuit-inv,,,,,,,,,,,,,,https://f.fcdn.app/imgs/560bb8/www.diaril.com.uy/diaruy/a54f/original/catalogo/FUT-12AASUIT-INV_FUT-12AASUIT-INV_2/1000x1000/aire-acondicionado-futura-inverter-fut-12aasuit-inv-12000-btu-aire-acondicionado-futura-inverter-fut-12aasuit-inv-12000-btu.jpg,6,,
dr-fut-12aasuit-inv,,,,,,,,,,,,,,https://f.fcdn.app/imgs/d27e45/www.diaril.com.uy/diaruy/dbb4/original/catalogo/FUT-12AASUIT-INV_FUT-12AASUIT-INV_1/2000-2000/aire-acondicionado-futura-inverter-fut-12aasuit-inv-12000-btu-aire-acondicionado-futura-inverter-fut-12aasuit-inv-12000-btu.jpg,7,,
dr-fut-12aasuit-inv,,,,,,,,,,,,,,https://f.fcdn.app/imgs/f303e3/www.diaril.com.uy/diaruy/dbb4/original/catalogo/FUT-12AASUIT-INV_FUT-12AASUIT-INV_1/100x100/aire-acondicionado-futura-inverter-fut-12aasuit-inv-12000-btu-aire-acondicionado-futura-inverter-fut-12aasuit-inv-12000-btu.jpg,8,,
dr-pgh6b5k90,Anafe a gas Bosch PGH6B5K90 60 cm,<ul><li>•4 quemadores de gas: 2 quemadores semi-rápidos hasta 1.75 kW / 1 quemador Wok hasta 3.3 kW / 1 quemador económico hasta 1 kW.</li><li>•Mandos ergonómicos para un manejo sencillo y preciso.</li><li>•Sistema de seguridad Gas Stop.</li><li>•Autoencendido integrado en el mando.</li><li>•Parrillas continuas de hierro fundido: diseño Profesional.</li><li>•Preparada para gas natural.</li><li>•Inyectores opcionales para gas butano incluidos.</li><li>•Dimensiones aparato (alto x ancho x fondo): 51.1 x 582 x 520 mm.</li><li>•Medidas del nicho de encastre : 45 x 560 x 480-490 mm.</li></ul>,Bosch,Electro,"Cocinas, Bosch, stock-verificado",TRUE,Color,Anafe a gas Bosch PGH6B5K90 60 cm,PGH6B5K90,21513.00,,10,deny,https://f.fcdn.app/imgs/4989ee/www.diaril.com.uy/diaruy/7416/original/catalogo/PGH6B5K90_PGH6B5K90_1/1000x1000/anafe-a-gas-bosch-pgh6b5k90-60-cm-anafe-a-gas-bosch-pgh6b5k90-60-cm.jpg,1,,
dr-pgh6b5k90,,,,,,,,,,,,,,https://f.fcdn.app/imgs/417612/www.diaril.com.uy/diaruy/7416/original/catalogo/PGH6B5K90_PGH6B5K90_1/1500-1500/anafe-a-gas-bosch-pgh6b5k90-60-cm-anafe-a-gas-bosch-pgh6b5k90-60-cm.jpg,2,,
dr-pgh6b5k90,,,,,,,,,,,,,,https://f.fcdn.app/imgs/4581ea/www.diaril.com.uy/diaruy/7416/original/catalogo/PGH6B5K90_PGH6B5K90_1/1920-1200/anafe-a-gas-bosch-pgh6b5k90-60-cm-anafe-a-gas-bosch-pgh6b5k90-60-cm.jpg,3,,
dr-pgh6b5k90,,,,,,,,,,,,,,https://f.fcdn.app/imgs/65297d/www.diaril.com.uy/diaruy/6186/original/catalogo/PGH6B5K90_PGH6B5K90_2/1500-1500/anafe-a-gas-bosch-pgh6b5k90-60-cm-anafe-a-gas-bosch-pgh6b5k90-60-cm.jpg,4,,
dr-pgh6b5k90,,,,,,,,,,,,,,https://f.fcdn.app/imgs/a21bff/www.diaril.com.uy/diaruy/6186/original/catalogo/PGH6B5K90_PGH6B5K90_2/1920-1200/anafe-a-gas-bosch-pgh6b5k90-60-cm-anafe-a-gas-bosch-pgh6b5k90-60-cm.jpg,5,,
dr-pgh6b5k90,,,,,,,,,,,,,,https://f.fcdn.app/imgs/5a206f/www.diaril.com.uy/diaruy/6186/original/catalogo/PGH6B5K90_PGH6B5K90_2/1000x1000/anafe-a-gas-bosch-pgh6b5k90-60-cm-anafe-a-gas-bosch-pgh6b5k90-60-cm.jpg,6,,
dr-pgh6b5k90,,,,,,,,,,,,,,https://f.fcdn.app/imgs/86e371/www.diaril.com.uy/diaruy/e364/original/catalogo/PGH6B5K90_PGH6B5K90_3/1500-1500/anafe-a-gas-bosch-pgh6b5k90-60-cm-anafe-a-gas-bosch-pgh6b5k90-60-cm.jpg,7,,
dr-pgh6b5k90,,,,,,,,,,,,,,https://f.fcdn.app/imgs/c9af14/www.diaril.com.uy/diaruy/e364/original/catalogo/PGH6B5K90_PGH6B5K90_3/1920-1200/anafe-a-gas-bosch-pgh6b5k90-60-cm-anafe-a-gas-bosch-pgh6b5k90-60-cm.jpg,8,,
dr-fut-60cm4b,Cocina combinada Futura Plus FUT-60CM4B Toledo,<ul><li>• 4 Quemadores a gas</li><li>• Capacidad: 65 litros</li><li>• Con convección</li><li>• Timer digital programable</li><li>• Eficiencia energética A</li><li>• Mesada de acero Inoxidable con tapa de vidrio</li><li>• Termocupla de seguridad</li><li>• Encendido electrónico</li><li>• Parrillas de quemadores en hierro fundido</li><li>• Quemadores Euro Type esmaltados</li><li>• Disco ultra rápido</li><li>• Termostato ajustable</li><li>• Luz en horno</li><li>• Aislamiento en lana mineral</li><li>• Puerta fría con visor total y doble vidrio desmontable</li><li>• Bandeja esmaltada</li><li>• Rejilla cromada</li><li>• Patas ajustables</li><li>• Color negro</li><li>• Medidas: (An. x Prof. x Al.) 60 x 60 x 85 cm</li><li>• Producto europeo</li></ul>,Futura,Electro,"Cocinas, Futura, stock-verificado",TRUE,Color,Cocina combinada Futura Plus FUT-60CM4B Toledo,FUT-60CM4B,27357.00,,10,deny,https://f.fcdn.app/imgs/13cc73/www.diaril.com.uy/diaruy/1faa/original/catalogo/FUT-60CM4B_FUT-60CM4B_1/1000x1000/cocina-combinada-futura-plus-fut-60cm4b-toledo-cocina-combinada-futura-plus-fut-60cm4b-toledo.jpg,1,,
dr-fut-60cm4b,,,,,,,,,,,,,,https://f.fcdn.app/imgs/df6fbd/www.diaril.com.uy/diaruy/1faa/original/catalogo/FUT-60CM4B_FUT-60CM4B_1/1500-1500/cocina-combinada-futura-plus-fut-60cm4b-toledo-cocina-combinada-futura-plus-fut-60cm4b-toledo.jpg,2,,
dr-fut-60cm4b,,,,,,,,,,,,,,https://f.fcdn.app/imgs/b1a991/www.diaril.com.uy/diaruy/1faa/original/catalogo/FUT-60CM4B_FUT-60CM4B_1/1920-1200/cocina-combinada-futura-plus-fut-60cm4b-toledo-cocina-combinada-futura-plus-fut-60cm4b-toledo.jpg,3,,
dr-fut-60cm4b,,,,,,,,,,,,,,https://f.fcdn.app/imgs/83ebd0/www.diaril.com.uy/diaruy/351e/original/catalogo/FUT-60CM4B_FUT-60CM4B_2/1500-1500/cocina-combinada-futura-plus-fut-60cm4b-toledo-cocina-combinada-futura-plus-fut-60cm4b-toledo.jpg,4,,
dr-fut-60cm4b,,,,,,,,,,,,,,https://f.fcdn.app/imgs/d74d7b/www.diaril.com.uy/diaruy/351e/original/catalogo/FUT-60CM4B_FUT-60CM4B_2/1920-1200/cocina-combinada-futura-plus-fut-60cm4b-toledo-cocina-combinada-futura-plus-fut-60cm4b-toledo.jpg,5,,
dr-fut-60cm4b,,,,,,,,,,,,,,https://f.fcdn.app/imgs/848c67/www.diaril.com.uy/diaruy/351e/original/catalogo/FUT-60CM4B_FUT-60CM4B_2/1000x1000/cocina-combinada-futura-plus-fut-60cm4b-toledo-cocina-combinada-futura-plus-fut-60cm4b-toledo.jpg,6,,
dr-fut-60cm4b,,,,,,,,,,,,,,https://f.fcdn.app/imgs/c3a154/www.diaril.com.uy/diaruy/810d/original/catalogo/FUT-60CM4B_FUT-60CM4B_3/1500-1500/cocina-combinada-futura-plus-fut-60cm4b-toledo-cocina-combinada-futura-plus-fut-60cm4b-toledo.jpg,7,,
dr-fut-60cm4b,,,,,,,,,,,,,,https://f.fcdn.app/imgs/894b31/www.diaril.com.uy/diaruy/810d/original/catalogo/FUT-60CM4B_FUT-60CM4B_3/1920-1200/cocina-combinada-futura-plus-fut-60cm4b-toledo-cocina-combinada-futura-plus-fut-60cm4b-toledo.jpg,8,,
dr-spv4emx17e,Lavavajillas integrable Bosch SPV4EMX17E 10 servicios,"<ul><li>•Capacidad: 10 servicios.</li><li>•Motor EcoSilence (INVERTER) con 10 años de garantía.</li><li>•Secado eficiente: mejora los resultados óptimos de secado en términos eficientes con la apertura automática de la puerta tras finalizar el ciclo seleccionado.</li><li>•AquaStop y GlassProtect: cuidado de vajilla.</li><li>•Cestas VarioFlex y 3.ª bandeja VarioDrawer: un equipamiento que se adapta a todo, desde cucharillas hasta ollas.</li><li>•Cesta superior RackMatic regulable en 3 alturas.</li><li>•Silence Plus: el lavavajillas silencioso de 44 dB.</li><li>•Programa Prelavado.</li><li>•Programa especial: Limpieza de la cuba.</li><li>•Cuba interior del lavavajillas de acero inoxidable.</li><li>•Dimensiones: 815 x 448 x 550 mm.</li></ul>",Bosch,Electro,"Lavavajillas, Bosch, stock-verificado",TRUE,Color,Lavavajillas integrable Bosch SPV4EMX17E 10 servicios,SPV4EMX17E,60932.00,,10,deny,https://f.fcdn.app/imgs/bbb125/www.diaril.com.uy/diaruy/f707/original/catalogo/SPV4EMX17E_SPV4EMX17E_1/1000x1000/lavavajillas-integrable-bosch-spv4emx17e-10-servicios-lavavajillas-integrable-bosch-spv4emx17e-10-servicios.jpg,1,,
dr-spv4emx17e,,,,,,,,,,,,,,https://f.fcdn.app/imgs/8f39d6/www.diaril.com.uy/diaruy/f707/original/catalogo/SPV4EMX17E_SPV4EMX17E_1/1500-1500/lavavajillas-integrable-bosch-spv4emx17e-10-servicios-lavavajillas-integrable-bosch-spv4emx17e-10-servicios.jpg,2,,
dr-spv4emx17e,,,,,,,,,,,,,,https://f.fcdn.app/imgs/2a0a89/www.diaril.com.uy/diaruy/f707/original/catalogo/SPV4EMX17E_SPV4EMX17E_1/1920-1200/lavavajillas-integrable-bosch-spv4emx17e-10-servicios-lavavajillas-integrable-bosch-spv4emx17e-10-servicios.jpg,3,,
dr-spv4emx17e,,,,,,,,,,,,,,https://f.fcdn.app/imgs/6531fd/www.diaril.com.uy/diaruy/1d54/original/catalogo/SPV4EMX17E_SPV4EMX17E_2/1500-1500/lavavajillas-integrable-bosch-spv4emx17e-10-servicios-lavavajillas-integrable-bosch-spv4emx17e-10-servicios.jpg,4,,
dr-spv4emx17e,,,,,,,,,,,,,,https://f.fcdn.app/imgs/7b3931/www.diaril.com.uy/diaruy/1d54/original/catalogo/SPV4EMX17E_SPV4EMX17E_2/1920-1200/lavavajillas-integrable-bosch-spv4emx17e-10-servicios-lavavajillas-integrable-bosch-spv4emx17e-10-servicios.jpg,5,,
dr-spv4emx17e,,,,,,,,,,,,,,https://f.fcdn.app/imgs/1a1160/www.diaril.com.uy/diaruy/1d54/original/catalogo/SPV4EMX17E_SPV4EMX17E_2/1000x1000/lavavajillas-integrable-bosch-spv4emx17e-10-servicios-lavavajillas-integrable-bosch-spv4emx17e-10-servicios.jpg,6,,
dr-spv4emx17e,,,,,,,,,,,,,,https://f.fcdn.app/imgs/ad96c6/www.diaril.com.uy/diaruy/4700/original/catalogo/SPV4EMX17E_SPV4EMX17E_3/1500-1500/lavavajillas-integrable-bosch-spv4emx17e-10-servicios-lavavajillas-integrable-bosch-spv4emx17e-10-servicios.jpg,7,,
dr-spv4emx17e,,,,,,,,,,,,,,https://f.fcdn.app/imgs/73c6ed/www.diaril.com.uy/diaruy/4700/original/catalogo/SPV4EMX17E_SPV4EMX17E_3/1920-1200/lavavajillas-integrable-bosch-spv4emx17e-10-servicios-lavavajillas-integrable-bosch-spv4emx17e-10-servicios.jpg,8,,
dr-wuu28t6kes,Lavarropas Bosch Inverter WUU28T6KES 9 kg Acero Inox,"<ul><li>•Capacidad: 9 kg.</li><li>•Velocidad máxima de centrifugado 1400 rpm.</li><li>•Clase A de eficiencia energética: ahorra energía en cada lavado.</li><li>•Motor EcoSilence Inverter: funcionamiento silencioso y de bajo consumo con 10 años de garantía.</li><li>•Active Water Plus: la detección automática de carga reduce el consumo de agua, aunque la lavadora no esté llena.</li><li>•Función Pausa+Carga para prendas olvidadas.</li><li>•Speed Perfect: limpieza perfecta hasta un 65 % más rápida.</li><li>•Programas especiales: Limpieza de tambor, Ropa oscura, Camisas/Blusas, Desaguar/Centrifugar, Mix, Sport, aclarado, Edredones, Rápido 15/30 min.</li><li>•Gran display LED touch totalmente táctil con recomendación de carga.</li><li>•Paneles antivibración.</li><li>•Dimensiones: 845x598x590 mm.</li></ul>",Bosch,Electro,"Lavarropas, Bosch, stock-verificado",TRUE,Color,Lavarropas Bosch Inverter WUU28T6KES 9 kg Acero Inox,WUU28T6KES,65491.00,,10,deny,https://f.fcdn.app/imgs/1f1e9a/www.diaril.com.uy/diaruy/0f7a/original/catalogo/WUU28T6KES_WUU28T6KES_1/1000x1000/lavarropas-bosch-inverter-wuu28t6kes-9-kg-acero-inox-lavarropas-bosch-inverter-wuu28t6kes-9-kg-acero-inox.jpg,1,,
dr-wuu28t6kes,,,,,,,,,,,,,,https://f.fcdn.app/imgs/a2f2ad/www.diaril.com.uy/diaruy/0f7a/original/catalogo/WUU28T6KES_WUU28T6KES_1/1500-1500/lavarropas-bosch-inverter-wuu28t6kes-9-kg-acero-inox-lavarropas-bosch-inverter-wuu28t6kes-9-kg-acero-inox.jpg,2,,
dr-wuu28t6kes,,,,,,,,,,,,,,https://f.fcdn.app/imgs/d53968/www.diaril.com.uy/diaruy/0f7a/original/catalogo/WUU28T6KES_WUU28T6KES_1/1920-1200/lavarropas-bosch-inverter-wuu28t6kes-9-kg-acero-inox-lavarropas-bosch-inverter-wuu28t6kes-9-kg-acero-inox.jpg,3,,
dr-wuu28t6kes,,,,,,,,,,,,,,https://f.fcdn.app/imgs/a8b32f/www.diaril.com.uy/diaruy/56dd/original/catalogo/WUU28T6KES_WUU28T6KES_2/1500-1500/lavarropas-bosch-inverter-wuu28t6kes-9-kg-acero-inox-lavarropas-bosch-inverter-wuu28t6kes-9-kg-acero-inox.jpg,4,,
dr-wuu28t6kes,,,,,,,,,,,,,,https://f.fcdn.app/imgs/7004b9/www.diaril.com.uy/diaruy/56dd/original/catalogo/WUU28T6KES_WUU28T6KES_2/1920-1200/lavarropas-bosch-inverter-wuu28t6kes-9-kg-acero-inox-lavarropas-bosch-inverter-wuu28t6kes-9-kg-acero-inox.jpg,5,,
dr-wuu28t6kes,,,,,,,,,,,,,,https://f.fcdn.app/imgs/191803/www.diaril.com.uy/diaruy/56dd/original/catalogo/WUU28T6KES_WUU28T6KES_2/1000x1000/lavarropas-bosch-inverter-wuu28t6kes-9-kg-acero-inox-lavarropas-bosch-inverter-wuu28t6kes-9-kg-acero-inox.jpg,6,,
dr-wuu28t6kes,,,,,,,,,,,,,,https://f.fcdn.app/imgs/db1fde/www.diaril.com.uy/diaruy/8d85/original/catalogo/WUU28T6KES_WUU28T6KES_3/1500-1500/lavarropas-bosch-inverter-wuu28t6kes-9-kg-acero-inox-lavarropas-bosch-inverter-wuu28t6kes-9-kg-acero-inox.jpg,7,,
dr-wuu28t6kes,,,,,,,,,,,,,,https://f.fcdn.app/imgs/2744a2/www.diaril.com.uy/diaruy/8d85/original/catalogo/WUU28T6KES_WUU28T6KES_3/1920-1200/lavarropas-bosch-inverter-wuu28t6kes-9-kg-acero-inox-lavarropas-bosch-inverter-wuu28t6kes-9-kg-acero-inox.jpg,8,,
dr-cmn,Calienta Camas 2 Pzas. Ufesa CMN,<ul><li>• Potencia: 2 x 60 W</li><li>• Dimensiones: 150 x 130 cm (ideal para cama doble)</li><li>• Acabado textil acolchado para mayor confort</li><li>• Zona de pies con temperatura superior para un descanso óptimo</li><li>• 2 controladores de temperatura independientes con conexión desmontable</li><li>• 3 niveles de temperatura mediante interruptor deslizante</li><li>• Visor de nivel de temperatura seleccionado</li><li>• Sistema de auto apagado de seguridad tras 3 horas de uso</li><li>• Calentamiento rápido: listo en solo 5 minutos</li><li>• Sistema de fijación al colchón integrado</li><li>• Lavable a mano o a máquina (retirando el mando regulador)</li></ul>,Ufesa,Electro,"Climatización, Ufesa, stock-verificado",TRUE,Color,Calienta Camas 2 Pzas. Ufesa CMN,CMN,6425.00,,10,deny,https://f.fcdn.app/imgs/1cebf3/www.diaril.com.uy/diaruy/92ac/original/catalogo/CMN_CMN_1/1000x1000/calienta-camas-2-pzas-ufesa-cmn-calienta-camas-2-pzas-ufesa-cmn.jpg,1,,
dr-cmn,,,,,,,,,,,,,,https://f.fcdn.app/imgs/27544f/www.diaril.com.uy/diaruy/92ac/original/catalogo/CMN_CMN_1/1500-1500/calienta-camas-2-pzas-ufesa-cmn-calienta-camas-2-pzas-ufesa-cmn.jpg,2,,
dr-cmn,,,,,,,,,,,,,,https://f.fcdn.app/imgs/c70e22/www.diaril.com.uy/diaruy/92ac/original/catalogo/CMN_CMN_1/1920-1200/calienta-camas-2-pzas-ufesa-cmn-calienta-camas-2-pzas-ufesa-cmn.jpg,3,,
dr-cmn,,,,,,,,,,,,,,https://f.fcdn.app/imgs/d90ce1/www.diaril.com.uy/diaruy/92ac/original/catalogo/CMN_CMN_1/2000-2000/calienta-camas-2-pzas-ufesa-cmn-calienta-camas-2-pzas-ufesa-cmn.jpg,4,,
dr-cmn,,,,,,,,,,,,,,https://f.fcdn.app/imgs/37c242/www.diaril.com.uy/diaruy/92ac/original/catalogo/CMN_CMN_1/100x100/calienta-camas-2-pzas-ufesa-cmn-calienta-camas-2-pzas-ufesa-cmn.jpg,5,,
dr-cmn,,,,,,,,,,,,,,https://f.fcdn.app/imgs/9b7203/www.diaril.com.uy/diaruy/92ac/original/catalogo/CMN_CMN_1/1000_1000/calienta-camas-2-pzas-ufesa-cmn-calienta-camas-2-pzas-ufesa-cmn.jpg,6,,
dr-eagle,Freidora de aire Ufesa Eagle 6.5 L,"<ul><li>• Potencia: 1700 W</li><li>• Capacidad total: 6.5 Litros</li><li>• Cubeta y bandeja con recubrimiento antiadherente</li><li>• Cubeta con ventana de visualización y luz interior</li><li>• 8 programas preestablecidos: hornear, papas fritas, pescado, camarones, verduras, pizza, carne y pollo</li><li>• Control táctil digital de tiempo y temperatura</li><li>• Temporizador ajustable hasta 60 minutos</li><li>• Rango de temperatura: hasta 200 ºC</li><li>• Tecnología 360º de circulación de aire a alta velocidad</li><li>• Pies antideslizantes para mayor estabilidad</li><li>• Cuerpo y asa de tacto frío (Cool Touch)</li></ul>",Ufesa,Electro,"Freidoras, Ufesa, stock-verificado",TRUE,Color,Freidora de aire Ufesa Eagle 6.5 L,EAGLE,8207.00,,10,deny,https://f.fcdn.app/imgs/c2418d/www.diaril.com.uy/diaruy/db69/original/catalogo/EAGLE_EAGLE_1/1000x1000/freidora-de-aire-ufesa-eagle-6-5-l-freidora-de-aire-ufesa-eagle-6-5-l.jpg,1,,
dr-eagle,,,,,,,,,,,,,,https://f.fcdn.app/imgs/1b83d7/www.diaril.com.uy/diaruy/db69/original/catalogo/EAGLE_EAGLE_1/1500-1500/freidora-de-aire-ufesa-eagle-6-5-l-freidora-de-aire-ufesa-eagle-6-5-l.jpg,2,,
dr-eagle,,,,,,,,,,,,,,https://f.fcdn.app/imgs/ab914e/www.diaril.com.uy/diaruy/db69/original/catalogo/EAGLE_EAGLE_1/1920-1200/freidora-de-aire-ufesa-eagle-6-5-l-freidora-de-aire-ufesa-eagle-6-5-l.jpg,3,,
dr-eagle,,,,,,,,,,,,,,https://f.fcdn.app/imgs/dd2fe3/www.diaril.com.uy/diaruy/a693/original/catalogo/EAGLE_EAGLE_2/1500-1500/freidora-de-aire-ufesa-eagle-6-5-l-freidora-de-aire-ufesa-eagle-6-5-l.jpg,4,,
dr-eagle,,,,,,,,,,,,,,https://f.fcdn.app/imgs/d97ea3/www.diaril.com.uy/diaruy/a693/original/catalogo/EAGLE_EAGLE_2/1920-1200/freidora-de-aire-ufesa-eagle-6-5-l-freidora-de-aire-ufesa-eagle-6-5-l.jpg,5,,
dr-eagle,,,,,,,,,,,,,,https://f.fcdn.app/imgs/bde16c/www.diaril.com.uy/diaruy/a693/original/catalogo/EAGLE_EAGLE_2/1000x1000/freidora-de-aire-ufesa-eagle-6-5-l-freidora-de-aire-ufesa-eagle-6-5-l.jpg,6,,
dr-eagle,,,,,,,,,,,,,,https://f.fcdn.app/imgs/662282/www.diaril.com.uy/diaruy/d42d/original/catalogo/EAGLE_EAGLE_3/1500-1500/freidora-de-aire-ufesa-eagle-6-5-l-freidora-de-aire-ufesa-eagle-6-5-l.jpg,7,,
dr-eagle,,,,,,,,,,,,,,https://f.fcdn.app/imgs/d24e7b/www.diaril.com.uy/diaruy/d42d/original/catalogo/EAGLE_EAGLE_3/1920-1200/freidora-de-aire-ufesa-eagle-6-5-l-freidora-de-aire-ufesa-eagle-6-5-l.jpg,8,,
dr-storm,Freidora de Aire Ufesa Storm Doble Cubeta,<ul><li>• Doble Zona de Cocción: Dos cestas independientes (5.5L + 3.5L) para cocinar platos distintos a la vez</li><li>• Potencia Extrema de 2700W: Rendimiento profesional y calentamiento instantáneo</li><li>• Gran Capacidad Total de 9 Litros: Perfecta para comidas familiares completas</li><li>• 11 Programas Automáticos: Desde papas fritas y carnes hasta pizza y descongelado</li><li>• Tecnología de Aire 360º: Resultados crujientes con mínima grasa gracias al flujo de alta velocidad</li><li>• Control Digital Dual: Ajuste independiente de tiempo y temperatura para cada cesta</li><li>• Temporizador de 60 minutos y Temperatura regulable hasta 200ºC</li><li>• Funciones Inteligentes: Incluye modos de Pre-calentar y Descongelar</li><li>• Máxima Estabilidad: Base con pies antideslizantes para un uso seguro</li></ul>,Ufesa,Electro,"Freidoras, Ufesa, stock-verificado",TRUE,Color,Freidora de Aire Ufesa Storm Doble Cubeta,STORM,13223.00,,10,deny,https://f.fcdn.app/imgs/6ae33e/www.diaril.com.uy/diaruy/b2de/original/catalogo/STORM_STORM_1/1000x1000/freidora-de-aire-ufesa-storm-doble-cubeta-freidora-de-aire-ufesa-storm-doble-cubeta.jpg,1,,
dr-storm,,,,,,,,,,,,,,https://f.fcdn.app/imgs/ecf814/www.diaril.com.uy/diaruy/b2de/original/catalogo/STORM_STORM_1/1500-1500/freidora-de-aire-ufesa-storm-doble-cubeta-freidora-de-aire-ufesa-storm-doble-cubeta.jpg,2,,
dr-storm,,,,,,,,,,,,,,https://f.fcdn.app/imgs/1f3e02/www.diaril.com.uy/diaruy/b2de/original/catalogo/STORM_STORM_1/1920-1200/freidora-de-aire-ufesa-storm-doble-cubeta-freidora-de-aire-ufesa-storm-doble-cubeta.jpg,3,,
dr-storm,,,,,,,,,,,,,,https://f.fcdn.app/imgs/0a3c37/www.diaril.com.uy/diaruy/1ee7/original/catalogo/STORM_STORM_2/1500-1500/freidora-de-aire-ufesa-storm-doble-cubeta-freidora-de-aire-ufesa-storm-doble-cubeta.jpg,4,,
dr-storm,,,,,,,,,,,,,,https://f.fcdn.app/imgs/b2f564/www.diaril.com.uy/diaruy/1ee7/original/catalogo/STORM_STORM_2/1920-1200/freidora-de-aire-ufesa-storm-doble-cubeta-freidora-de-aire-ufesa-storm-doble-cubeta.jpg,5,,
dr-storm,,,,,,,,,,,,,,https://f.fcdn.app/imgs/4fa4b6/www.diaril.com.uy/diaruy/1ee7/original/catalogo/STORM_STORM_2/1000x1000/freidora-de-aire-ufesa-storm-doble-cubeta-freidora-de-aire-ufesa-storm-doble-cubeta.jpg,6,,
dr-storm,,,,,,,,,,,,,,https://f.fcdn.app/imgs/324a5d/www.diaril.com.uy/diaruy/0202/original/catalogo/STORM_STORM_3/1500-1500/freidora-de-aire-ufesa-storm-doble-cubeta-freidora-de-aire-ufesa-storm-doble-cubeta.jpg,7,,
dr-storm,,,,,,,,,,,,,,https://f.fcdn.app/imgs/2b3391/www.diaril.com.uy/diaruy/0202/original/catalogo/STORM_STORM_3/1920-1200/freidora-de-aire-ufesa-storm-doble-cubeta-freidora-de-aire-ufesa-storm-doble-cubeta.jpg,8,,
dr-ae4146,Aspiradora escoba con cable UFESA AE4146 Oasis,"<ul><li>• Aspirador escoba con cable de alto rendimiento</li><li>• Potencia: 600 W</li><li>• Capacidad del depósito: 0,6 litros</li><li>• Sistema de succión ciclónico sin bolsa</li><li>• Tubo telescópico metálico de alta durabilidad</li><li>• Cepillo 2 en 1 optimizado para suelos duros y alfombras</li><li>• Filtro HEPA (atrapa el 99,9% de partículas y alérgenos)</li><li>• Cable extra largo de 6 metros</li><li>• Radio de acción total de 8 metros</li><li>• Accesorios incluidos: boquilla estrecha (lanza) y cepillo multiusos</li></ul>",Ufesa,Electro,"Aspiradoras, Ufesa",TRUE,Color,Aspiradora escoba con cable UFESA AE4146 Oasis,AE4146,4269.00,,0,deny,https://f.fcdn.app/imgs/c07f5c/www.diaril.com.uy/diaruy/db1e/original/catalogo/AE4146_AE4146_1/1000x1000/aspiradora-escoba-con-cable-ufesa-ae4146-oasis-aspiradora-escoba-con-cable-ufesa-ae4146-oasis.jpg,1,,
dr-ae4146,,,,,,,,,,,,,,https://f.fcdn.app/imgs/9049f9/www.diaril.com.uy/diaruy/db1e/original/catalogo/AE4146_AE4146_1/1500-1500/aspiradora-escoba-con-cable-ufesa-ae4146-oasis-aspiradora-escoba-con-cable-ufesa-ae4146-oasis.jpg,2,,
dr-ae4146,,,,,,,,,,,,,,https://f.fcdn.app/imgs/6f1373/www.diaril.com.uy/diaruy/db1e/original/catalogo/AE4146_AE4146_1/1920-1200/aspiradora-escoba-con-cable-ufesa-ae4146-oasis-aspiradora-escoba-con-cable-ufesa-ae4146-oasis.jpg,3,,
dr-ae4146,,,,,,,,,,,,,,https://f.fcdn.app/imgs/886f39/www.diaril.com.uy/diaruy/7007/original/catalogo/AE4146_AE4146_2/1500-1500/aspiradora-escoba-con-cable-ufesa-ae4146-oasis-aspiradora-escoba-con-cable-ufesa-ae4146-oasis.jpg,4,,
dr-ae4146,,,,,,,,,,,,,,https://f.fcdn.app/imgs/4552b6/www.diaril.com.uy/diaruy/7007/original/catalogo/AE4146_AE4146_2/1920-1200/aspiradora-escoba-con-cable-ufesa-ae4146-oasis-aspiradora-escoba-con-cable-ufesa-ae4146-oasis.jpg,5,,
dr-ae4146,,,,,,,,,,,,,,https://f.fcdn.app/imgs/5d58fa/www.diaril.com.uy/diaruy/7007/original/catalogo/AE4146_AE4146_2/1000x1000/aspiradora-escoba-con-cable-ufesa-ae4146-oasis-aspiradora-escoba-con-cable-ufesa-ae4146-oasis.jpg,6,,
dr-ae4146,,,,,,,,,,,,,,https://f.fcdn.app/imgs/547d33/www.diaril.com.uy/diaruy/9fab/original/catalogo/AE4146_AE4146_3/1500-1500/aspiradora-escoba-con-cable-ufesa-ae4146-oasis-aspiradora-escoba-con-cable-ufesa-ae4146-oasis.jpg,7,,
dr-ae4146,,,,,,,,,,,,,,https://f.fcdn.app/imgs/b18df1/www.diaril.com.uy/diaruy/9fab/original/catalogo/AE4146_AE4146_3/1920-1200/aspiradora-escoba-con-cable-ufesa-ae4146-oasis-aspiradora-escoba-con-cable-ufesa-ae4146-oasis.jpg,8,,
dr-ar3050,Afeitadora Ufesa AR3050,"<ul><li>• Sistema de cuchillas flexibles Dual Blade</li><li>• Cabezal pivotante con ajuste dinámico al contorno facial</li><li>• Cortapatillas extensible integrado</li><li>• Diseño ergonómico para un agarre seguro</li><li>• Funcionamiento inalámbrico (Uso sin cable)</li><li>• Batería Ni-Mh de 600 mAh con 45 minutos de autonomía</li><li>• Tiempo de carga total: 2 horas con función de carga rápida</li><li>• Resistencia al agua certificada IPX7 (Lavable bajo el grifo)</li><li>• Indicador LED de estado de carga y batería baja</li><li>• Accesorios incluidos: Cable USB, cepillo limpiador y bolsa de almacenamiento</li></ul>",Ufesa,Electro,"Otros, Ufesa, stock-verificado",TRUE,Color,Afeitadora Ufesa AR3050,AR3050,2197.00,,10,deny,https://f.fcdn.app/imgs/1ec8d9/www.diaril.com.uy/diaruy/62ba/original/catalogo/AR3050_AR3050_1/1000x1000/afeitadora-ufesa-ar3050-afeitadora-ufesa-ar3050.jpg,1,,
dr-ar3050,,,,,,,,,,,,,,https://f.fcdn.app/imgs/171faf/www.diaril.com.uy/diaruy/62ba/original/catalogo/AR3050_AR3050_1/1500-1500/afeitadora-ufesa-ar3050-afeitadora-ufesa-ar3050.jpg,2,,
dr-ar3050,,,,,,,,,,,,,,https://f.fcdn.app/imgs/e96474/www.diaril.com.uy/diaruy/62ba/original/catalogo/AR3050_AR3050_1/1920-1200/afeitadora-ufesa-ar3050-afeitadora-ufesa-ar3050.jpg,3,,
dr-ar3050,,,,,,,,,,,,,,https://f.fcdn.app/imgs/634e97/www.diaril.com.uy/diaruy/e388/original/catalogo/AR3050_AR3050_2/1500-1500/afeitadora-ufesa-ar3050-afeitadora-ufesa-ar3050.jpg,4,,
dr-ar3050,,,,,,,,,,,,,,https://f.fcdn.app/imgs/1e21c4/www.diaril.com.uy/diaruy/e388/original/catalogo/AR3050_AR3050_2/1920-1200/afeitadora-ufesa-ar3050-afeitadora-ufesa-ar3050.jpg,5,,
dr-ar3050,,,,,,,,,,,,,,https://f.fcdn.app/imgs/0684bc/www.diaril.com.uy/diaruy/e388/original/catalogo/AR3050_AR3050_2/1000x1000/afeitadora-ufesa-ar3050-afeitadora-ufesa-ar3050.jpg,6,,
dr-ar3050,,,,,,,,,,,,,,https://f.fcdn.app/imgs/ae9124/www.diaril.com.uy/diaruy/accd/original/catalogo/AR3050_AR3050_3/1500-1500/afeitadora-ufesa-ar3050-afeitadora-ufesa-ar3050.jpg,7,,
dr-ar3050,,,,,,,,,,,,,,https://f.fcdn.app/imgs/632280/www.diaril.com.uy/diaruy/accd/original/catalogo/AR3050_AR3050_3/1920-1200/afeitadora-ufesa-ar3050-afeitadora-ufesa-ar3050.jpg,8,,
dr-ar4010,Arrocera Ufesa AR4010,<ul><li>• Potencia: 400 W</li><li>• Capacidad: 1 litro</li><li>• Cubeta extraíble con revestimiento antiadherente</li><li>• Función automática para mantener el calor al finalizar la cocción</li><li>• Tapa de cristal templado para supervisar el proceso</li><li>• Accesorios incluidos: vaso medidor y cuchara arrocera</li></ul>,Ufesa,Electro,"Otros, Ufesa, stock-verificado",TRUE,Color,Arrocera Ufesa AR4010,AR4010,3606.00,,10,deny,https://f.fcdn.app/imgs/50f7bc/www.diaril.com.uy/diaruy/41b0/original/catalogo/AR4010_AR4010_1/1000x1000/arrocera-ufesa-ar4010-arrocera-ufesa-ar4010.jpg,1,,
dr-ar4010,,,,,,,,,,,,,,https://f.fcdn.app/imgs/9cfdff/www.diaril.com.uy/diaruy/41b0/original/catalogo/AR4010_AR4010_1/1500-1500/arrocera-ufesa-ar4010-arrocera-ufesa-ar4010.jpg,2,,
dr-ar4010,,,,,,,,,,,,,,https://f.fcdn.app/imgs/61f30d/www.diaril.com.uy/diaruy/41b0/original/catalogo/AR4010_AR4010_1/1920-1200/arrocera-ufesa-ar4010-arrocera-ufesa-ar4010.jpg,3,,
dr-ar4010,,,,,,,,,,,,,,https://f.fcdn.app/imgs/199e42/www.diaril.com.uy/diaruy/15b1/original/catalogo/AR4010_AR4010_2/1500-1500/arrocera-ufesa-ar4010-arrocera-ufesa-ar4010.jpg,4,,
dr-ar4010,,,,,,,,,,,,,,https://f.fcdn.app/imgs/365c9a/www.diaril.com.uy/diaruy/15b1/original/catalogo/AR4010_AR4010_2/1920-1200/arrocera-ufesa-ar4010-arrocera-ufesa-ar4010.jpg,5,,
dr-ar4010,,,,,,,,,,,,,,https://f.fcdn.app/imgs/5cc7e7/www.diaril.com.uy/diaruy/15b1/original/catalogo/AR4010_AR4010_2/1000x1000/arrocera-ufesa-ar4010-arrocera-ufesa-ar4010.jpg,6,,
dr-ar4010,,,,,,,,,,,,,,https://f.fcdn.app/imgs/5206b1/www.diaril.com.uy/diaruy/3d34/original/catalogo/AR4010_AR4010_3/1500-1500/arrocera-ufesa-ar4010-arrocera-ufesa-ar4010.jpg,7,,
dr-ar4010,,,,,,,,,,,,,,https://f.fcdn.app/imgs/59b9bc/www.diaril.com.uy/diaruy/3d34/original/catalogo/AR4010_AR4010_3/1920-1200/arrocera-ufesa-ar4010-arrocera-ufesa-ar4010.jpg,8,,
dr-ar4080,Arrocera Ufesa AR4080,"<ul><li>• Potencia: 700 W</li><li>• Capacidad: 1,8 litros (Ideal para 6-7 personas)</li><li>• Tazón desmontable con revestimiento antiadherente</li><li>• Tapa de cristal templado para supervisar la cocción</li><li>• Función automática de mantenimiento de calor al finalizar</li><li>• Incluye: Vaso medidor, cuchara arrocera y accesorio vaporera</li></ul>",Ufesa,Electro,"Otros, Ufesa",TRUE,Color,Arrocera Ufesa AR4080,AR4080,4104.00,,0,deny,https://f.fcdn.app/imgs/c0960a/www.diaril.com.uy/diaruy/1b89/original/catalogo/AR4080_AR4080_1/1000x1000/arrocera-ufesa-ar4080-arrocera-ufesa-ar4080.jpg,1,,
dr-ar4080,,,,,,,,,,,,,,https://f.fcdn.app/imgs/dab12f/www.diaril.com.uy/diaruy/1b89/original/catalogo/AR4080_AR4080_1/1500-1500/arrocera-ufesa-ar4080-arrocera-ufesa-ar4080.jpg,2,,
dr-ar4080,,,,,,,,,,,,,,https://f.fcdn.app/imgs/e52a6b/www.diaril.com.uy/diaruy/1b89/original/catalogo/AR4080_AR4080_1/1920-1200/arrocera-ufesa-ar4080-arrocera-ufesa-ar4080.jpg,3,,
dr-ar4080,,,,,,,,,,,,,,https://f.fcdn.app/imgs/ecd0a3/www.diaril.com.uy/diaruy/c2f0/original/catalogo/AR4080_AR4080_2/1500-1500/arrocera-ufesa-ar4080-arrocera-ufesa-ar4080.jpg,4,,
dr-ar4080,,,,,,,,,,,,,,https://f.fcdn.app/imgs/077194/www.diaril.com.uy/diaruy/c2f0/original/catalogo/AR4080_AR4080_2/1920-1200/arrocera-ufesa-ar4080-arrocera-ufesa-ar4080.jpg,5,,
dr-ar4080,,,,,,,,,,,,,,https://f.fcdn.app/imgs/3c0e43/www.diaril.com.uy/diaruy/c2f0/original/catalogo/AR4080_AR4080_2/1000x1000/arrocera-ufesa-ar4080-arrocera-ufesa-ar4080.jpg,6,,
dr-ar4080,,,,,,,,,,,,,,https://f.fcdn.app/imgs/12796f/www.diaril.com.uy/diaruy/a31d/original/catalogo/AR4080_AR4080_3/1500-1500/arrocera-ufesa-ar4080-arrocera-ufesa-ar4080.jpg,7,,
dr-ar4080,,,,,,,,,,,,,,https://f.fcdn.app/imgs/8bfd0d/www.diaril.com.uy/diaruy/a31d/original/catalogo/AR4080_AR4080_3/1920-1200/arrocera-ufesa-ar4080-arrocera-ufesa-ar4080.jpg,8,,
dr-as4046,Aspiradora sin bolsa Ufesa AS4046 Wadi,<ul><li>• Potencia: 800 W de alta eficiencia</li><li>• Tecnología multiciclónica de succión constante</li><li>• Depósito con capacidad de 2 litros</li><li>• Filtro HEPA lavable (ideal para alérgicos)</li><li>• Tubos telescópicos metálicos ajustables</li><li>• Cepillo conmutable para suelos duros y alfombras</li><li>• Ruedas de goma antirrayaduras</li><li>• Asa de transporte ergonómica</li><li>• Sistema de recogida de cable automático</li><li>• Accesorios incluidos: lanza y cepillo multiusos</li></ul>,Ufesa,Electro,"Aspiradoras, Ufesa, stock-verificado",TRUE,Color,Aspiradora sin bolsa Ufesa AS4046 Wadi,AS4046,5264.00,,10,deny,https://f.fcdn.app/imgs/ee6264/www.diaril.com.uy/diaruy/fe76/original/catalogo/AS4046_AS4046_1/1000x1000/aspiradora-sin-bolsa-ufesa-as4046-wadi-aspiradora-sin-bolsa-ufesa-as4046-wadi.jpg,1,,
dr-as4046,,,,,,,,,,,,,,https://f.fcdn.app/imgs/e3e8e8/www.diaril.com.uy/diaruy/fe76/original/catalogo/AS4046_AS4046_1/1500-1500/aspiradora-sin-bolsa-ufesa-as4046-wadi-aspiradora-sin-bolsa-ufesa-as4046-wadi.jpg,2,,
dr-as4046,,,,,,,,,,,,,,https://f.fcdn.app/imgs/79e8e8/www.diaril.com.uy/diaruy/fe76/original/catalogo/AS4046_AS4046_1/1920-1200/aspiradora-sin-bolsa-ufesa-as4046-wadi-aspiradora-sin-bolsa-ufesa-as4046-wadi.jpg,3,,
dr-as4046,,,,,,,,,,,,,,https://f.fcdn.app/imgs/23e3f9/www.diaril.com.uy/diaruy/8a26/original/catalogo/AS4046_AS4046_2/1500-1500/aspiradora-sin-bolsa-ufesa-as4046-wadi-aspiradora-sin-bolsa-ufesa-as4046-wadi.jpg,4,,
dr-as4046,,,,,,,,,,,,,,https://f.fcdn.app/imgs/6f256f/www.diaril.com.uy/diaruy/8a26/original/catalogo/AS4046_AS4046_2/1920-1200/aspiradora-sin-bolsa-ufesa-as4046-wadi-aspiradora-sin-bolsa-ufesa-as4046-wadi.jpg,5,,
dr-as4046,,,,,,,,,,,,,,https://f.fcdn.app/imgs/f67ea3/www.diaril.com.uy/diaruy/8a26/original/catalogo/AS4046_AS4046_2/1000x1000/aspiradora-sin-bolsa-ufesa-as4046-wadi-aspiradora-sin-bolsa-ufesa-as4046-wadi.jpg,6,,
dr-as4046,,,,,,,,,,,,,,https://f.fcdn.app/imgs/dd8d6f/www.diaril.com.uy/diaruy/d420/original/catalogo/AS4046_AS4046_3/1500-1500/aspiradora-sin-bolsa-ufesa-as4046-wadi-aspiradora-sin-bolsa-ufesa-as4046-wadi.jpg,7,,
dr-as4046,,,,,,,,,,,,,,https://f.fcdn.app/imgs/319af8/www.diaril.com.uy/diaruy/d420/original/catalogo/AS4046_AS4046_3/1920-1200/aspiradora-sin-bolsa-ufesa-as4046-wadi-aspiradora-sin-bolsa-ufesa-as4046-wadi.jpg,8,,
dr-bh5700,Hidromasajeador de pies Ufesa BH5700,<ul><li>• Mando selector con 3 posiciones de funcionamiento</li><li>• Función de burbujas para un masaje relajante</li><li>• Función de vibración para estimular la circulación</li><li>• Función de calor infrarrojo para alivio profundo</li><li>• Función de calentamiento de agua integrado</li><li>• Tapa antisalpicaduras para mantener el área seca</li><li>• 4 rodillos de masaje por presión en la base</li><li>• Asa de transporte ergonómica</li></ul>,Ufesa,Electro,"Otros, Ufesa, stock-verificado",TRUE,Color,Hidromasajeador de pies Ufesa BH5700,BH5700,4104.00,,10,deny,https://f.fcdn.app/imgs/f51fe0/www.diaril.com.uy/diaruy/200d/original/catalogo/BH5700_BH5700_1/1000x1000/hidromasajeador-de-pies-ufesa-bh5700-hidromasajeador-de-pies-ufesa-bh5700.jpg,1,,
dr-bh5700,,,,,,,,,,,,,,https://f.fcdn.app/imgs/e43339/www.diaril.com.uy/diaruy/200d/original/catalogo/BH5700_BH5700_1/1500-1500/hidromasajeador-de-pies-ufesa-bh5700-hidromasajeador-de-pies-ufesa-bh5700.jpg,2,,
dr-bh5700,,,,,,,,,,,,,,https://f.fcdn.app/imgs/4a5f4a/www.diaril.com.uy/diaruy/200d/original/catalogo/BH5700_BH5700_1/1920-1200/hidromasajeador-de-pies-ufesa-bh5700-hidromasajeador-de-pies-ufesa-bh5700.jpg,3,,
dr-bh5700,,,,,,,,,,,,,,https://f.fcdn.app/imgs/8862a2/www.diaril.com.uy/diaruy/b5c3/original/catalogo/BH5700_BH5700_2/1500-1500/hidromasajeador-de-pies-ufesa-bh5700-hidromasajeador-de-pies-ufesa-bh5700.jpg,4,,
dr-bh5700,,,,,,,,,,,,,,https://f.fcdn.app/imgs/13c4a3/www.diaril.com.uy/diaruy/b5c3/original/catalogo/BH5700_BH5700_2/1920-1200/hidromasajeador-de-pies-ufesa-bh5700-hidromasajeador-de-pies-ufesa-bh5700.jpg,5,,
dr-bh5700,,,,,,,,,,,,,,https://f.fcdn.app/imgs/5d3b30/www.diaril.com.uy/diaruy/b5c3/original/catalogo/BH5700_BH5700_2/1000x1000/hidromasajeador-de-pies-ufesa-bh5700-hidromasajeador-de-pies-ufesa-bh5700.jpg,6,,
dr-bh5700,,,,,,,,,,,,,,https://f.fcdn.app/imgs/a0af87/www.diaril.com.uy/diaruy/200d/original/catalogo/BH5700_BH5700_1/2000-2000/hidromasajeador-de-pies-ufesa-bh5700-hidromasajeador-de-pies-ufesa-bh5700.jpg,7,,
dr-bh5700,,,,,,,,,,,,,,https://f.fcdn.app/imgs/3fea3b/www.diaril.com.uy/diaruy/200d/original/catalogo/BH5700_BH5700_1/100x100/hidromasajeador-de-pies-ufesa-bh5700-hidromasajeador-de-pies-ufesa-bh5700.jpg,8,,
dr-bhn24l,Aspiradora de mano Bosch BHN24L Move Lithium,"<ul><li>• Sistema High Airflow: Máxima eficacia en la separación y retención de polvo</li><li>• Batería de Ion Litio: Rendimiento constante, mayor durabilidad y recarga rápida</li><li>• Autonomía Superior: Hasta 45 minutos de limpieza ininterrumpida</li><li>• Dos Niveles de Potencia: Ajustable según el tipo de suciedad y superficie</li><li>• Mantenimiento Higiénico: Filtro desmontable y totalmente lavable</li><li>• Depósito de fácil vaciado: Limpieza del equipo en pocos segundos</li><li>• Accesorio para Juntas incluido: Ideal para rincones, sofás y el interior del auto</li><li>• Indicador de Carga integrado para controlar el estado de la batería</li></ul>",Bosch,Electro,"Aspiradoras, Bosch, stock-verificado",TRUE,Color,Aspiradora de mano Bosch BHN24L Move Lithium,BHN24L,6259.00,,10,deny,https://f.fcdn.app/imgs/6a6b04/www.diaril.com.uy/diaruy/f85b/original/catalogo/BHN24L_BHN24L_1/1000x1000/aspiradora-de-mano-bosch-bhn24l-move-lithium-aspiradora-de-mano-bosch-bhn24l-move-lithium.jpg,1,,
dr-bhn24l,,,,,,,,,,,,,,https://f.fcdn.app/imgs/552c65/www.diaril.com.uy/diaruy/f85b/original/catalogo/BHN24L_BHN24L_1/1500-1500/aspiradora-de-mano-bosch-bhn24l-move-lithium-aspiradora-de-mano-bosch-bhn24l-move-lithium.jpg,2,,
dr-bhn24l,,,,,,,,,,,,,,https://f.fcdn.app/imgs/e776e8/www.diaril.com.uy/diaruy/f85b/original/catalogo/BHN24L_BHN24L_1/1920-1200/aspiradora-de-mano-bosch-bhn24l-move-lithium-aspiradora-de-mano-bosch-bhn24l-move-lithium.jpg,3,,
dr-bhn24l,,,,,,,,,,,,,,https://f.fcdn.app/imgs/a7a3d3/www.diaril.com.uy/diaruy/3e9e/original/catalogo/BHN24L_BHN24L_2/1500-1500/aspiradora-de-mano-bosch-bhn24l-move-lithium-aspiradora-de-mano-bosch-bhn24l-move-lithium.jpg,4,,
dr-bhn24l,,,,,,,,,,,,,,https://f.fcdn.app/imgs/650e65/www.diaril.com.uy/diaruy/3e9e/original/catalogo/BHN24L_BHN24L_2/1920-1200/aspiradora-de-mano-bosch-bhn24l-move-lithium-aspiradora-de-mano-bosch-bhn24l-move-lithium.jpg,5,,
dr-bhn24l,,,,,,,,,,,,,,https://f.fcdn.app/imgs/221416/www.diaril.com.uy/diaruy/3e9e/original/catalogo/BHN24L_BHN24L_2/1000x1000/aspiradora-de-mano-bosch-bhn24l-move-lithium-aspiradora-de-mano-bosch-bhn24l-move-lithium.jpg,6,,
dr-bhn24l,,,,,,,,,,,,,,https://f.fcdn.app/imgs/7542a3/www.diaril.com.uy/diaruy/b9de/original/catalogo/BHN24L_BHN24L_3/1500-1500/aspiradora-de-mano-bosch-bhn24l-move-lithium-aspiradora-de-mano-bosch-bhn24l-move-lithium.jpg,7,,
dr-bhn24l,,,,,,,,,,,,,,https://f.fcdn.app/imgs/e12477/www.diaril.com.uy/diaruy/b9de/original/catalogo/BHN24L_BHN24L_3/1920-1200/aspiradora-de-mano-bosch-bhn24l-move-lithium-aspiradora-de-mano-bosch-bhn24l-move-lithium.jpg,8,,
dr-bm6000,Panificadora Ufesa BM6000,"<ul><li>• Pantalla LCD de fácil lectura</li><li>• 14 programas digitales preinstalados para pan, mermeladas y masas</li><li>• Programa específico apto para la elaboración de pan sin gluten</li><li>• 3 niveles de tostado ajustables: claro, medio y oscuro</li><li>• 3 opciones de peso: 500 g, 750 g y 1000 g</li><li>• Temporizador programable hasta 15 horas</li><li>• Función de mantenimiento de calor durante 1 hora</li><li>• Cubeta extraíble con revestimiento antiadherente</li><li>• Accesorios incluidos: vaso medidor, cuchara medidora y paleta mezcladora</li></ul>",Ufesa,Electro,"Otros, Ufesa, stock-verificado",TRUE,Color,Panificadora Ufesa BM6000,BM6000,7005.00,,10,deny,https://f.fcdn.app/imgs/d1868b/www.diaril.com.uy/diaruy/4182/original/catalogo/BM6000_BM6000_1/1000x1000/panificadora-ufesa-bm6000-panificadora-ufesa-bm6000.jpg,1,,
dr-bm6000,,,,,,,,,,,,,,https://f.fcdn.app/imgs/a8cc8d/www.diaril.com.uy/diaruy/4182/original/catalogo/BM6000_BM6000_1/1500-1500/panificadora-ufesa-bm6000-panificadora-ufesa-bm6000.jpg,2,,
dr-bm6000,,,,,,,,,,,,,,https://f.fcdn.app/imgs/630b3f/www.diaril.com.uy/diaruy/4182/original/catalogo/BM6000_BM6000_1/1920-1200/panificadora-ufesa-bm6000-panificadora-ufesa-bm6000.jpg,3,,
dr-bm6000,,,,,,,,,,,,,,https://f.fcdn.app/imgs/a8a6c0/www.diaril.com.uy/diaruy/e3aa/original/catalogo/BM6000_BM6000_2/1500-1500/panificadora-ufesa-bm6000-panificadora-ufesa-bm6000.jpg,4,,
dr-bm6000,,,,,,,,,,,,,,https://f.fcdn.app/imgs/d8cac0/www.diaril.com.uy/diaruy/e3aa/original/catalogo/BM6000_BM6000_2/1920-1200/panificadora-ufesa-bm6000-panificadora-ufesa-bm6000.jpg,5,,
dr-bm6000,,,,,,,,,,,,,,https://f.fcdn.app/imgs/6587b5/www.diaril.com.uy/diaruy/e3aa/original/catalogo/BM6000_BM6000_2/1000x1000/panificadora-ufesa-bm6000-panificadora-ufesa-bm6000.jpg,6,,
dr-bm6000,,,,,,,,,,,,,,https://f.fcdn.app/imgs/a522de/www.diaril.com.uy/diaruy/4a72/original/catalogo/BM6000_BM6000_3/1500-1500/panificadora-ufesa-bm6000-panificadora-ufesa-bm6000.jpg,7,,
dr-bm6000,,,,,,,,,,,,,,https://f.fcdn.app/imgs/75216f/www.diaril.com.uy/diaruy/4a72/original/catalogo/BM6000_BM6000_3/1920-1200/panificadora-ufesa-bm6000-panificadora-ufesa-bm6000.jpg,8,,
dr-bp3443,Mixer Ufesa BP3443 600 W,"<ul><li>• Potencia: 600 W</li><li>• Selector de velocidad ajustable y función Turbo</li><li>• Pie desmontable de acero inoxidable</li><li>• 2 cuchillas de alta eficiencia en acero inoxidable</li><li>• Diseño ergonómico y campana antisalpicaduras</li><li>• Uso cómodo y seguro</li><li>• Incluye: vaso medidor, accesorio picador y batidor emulsionador</li></ul>",Ufesa,Electro,"Licuadoras, Ufesa, stock-verificado",TRUE,Color,Mixer Ufesa BP3443 600 W,BP3443,2694.00,,10,deny,https://f.fcdn.app/imgs/c68703/www.diaril.com.uy/diaruy/33b1/original/catalogo/BP3443_BP3443_1/1000x1000/mixer-ufesa-bp3443-600-w-mixer-ufesa-bp3443-600-w.jpg,1,,
dr-bp3443,,,,,,,,,,,,,,https://f.fcdn.app/imgs/688ec6/www.diaril.com.uy/diaruy/33b1/original/catalogo/BP3443_BP3443_1/1500-1500/mixer-ufesa-bp3443-600-w-mixer-ufesa-bp3443-600-w.jpg,2,,
dr-bp3443,,,,,,,,,,,,,,https://f.fcdn.app/imgs/0be45a/www.diaril.com.uy/diaruy/33b1/original/catalogo/BP3443_BP3443_1/1920-1200/mixer-ufesa-bp3443-600-w-mixer-ufesa-bp3443-600-w.jpg,3,,
dr-bp3443,,,,,,,,,,,,,,https://f.fcdn.app/imgs/d3b4e0/www.diaril.com.uy/diaruy/8ea2/original/catalogo/BP3443_BP3443_2/1500-1500/mixer-ufesa-bp3443-600-w-mixer-ufesa-bp3443-600-w.jpg,4,,
dr-bp3443,,,,,,,,,,,,,,https://f.fcdn.app/imgs/81457b/www.diaril.com.uy/diaruy/8ea2/original/catalogo/BP3443_BP3443_2/1920-1200/mixer-ufesa-bp3443-600-w-mixer-ufesa-bp3443-600-w.jpg,5,,
dr-bp3443,,,,,,,,,,,,,,https://f.fcdn.app/imgs/c4ab96/www.diaril.com.uy/diaruy/8ea2/original/catalogo/BP3443_BP3443_2/1000x1000/mixer-ufesa-bp3443-600-w-mixer-ufesa-bp3443-600-w.jpg,6,,
dr-bp3443,,,,,,,,,,,,,,https://f.fcdn.app/imgs/4b235f/www.diaril.com.uy/diaruy/9f73/original/catalogo/BP3443_BP3443_3/1500-1500/mixer-ufesa-bp3443-600-w-mixer-ufesa-bp3443-600-w.jpg,7,,
dr-bp3443,,,,,,,,,,,,,,https://f.fcdn.app/imgs/48f023/www.diaril.com.uy/diaruy/9f73/original/catalogo/BP3443_BP3443_3/1920-1200/mixer-ufesa-bp3443-600-w-mixer-ufesa-bp3443-600-w.jpg,8,,
dr-bp4654,Mixer Ufesa BP4654 Vario 1200 MAX,"<ul><li>• Potencia: 1200 W</li><li>• 20 niveles de velocidad ajustables</li><li>• Función Turbo para máxima potencia</li><li>• Sistema de 4 cuchillas de alta eficiencia</li><li>• Diseño ergonómico para un manejo cómodo</li><li>• Campana con sistema antisalpicaduras</li><li>• Incluye vaso medidor</li><li>• Accesorio picador para carnes, verduras y frutos secos</li><li>• Batidor emulsionador (varilla) para montar nata o claras</li><li>• Accesorio pasapuré para texturas suaves y tradicionales</li><li>• Dimensiones: 6,5 x 6,5 x 40 cm</li></ul>",Ufesa,Electro,"Licuadoras, Ufesa, stock-verificado",TRUE,Color,Mixer Ufesa BP4654 Vario 1200 MAX,BP4654,4974.00,,10,deny,https://f.fcdn.app/imgs/8a9bd6/www.diaril.com.uy/diaruy/8a89/original/catalogo/BP4654_BP4654_1/1000x1000/mixer-ufesa-bp4654-vario-1200-max-mixer-ufesa-bp4654-vario-1200-max.jpg,1,,
dr-bp4654,,,,,,,,,,,,,,https://f.fcdn.app/imgs/3daa3a/www.diaril.com.uy/diaruy/8a89/original/catalogo/BP4654_BP4654_1/1500-1500/mixer-ufesa-bp4654-vario-1200-max-mixer-ufesa-bp4654-vario-1200-max.jpg,2,,
dr-bp4654,,,,,,,,,,,,,,https://f.fcdn.app/imgs/981b2f/www.diaril.com.uy/diaruy/8a89/original/catalogo/BP4654_BP4654_1/1920-1200/mixer-ufesa-bp4654-vario-1200-max-mixer-ufesa-bp4654-vario-1200-max.jpg,3,,
dr-bp4654,,,,,,,,,,,,,,https://f.fcdn.app/imgs/8ba67c/www.diaril.com.uy/diaruy/9642/original/catalogo/BP4654_BP4654_2/1500-1500/mixer-ufesa-bp4654-vario-1200-max-mixer-ufesa-bp4654-vario-1200-max.jpg,4,,
dr-bp4654,,,,,,,,,,,,,,https://f.fcdn.app/imgs/4a69c1/www.diaril.com.uy/diaruy/9642/original/catalogo/BP4654_BP4654_2/1920-1200/mixer-ufesa-bp4654-vario-1200-max-mixer-ufesa-bp4654-vario-1200-max.jpg,5,,
dr-bp4654,,,,,,,,,,,,,,https://f.fcdn.app/imgs/589c25/www.diaril.com.uy/diaruy/9642/original/catalogo/BP4654_BP4654_2/1000x1000/mixer-ufesa-bp4654-vario-1200-max-mixer-ufesa-bp4654-vario-1200-max.jpg,6,,
dr-bp4654,,,,,,,,,,,,,,https://f.fcdn.app/imgs/029205/www.diaril.com.uy/diaruy/5235/original/catalogo/BP4654_BP4654_3/1500-1500/mixer-ufesa-bp4654-vario-1200-max-mixer-ufesa-bp4654-vario-1200-max.jpg,7,,
dr-bp4654,,,,,,,,,,,,,,https://f.fcdn.app/imgs/e19f98/www.diaril.com.uy/diaruy/5235/original/catalogo/BP4654_BP4654_3/1920-1200/mixer-ufesa-bp4654-vario-1200-max-mixer-ufesa-bp4654-vario-1200-max.jpg,8,,
dr-bp4750,Mixer Ufesa BP4750 Vario Titanium XL,"<ul><li>• Potencia: 1400 W</li><li>• 20 niveles de velocidad ajustables</li><li>• Función Turbo para máxima potencia</li><li>• Pie de acero inoxidable tamaño XL</li><li>• Sistema de 4 cuchillas recubiertas de titanio</li><li>• Diseño ergonómico para un agarre cómodo</li><li>• Campana con sistema antisalpicaduras</li><li>• Incluye vaso medidor</li><li>• Dimensiones: 10,5 x 10,5 x 48,5 cm</li></ul>",Ufesa,Electro,"Licuadoras, Ufesa, stock-verificado",TRUE,Color,Mixer Ufesa BP4750 Vario Titanium XL,BP4750,4104.00,,10,deny,https://f.fcdn.app/imgs/7ffe97/www.diaril.com.uy/diaruy/b08b/original/catalogo/BP4750_BP4750_1/1000x1000/mixer-ufesa-bp4750-vario-titanium-xl-mixer-ufesa-bp4750-vario-titanium-xl.jpg,1,,
dr-bp4750,,,,,,,,,,,,,,https://f.fcdn.app/imgs/f9a414/www.diaril.com.uy/diaruy/b08b/original/catalogo/BP4750_BP4750_1/1500-1500/mixer-ufesa-bp4750-vario-titanium-xl-mixer-ufesa-bp4750-vario-titanium-xl.jpg,2,,
dr-bp4750,,,,,,,,,,,,,,https://f.fcdn.app/imgs/de6e65/www.diaril.com.uy/diaruy/b08b/original/catalogo/BP4750_BP4750_1/1920-1200/mixer-ufesa-bp4750-vario-titanium-xl-mixer-ufesa-bp4750-vario-titanium-xl.jpg,3,,
dr-bp4750,,,,,,,,,,,,,,https://f.fcdn.app/imgs/c43cb7/www.diaril.com.uy/diaruy/4659/original/catalogo/BP4750_BP4750_2/1500-1500/mixer-ufesa-bp4750-vario-titanium-xl-mixer-ufesa-bp4750-vario-titanium-xl.jpg,4,,
dr-bp4750,,,,,,,,,,,,,,https://f.fcdn.app/imgs/84fc1d/www.diaril.com.uy/diaruy/4659/original/catalogo/BP4750_BP4750_2/1920-1200/mixer-ufesa-bp4750-vario-titanium-xl-mixer-ufesa-bp4750-vario-titanium-xl.jpg,5,,
dr-bp4750,,,,,,,,,,,,,,https://f.fcdn.app/imgs/a4f52c/www.diaril.com.uy/diaruy/4659/original/catalogo/BP4750_BP4750_2/1000x1000/mixer-ufesa-bp4750-vario-titanium-xl-mixer-ufesa-bp4750-vario-titanium-xl.jpg,6,,
dr-bp4750,,,,,,,,,,,,,,https://f.fcdn.app/imgs/829eae/www.diaril.com.uy/diaruy/1082/original/catalogo/BP4750_BP4750_3/1500-1500/mixer-ufesa-bp4750-vario-titanium-xl-mixer-ufesa-bp4750-vario-titanium-xl.jpg,7,,
dr-bp4750,,,,,,,,,,,,,,https://f.fcdn.app/imgs/9a44c1/www.diaril.com.uy/diaruy/1082/original/catalogo/BP4750_BP4750_3/1920-1200/mixer-ufesa-bp4750-vario-titanium-xl-mixer-ufesa-bp4750-vario-titanium-xl.jpg,8,,
dr-bs2450,Licuadora Personal Ufesa BS2450 Onyx,<ul><li>• Cuerpo de acero inoxidable</li><li>• Vaso de Tritán de 400 ml (100% libre de BPA)</li><li>• Carga mediante conexión USB</li><li>• Doble batería incorporada de 2550 mAh (hasta 20 usos por carga completa)</li><li>• Velocidad de giro: 16.500 RPM</li><li>• Sistema de 6 cuchillas de acero inoxidable</li><li>• Función de apagado automático</li><li>• Bloqueo de seguridad integrado</li></ul>,Ufesa,Electro,"Licuadoras, Ufesa, stock-verificado",TRUE,Color,Licuadora Personal Ufesa BS2450 Onyx,BS2450,3275.00,,10,deny,https://f.fcdn.app/imgs/731416/www.diaril.com.uy/diaruy/7a8a/original/catalogo/BS2450_BS2450_1/1000x1000/licuadora-personal-ufesa-bs2450-onyx-licuadora-personal-ufesa-bs2450-onyx.jpg,1,,
dr-bs2450,,,,,,,,,,,,,,https://f.fcdn.app/imgs/322717/www.diaril.com.uy/diaruy/7a8a/original/catalogo/BS2450_BS2450_1/1500-1500/licuadora-personal-ufesa-bs2450-onyx-licuadora-personal-ufesa-bs2450-onyx.jpg,2,,
dr-bs2450,,,,,,,,,,,,,,https://f.fcdn.app/imgs/41a6f1/www.diaril.com.uy/diaruy/7a8a/original/catalogo/BS2450_BS2450_1/1920-1200/licuadora-personal-ufesa-bs2450-onyx-licuadora-personal-ufesa-bs2450-onyx.jpg,3,,
dr-bs2450,,,,,,,,,,,,,,https://f.fcdn.app/imgs/def734/www.diaril.com.uy/diaruy/f1ce/original/catalogo/BS2450_BS2450_2/1500-1500/licuadora-personal-ufesa-bs2450-onyx-licuadora-personal-ufesa-bs2450-onyx.jpg,4,,
dr-bs2450,,,,,,,,,,,,,,https://f.fcdn.app/imgs/01281c/www.diaril.com.uy/diaruy/f1ce/original/catalogo/BS2450_BS2450_2/1920-1200/licuadora-personal-ufesa-bs2450-onyx-licuadora-personal-ufesa-bs2450-onyx.jpg,5,,
dr-bs2450,,,,,,,,,,,,,,https://f.fcdn.app/imgs/382b90/www.diaril.com.uy/diaruy/f1ce/original/catalogo/BS2450_BS2450_2/1000x1000/licuadora-personal-ufesa-bs2450-onyx-licuadora-personal-ufesa-bs2450-onyx.jpg,6,,
dr-bs2450,,,,,,,,,,,,,,https://f.fcdn.app/imgs/b860b2/www.diaril.com.uy/diaruy/deaf/original/catalogo/BS2450_BS2450_3/1500-1500/licuadora-personal-ufesa-bs2450-onyx-licuadora-personal-ufesa-bs2450-onyx.jpg,7,,
dr-bs2450,,,,,,,,,,,,,,https://f.fcdn.app/imgs/e0e708/www.diaril.com.uy/diaruy/deaf/original/catalogo/BS2450_BS2450_3/1920-1200/licuadora-personal-ufesa-bs2450-onyx-licuadora-personal-ufesa-bs2450-onyx.jpg,8,,
dr-bs4707,Licuadora Ufesa BS4707 Activa,"<ul><li>• Potencia: 500 W</li><li>• Jarra de plástico de alta resistencia con cierre hermético</li><li>• Ventana para verter ingredientes y tapón dosificador</li><li>• Capacidad: 1,5 litros</li><li>• Regulador de potencia con 2 velocidades + Función Turbo</li><li>• Cuchillas de acero inoxidable de alta durabilidad</li><li>• Sistema de seguridad: bloqueo de funcionamiento si la jarra no está correctamente colocada</li><li>• Diseño fácil de desmontar y limpiar</li><li>• Jarra apta para lavavajillas</li><li>• Pies antideslizantes para mayor estabilidad</li></ul>",Ufesa,Electro,"Licuadoras, Ufesa, stock-verificado",TRUE,Color,Licuadora Ufesa BS4707 Activa,BS4707,2570.00,,10,deny,https://f.fcdn.app/imgs/72d40c/www.diaril.com.uy/diaruy/2809/original/catalogo/BS4707_BS4707_1/1000x1000/licuadora-ufesa-bs4707-activa-licuadora-ufesa-bs4707-activa.jpg,1,,
dr-bs4707,,,,,,,,,,,,,,https://f.fcdn.app/imgs/0bd528/www.diaril.com.uy/diaruy/2809/original/catalogo/BS4707_BS4707_1/1500-1500/licuadora-ufesa-bs4707-activa-licuadora-ufesa-bs4707-activa.jpg,2,,
dr-bs4707,,,,,,,,,,,,,,https://f.fcdn.app/imgs/734356/www.diaril.com.uy/diaruy/2809/original/catalogo/BS4707_BS4707_1/1920-1200/licuadora-ufesa-bs4707-activa-licuadora-ufesa-bs4707-activa.jpg,3,,
dr-bs4707,,,,,,,,,,,,,,https://f.fcdn.app/imgs/e8992e/www.diaril.com.uy/diaruy/d497/original/catalogo/BS4707_BS4707_2/1500-1500/licuadora-ufesa-bs4707-activa-licuadora-ufesa-bs4707-activa.jpg,4,,
dr-bs4707,,,,,,,,,,,,,,https://f.fcdn.app/imgs/44a72d/www.diaril.com.uy/diaruy/d497/original/catalogo/BS4707_BS4707_2/1920-1200/licuadora-ufesa-bs4707-activa-licuadora-ufesa-bs4707-activa.jpg,5,,
dr-bs4707,,,,,,,,,,,,,,https://f.fcdn.app/imgs/ffb645/www.diaril.com.uy/diaruy/d497/original/catalogo/BS4707_BS4707_2/1000x1000/licuadora-ufesa-bs4707-activa-licuadora-ufesa-bs4707-activa.jpg,6,,
dr-bs4707,,,,,,,,,,,,,,https://f.fcdn.app/imgs/3be523/www.diaril.com.uy/diaruy/a29a/original/catalogo/BS4707_BS4707_3/1500-1500/licuadora-ufesa-bs4707-activa-licuadora-ufesa-bs4707-activa.jpg,7,,
dr-bs4707,,,,,,,,,,,,,,https://f.fcdn.app/imgs/809deb/www.diaril.com.uy/diaruy/a29a/original/catalogo/BS4707_BS4707_3/1920-1200/licuadora-ufesa-bs4707-activa-licuadora-ufesa-bs4707-activa.jpg,8,,
dr-bv4650,Batidora de mano Ufesa BV4650 Activa,<ul><li>• Potencia: 400 W</li><li>• 5 niveles de velocidad + Función Turbo</li><li>• Tecla de expulsión de accesorios</li><li>• Diseño ergonómico con agarre de tacto suave (Soft Touch)</li><li>• Incluye 2 varillas amasadoras</li><li>• Incluye 2 varillas batidoras</li></ul>,Ufesa,Electro,"Batidoras, Ufesa, stock-verificado",TRUE,Color,Batidora de mano Ufesa BV4650 Activa,BV4650,2031.00,,10,deny,https://f.fcdn.app/imgs/28af37/www.diaril.com.uy/diaruy/ff7d/original/catalogo/BV4650_BV4650_1/1000x1000/batidora-de-mano-ufesa-bv4650-activa-batidora-de-mano-ufesa-bv4650-activa.jpg,1,,
dr-bv4650,,,,,,,,,,,,,,https://f.fcdn.app/imgs/7b9339/www.diaril.com.uy/diaruy/ff7d/original/catalogo/BV4650_BV4650_1/1500-1500/batidora-de-mano-ufesa-bv4650-activa-batidora-de-mano-ufesa-bv4650-activa.jpg,2,,
dr-bv4650,,,,,,,,,,,,,,https://f.fcdn.app/imgs/4e74ff/www.diaril.com.uy/diaruy/ff7d/original/catalogo/BV4650_BV4650_1/1920-1200/batidora-de-mano-ufesa-bv4650-activa-batidora-de-mano-ufesa-bv4650-activa.jpg,3,,
dr-bv4650,,,,,,,,,,,,,,https://f.fcdn.app/imgs/dc1c93/www.diaril.com.uy/diaruy/735e/original/catalogo/BV4650_BV4650_2/1500-1500/batidora-de-mano-ufesa-bv4650-activa-batidora-de-mano-ufesa-bv4650-activa.jpg,4,,
dr-bv4650,,,,,,,,,,,,,,https://f.fcdn.app/imgs/803d37/www.diaril.com.uy/diaruy/735e/original/catalogo/BV4650_BV4650_2/1920-1200/batidora-de-mano-ufesa-bv4650-activa-batidora-de-mano-ufesa-bv4650-activa.jpg,5,,
dr-bv4650,,,,,,,,,,,,,,https://f.fcdn.app/imgs/1e7039/www.diaril.com.uy/diaruy/735e/original/catalogo/BV4650_BV4650_2/1000x1000/batidora-de-mano-ufesa-bv4650-activa-batidora-de-mano-ufesa-bv4650-activa.jpg,6,,
dr-bv4650,,,,,,,,,,,,,,https://f.fcdn.app/imgs/f1e81d/www.diaril.com.uy/diaruy/804a/original/catalogo/BV4650_BV4650_3/1500-1500/batidora-de-mano-ufesa-bv4650-activa-batidora-de-mano-ufesa-bv4650-activa.jpg,7,,
dr-bv4650,,,,,,,,,,,,,,https://f.fcdn.app/imgs/c7a6a3/www.diaril.com.uy/diaruy/804a/original/catalogo/BV4650_BV4650_3/1920-1200/batidora-de-mano-ufesa-bv4650-activa-batidora-de-mano-ufesa-bv4650-activa.jpg,8,,
dr-bv4655,Batidora con bowl Ufesa BV4655,<ul><li>• Potencia: 400 W</li><li>• 5 niveles de velocidad + Función Turbo</li><li>• Bol giratorio automático para mezclas homogéneas</li><li>• Diseño ergonómico con agarre de tacto suave (Soft Touch)</li><li>• Tecla de expulsión de accesorios para una limpieza segura</li><li>• Incluye 2 varillas amasadoras</li><li>• Incluye 2 varillas batidoras</li></ul>,Ufesa,Electro,"Batidoras, Ufesa, stock-verificado",TRUE,Color,Batidora con bowl Ufesa BV4655,BV4655,3109.00,,10,deny,https://f.fcdn.app/imgs/91067f/www.diaril.com.uy/diaruy/0520/original/catalogo/BV4655_BV4655_1/1000x1000/batidora-con-bowl-ufesa-bv4655-batidora-con-bowl-ufesa-bv4655.jpg,1,,
dr-bv4655,,,,,,,,,,,,,,https://f.fcdn.app/imgs/895227/www.diaril.com.uy/diaruy/0520/original/catalogo/BV4655_BV4655_1/1500-1500/batidora-con-bowl-ufesa-bv4655-batidora-con-bowl-ufesa-bv4655.jpg,2,,
dr-bv4655,,,,,,,,,,,,,,https://f.fcdn.app/imgs/c3335e/www.diaril.com.uy/diaruy/0520/original/catalogo/BV4655_BV4655_1/1920-1200/batidora-con-bowl-ufesa-bv4655-batidora-con-bowl-ufesa-bv4655.jpg,3,,
dr-bv4655,,,,,,,,,,,,,,https://f.fcdn.app/imgs/4aa022/www.diaril.com.uy/diaruy/9f15/original/catalogo/BV4655_BV4655_2/1500-1500/batidora-con-bowl-ufesa-bv4655-batidora-con-bowl-ufesa-bv4655.jpg,4,,
dr-bv4655,,,,,,,,,,,,,,https://f.fcdn.app/imgs/66914e/www.diaril.com.uy/diaruy/9f15/original/catalogo/BV4655_BV4655_2/1920-1200/batidora-con-bowl-ufesa-bv4655-batidora-con-bowl-ufesa-bv4655.jpg,5,,
dr-bv4655,,,,,,,,,,,,,,https://f.fcdn.app/imgs/31f876/www.diaril.com.uy/diaruy/9f15/original/catalogo/BV4655_BV4655_2/1000x1000/batidora-con-bowl-ufesa-bv4655-batidora-con-bowl-ufesa-bv4655.jpg,6,,
dr-bv4655,,,,,,,,,,,,,,https://f.fcdn.app/imgs/0c9584/www.diaril.com.uy/diaruy/d5d2/original/catalogo/BV4655_BV4655_3/1500-1500/batidora-con-bowl-ufesa-bv4655-batidora-con-bowl-ufesa-bv4655.jpg,7,,
dr-bv4655,,,,,,,,,,,,,,https://f.fcdn.app/imgs/49a8ae/www.diaril.com.uy/diaruy/d5d2/original/catalogo/BV4655_BV4655_3/1920-1200/batidora-con-bowl-ufesa-bv4655-batidora-con-bowl-ufesa-bv4655.jpg,8,,
dr-cf0918,Cortafiambres Ufesa CF0918,<ul><li>• Potencia: 150 W</li><li>• Bandeja plegable con base extraíble</li><li>• Regulador de grosor ajustable de 0 a 15 mm</li><li>• Temporizador de 60 min automático</li><li>• Disco desmontable de acero inoxidable (Diámetro: 170 mm)</li><li>• Diseño totalmente desmontable para un lavado fácil y rápido</li><li>• Botón de seguridad para evitar puestas en marcha accidentales</li><li>• Base antideslizante para un uso estable y seguro</li></ul>,Ufesa,Electro,"Otros, Ufesa",TRUE,Color,Cortafiambres Ufesa CF0918,CF0918,4104.00,,0,deny,https://f.fcdn.app/imgs/b4fe24/www.diaril.com.uy/diaruy/7be0/original/catalogo/CF0918_CF0918_1/1000x1000/cortafiambres-ufesa-cf0918-cortafiambres-ufesa-cf0918.jpg,1,,
dr-cf0918,,,,,,,,,,,,,,https://f.fcdn.app/imgs/7b84b6/www.diaril.com.uy/diaruy/7be0/original/catalogo/CF0918_CF0918_1/1500-1500/cortafiambres-ufesa-cf0918-cortafiambres-ufesa-cf0918.jpg,2,,
dr-cf0918,,,,,,,,,,,,,,https://f.fcdn.app/imgs/cf04d2/www.diaril.com.uy/diaruy/7be0/original/catalogo/CF0918_CF0918_1/1920-1200/cortafiambres-ufesa-cf0918-cortafiambres-ufesa-cf0918.jpg,3,,
dr-cf0918,,,,,,,,,,,,,,https://f.fcdn.app/imgs/c5fa16/www.diaril.com.uy/diaruy/4990/original/catalogo/CF0918_CF0918_2/1500-1500/cortafiambres-ufesa-cf0918-cortafiambres-ufesa-cf0918.jpg,4,,
dr-cf0918,,,,,,,,,,,,,,https://f.fcdn.app/imgs/574e74/www.diaril.com.uy/diaruy/4990/original/catalogo/CF0918_CF0918_2/1920-1200/cortafiambres-ufesa-cf0918-cortafiambres-ufesa-cf0918.jpg,5,,
dr-cf0918,,,,,,,,,,,,,,https://f.fcdn.app/imgs/faaf39/www.diaril.com.uy/diaruy/4990/original/catalogo/CF0918_CF0918_2/1000x1000/cortafiambres-ufesa-cf0918-cortafiambres-ufesa-cf0918.jpg,6,,
dr-cf0918,,,,,,,,,,,,,,https://f.fcdn.app/imgs/054047/www.diaril.com.uy/diaruy/6ec3/original/catalogo/CF0918_CF0918_3/1500-1500/cortafiambres-ufesa-cf0918-cortafiambres-ufesa-cf0918.jpg,7,,
dr-cf0918,,,,,,,,,,,,,,https://f.fcdn.app/imgs/0f2a1d/www.diaril.com.uy/diaruy/6ec3/original/catalogo/CF0918_CF0918_3/1920-1200/cortafiambres-ufesa-cf0918-cortafiambres-ufesa-cf0918.jpg,8,,
dr-cg7114,Cafetera de goteo Ufesa CG7114 Capriccio 6 Compacta,<ul><li>• Potencia: 600 W</li><li>• Capacidad: 6 tazas (0.6 litros)</li><li>• Portafiltro pivotante y extraíble</li><li>• Filtro permanente</li><li>• Placa calefactora antiadherente</li><li>• Válvula antigoteo</li><li>• Sistema de seguridad: desconexión automática</li><li>• Incluye cazo dosificador de café</li><li>• Tamaño compacto</li></ul>,Ufesa,Electro,"Cafeteras, Ufesa, stock-verificado",TRUE,Color,Cafetera de goteo Ufesa CG7114 Capriccio 6 Compacta,CG7114,1202.00,,10,deny,https://f.fcdn.app/imgs/900d11/www.diaril.com.uy/diaruy/c2a8/original/catalogo/CG7114_CG7114_1/1000x1000/cafetera-de-goteo-ufesa-cg7114-capriccio-6-compacta-cafetera-de-goteo-ufesa-cg7114-capriccio-6-compacta.jpg,1,,
dr-cg7114,,,,,,,,,,,,,,https://f.fcdn.app/imgs/c896a2/www.diaril.com.uy/diaruy/c2a8/original/catalogo/CG7114_CG7114_1/1500-1500/cafetera-de-goteo-ufesa-cg7114-capriccio-6-compacta-cafetera-de-goteo-ufesa-cg7114-capriccio-6-compacta.jpg,2,,
dr-cg7114,,,,,,,,,,,,,,https://f.fcdn.app/imgs/69bf57/www.diaril.com.uy/diaruy/c2a8/original/catalogo/CG7114_CG7114_1/1920-1200/cafetera-de-goteo-ufesa-cg7114-capriccio-6-compacta-cafetera-de-goteo-ufesa-cg7114-capriccio-6-compacta.jpg,3,,
dr-cg7114,,,,,,,,,,,,,,https://f.fcdn.app/imgs/4d7310/www.diaril.com.uy/diaruy/b580/original/catalogo/CG7114_CG7114_2/1500-1500/cafetera-de-goteo-ufesa-cg7114-capriccio-6-compacta-cafetera-de-goteo-ufesa-cg7114-capriccio-6-compacta.jpg,4,,
dr-cg7114,,,,,,,,,,,,,,https://f.fcdn.app/imgs/6a39bf/www.diaril.com.uy/diaruy/b580/original/catalogo/CG7114_CG7114_2/1920-1200/cafetera-de-goteo-ufesa-cg7114-capriccio-6-compacta-cafetera-de-goteo-ufesa-cg7114-capriccio-6-compacta.jpg,5,,
dr-cg7114,,,,,,,,,,,,,,https://f.fcdn.app/imgs/b377b3/www.diaril.com.uy/diaruy/b580/original/catalogo/CG7114_CG7114_2/1000x1000/cafetera-de-goteo-ufesa-cg7114-capriccio-6-compacta-cafetera-de-goteo-ufesa-cg7114-capriccio-6-compacta.jpg,6,,
dr-cg7114,,,,,,,,,,,,,,https://f.fcdn.app/imgs/3ca9c5/www.diaril.com.uy/diaruy/aac5/original/catalogo/CG7114_CG7114_3/1500-1500/cafetera-de-goteo-ufesa-cg7114-capriccio-6-compacta-cafetera-de-goteo-ufesa-cg7114-capriccio-6-compacta.jpg,7,,
dr-cg7114,,,,,,,,,,,,,,https://f.fcdn.app/imgs/32db60/www.diaril.com.uy/diaruy/aac5/original/catalogo/CG7114_CG7114_3/1920-1200/cafetera-de-goteo-ufesa-cg7114-capriccio-6-compacta-cafetera-de-goteo-ufesa-cg7114-capriccio-6-compacta.jpg,8,,
dr-cg7123,Cafetera de goteo Ufesa CG7123 Activa,<ul><li>• Potencia: 680 W</li><li>• Capacidad: 12 tazas (1.2 litros)</li><li>• Portafiltro pivotante y extraíble</li><li>• Filtro permanente</li><li>• Placa calefactora antiadherente</li><li>• Válvula antigoteo</li><li>• Sistema de seguridad: desconexión automática</li><li>• Incluye cazo dosificador de café</li></ul>,Ufesa,Electro,"Cafeteras, Ufesa, stock-verificado",TRUE,Color,Cafetera de goteo Ufesa CG7123 Activa,CG7123,1534.00,,10,deny,https://f.fcdn.app/imgs/48c02f/www.diaril.com.uy/diaruy/91e6/original/catalogo/CG7123_CG7123_1/1000x1000/cafetera-de-goteo-ufesa-cg7123-activa-cafetera-de-goteo-ufesa-cg7123-activa.jpg,1,,
dr-cg7123,,,,,,,,,,,,,,https://f.fcdn.app/imgs/23f3be/www.diaril.com.uy/diaruy/91e6/original/catalogo/CG7123_CG7123_1/1500-1500/cafetera-de-goteo-ufesa-cg7123-activa-cafetera-de-goteo-ufesa-cg7123-activa.jpg,2,,
dr-cg7123,,,,,,,,,,,,,,https://f.fcdn.app/imgs/a4422a/www.diaril.com.uy/diaruy/91e6/original/catalogo/CG7123_CG7123_1/1920-1200/cafetera-de-goteo-ufesa-cg7123-activa-cafetera-de-goteo-ufesa-cg7123-activa.jpg,3,,
dr-cg7123,,,,,,,,,,,,,,https://f.fcdn.app/imgs/9f4dab/www.diaril.com.uy/diaruy/f4d6/original/catalogo/CG7123_CG7123_2/1500-1500/cafetera-de-goteo-ufesa-cg7123-activa-cafetera-de-goteo-ufesa-cg7123-activa.jpg,4,,
dr-cg7123,,,,,,,,,,,,,,https://f.fcdn.app/imgs/a96942/www.diaril.com.uy/diaruy/f4d6/original/catalogo/CG7123_CG7123_2/1920-1200/cafetera-de-goteo-ufesa-cg7123-activa-cafetera-de-goteo-ufesa-cg7123-activa.jpg,5,,
dr-cg7123,,,,,,,,,,,,,,https://f.fcdn.app/imgs/6cbf2f/www.diaril.com.uy/diaruy/f4d6/original/catalogo/CG7123_CG7123_2/1000x1000/cafetera-de-goteo-ufesa-cg7123-activa-cafetera-de-goteo-ufesa-cg7123-activa.jpg,6,,
dr-cg7123,,,,,,,,,,,,,,https://f.fcdn.app/imgs/9c7aa3/www.diaril.com.uy/diaruy/8af2/original/catalogo/CG7123_CG7123_3/1500-1500/cafetera-de-goteo-ufesa-cg7123-activa-cafetera-de-goteo-ufesa-cg7123-activa.jpg,7,,
dr-cg7123,,,,,,,,,,,,,,https://f.fcdn.app/imgs/5ba068/www.diaril.com.uy/diaruy/8af2/original/catalogo/CG7123_CG7123_3/1920-1200/cafetera-de-goteo-ufesa-cg7123-activa-cafetera-de-goteo-ufesa-cg7123-activa.jpg,8,,
dr-cg7125,Cafetera de goteo Ufesa CG7125 Capriccio 12 Delux,<ul><li>• Potencia: 680 W</li><li>• Capacidad: 12 tazas (1.2 litros)</li><li>• Decoración frontal en Acero Inoxidable (Inox)</li><li>• Portafiltro pivotante y extraíble para mayor comodidad</li><li>• Filtro permanente incluido</li><li>• Placa calefactora antiadherente</li><li>• Válvula antigoteo</li><li>• Sistema de seguridad con desconexión automática</li><li>• Incluye cazo dosificador de café</li></ul>,Ufesa,Electro,"Cafeteras, Ufesa, stock-verificado",TRUE,Color,Cafetera de goteo Ufesa CG7125 Capriccio 12 Delux,CG7125,2446.00,,10,deny,https://f.fcdn.app/imgs/a6480f/www.diaril.com.uy/diaruy/b50f/original/catalogo/CG7125_CG7125_1/1000x1000/cafetera-de-goteo-ufesa-cg7125-capriccio-12-delux-cafetera-de-goteo-ufesa-cg7125-capriccio-12-delux.jpg,1,,
dr-cg7125,,,,,,,,,,,,,,https://f.fcdn.app/imgs/604273/www.diaril.com.uy/diaruy/b50f/original/catalogo/CG7125_CG7125_1/1500-1500/cafetera-de-goteo-ufesa-cg7125-capriccio-12-delux-cafetera-de-goteo-ufesa-cg7125-capriccio-12-delux.jpg,2,,
dr-cg7125,,,,,,,,,,,,,,https://f.fcdn.app/imgs/653282/www.diaril.com.uy/diaruy/b50f/original/catalogo/CG7125_CG7125_1/1920-1200/cafetera-de-goteo-ufesa-cg7125-capriccio-12-delux-cafetera-de-goteo-ufesa-cg7125-capriccio-12-delux.jpg,3,,
dr-cg7125,,,,,,,,,,,,,,https://f.fcdn.app/imgs/4edbcf/www.diaril.com.uy/diaruy/9815/original/catalogo/CG7125_CG7125_2/1500-1500/cafetera-de-goteo-ufesa-cg7125-capriccio-12-delux-cafetera-de-goteo-ufesa-cg7125-capriccio-12-delux.jpg,4,,
dr-cg7125,,,,,,,,,,,,,,https://f.fcdn.app/imgs/4c8599/www.diaril.com.uy/diaruy/9815/original/catalogo/CG7125_CG7125_2/1920-1200/cafetera-de-goteo-ufesa-cg7125-capriccio-12-delux-cafetera-de-goteo-ufesa-cg7125-capriccio-12-delux.jpg,5,,
dr-cg7125,,,,,,,,,,,,,,https://f.fcdn.app/imgs/c56a13/www.diaril.com.uy/diaruy/9815/original/catalogo/CG7125_CG7125_2/1000x1000/cafetera-de-goteo-ufesa-cg7125-capriccio-12-delux-cafetera-de-goteo-ufesa-cg7125-capriccio-12-delux.jpg,6,,
dr-cg7125,,,,,,,,,,,,,,https://f.fcdn.app/imgs/12cc57/www.diaril.com.uy/diaruy/4ad9/original/catalogo/CG7125_CG7125_3/1500-1500/cafetera-de-goteo-ufesa-cg7125-capriccio-12-delux-cafetera-de-goteo-ufesa-cg7125-capriccio-12-delux.jpg,7,,
dr-cg7125,,,,,,,,,,,,,,https://f.fcdn.app/imgs/08f5e8/www.diaril.com.uy/diaruy/4ad9/original/catalogo/CG7125_CG7125_3/1920-1200/cafetera-de-goteo-ufesa-cg7125-capriccio-12-delux-cafetera-de-goteo-ufesa-cg7125-capriccio-12-delux.jpg,8,,
dr-cv4000,Vaporera Ufesa CV4000,<ul><li>• Potencia: 800 W</li><li>• 3 bandejas apilables con capacidad total de 9 litros</li><li>• Nivel de agua visible</li><li>• Entrada de agua lateral para añadirla durante la cocción</li><li>• Temporizador de 60 min con apagado automático</li><li>• Cuerpo en acero inoxidable</li><li>• Accesorio incluido: Cuenco de 1L para preparar arroz</li></ul>,Ufesa,Electro,"Otros, Ufesa",TRUE,Color,Vaporera Ufesa CV4000,CV4000,4104.00,,0,deny,https://f.fcdn.app/imgs/5686b1/www.diaril.com.uy/diaruy/d408/original/catalogo/CV4000_CV4000_1/1000x1000/vaporera-ufesa-cv4000-vaporera-ufesa-cv4000.jpg,1,,
dr-cv4000,,,,,,,,,,,,,,https://f.fcdn.app/imgs/b842e7/www.diaril.com.uy/diaruy/d408/original/catalogo/CV4000_CV4000_1/1500-1500/vaporera-ufesa-cv4000-vaporera-ufesa-cv4000.jpg,2,,
dr-cv4000,,,,,,,,,,,,,,https://f.fcdn.app/imgs/547484/www.diaril.com.uy/diaruy/d408/original/catalogo/CV4000_CV4000_1/1920-1200/vaporera-ufesa-cv4000-vaporera-ufesa-cv4000.jpg,3,,
dr-cv4000,,,,,,,,,,,,,,https://f.fcdn.app/imgs/cfa90a/www.diaril.com.uy/diaruy/aa84/original/catalogo/CV4000_CV4000_2/1500-1500/vaporera-ufesa-cv4000-vaporera-ufesa-cv4000.jpg,4,,
dr-cv4000,,,,,,,,,,,,,,https://f.fcdn.app/imgs/6df634/www.diaril.com.uy/diaruy/aa84/original/catalogo/CV4000_CV4000_2/1920-1200/vaporera-ufesa-cv4000-vaporera-ufesa-cv4000.jpg,5,,
dr-cv4000,,,,,,,,,,,,,,https://f.fcdn.app/imgs/91a57f/www.diaril.com.uy/diaruy/aa84/original/catalogo/CV4000_CV4000_2/1000x1000/vaporera-ufesa-cv4000-vaporera-ufesa-cv4000.jpg,6,,
dr-cv4000,,,,,,,,,,,,,,https://f.fcdn.app/imgs/918d29/www.diaril.com.uy/diaruy/f350/original/catalogo/CV4000_CV4000_3/1500-1500/vaporera-ufesa-cv4000-vaporera-ufesa-cv4000.jpg,7,,
dr-cv4000,,,,,,,,,,,,,,https://f.fcdn.app/imgs/f96ee3/www.diaril.com.uy/diaruy/f350/original/catalogo/CV4000_CV4000_3/1920-1200/vaporera-ufesa-cv4000-vaporera-ufesa-cv4000.jpg,8,,
dr-dakota,Ventilador de pie Ufesa DAKOTA con control 40 cm,"<ul><li>• Potencia: 50 W</li><li>• Diámetro: 40 cm</li><li>• 3 niveles de velocidad</li><li>• Tecnología ULTRAFRESH 5: 5 hélices para un caudal de aire mayor y constante</li><li>• Temporizador ajustable hasta 7 horas y 30 minutos</li><li>• 3 modos de funcionamiento: Normal, Sleep y Natural</li><li>• Oscilación lateral de 90º (derecha/izquierda)</li><li>• Cabezal orientable verticalmente</li><li>• Altura ajustable hasta 134 cm</li><li>• Asa posterior para fácil transporte</li><li>• Incluye control remoto</li><li>• Base redonda para mayor estabilidad</li></ul>",Ufesa,Electro,"Climatización, Ufesa, stock-verificado",TRUE,Color,Ventilador de pie Ufesa DAKOTA con control 40 cm,DAKOTA,3689.00,,10,deny,https://f.fcdn.app/imgs/99b31e/www.diaril.com.uy/diaruy/c909/original/catalogo/DAKOTA_DAKOTA_1/1000x1000/ventilador-de-pie-ufesa-dakota-con-control-40-cm-ventilador-de-pie-ufesa-dakota-con-control-40-cm.jpg,1,,
dr-dakota,,,,,,,,,,,,,,https://f.fcdn.app/imgs/818d70/www.diaril.com.uy/diaruy/c909/original/catalogo/DAKOTA_DAKOTA_1/1500-1500/ventilador-de-pie-ufesa-dakota-con-control-40-cm-ventilador-de-pie-ufesa-dakota-con-control-40-cm.jpg,2,,
dr-dakota,,,,,,,,,,,,,,https://f.fcdn.app/imgs/20097c/www.diaril.com.uy/diaruy/c909/original/catalogo/DAKOTA_DAKOTA_1/1920-1200/ventilador-de-pie-ufesa-dakota-con-control-40-cm-ventilador-de-pie-ufesa-dakota-con-control-40-cm.jpg,3,,
dr-dakota,,,,,,,,,,,,,,https://f.fcdn.app/imgs/c6feff/www.diaril.com.uy/diaruy/6206/original/catalogo/DAKOTA_DAKOTA_2/1500-1500/ventilador-de-pie-ufesa-dakota-con-control-40-cm-ventilador-de-pie-ufesa-dakota-con-control-40-cm.jpg,4,,
dr-dakota,,,,,,,,,,,,,,https://f.fcdn.app/imgs/f9efc1/www.diaril.com.uy/diaruy/6206/original/catalogo/DAKOTA_DAKOTA_2/1920-1200/ventilador-de-pie-ufesa-dakota-con-control-40-cm-ventilador-de-pie-ufesa-dakota-con-control-40-cm.jpg,5,,
dr-dakota,,,,,,,,,,,,,,https://f.fcdn.app/imgs/1b7672/www.diaril.com.uy/diaruy/6206/original/catalogo/DAKOTA_DAKOTA_2/1000x1000/ventilador-de-pie-ufesa-dakota-con-control-40-cm-ventilador-de-pie-ufesa-dakota-con-control-40-cm.jpg,6,,
dr-dakota,,,,,,,,,,,,,,https://f.fcdn.app/imgs/1fa5ab/www.diaril.com.uy/diaruy/c6fb/original/catalogo/DAKOTA_DAKOTA_3/1500-1500/ventilador-de-pie-ufesa-dakota-con-control-40-cm-ventilador-de-pie-ufesa-dakota-con-control-40-cm.jpg,7,,
dr-dakota,,,,,,,,,,,,,,https://f.fcdn.app/imgs/9a1193/www.diaril.com.uy/diaruy/c6fb/original/catalogo/DAKOTA_DAKOTA_3/1920-1200/ventilador-de-pie-ufesa-dakota-con-control-40-cm-ventilador-de-pie-ufesa-dakota-con-control-40-cm.jpg,8,,
dr-dl3000,Fotodepiladora IPL Ufesa DL3000,"<ul><li>• Vida útil de lámpara de cuarzo: 300.000 disparos</li><li>• Nivel de energía: 2-4 J/cm²</li><li>• Tamaño del cabezal: 3 cm²</li><li>• 5 niveles de intensidad de luz</li><li>• Resultados visibles tras 8-12 semanas de tratamiento</li><li>• Tono de piel apto: Escala Fitzpatrick I a V</li><li>• Uso continuo con cable</li><li>• Sistema de seguridad: Apagado automático a los 10 minutos</li><li>• Velocidad de disparo: Desde 1,5 segundos</li><li>• 2 modos de aplicación: Manual y automático</li><li>• Uso versátil: Apta para cuerpo y cara (solo rostro femenino)</li></ul>",Ufesa,Electro,"Otros, Ufesa, stock-verificado",TRUE,Color,Fotodepiladora IPL Ufesa DL3000,DL3000,6632.00,,10,deny,https://f.fcdn.app/imgs/399d11/www.diaril.com.uy/diaruy/0c6e/original/catalogo/DL3000_DL3000_1/1000x1000/fotodepiladora-ipl-ufesa-dl3000-fotodepiladora-ipl-ufesa-dl3000.jpg,1,,
dr-dl3000,,,,,,,,,,,,,,https://f.fcdn.app/imgs/5ac278/www.diaril.com.uy/diaruy/0c6e/original/catalogo/DL3000_DL3000_1/1500-1500/fotodepiladora-ipl-ufesa-dl3000-fotodepiladora-ipl-ufesa-dl3000.jpg,2,,
dr-dl3000,,,,,,,,,,,,,,https://f.fcdn.app/imgs/8734b4/www.diaril.com.uy/diaruy/0c6e/original/catalogo/DL3000_DL3000_1/1920-1200/fotodepiladora-ipl-ufesa-dl3000-fotodepiladora-ipl-ufesa-dl3000.jpg,3,,
dr-dl3000,,,,,,,,,,,,,,https://f.fcdn.app/imgs/9a17b3/www.diaril.com.uy/diaruy/b9f4/original/catalogo/DL3000_DL3000_2/1500-1500/fotodepiladora-ipl-ufesa-dl3000-fotodepiladora-ipl-ufesa-dl3000.jpg,4,,
dr-dl3000,,,,,,,,,,,,,,https://f.fcdn.app/imgs/5cbe79/www.diaril.com.uy/diaruy/b9f4/original/catalogo/DL3000_DL3000_2/1920-1200/fotodepiladora-ipl-ufesa-dl3000-fotodepiladora-ipl-ufesa-dl3000.jpg,5,,
dr-dl3000,,,,,,,,,,,,,,https://f.fcdn.app/imgs/d3df11/www.diaril.com.uy/diaruy/b9f4/original/catalogo/DL3000_DL3000_2/1000x1000/fotodepiladora-ipl-ufesa-dl3000-fotodepiladora-ipl-ufesa-dl3000.jpg,6,,
dr-dl3000,,,,,,,,,,,,,,https://f.fcdn.app/imgs/8beac9/www.diaril.com.uy/diaruy/e0f6/original/catalogo/DL3000_DL3000_3/1500-1500/fotodepiladora-ipl-ufesa-dl3000-fotodepiladora-ipl-ufesa-dl3000.jpg,7,,
dr-dl3000,,,,,,,,,,,,,,https://f.fcdn.app/imgs/0f2914/www.diaril.com.uy/diaruy/e0f6/original/catalogo/DL3000_DL3000_3/1920-1200/fotodepiladora-ipl-ufesa-dl3000-fotodepiladora-ipl-ufesa-dl3000.jpg,8,,
dr-ex4934,Exprimidor Ufesa EX4934 Activa,"<ul><li>• Potencia: 40 W</li><li>• Capacidad máxima: 0,7 litros</li><li>• 2 conos de diferentes tamaños para frutas grandes y pequeñas</li><li>• Giro en ambos sentidos</li><li>• Palas para arrastrar la pulpa</li><li>• Tapa protectora contra el polvo</li><li>• Pies antideslizantes</li><li>• Recogecables integrado</li></ul>",Ufesa,Electro,"Exprimidores, Ufesa, stock-verificado",TRUE,Color,Exprimidor Ufesa EX4934 Activa,EX4934,1451.00,,10,deny,https://f.fcdn.app/imgs/fc520c/www.diaril.com.uy/diaruy/a9bf/original/catalogo/EX4934_EX4934_1/1000x1000/exprimidor-ufesa-ex4934-activa-exprimidor-ufesa-ex4934-activa.jpg,1,,
dr-ex4934,,,,,,,,,,,,,,https://f.fcdn.app/imgs/d282c4/www.diaril.com.uy/diaruy/a9bf/original/catalogo/EX4934_EX4934_1/1500-1500/exprimidor-ufesa-ex4934-activa-exprimidor-ufesa-ex4934-activa.jpg,2,,
dr-ex4934,,,,,,,,,,,,,,https://f.fcdn.app/imgs/8ee4b0/www.diaril.com.uy/diaruy/a9bf/original/catalogo/EX4934_EX4934_1/1920-1200/exprimidor-ufesa-ex4934-activa-exprimidor-ufesa-ex4934-activa.jpg,3,,
dr-ex4934,,,,,,,,,,,,,,https://f.fcdn.app/imgs/e9c9ab/www.diaril.com.uy/diaruy/d443/original/catalogo/EX4934_EX4934_2/1500-1500/exprimidor-ufesa-ex4934-activa-exprimidor-ufesa-ex4934-activa.jpg,4,,
dr-ex4934,,,,,,,,,,,,,,https://f.fcdn.app/imgs/3b22b3/www.diaril.com.uy/diaruy/d443/original/catalogo/EX4934_EX4934_2/1920-1200/exprimidor-ufesa-ex4934-activa-exprimidor-ufesa-ex4934-activa.jpg,5,,
dr-ex4934,,,,,,,,,,,,,,https://f.fcdn.app/imgs/4e7eea/www.diaril.com.uy/diaruy/d443/original/catalogo/EX4934_EX4934_2/1000x1000/exprimidor-ufesa-ex4934-activa-exprimidor-ufesa-ex4934-activa.jpg,6,,
dr-ex4934,,,,,,,,,,,,,,https://f.fcdn.app/imgs/0a8fdc/www.diaril.com.uy/diaruy/2c4b/original/catalogo/EX4934_EX4934_3/1500-1500/exprimidor-ufesa-ex4934-activa-exprimidor-ufesa-ex4934-activa.jpg,7,,
dr-ex4934,,,,,,,,,,,,,,https://f.fcdn.app/imgs/751683/www.diaril.com.uy/diaruy/2c4b/original/catalogo/EX4934_EX4934_3/1920-1200/exprimidor-ufesa-ex4934-activa-exprimidor-ufesa-ex4934-activa.jpg,8,,
dr-ex4942,Exprimidor Ufesa EX4942,<ul><li>• Potencia: 40 W</li><li>• 2 conos de diferentes tamaños para frutas grandes y pequeñas</li><li>• Capacidad máxima: 1 litro</li><li>• Regulador de pulpa ajustable</li><li>• Giro en ambos sentidos (autorreversa)</li><li>• Totalmente desmontable para una cómoda limpieza</li><li>• Tapa protectora contra el polvo</li><li>• Apto para lavavajillas (excepto la base eléctrica)</li></ul>,Ufesa,Electro,"Exprimidores, Ufesa, stock-verificado",TRUE,Color,Exprimidor Ufesa EX4942,EX4942,1865.00,,10,deny,https://f.fcdn.app/imgs/69288b/www.diaril.com.uy/diaruy/8b98/original/catalogo/EX4942_EX4942_1/1000x1000/exprimidor-ufesa-ex4942-exprimidor-ufesa-ex4942.jpg,1,,
dr-ex4942,,,,,,,,,,,,,,https://f.fcdn.app/imgs/968e6b/www.diaril.com.uy/diaruy/8b98/original/catalogo/EX4942_EX4942_1/1500-1500/exprimidor-ufesa-ex4942-exprimidor-ufesa-ex4942.jpg,2,,
dr-ex4942,,,,,,,,,,,,,,https://f.fcdn.app/imgs/50f330/www.diaril.com.uy/diaruy/8b98/original/catalogo/EX4942_EX4942_1/1920-1200/exprimidor-ufesa-ex4942-exprimidor-ufesa-ex4942.jpg,3,,
dr-ex4942,,,,,,,,,,,,,,https://f.fcdn.app/imgs/134c5d/www.diaril.com.uy/diaruy/d180/original/catalogo/EX4942_EX4942_2/1500-1500/exprimidor-ufesa-ex4942-exprimidor-ufesa-ex4942.jpg,4,,
dr-ex4942,,,,,,,,,,,,,,https://f.fcdn.app/imgs/3f5d68/www.diaril.com.uy/diaruy/d180/original/catalogo/EX4942_EX4942_2/1920-1200/exprimidor-ufesa-ex4942-exprimidor-ufesa-ex4942.jpg,5,,
dr-ex4942,,,,,,,,,,,,,,https://f.fcdn.app/imgs/b01355/www.diaril.com.uy/diaruy/d180/original/catalogo/EX4942_EX4942_2/1000x1000/exprimidor-ufesa-ex4942-exprimidor-ufesa-ex4942.jpg,6,,
dr-ex4942,,,,,,,,,,,,,,https://f.fcdn.app/imgs/5e6547/www.diaril.com.uy/diaruy/8b98/original/catalogo/EX4942_EX4942_1/2000-2000/exprimidor-ufesa-ex4942-exprimidor-ufesa-ex4942.jpg,7,,
dr-ex4942,,,,,,,,,,,,,,https://f.fcdn.app/imgs/7243cd/www.diaril.com.uy/diaruy/8b98/original/catalogo/EX4942_EX4942_1/100x100/exprimidor-ufesa-ex4942-exprimidor-ufesa-ex4942.jpg,8,,
dr-genius,Batidora Amasadora Ufesa Genius,"<ul><li>• Potencia: 1200 W</li><li>• 6 velocidades + función Turbo</li><li>• Bol de acero inoxidable de 5 litros con sistema planetario</li><li>• Múltiples funciones: mezclar, batir, emulsionar y amasar</li><li>• Incluye 3 accesorios: gancho amasador, varilla batidora y varilla mezcladora</li><li>• Indicador de luz LED</li><li>• Engranajes metálicos para mayor durabilidad</li><li>• Bajos niveles de ruido</li><li>• Palanca de seguridad</li><li>• Pies antideslizantes para un rendimiento estable</li></ul>",Ufesa,Electro,"Batidoras, Ufesa, stock-verificado",TRUE,Color,Batidora Amasadora Ufesa Genius,GENIUS,10570.00,,10,deny,https://f.fcdn.app/imgs/ecea24/www.diaril.com.uy/diaruy/7fae/original/catalogo/GENIUS_GENIUS_1/1000x1000/batidora-amasadora-ufesa-genius-batidora-amasadora-ufesa-genius.jpg,1,,
dr-genius,,,,,,,,,,,,,,https://f.fcdn.app/imgs/f90dc9/www.diaril.com.uy/diaruy/7fae/original/catalogo/GENIUS_GENIUS_1/1500-1500/batidora-amasadora-ufesa-genius-batidora-amasadora-ufesa-genius.jpg,2,,
dr-genius,,,,,,,,,,,,,,https://f.fcdn.app/imgs/2e7800/www.diaril.com.uy/diaruy/7fae/original/catalogo/GENIUS_GENIUS_1/1920-1200/batidora-amasadora-ufesa-genius-batidora-amasadora-ufesa-genius.jpg,3,,
dr-genius,,,,,,,,,,,,,,https://f.fcdn.app/imgs/459576/www.diaril.com.uy/diaruy/bfb2/original/catalogo/GENIUS_GENIUS_2/1500-1500/batidora-amasadora-ufesa-genius-batidora-amasadora-ufesa-genius.jpg,4,,
dr-genius,,,,,,,,,,,,,,https://f.fcdn.app/imgs/e0e1b1/www.diaril.com.uy/diaruy/bfb2/original/catalogo/GENIUS_GENIUS_2/1920-1200/batidora-amasadora-ufesa-genius-batidora-amasadora-ufesa-genius.jpg,5,,
dr-genius,,,,,,,,,,,,,,https://f.fcdn.app/imgs/0e19b3/www.diaril.com.uy/diaruy/bfb2/original/catalogo/GENIUS_GENIUS_2/1000x1000/batidora-amasadora-ufesa-genius-batidora-amasadora-ufesa-genius.jpg,6,,
dr-genius,,,,,,,,,,,,,,https://f.fcdn.app/imgs/6d20d4/www.diaril.com.uy/diaruy/3a1c/original/catalogo/GENIUS_GENIUS_3/1500-1500/batidora-amasadora-ufesa-genius-batidora-amasadora-ufesa-genius.jpg,7,,
dr-genius,,,,,,,,,,,,,,https://f.fcdn.app/imgs/5431b4/www.diaril.com.uy/diaruy/3a1c/original/catalogo/GENIUS_GENIUS_3/1920-1200/batidora-amasadora-ufesa-genius-batidora-amasadora-ufesa-genius.jpg,8,,
dr-gk6750,Cortapelo Ufesa GK6750 Groom recargable,"<ul><li>• Batería de litio de larga duración: 120 minutos de autonomía</li><li>• Tiempo de carga: 2 horas</li><li>• Peine ajustable de 3-10 mm</li><li>• 4 peines fijos: 12, 15, 18 y 21 mm</li><li>• 13 longitudes de corte diferentes</li><li>• Indicador LED de carga</li><li>• Uso versátil: con y sin cable</li><li>• Incluye bolsa de almacenamiento</li></ul>",Ufesa,Electro,"Otros, Ufesa, stock-verificado",TRUE,Color,Cortapelo Ufesa GK6750 Groom recargable,GK6750,1824.00,,10,deny,https://f.fcdn.app/imgs/1439f4/www.diaril.com.uy/diaruy/bbdf/original/catalogo/GK6750_GK6750_1/1000x1000/cortapelo-ufesa-gk6750-groom-recargable-cortapelo-ufesa-gk6750-groom-recargable.jpg,1,,
dr-gk6750,,,,,,,,,,,,,,https://f.fcdn.app/imgs/dfe9ed/www.diaril.com.uy/diaruy/bbdf/original/catalogo/GK6750_GK6750_1/1500-1500/cortapelo-ufesa-gk6750-groom-recargable-cortapelo-ufesa-gk6750-groom-recargable.jpg,2,,
dr-gk6750,,,,,,,,,,,,,,https://f.fcdn.app/imgs/dace5e/www.diaril.com.uy/diaruy/bbdf/original/catalogo/GK6750_GK6750_1/1920-1200/cortapelo-ufesa-gk6750-groom-recargable-cortapelo-ufesa-gk6750-groom-recargable.jpg,3,,
dr-gk6750,,,,,,,,,,,,,,https://f.fcdn.app/imgs/ece921/www.diaril.com.uy/diaruy/2f72/original/catalogo/GK6750_GK6750_2/1500-1500/cortapelo-ufesa-gk6750-groom-recargable-cortapelo-ufesa-gk6750-groom-recargable.jpg,4,,
dr-gk6750,,,,,,,,,,,,,,https://f.fcdn.app/imgs/7b0519/www.diaril.com.uy/diaruy/2f72/original/catalogo/GK6750_GK6750_2/1920-1200/cortapelo-ufesa-gk6750-groom-recargable-cortapelo-ufesa-gk6750-groom-recargable.jpg,5,,
dr-gk6750,,,,,,,,,,,,,,https://f.fcdn.app/imgs/4f250f/www.diaril.com.uy/diaruy/2f72/original/catalogo/GK6750_GK6750_2/1000x1000/cortapelo-ufesa-gk6750-groom-recargable-cortapelo-ufesa-gk6750-groom-recargable.jpg,6,,
dr-gk6750,,,,,,,,,,,,,,https://f.fcdn.app/imgs/2180dd/www.diaril.com.uy/diaruy/7054/original/catalogo/GK6750_GK6750_3/1500-1500/cortapelo-ufesa-gk6750-groom-recargable-cortapelo-ufesa-gk6750-groom-recargable.jpg,7,,
dr-gk6750,,,,,,,,,,,,,,https://f.fcdn.app/imgs/520ffd/www.diaril.com.uy/diaruy/7054/original/catalogo/GK6750_GK6750_3/1920-1200/cortapelo-ufesa-gk6750-groom-recargable-cortapelo-ufesa-gk6750-groom-recargable.jpg,8,,
dr-ha7315,Hervidor de agua Ufesa HA7315 Powell,<ul><li>• Potencia Máxima: 2200 W para un hervido ultra rápido</li><li>• Capacidad generosa de 1.7 Litros</li><li>• Triple Sistema de Seguridad con desconexión automática:</li><li>Al alcanzar el punto de ebullición</li><li>En caso de falta de agua (protección contra funcionamiento en seco)</li><li>Al levantar la jarra de la base</li><li>• Resistencia oculta de acero inoxidable: Facilita la limpieza y evita el sarro</li><li>• Doble indicador de nivel de agua visible a ambos lados</li><li>• Interruptor On/Off con piloto luminoso de funcionamiento</li><li>• Sistema de apertura fácil de la tapa para un llenado cómodo</li></ul>,Ufesa,Electro,"Jarras, Ufesa, stock-verificado",TRUE,Color,Hervidor de agua Ufesa HA7315 Powell,HA7315,1865.00,,10,deny,https://f.fcdn.app/imgs/b5996f/www.diaril.com.uy/diaruy/e072/original/catalogo/HA7315_HA7315_1/1000x1000/hervidor-de-agua-ufesa-ha7315-powell-hervidor-de-agua-ufesa-ha7315-powell.jpg,1,,
dr-ha7315,,,,,,,,,,,,,,https://f.fcdn.app/imgs/2eac0f/www.diaril.com.uy/diaruy/e072/original/catalogo/HA7315_HA7315_1/1500-1500/hervidor-de-agua-ufesa-ha7315-powell-hervidor-de-agua-ufesa-ha7315-powell.jpg,2,,
dr-ha7315,,,,,,,,,,,,,,https://f.fcdn.app/imgs/e7361d/www.diaril.com.uy/diaruy/e072/original/catalogo/HA7315_HA7315_1/1920-1200/hervidor-de-agua-ufesa-ha7315-powell-hervidor-de-agua-ufesa-ha7315-powell.jpg,3,,
dr-ha7315,,,,,,,,,,,,,,https://f.fcdn.app/imgs/b85c09/www.diaril.com.uy/diaruy/0364/original/catalogo/HA7315_HA7315_2/1500-1500/hervidor-de-agua-ufesa-ha7315-powell-hervidor-de-agua-ufesa-ha7315-powell.jpg,4,,
dr-ha7315,,,,,,,,,,,,,,https://f.fcdn.app/imgs/648fb3/www.diaril.com.uy/diaruy/0364/original/catalogo/HA7315_HA7315_2/1920-1200/hervidor-de-agua-ufesa-ha7315-powell-hervidor-de-agua-ufesa-ha7315-powell.jpg,5,,
dr-ha7315,,,,,,,,,,,,,,https://f.fcdn.app/imgs/3e1970/www.diaril.com.uy/diaruy/0364/original/catalogo/HA7315_HA7315_2/1000x1000/hervidor-de-agua-ufesa-ha7315-powell-hervidor-de-agua-ufesa-ha7315-powell.jpg,6,,
dr-ha7315,,,,,,,,,,,,,,https://f.fcdn.app/imgs/91da3f/www.diaril.com.uy/diaruy/e072/original/catalogo/HA7315_HA7315_1/2000-2000/hervidor-de-agua-ufesa-ha7315-powell-hervidor-de-agua-ufesa-ha7315-powell.jpg,7,,
dr-ha7315,,,,,,,,,,,,,,https://f.fcdn.app/imgs/b35ebf/www.diaril.com.uy/diaruy/e072/original/catalogo/HA7315_HA7315_1/100x100/hervidor-de-agua-ufesa-ha7315-powell-hervidor-de-agua-ufesa-ha7315-powell.jpg,8,,
dr-lc5050,Juguera Ufesa LC5050,<ul><li>• Potencia de 350W: Rendimiento ideal para jugos frescos al instante</li><li>• Boca de entrada de 65mm: Permite introducir frutas y verduras enteras sin cortes previos</li><li>• Filtro de Acero Inoxidable de alta durabilidad para una extracción pura</li><li>• Capacidad para 500g de pulpa: Ideal para preparar varias porciones</li><li>• Sistema de Seguridad Integral: El equipo solo enciende si está correctamente cerrado</li><li>• Diseño Compacto: Ocupa el mínimo espacio en tu mesada</li><li>• Fácil Limpieza: Piezas aptas para lavavajillas (excepto motor)</li><li>• Operación intuitiva con función On/Off</li></ul>,Ufesa,Electro,"Exprimidores, Ufesa, stock-verificado",TRUE,Color,Juguera Ufesa LC5050,LC5050,4104.00,,10,deny,https://f.fcdn.app/imgs/28b02a/www.diaril.com.uy/diaruy/0cc4/original/catalogo/LC5050_LC5050_1/1000x1000/juguera-ufesa-lc5050-juguera-ufesa-lc5050.jpg,1,,
dr-lc5050,,,,,,,,,,,,,,https://f.fcdn.app/imgs/b1f6cc/www.diaril.com.uy/diaruy/0cc4/original/catalogo/LC5050_LC5050_1/1500-1500/juguera-ufesa-lc5050-juguera-ufesa-lc5050.jpg,2,,
dr-lc5050,,,,,,,,,,,,,,https://f.fcdn.app/imgs/d08967/www.diaril.com.uy/diaruy/0cc4/original/catalogo/LC5050_LC5050_1/1920-1200/juguera-ufesa-lc5050-juguera-ufesa-lc5050.jpg,3,,
dr-lc5050,,,,,,,,,,,,,,https://f.fcdn.app/imgs/c66663/www.diaril.com.uy/diaruy/0cc4/original/catalogo/LC5050_LC5050_1/2000-2000/juguera-ufesa-lc5050-juguera-ufesa-lc5050.jpg,4,,
dr-lc5050,,,,,,,,,,,,,,https://f.fcdn.app/imgs/af0b17/www.diaril.com.uy/diaruy/0cc4/original/catalogo/LC5050_LC5050_1/100x100/juguera-ufesa-lc5050-juguera-ufesa-lc5050.jpg,5,,
dr-lc5050,,,,,,,,,,,,,,https://f.fcdn.app/imgs/ae87a5/www.diaril.com.uy/diaruy/0cc4/original/catalogo/LC5050_LC5050_1/1000_1000/juguera-ufesa-lc5050-juguera-ufesa-lc5050.jpg,6,,
dr-mc0470,Molinillo de café Ufesa MC0470,"<ul><li>• Potencia de 200W: Motor eficiente para un molido uniforme</li><li>• Gran Capacidad: Hasta 70g de café (listo en solo 30 segundos)</li><li>• Materiales de Alta Gama: Cuerpo, cuchillas y recipiente en Acero Inoxidable</li><li>• Sistema Pulse: Encendido y apagado mediante micro-interruptor en la tapa</li><li>• Control Visual: Tapa transparente para supervisar el punto de triturado</li><li>• Diseño Práctico: Cable extraíble para un almacenamiento sin enredos</li><li>• Cuchillas de alta resistencia para un corte preciso del grano</li></ul>",Ufesa,Electro,"Cafeteras, Ufesa, stock-verificado",TRUE,Color,Molinillo de café Ufesa MC0470,MC0470,2860.00,,10,deny,https://f.fcdn.app/imgs/903aba/www.diaril.com.uy/diaruy/f376/original/catalogo/MC0470_MC0470_1/1000x1000/molinillo-de-cafe-ufesa-mc0470-molinillo-de-cafe-ufesa-mc0470.jpg,1,,
dr-mc0470,,,,,,,,,,,,,,https://f.fcdn.app/imgs/58d250/www.diaril.com.uy/diaruy/f376/original/catalogo/MC0470_MC0470_1/1500-1500/molinillo-de-cafe-ufesa-mc0470-molinillo-de-cafe-ufesa-mc0470.jpg,2,,
dr-mc0470,,,,,,,,,,,,,,https://f.fcdn.app/imgs/364263/www.diaril.com.uy/diaruy/f376/original/catalogo/MC0470_MC0470_1/1920-1200/molinillo-de-cafe-ufesa-mc0470-molinillo-de-cafe-ufesa-mc0470.jpg,3,,
dr-mc0470,,,,,,,,,,,,,,https://f.fcdn.app/imgs/6dde19/www.diaril.com.uy/diaruy/9148/original/catalogo/MC0470_MC0470_2/1500-1500/molinillo-de-cafe-ufesa-mc0470-molinillo-de-cafe-ufesa-mc0470.jpg,4,,
dr-mc0470,,,,,,,,,,,,,,https://f.fcdn.app/imgs/349d70/www.diaril.com.uy/diaruy/9148/original/catalogo/MC0470_MC0470_2/1920-1200/molinillo-de-cafe-ufesa-mc0470-molinillo-de-cafe-ufesa-mc0470.jpg,5,,
dr-mc0470,,,,,,,,,,,,,,https://f.fcdn.app/imgs/856a5d/www.diaril.com.uy/diaruy/9148/original/catalogo/MC0470_MC0470_2/1000x1000/molinillo-de-cafe-ufesa-mc0470-molinillo-de-cafe-ufesa-mc0470.jpg,6,,
dr-mc0470,,,,,,,,,,,,,,https://f.fcdn.app/imgs/01c518/www.diaril.com.uy/diaruy/c49b/original/catalogo/MC0470_MC0470_3/1500-1500/molinillo-de-cafe-ufesa-mc0470-molinillo-de-cafe-ufesa-mc0470.jpg,7,,
dr-mc0470,,,,,,,,,,,,,,https://f.fcdn.app/imgs/d3a4ac/www.diaril.com.uy/diaruy/c49b/original/catalogo/MC0470_MC0470_3/1920-1200/molinillo-de-cafe-ufesa-mc0470-molinillo-de-cafe-ufesa-mc0470.jpg,8,,
dr-pp5100,Plancha de pelo Ufesa PP5100,<ul><li>• Doble Función: Alisado perfecto y creación de rizos definidos</li><li>• Placas con revestimiento de Cerámica para un deslizamiento suave</li><li>• Potencia de calentamiento rápido: Lista en solo 30 segundos</li><li>• Temperatura Máxima Profesional: Hasta 220 °C</li><li>• Cable Giratorio 360° para una total libertad de movimiento</li><li>• Sistema de Seguridad: Cierre de placas con capucha protectora</li><li>• Diseño ergonómico con función de encendido/apagado intuitiva</li><li>• Versatilidad de peinado en un solo dispositivo compacto</li></ul>,Ufesa,Electro,"Otros, Ufesa, stock-verificado",TRUE,Color,Plancha de pelo Ufesa PP5100,PP5100,1451.00,,10,deny,https://f.fcdn.app/imgs/6f0e74/www.diaril.com.uy/diaruy/829e/original/catalogo/PP5100_PP5100_1/1000x1000/plancha-de-pelo-ufesa-pp5100-plancha-de-pelo-ufesa-pp5100.jpg,1,,
dr-pp5100,,,,,,,,,,,,,,https://f.fcdn.app/imgs/63419d/www.diaril.com.uy/diaruy/829e/original/catalogo/PP5100_PP5100_1/1500-1500/plancha-de-pelo-ufesa-pp5100-plancha-de-pelo-ufesa-pp5100.jpg,2,,
dr-pp5100,,,,,,,,,,,,,,https://f.fcdn.app/imgs/4dc478/www.diaril.com.uy/diaruy/829e/original/catalogo/PP5100_PP5100_1/1920-1200/plancha-de-pelo-ufesa-pp5100-plancha-de-pelo-ufesa-pp5100.jpg,3,,
dr-pp5100,,,,,,,,,,,,,,https://f.fcdn.app/imgs/897981/www.diaril.com.uy/diaruy/0e5a/original/catalogo/PP5100_PP5100_2/1500-1500/plancha-de-pelo-ufesa-pp5100-plancha-de-pelo-ufesa-pp5100.jpg,4,,
dr-pp5100,,,,,,,,,,,,,,https://f.fcdn.app/imgs/36d996/www.diaril.com.uy/diaruy/0e5a/original/catalogo/PP5100_PP5100_2/1920-1200/plancha-de-pelo-ufesa-pp5100-plancha-de-pelo-ufesa-pp5100.jpg,5,,
dr-pp5100,,,,,,,,,,,,,,https://f.fcdn.app/imgs/50fe7f/www.diaril.com.uy/diaruy/0e5a/original/catalogo/PP5100_PP5100_2/1000x1000/plancha-de-pelo-ufesa-pp5100-plancha-de-pelo-ufesa-pp5100.jpg,6,,
dr-pp5100,,,,,,,,,,,,,,https://f.fcdn.app/imgs/bf39dc/www.diaril.com.uy/diaruy/829e/original/catalogo/PP5100_PP5100_1/2000-2000/plancha-de-pelo-ufesa-pp5100-plancha-de-pelo-ufesa-pp5100.jpg,7,,
dr-pp5100,,,,,,,,,,,,,,https://f.fcdn.app/imgs/7a3c05/www.diaril.com.uy/diaruy/829e/original/catalogo/PP5100_PP5100_1/100x100/plancha-de-pelo-ufesa-pp5100-plancha-de-pelo-ufesa-pp5100.jpg,8,,
dr-pp5500,Plancha de pelo Ufesa PP5500 nanocerámica,"<ul><li>• Placas oscilantes extralargas con revestimiento de Nanocerámica Profesional</li><li>• Control Digital de Precisión: Pantalla LCD con ajuste de 150°C a 230°C</li><li>• Doble Función: Alisado impecable y rizos definidos en un solo paso</li><li>• Calentamiento Ultra Rápido: Lista en menos de 30 segundos</li><li>• Seguridad Inteligente: Apagado automático a los 60 minutos</li><li>• Función de Bloqueo de Temperatura para un peinado sin interrupciones</li><li>• Diseño Slim Ergonómico: Estilizado y ligero para un manejo profesional</li><li>• Equipamiento Completo: Cable giratorio 360°, cierre de placas y alfombrilla térmica</li></ul>",Ufesa,Electro,"Otros, Ufesa, stock-verificado",TRUE,Color,Plancha de pelo Ufesa PP5500 nanocerámica,PP5500,2280.00,,10,deny,https://f.fcdn.app/imgs/a8bb4f/www.diaril.com.uy/diaruy/29bb/original/catalogo/PP5500_PP5500_1/1000x1000/plancha-de-pelo-ufesa-pp5500-nanoceramica-plancha-de-pelo-ufesa-pp5500-nanoceramica.jpg,1,,
dr-pp5500,,,,,,,,,,,,,,https://f.fcdn.app/imgs/8b4c94/www.diaril.com.uy/diaruy/29bb/original/catalogo/PP5500_PP5500_1/1500-1500/plancha-de-pelo-ufesa-pp5500-nanoceramica-plancha-de-pelo-ufesa-pp5500-nanoceramica.jpg,2,,
dr-pp5500,,,,,,,,,,,,,,https://f.fcdn.app/imgs/3d4738/www.diaril.com.uy/diaruy/29bb/original/catalogo/PP5500_PP5500_1/1920-1200/plancha-de-pelo-ufesa-pp5500-nanoceramica-plancha-de-pelo-ufesa-pp5500-nanoceramica.jpg,3,,
dr-pp5500,,,,,,,,,,,,,,https://f.fcdn.app/imgs/869826/www.diaril.com.uy/diaruy/5cb6/original/catalogo/PP5500_PP5500_2/1500-1500/plancha-de-pelo-ufesa-pp5500-nanoceramica-plancha-de-pelo-ufesa-pp5500-nanoceramica.jpg,4,,
dr-pp5500,,,,,,,,,,,,,,https://f.fcdn.app/imgs/ef1872/www.diaril.com.uy/diaruy/5cb6/original/catalogo/PP5500_PP5500_2/1920-1200/plancha-de-pelo-ufesa-pp5500-nanoceramica-plancha-de-pelo-ufesa-pp5500-nanoceramica.jpg,5,,
dr-pp5500,,,,,,,,,,,,,,https://f.fcdn.app/imgs/3b62e2/www.diaril.com.uy/diaruy/5cb6/original/catalogo/PP5500_PP5500_2/1000x1000/plancha-de-pelo-ufesa-pp5500-nanoceramica-plancha-de-pelo-ufesa-pp5500-nanoceramica.jpg,6,,
dr-pp5500,,,,,,,,,,,,,,https://f.fcdn.app/imgs/9ad2b5/www.diaril.com.uy/diaruy/3e35/original/catalogo/PP5500_PP5500_3/1500-1500/plancha-de-pelo-ufesa-pp5500-nanoceramica-plancha-de-pelo-ufesa-pp5500-nanoceramica.jpg,7,,
dr-pp5500,,,,,,,,,,,,,,https://f.fcdn.app/imgs/79df19/www.diaril.com.uy/diaruy/3e35/original/catalogo/PP5500_PP5500_3/1920-1200/plancha-de-pelo-ufesa-pp5500-nanoceramica-plancha-de-pelo-ufesa-pp5500-nanoceramica.jpg,8,,
dr-pv3700,Plancha a vapor Ufesa PV3700 Vitoria 3000 W,<ul><li>• Potencia Profesional: 3000 W para un calentamiento inmediato</li><li>• Base de Acero Inoxidable: Máxima durabilidad y deslizamiento superior</li><li>• Super Vapor de 240 g/min: Elimina las arrugas más rebeldes en una pasada</li><li>• Caudal de Vapor Constante de 45 g/min para un planchado fluido</li><li>• Depósito XL de 400 ml: Mayor autonomía con menos recargas de agua</li><li>• Sistema de Doble Limpieza: Función automática y tecnología Calc'n'Clean</li><li>• Indicador de nivel de agua visible para un control preciso</li><li>• Cable de 1.8 metros para una excelente libertad de movimiento</li></ul>,Ufesa,Electro,"Planchas, Ufesa",TRUE,Color,Plancha a vapor Ufesa PV3700 Vitoria 3000 W,PV3700,3440.00,,0,deny,https://f.fcdn.app/imgs/cc761f/www.diaril.com.uy/diaruy/f439/original/catalogo/PV3700_PV3700_1/1000x1000/plancha-a-vapor-ufesa-pv3700-vitoria-3000-w-plancha-a-vapor-ufesa-pv3700-vitoria-3000-w.jpg,1,,
dr-pv3700,,,,,,,,,,,,,,https://f.fcdn.app/imgs/dfae07/www.diaril.com.uy/diaruy/f439/original/catalogo/PV3700_PV3700_1/1500-1500/plancha-a-vapor-ufesa-pv3700-vitoria-3000-w-plancha-a-vapor-ufesa-pv3700-vitoria-3000-w.jpg,2,,
dr-pv3700,,,,,,,,,,,,,,https://f.fcdn.app/imgs/cca2f2/www.diaril.com.uy/diaruy/f439/original/catalogo/PV3700_PV3700_1/1920-1200/plancha-a-vapor-ufesa-pv3700-vitoria-3000-w-plancha-a-vapor-ufesa-pv3700-vitoria-3000-w.jpg,3,,
dr-pv3700,,,,,,,,,,,,,,https://f.fcdn.app/imgs/821139/www.diaril.com.uy/diaruy/0f3f/original/catalogo/PV3700_PV3700_2/1500-1500/plancha-a-vapor-ufesa-pv3700-vitoria-3000-w-plancha-a-vapor-ufesa-pv3700-vitoria-3000-w.jpg,4,,
dr-pv3700,,,,,,,,,,,,,,https://f.fcdn.app/imgs/769e49/www.diaril.com.uy/diaruy/0f3f/original/catalogo/PV3700_PV3700_2/1920-1200/plancha-a-vapor-ufesa-pv3700-vitoria-3000-w-plancha-a-vapor-ufesa-pv3700-vitoria-3000-w.jpg,5,,
dr-pv3700,,,,,,,,,,,,,,https://f.fcdn.app/imgs/533a4d/www.diaril.com.uy/diaruy/0f3f/original/catalogo/PV3700_PV3700_2/1000x1000/plancha-a-vapor-ufesa-pv3700-vitoria-3000-w-plancha-a-vapor-ufesa-pv3700-vitoria-3000-w.jpg,6,,
dr-pv3700,,,,,,,,,,,,,,https://f.fcdn.app/imgs/d46489/www.diaril.com.uy/diaruy/c8e0/original/catalogo/PV3700_PV3700_3/1500-1500/plancha-a-vapor-ufesa-pv3700-vitoria-3000-w-plancha-a-vapor-ufesa-pv3700-vitoria-3000-w.jpg,7,,
dr-pv3700,,,,,,,,,,,,,,https://f.fcdn.app/imgs/68471a/www.diaril.com.uy/diaruy/c8e0/original/catalogo/PV3700_PV3700_3/1920-1200/plancha-a-vapor-ufesa-pv3700-vitoria-3000-w-plancha-a-vapor-ufesa-pv3700-vitoria-3000-w.jpg,8,,
dr-sc8310,Secador de pelo Ufesa SC8310 Plegable 2400 W,<ul><li>• Potencia Máxima: 2400W para un secado ultra rápido</li><li>• Diseño Plegable: Potencia profesional en un formato compacto y fácil de guardar</li><li>• Generador de Iones: Reduce el frizz y aporta un brillo intenso al cabello</li><li>• Control Personalizado: 3 niveles de velocidad y temperatura</li><li>• Golpe de Aire Frío: Fija el peinado y sella la cutícula capilar</li><li>• Set de Estilizado: Incluye Difusor para rulos y Boquilla Concentradora</li><li>• Comodidad de Almacenamiento: Anilla para colgar integrada</li></ul>,Ufesa,Electro,"Otros, Ufesa, stock-verificado",TRUE,Color,Secador de pelo Ufesa SC8310 Plegable 2400 W,SC8310,2031.00,,10,deny,https://f.fcdn.app/imgs/59775f/www.diaril.com.uy/diaruy/dfe5/original/catalogo/SC8310_SC8310_1/1000x1000/secador-de-pelo-ufesa-sc8310-plegable-2400-w-secador-de-pelo-ufesa-sc8310-plegable-2400-w.jpg,1,,
dr-sc8310,,,,,,,,,,,,,,https://f.fcdn.app/imgs/f103b8/www.diaril.com.uy/diaruy/dfe5/original/catalogo/SC8310_SC8310_1/1500-1500/secador-de-pelo-ufesa-sc8310-plegable-2400-w-secador-de-pelo-ufesa-sc8310-plegable-2400-w.jpg,2,,
dr-sc8310,,,,,,,,,,,,,,https://f.fcdn.app/imgs/02f58c/www.diaril.com.uy/diaruy/dfe5/original/catalogo/SC8310_SC8310_1/1920-1200/secador-de-pelo-ufesa-sc8310-plegable-2400-w-secador-de-pelo-ufesa-sc8310-plegable-2400-w.jpg,3,,
dr-sc8310,,,,,,,,,,,,,,https://f.fcdn.app/imgs/613f47/www.diaril.com.uy/diaruy/f2fb/original/catalogo/SC8310_SC8310_2/1500-1500/secador-de-pelo-ufesa-sc8310-plegable-2400-w-secador-de-pelo-ufesa-sc8310-plegable-2400-w.jpg,4,,
dr-sc8310,,,,,,,,,,,,,,https://f.fcdn.app/imgs/c227df/www.diaril.com.uy/diaruy/f2fb/original/catalogo/SC8310_SC8310_2/1920-1200/secador-de-pelo-ufesa-sc8310-plegable-2400-w-secador-de-pelo-ufesa-sc8310-plegable-2400-w.jpg,5,,
dr-sc8310,,,,,,,,,,,,,,https://f.fcdn.app/imgs/61cfdd/www.diaril.com.uy/diaruy/f2fb/original/catalogo/SC8310_SC8310_2/1000x1000/secador-de-pelo-ufesa-sc8310-plegable-2400-w-secador-de-pelo-ufesa-sc8310-plegable-2400-w.jpg,6,,
dr-sc8310,,,,,,,,,,,,,,https://f.fcdn.app/imgs/e4284b/www.diaril.com.uy/diaruy/3aa7/original/catalogo/SC8310_SC8310_3/1500-1500/secador-de-pelo-ufesa-sc8310-plegable-2400-w-secador-de-pelo-ufesa-sc8310-plegable-2400-w.jpg,7,,
dr-sc8310,,,,,,,,,,,,,,https://f.fcdn.app/imgs/18efd5/www.diaril.com.uy/diaruy/3aa7/original/catalogo/SC8310_SC8310_3/1920-1200/secador-de-pelo-ufesa-sc8310-plegable-2400-w-secador-de-pelo-ufesa-sc8310-plegable-2400-w.jpg,8,,
dr-sc8470,Secador de pelo Ufesa SC8470 Professional 2400 W,<ul><li>• Máxima Potencia Profesional: Motor AC de 2400W para un secado ultra rápido</li><li>• Rejilla con Revestimiento de Cerámica y Queratina para un cabello fuerte y sano</li><li>• Generador de Iones: Elimina el encrespamiento y potencia el brillo natural</li><li>• Control Personalizado: 3 niveles de temperatura y 2 velocidades</li><li>• Concentrador de precisión (6mm): Ideal para alisados perfectos y definidos</li><li>• Difusor de Volumen: Especial para resaltar ondas y rizos naturales</li><li>• Golpe de Aire Frío: Sella la cutícula y fija el peinado por más tiempo</li><li>• Mantenimiento Profesional: Filtro extraíble y anilla para colgar</li></ul>,Ufesa,Electro,"Otros, Ufesa",TRUE,Color,Secador de pelo Ufesa SC8470 Professional 2400 W,SC8470,2694.00,,0,deny,https://f.fcdn.app/imgs/5a82c8/www.diaril.com.uy/diaruy/f3e9/original/catalogo/SC8470_SC8470_1/1000x1000/secador-de-pelo-ufesa-sc8470-professional-2400-w-secador-de-pelo-ufesa-sc8470-professional-2400-w.jpg,1,,
dr-sc8470,,,,,,,,,,,,,,https://f.fcdn.app/imgs/0da09a/www.diaril.com.uy/diaruy/f3e9/original/catalogo/SC8470_SC8470_1/1500-1500/secador-de-pelo-ufesa-sc8470-professional-2400-w-secador-de-pelo-ufesa-sc8470-professional-2400-w.jpg,2,,
dr-sc8470,,,,,,,,,,,,,,https://f.fcdn.app/imgs/09c125/www.diaril.com.uy/diaruy/f3e9/original/catalogo/SC8470_SC8470_1/1920-1200/secador-de-pelo-ufesa-sc8470-professional-2400-w-secador-de-pelo-ufesa-sc8470-professional-2400-w.jpg,3,,
dr-sc8470,,,,,,,,,,,,,,https://f.fcdn.app/imgs/53ba40/www.diaril.com.uy/diaruy/6c51/original/catalogo/SC8470_SC8470_2/1500-1500/secador-de-pelo-ufesa-sc8470-professional-2400-w-secador-de-pelo-ufesa-sc8470-professional-2400-w.jpg,4,,
dr-sc8470,,,,,,,,,,,,,,https://f.fcdn.app/imgs/29d817/www.diaril.com.uy/diaruy/6c51/original/catalogo/SC8470_SC8470_2/1920-1200/secador-de-pelo-ufesa-sc8470-professional-2400-w-secador-de-pelo-ufesa-sc8470-professional-2400-w.jpg,5,,
dr-sc8470,,,,,,,,,,,,,,https://f.fcdn.app/imgs/ab3316/www.diaril.com.uy/diaruy/6c51/original/catalogo/SC8470_SC8470_2/1000x1000/secador-de-pelo-ufesa-sc8470-professional-2400-w-secador-de-pelo-ufesa-sc8470-professional-2400-w.jpg,6,,
dr-sc8470,,,,,,,,,,,,,,https://f.fcdn.app/imgs/3e6bc0/www.diaril.com.uy/diaruy/933f/original/catalogo/SC8470_SC8470_3/1500-1500/secador-de-pelo-ufesa-sc8470-professional-2400-w-secador-de-pelo-ufesa-sc8470-professional-2400-w.jpg,7,,
dr-sc8470,,,,,,,,,,,,,,https://f.fcdn.app/imgs/88fbf0/www.diaril.com.uy/diaruy/933f/original/catalogo/SC8470_SC8470_3/1920-1200/secador-de-pelo-ufesa-sc8470-professional-2400-w-secador-de-pelo-ufesa-sc8470-professional-2400-w.jpg,8,,
dr-sensei,Freidora de Aire Ufesa Sensei Digital,"<ul><li>• Potencia de 1700W: Calor constante y uniforme para resultados crujientes</li><li>• Gran Capacidad de 12 Litros: Ideal para familias y recetas de gran volumen</li><li>• Multifunción 10 en 1: Programas para freír, hornear, asar, deshidratar y más</li><li>• Tecnología 360º: Circulación de aire a alta velocidad para cocinar con poco o nada de aceite</li><li>• Pantalla Táctil Digital: Control intuitivo de tiempo y temperatura</li><li>• Set de 6 Accesorios Profesionales: Incluye cesta giratoria, bandejas y ganchos de asado</li><li>• Luz Interior Integrada: Supervisa tus preparaciones sin abrir la puerta</li><li>• Funciones Avanzadas: Temporizador de 60 minutos, Pre-calentar y Descongelar</li><li>• Seguridad y Estabilidad: Pies antideslizantes para un uso firme en la mesada</li></ul>",Ufesa,Electro,"Freidoras, Ufesa, stock-verificado",TRUE,Color,Freidora de Aire Ufesa Sensei Digital,SENSEI,11979.00,,10,deny,https://f.fcdn.app/imgs/472a8d/www.diaril.com.uy/diaruy/5e1e/original/catalogo/SENSEI_SENSEI_1/1000x1000/freidora-de-aire-ufesa-sensei-digital-freidora-de-aire-ufesa-sensei-digital.jpg,1,,
dr-sensei,,,,,,,,,,,,,,https://f.fcdn.app/imgs/1e1194/www.diaril.com.uy/diaruy/5e1e/original/catalogo/SENSEI_SENSEI_1/1500-1500/freidora-de-aire-ufesa-sensei-digital-freidora-de-aire-ufesa-sensei-digital.jpg,2,,
dr-sensei,,,,,,,,,,,,,,https://f.fcdn.app/imgs/5dcc71/www.diaril.com.uy/diaruy/5e1e/original/catalogo/SENSEI_SENSEI_1/1920-1200/freidora-de-aire-ufesa-sensei-digital-freidora-de-aire-ufesa-sensei-digital.jpg,3,,
dr-sensei,,,,,,,,,,,,,,https://f.fcdn.app/imgs/c1fe68/www.diaril.com.uy/diaruy/5a45/original/catalogo/SENSEI_SENSEI_2/1500-1500/freidora-de-aire-ufesa-sensei-digital-freidora-de-aire-ufesa-sensei-digital.jpg,4,,
dr-sensei,,,,,,,,,,,,,,https://f.fcdn.app/imgs/275e93/www.diaril.com.uy/diaruy/5a45/original/catalogo/SENSEI_SENSEI_2/1920-1200/freidora-de-aire-ufesa-sensei-digital-freidora-de-aire-ufesa-sensei-digital.jpg,5,,
dr-sensei,,,,,,,,,,,,,,https://f.fcdn.app/imgs/2b9cd1/www.diaril.com.uy/diaruy/5a45/original/catalogo/SENSEI_SENSEI_2/1000x1000/freidora-de-aire-ufesa-sensei-digital-freidora-de-aire-ufesa-sensei-digital.jpg,6,,
dr-sensei,,,,,,,,,,,,,,https://f.fcdn.app/imgs/b94798/www.diaril.com.uy/diaruy/9418/original/catalogo/SENSEI_SENSEI_3/1500-1500/freidora-de-aire-ufesa-sensei-digital-freidora-de-aire-ufesa-sensei-digital.jpg,7,,
dr-sensei,,,,,,,,,,,,,,https://f.fcdn.app/imgs/fb4022/www.diaril.com.uy/diaruy/9418/original/catalogo/SENSEI_SENSEI_3/1920-1200/freidora-de-aire-ufesa-sensei-digital-freidora-de-aire-ufesa-sensei-digital.jpg,8,,
dr-sf1410,Ventilador de pie Ufesa SF1410 40 cm,"<ul><li>• Potencia de 50W: Equilibrio perfecto entre frescura y bajo consumo</li><li>• Sistema de 5 Aspas: Diseñadas para un caudal de aire más potente y constante</li><li>• 3 Niveles de Velocidad: Adaptables a cada momento del día</li><li>• Oscilación de 90º: Cobertura total para una circulación de aire óptima</li><li>• Altura Regulable: Tubo telescópico para ajustar la brisa a tu medida</li><li>• Diseño Robusto y Estable: Ideal para salas, dormitorios y oficinas</li><li>• Fácil Montaje y Limpieza</li></ul>",Ufesa,Electro,"Climatización, Ufesa, stock-verificado",TRUE,Color,Ventilador de pie Ufesa SF1410 40 cm,SF1410,3938.00,,10,deny,https://f.fcdn.app/imgs/60305d/www.diaril.com.uy/diaruy/c7a1/original/catalogo/SF1410_SF1410_1/1000x1000/ventilador-de-pie-ufesa-sf1410-40-cm-ventilador-de-pie-ufesa-sf1410-40-cm.jpg,1,,
dr-sf1410,,,,,,,,,,,,,,https://f.fcdn.app/imgs/67a113/www.diaril.com.uy/diaruy/c7a1/original/catalogo/SF1410_SF1410_1/1500-1500/ventilador-de-pie-ufesa-sf1410-40-cm-ventilador-de-pie-ufesa-sf1410-40-cm.jpg,2,,
dr-sf1410,,,,,,,,,,,,,,https://f.fcdn.app/imgs/a10d83/www.diaril.com.uy/diaruy/c7a1/original/catalogo/SF1410_SF1410_1/1920-1200/ventilador-de-pie-ufesa-sf1410-40-cm-ventilador-de-pie-ufesa-sf1410-40-cm.jpg,3,,
dr-sf1410,,,,,,,,,,,,,,https://f.fcdn.app/imgs/10e07f/www.diaril.com.uy/diaruy/df5c/original/catalogo/SF1410_SF1410_2/1500-1500/ventilador-de-pie-ufesa-sf1410-40-cm-ventilador-de-pie-ufesa-sf1410-40-cm.jpg,4,,
dr-sf1410,,,,,,,,,,,,,,https://f.fcdn.app/imgs/b99e70/www.diaril.com.uy/diaruy/df5c/original/catalogo/SF1410_SF1410_2/1920-1200/ventilador-de-pie-ufesa-sf1410-40-cm-ventilador-de-pie-ufesa-sf1410-40-cm.jpg,5,,
dr-sf1410,,,,,,,,,,,,,,https://f.fcdn.app/imgs/43b4ba/www.diaril.com.uy/diaruy/df5c/original/catalogo/SF1410_SF1410_2/1000x1000/ventilador-de-pie-ufesa-sf1410-40-cm-ventilador-de-pie-ufesa-sf1410-40-cm.jpg,6,,
dr-sf1410,,,,,,,,,,,,,,https://f.fcdn.app/imgs/d9cab7/www.diaril.com.uy/diaruy/53c5/original/catalogo/SF1410_SF1410_3/1500-1500/ventilador-de-pie-ufesa-sf1410-40-cm-ventilador-de-pie-ufesa-sf1410-40-cm.jpg,7,,
dr-sf1410,,,,,,,,,,,,,,https://f.fcdn.app/imgs/c3fd2e/www.diaril.com.uy/diaruy/53c5/original/catalogo/SF1410_SF1410_3/1920-1200/ventilador-de-pie-ufesa-sf1410-40-cm-ventilador-de-pie-ufesa-sf1410-40-cm.jpg,8,,
dr-sw7400,Sandwichera Ufesa SW7400 Activa,<ul><li>• Capacidad Familiar: espacio para 4 sándwiches simultáneos</li><li>• Potencia de 780W: Calentamiento rápido y tostado uniforme</li><li>• Placas con Recubrimiento Antiadherente: Evita que el queso o el pan se peguen</li><li>• Sistema de Sellado Perfecto: Corta y sella los bordes para mantener el relleno en su lugar</li><li>• Diseño Smart Storage: Almacenamiento en vertical para optimizar espacio en la cocina</li><li>• Indicadores Luminosos de encendido y temperatura lista</li><li>• Cierre de seguridad para un tostado compacto y parejo</li></ul>,Ufesa,Electro,"Sandwicheras, Ufesa, stock-verificado",TRUE,Color,Sandwichera Ufesa SW7400 Activa,SW7400,3109.00,,10,deny,https://f.fcdn.app/imgs/2cc46d/www.diaril.com.uy/diaruy/5078/original/catalogo/SW7400_SW7400_1/1000x1000/sandwichera-ufesa-sw7400-activa-sandwichera-ufesa-sw7400-activa.jpg,1,,
dr-sw7400,,,,,,,,,,,,,,https://f.fcdn.app/imgs/6614f4/www.diaril.com.uy/diaruy/5078/original/catalogo/SW7400_SW7400_1/1500-1500/sandwichera-ufesa-sw7400-activa-sandwichera-ufesa-sw7400-activa.jpg,2,,
dr-sw7400,,,,,,,,,,,,,,https://f.fcdn.app/imgs/e988ce/www.diaril.com.uy/diaruy/5078/original/catalogo/SW7400_SW7400_1/1920-1200/sandwichera-ufesa-sw7400-activa-sandwichera-ufesa-sw7400-activa.jpg,3,,
dr-sw7400,,,,,,,,,,,,,,https://f.fcdn.app/imgs/d53475/www.diaril.com.uy/diaruy/dedd/original/catalogo/SW7400_SW7400_2/1500-1500/sandwichera-ufesa-sw7400-activa-sandwichera-ufesa-sw7400-activa.jpg,4,,
dr-sw7400,,,,,,,,,,,,,,https://f.fcdn.app/imgs/807758/www.diaril.com.uy/diaruy/dedd/original/catalogo/SW7400_SW7400_2/1920-1200/sandwichera-ufesa-sw7400-activa-sandwichera-ufesa-sw7400-activa.jpg,5,,
dr-sw7400,,,,,,,,,,,,,,https://f.fcdn.app/imgs/a6f999/www.diaril.com.uy/diaruy/dedd/original/catalogo/SW7400_SW7400_2/1000x1000/sandwichera-ufesa-sw7400-activa-sandwichera-ufesa-sw7400-activa.jpg,6,,
dr-sw7400,,,,,,,,,,,,,,https://f.fcdn.app/imgs/be17de/www.diaril.com.uy/diaruy/9d51/original/catalogo/SW7400_SW7400_3/1500-1500/sandwichera-ufesa-sw7400-activa-sandwichera-ufesa-sw7400-activa.jpg,7,,
dr-sw7400,,,,,,,,,,,,,,https://f.fcdn.app/imgs/1f4b6d/www.diaril.com.uy/diaruy/9d51/original/catalogo/SW7400_SW7400_3/1920-1200/sandwichera-ufesa-sw7400-activa-sandwichera-ufesa-sw7400-activa.jpg,8,,
dr-sw7850,Sandwichera Ufesa SW7850 Activa,<ul><li>• Potencia de 750 W para un calentamiento rápido y eficiente</li><li>• Capacidad para 2 Sándwiches con sellado perfecto de bordes</li><li>• Placas con Recubrimiento Antiadherente de fácil limpieza</li><li>• Sistema de Seguridad: Cierre de placas integrado para un tostado uniforme</li><li>• Pilotos Luminosos de funcionamiento y temperatura óptima</li><li>• Diseño Inteligente: Recogecables en la base y apoyos antideslizantes</li><li>• Cuerpo de toque frío con terminación de alta resistencia</li></ul>,Ufesa,Electro,"Sandwicheras, Ufesa, stock-verificado",TRUE,Color,Sandwichera Ufesa SW7850 Activa,SW7850,1244.00,,10,deny,https://f.fcdn.app/imgs/2e32bc/www.diaril.com.uy/diaruy/fb92/original/catalogo/SW7850_SW7850_1/1000x1000/sandwichera-ufesa-sw7850-activa-sandwichera-ufesa-sw7850-activa.jpg,1,,
dr-sw7850,,,,,,,,,,,,,,https://f.fcdn.app/imgs/53c3d5/www.diaril.com.uy/diaruy/fb92/original/catalogo/SW7850_SW7850_1/1500-1500/sandwichera-ufesa-sw7850-activa-sandwichera-ufesa-sw7850-activa.jpg,2,,
dr-sw7850,,,,,,,,,,,,,,https://f.fcdn.app/imgs/df76dc/www.diaril.com.uy/diaruy/fb92/original/catalogo/SW7850_SW7850_1/1920-1200/sandwichera-ufesa-sw7850-activa-sandwichera-ufesa-sw7850-activa.jpg,3,,
dr-sw7850,,,,,,,,,,,,,,https://f.fcdn.app/imgs/3bdd2e/www.diaril.com.uy/diaruy/4617/original/catalogo/SW7850_SW7850_2/1500-1500/sandwichera-ufesa-sw7850-activa-sandwichera-ufesa-sw7850-activa.jpg,4,,
dr-sw7850,,,,,,,,,,,,,,https://f.fcdn.app/imgs/73822b/www.diaril.com.uy/diaruy/4617/original/catalogo/SW7850_SW7850_2/1920-1200/sandwichera-ufesa-sw7850-activa-sandwichera-ufesa-sw7850-activa.jpg,5,,
dr-sw7850,,,,,,,,,,,,,,https://f.fcdn.app/imgs/a17ace/www.diaril.com.uy/diaruy/4617/original/catalogo/SW7850_SW7850_2/1000x1000/sandwichera-ufesa-sw7850-activa-sandwichera-ufesa-sw7850-activa.jpg,6,,
dr-sw7850,,,,,,,,,,,,,,https://f.fcdn.app/imgs/240bfe/www.diaril.com.uy/diaruy/71c0/original/catalogo/SW7850_SW7850_3/1500-1500/sandwichera-ufesa-sw7850-activa-sandwichera-ufesa-sw7850-activa.jpg,7,,
dr-sw7850,,,,,,,,,,,,,,https://f.fcdn.app/imgs/8387d5/www.diaril.com.uy/diaruy/71c0/original/catalogo/SW7850_SW7850_3/1920-1200/sandwichera-ufesa-sw7850-activa-sandwichera-ufesa-sw7850-activa.jpg,8,,
dr-sw7860,Sandwichera Ufesa SW7860 Activa,<ul><li>• Potencia de 750 W: Calentamiento rápido para resultados crujientes en minutos</li><li>• Capacidad para 2 Sándwiches con diseño de sellado perfecto</li><li>• Diseño Premium: Cuerpo de alta resistencia con detalles en Acero Inoxidable (Inox)</li><li>• Placas con Recubrimiento Antiadherente para una limpieza sin esfuerzo</li><li>• Control Inteligente: Pilotos luminosos de encendido y temperatura óptima</li><li>• Máxima Seguridad: Cierre de bloqueo en el asa y apoyos antideslizantes</li><li>• Almacenamiento Prolijo: Base con sistema recogecables integrado</li><li>• Formato compacto ideal para cualquier espacio de cocina</li></ul>,Ufesa,Electro,"Sandwicheras, Ufesa, stock-verificado",TRUE,Color,Sandwichera Ufesa SW7860 Activa,SW7860,1368.00,,10,deny,https://f.fcdn.app/imgs/49411e/www.diaril.com.uy/diaruy/da2c/original/catalogo/SW7860_SW7860_1/1000x1000/sandwichera-ufesa-sw7860-activa-sandwichera-ufesa-sw7860-activa.jpg,1,,
dr-sw7860,,,,,,,,,,,,,,https://f.fcdn.app/imgs/26c262/www.diaril.com.uy/diaruy/da2c/original/catalogo/SW7860_SW7860_1/1500-1500/sandwichera-ufesa-sw7860-activa-sandwichera-ufesa-sw7860-activa.jpg,2,,
dr-sw7860,,,,,,,,,,,,,,https://f.fcdn.app/imgs/89bb7f/www.diaril.com.uy/diaruy/da2c/original/catalogo/SW7860_SW7860_1/1920-1200/sandwichera-ufesa-sw7860-activa-sandwichera-ufesa-sw7860-activa.jpg,3,,
dr-sw7860,,,,,,,,,,,,,,https://f.fcdn.app/imgs/27141a/www.diaril.com.uy/diaruy/ed0c/original/catalogo/SW7860_SW7860_2/1500-1500/sandwichera-ufesa-sw7860-activa-sandwichera-ufesa-sw7860-activa.jpg,4,,
dr-sw7860,,,,,,,,,,,,,,https://f.fcdn.app/imgs/70c0ab/www.diaril.com.uy/diaruy/ed0c/original/catalogo/SW7860_SW7860_2/1920-1200/sandwichera-ufesa-sw7860-activa-sandwichera-ufesa-sw7860-activa.jpg,5,,
dr-sw7860,,,,,,,,,,,,,,https://f.fcdn.app/imgs/a91728/www.diaril.com.uy/diaruy/ed0c/original/catalogo/SW7860_SW7860_2/1000x1000/sandwichera-ufesa-sw7860-activa-sandwichera-ufesa-sw7860-activa.jpg,6,,
dr-sw7860,,,,,,,,,,,,,,https://f.fcdn.app/imgs/c7c510/www.diaril.com.uy/diaruy/5147/original/catalogo/SW7860_SW7860_3/1500-1500/sandwichera-ufesa-sw7860-activa-sandwichera-ufesa-sw7860-activa.jpg,7,,
dr-sw7860,,,,,,,,,,,,,,https://f.fcdn.app/imgs/0d6955/www.diaril.com.uy/diaruy/5147/original/catalogo/SW7860_SW7860_3/1920-1200/sandwichera-ufesa-sw7860-activa-sandwichera-ufesa-sw7860-activa.jpg,8,,
dr-tt7375,Tostadora Ufesa TT7375,"<ul><li>• Potencia Máxima de 1400W: Tostado rápido y uniforme en menos tiempo</li><li>• Capacidad para 4 Rebanadas: 2 ranuras de gran anchura y profundidad</li><li>• Selector Electrónico de 7 niveles para un dorado preciso a tu gusto</li><li>• Ranuras Reajustables: Perfectas para pan de molde o rebanadas gruesas artesanales</li><li>• Triple Función Integrada: Descongelar, Recalentar y Cancelar</li><li>• Seguridad de Toque Frío: Cuerpo aislado que evita el sobrecalentamiento exterior</li><li>• Mantenimiento Ágil: Bandeja recogemigas extraíble de fácil limpieza</li><li>• Almacenamiento Prolijo: Sistema recogecables en la base inferior</li></ul>",Ufesa,Electro,"Tostadoras, Ufesa, stock-verificado",TRUE,Color,Tostadora Ufesa TT7375,TT7375,2943.00,,10,deny,https://f.fcdn.app/imgs/f2dae3/www.diaril.com.uy/diaruy/ebd9/original/catalogo/TT7375_TT7375_1/1000x1000/tostadora-ufesa-tt7375-tostadora-ufesa-tt7375.jpg,1,,
dr-tt7375,,,,,,,,,,,,,,https://f.fcdn.app/imgs/69ce03/www.diaril.com.uy/diaruy/ebd9/original/catalogo/TT7375_TT7375_1/1500-1500/tostadora-ufesa-tt7375-tostadora-ufesa-tt7375.jpg,2,,
dr-tt7375,,,,,,,,,,,,,,https://f.fcdn.app/imgs/0e0fba/www.diaril.com.uy/diaruy/ebd9/original/catalogo/TT7375_TT7375_1/1920-1200/tostadora-ufesa-tt7375-tostadora-ufesa-tt7375.jpg,3,,
dr-tt7375,,,,,,,,,,,,,,https://f.fcdn.app/imgs/48958d/www.diaril.com.uy/diaruy/46b0/original/catalogo/TT7375_TT7375_2/1500-1500/tostadora-ufesa-tt7375-tostadora-ufesa-tt7375.jpg,4,,
dr-tt7375,,,,,,,,,,,,,,https://f.fcdn.app/imgs/666260/www.diaril.com.uy/diaruy/46b0/original/catalogo/TT7375_TT7375_2/1920-1200/tostadora-ufesa-tt7375-tostadora-ufesa-tt7375.jpg,5,,
dr-tt7375,,,,,,,,,,,,,,https://f.fcdn.app/imgs/bc972b/www.diaril.com.uy/diaruy/46b0/original/catalogo/TT7375_TT7375_2/1000x1000/tostadora-ufesa-tt7375-tostadora-ufesa-tt7375.jpg,6,,
dr-tt7375,,,,,,,,,,,,,,https://f.fcdn.app/imgs/f25921/www.diaril.com.uy/diaruy/4271/original/catalogo/TT7375_TT7375_3/1500-1500/tostadora-ufesa-tt7375-tostadora-ufesa-tt7375.jpg,7,,
dr-tt7375,,,,,,,,,,,,,,https://f.fcdn.app/imgs/63c148/www.diaril.com.uy/diaruy/4271/original/catalogo/TT7375_TT7375_3/1920-1200/tostadora-ufesa-tt7375-tostadora-ufesa-tt7375.jpg,8,,
dr-tt7385,Tostadora Ufesa TT7385,"<ul><li>• Potencia de 750W: Eficiencia y rapidez para el tostado diario</li><li>• 3 Funciones Esenciales: Descongelar, Recalentar y Cancelar en un solo toque</li><li>• Selector Electrónico de 7 niveles para un control total del dorado</li><li>• Ranuras Reajustables XL: Gran anchura y profundidad para pan fino o grueso</li><li>• Cuerpo de Toque Frío: Máxima seguridad que evita quemaduras accidentales</li><li>• Bandeja Recogemigas Extraíble: Limpieza profunda en pocos segundos</li><li>• Sistema Recogecables: Mantiene tu cocina organizada y libre de cables sueltos</li><li>• Diseño Compacto: Ideal para optimizar espacio en la mesada</li></ul>",Ufesa,Electro,"Tostadoras, Ufesa, stock-verificado",TRUE,Color,Tostadora Ufesa TT7385,TT7385,2031.00,,10,deny,https://f.fcdn.app/imgs/c2ee61/www.diaril.com.uy/diaruy/5024/original/catalogo/TT7385_TT7385_1/1000x1000/tostadora-ufesa-tt7385-tostadora-ufesa-tt7385.jpg,1,,
dr-tt7385,,,,,,,,,,,,,,https://f.fcdn.app/imgs/fdea02/www.diaril.com.uy/diaruy/5024/original/catalogo/TT7385_TT7385_1/1500-1500/tostadora-ufesa-tt7385-tostadora-ufesa-tt7385.jpg,2,,
dr-tt7385,,,,,,,,,,,,,,https://f.fcdn.app/imgs/3384e4/www.diaril.com.uy/diaruy/5024/original/catalogo/TT7385_TT7385_1/1920-1200/tostadora-ufesa-tt7385-tostadora-ufesa-tt7385.jpg,3,,
dr-tt7385,,,,,,,,,,,,,,https://f.fcdn.app/imgs/a28917/www.diaril.com.uy/diaruy/03b9/original/catalogo/TT7385_TT7385_2/1500-1500/tostadora-ufesa-tt7385-tostadora-ufesa-tt7385.jpg,4,,
dr-tt7385,,,,,,,,,,,,,,https://f.fcdn.app/imgs/491ce1/www.diaril.com.uy/diaruy/03b9/original/catalogo/TT7385_TT7385_2/1920-1200/tostadora-ufesa-tt7385-tostadora-ufesa-tt7385.jpg,5,,
dr-tt7385,,,,,,,,,,,,,,https://f.fcdn.app/imgs/d2f9cf/www.diaril.com.uy/diaruy/03b9/original/catalogo/TT7385_TT7385_2/1000x1000/tostadora-ufesa-tt7385-tostadora-ufesa-tt7385.jpg,6,,
dr-tt7385,,,,,,,,,,,,,,https://f.fcdn.app/imgs/e1c667/www.diaril.com.uy/diaruy/f34a/original/catalogo/TT7385_TT7385_3/1500-1500/tostadora-ufesa-tt7385-tostadora-ufesa-tt7385.jpg,7,,
dr-tt7385,,,,,,,,,,,,,,https://f.fcdn.app/imgs/93443e/www.diaril.com.uy/diaruy/f34a/original/catalogo/TT7385_TT7385_3/1920-1200/tostadora-ufesa-tt7385-tostadora-ufesa-tt7385.jpg,8,,
dr-tt7985,Tostadora Ufesa TT7985 Optima,"<ul><li>• Potencia de 800W: Tostado rápido y eficiente para el uso diario</li><li>• Capacidad para 2 tostadas con selector electrónico de 6 niveles de dorado</li><li>• Función Extra Elevación: Permite retirar fácilmente hasta las rebanadas más pequeñas</li><li>• Versatilidad 3 en 1: Funciones de Descongelación, Recalentamiento y Parada inmediata</li><li>• Mantenimiento sencillo: Bandeja recogemigas extraíble para una limpieza profunda</li><li>• Diseño compacto y funcional ideal para cualquier mesada</li><li>• Control preciso para lograr la textura perfecta en cada tipo de pan</li></ul>",Ufesa,Electro,"Tostadoras, Ufesa, stock-verificado",TRUE,Color,Tostadora Ufesa TT7985 Optima,TT7985,1948.00,,10,deny,https://f.fcdn.app/imgs/7897b2/www.diaril.com.uy/diaruy/d45b/original/catalogo/TT7985_TT7985_1/1000x1000/tostadora-ufesa-tt7985-optima-tostadora-ufesa-tt7985-optima.jpg,1,,
dr-tt7985,,,,,,,,,,,,,,https://f.fcdn.app/imgs/c95168/www.diaril.com.uy/diaruy/d45b/original/catalogo/TT7985_TT7985_1/1500-1500/tostadora-ufesa-tt7985-optima-tostadora-ufesa-tt7985-optima.jpg,2,,
dr-tt7985,,,,,,,,,,,,,,https://f.fcdn.app/imgs/f1d10d/www.diaril.com.uy/diaruy/d45b/original/catalogo/TT7985_TT7985_1/1920-1200/tostadora-ufesa-tt7985-optima-tostadora-ufesa-tt7985-optima.jpg,3,,
dr-tt7985,,,,,,,,,,,,,,https://f.fcdn.app/imgs/a09851/www.diaril.com.uy/diaruy/75d0/original/catalogo/TT7985_TT7985_2/1500-1500/tostadora-ufesa-tt7985-optima-tostadora-ufesa-tt7985-optima.jpg,4,,
dr-tt7985,,,,,,,,,,,,,,https://f.fcdn.app/imgs/5e9dd3/www.diaril.com.uy/diaruy/75d0/original/catalogo/TT7985_TT7985_2/1920-1200/tostadora-ufesa-tt7985-optima-tostadora-ufesa-tt7985-optima.jpg,5,,
dr-tt7985,,,,,,,,,,,,,,https://f.fcdn.app/imgs/64cabe/www.diaril.com.uy/diaruy/75d0/original/catalogo/TT7985_TT7985_2/1000x1000/tostadora-ufesa-tt7985-optima-tostadora-ufesa-tt7985-optima.jpg,6,,
dr-tt7985,,,,,,,,,,,,,,https://f.fcdn.app/imgs/42bb99/www.diaril.com.uy/diaruy/10cc/original/catalogo/TT7985_TT7985_3/1500-1500/tostadora-ufesa-tt7985-optima-tostadora-ufesa-tt7985-optima.jpg,7,,
dr-tt7985,,,,,,,,,,,,,,https://f.fcdn.app/imgs/f9a620/www.diaril.com.uy/diaruy/10cc/original/catalogo/TT7985_TT7985_3/1920-1200/tostadora-ufesa-tt7985-optima-tostadora-ufesa-tt7985-optima.jpg,8,,
dr-bbs711w,Aspiradora sin cable Bosch BBS711W Unlimited 7,"<ul><li>• Ingeniería Alemana: Motor con 10 años de garantía oficial ""Made in Germany""</li><li>• Eficacia Extrema: 99,9% de recogida de polvo en todo tipo de superficies</li><li>• Sistema RotationClean: Limpieza del filtro higiénica y rápida sin contacto con el polvo</li><li>• Autonomía Extendida: Sistema de batería intercambiable para limpiezas sin fin</li><li>• Kit de Limpieza Profunda: Boquilla especial para colchones y boquilla larga flexible</li><li>• Versatilidad 2 en 1: Cepillo integrado para muebles y tapizados delicados</li><li>• Estación de Acoplamiento: Almacenamiento y carga inteligente en un solo lugar</li><li>• Diseño Ergonómico y liviano para un manejo sin esfuerzo</li></ul>",Bosch,Electro,"Aspiradoras, Bosch, stock-verificado",TRUE,Color,Aspiradora sin cable Bosch BBS711W Unlimited 7,BBS711W,20849.00,,10,deny,https://f.fcdn.app/imgs/407918/www.diaril.com.uy/diaruy/ca9a/original/catalogo/BBS711W_BBS711W_1/1000x1000/aspiradora-sin-cable-bosch-bbs711w-unlimited-7-aspiradora-sin-cable-bosch-bbs711w-unlimited-7.jpg,1,,
dr-bbs711w,,,,,,,,,,,,,,https://f.fcdn.app/imgs/1f1f52/www.diaril.com.uy/diaruy/ca9a/original/catalogo/BBS711W_BBS711W_1/1500-1500/aspiradora-sin-cable-bosch-bbs711w-unlimited-7-aspiradora-sin-cable-bosch-bbs711w-unlimited-7.jpg,2,,
dr-bbs711w,,,,,,,,,,,,,,https://f.fcdn.app/imgs/95dc85/www.diaril.com.uy/diaruy/ca9a/original/catalogo/BBS711W_BBS711W_1/1920-1200/aspiradora-sin-cable-bosch-bbs711w-unlimited-7-aspiradora-sin-cable-bosch-bbs711w-unlimited-7.jpg,3,,
dr-bbs711w,,,,,,,,,,,,,,https://f.fcdn.app/imgs/753d4e/www.diaril.com.uy/diaruy/82de/original/catalogo/BBS711W_BBS711W_2/1500-1500/aspiradora-sin-cable-bosch-bbs711w-unlimited-7-aspiradora-sin-cable-bosch-bbs711w-unlimited-7.jpg,4,,
dr-bbs711w,,,,,,,,,,,,,,https://f.fcdn.app/imgs/98d2c5/www.diaril.com.uy/diaruy/82de/original/catalogo/BBS711W_BBS711W_2/1920-1200/aspiradora-sin-cable-bosch-bbs711w-unlimited-7-aspiradora-sin-cable-bosch-bbs711w-unlimited-7.jpg,5,,
dr-bbs711w,,,,,,,,,,,,,,https://f.fcdn.app/imgs/d753d7/www.diaril.com.uy/diaruy/82de/original/catalogo/BBS711W_BBS711W_2/1000x1000/aspiradora-sin-cable-bosch-bbs711w-unlimited-7-aspiradora-sin-cable-bosch-bbs711w-unlimited-7.jpg,6,,
dr-bbs711w,,,,,,,,,,,,,,https://f.fcdn.app/imgs/258b35/www.diaril.com.uy/diaruy/f7e4/original/catalogo/BBS711W_BBS711W_3/1500-1500/aspiradora-sin-cable-bosch-bbs711w-unlimited-7-aspiradora-sin-cable-bosch-bbs711w-unlimited-7.jpg,7,,
dr-bbs711w,,,,,,,,,,,,,,https://f.fcdn.app/imgs/163792/www.diaril.com.uy/diaruy/f7e4/original/catalogo/BBS711W_BBS711W_3/1920-1200/aspiradora-sin-cable-bosch-bbs711w-unlimited-7-aspiradora-sin-cable-bosch-bbs711w-unlimited-7.jpg,8,,
dr-br-ac18,Aire Acondicionado Bristol BR-AC18 18000 BTU,Aire Acondicionado Bristol BR-AC18 18000 BTU,Bristol,Electro,"Climatización, Bristol, stock-verificado",TRUE,Color,Aire Acondicionado Bristol BR-AC18 18000 BTU,BR-AC18,25865.00,,10,deny,https://f.fcdn.app/imgs/199086/www.diaril.com.uy/diaruy/55cc/original/catalogo/BR-AC18_BR-AC18_1/1000x1000/aire-acondicionado-bristol-br-ac18-18000-btu-aire-acondicionado-bristol-br-ac18-18000-btu.jpg,1,,
dr-br-ac18,,,,,,,,,,,,,,https://f.fcdn.app/imgs/e9744a/www.diaril.com.uy/diaruy/55cc/original/catalogo/BR-AC18_BR-AC18_1/1500-1500/aire-acondicionado-bristol-br-ac18-18000-btu-aire-acondicionado-bristol-br-ac18-18000-btu.jpg,2,,
dr-br-ac18,,,,,,,,,,,,,,https://f.fcdn.app/imgs/4a23e9/www.diaril.com.uy/diaruy/55cc/original/catalogo/BR-AC18_BR-AC18_1/1920-1200/aire-acondicionado-bristol-br-ac18-18000-btu-aire-acondicionado-bristol-br-ac18-18000-btu.jpg,3,,
dr-br-ac18,,,,,,,,,,,,,,https://f.fcdn.app/imgs/5849ba/www.diaril.com.uy/diaruy/3ada/original/catalogo/BR-AC18_BR-AC18_2/1500-1500/aire-acondicionado-bristol-br-ac18-18000-btu-aire-acondicionado-bristol-br-ac18-18000-btu.jpg,4,,
dr-br-ac18,,,,,,,,,,,,,,https://f.fcdn.app/imgs/33a517/www.diaril.com.uy/diaruy/3ada/original/catalogo/BR-AC18_BR-AC18_2/1920-1200/aire-acondicionado-bristol-br-ac18-18000-btu-aire-acondicionado-bristol-br-ac18-18000-btu.jpg,5,,
dr-br-ac18,,,,,,,,,,,,,,https://f.fcdn.app/imgs/d42232/www.diaril.com.uy/diaruy/3ada/original/catalogo/BR-AC18_BR-AC18_2/1000x1000/aire-acondicionado-bristol-br-ac18-18000-btu-aire-acondicionado-bristol-br-ac18-18000-btu.jpg,6,,
dr-br-ac18,,,,,,,,,,,,,,https://f.fcdn.app/imgs/d69a57/www.diaril.com.uy/diaruy/b751/original/catalogo/BR-AC18_BR-AC18_3/1500-1500/aire-acondicionado-bristol-br-ac18-18000-btu-aire-acondicionado-bristol-br-ac18-18000-btu.jpg,7,,
dr-br-ac18,,,,,,,,,,,,,,https://f.fcdn.app/imgs/e45191/www.diaril.com.uy/diaruy/b751/original/catalogo/BR-AC18_BR-AC18_3/1920-1200/aire-acondicionado-bristol-br-ac18-18000-btu-aire-acondicionado-bristol-br-ac18-18000-btu.jpg,8,,
dr-bscoral,Licuadora Ufesa Coral,"<ul><li>• Potencia: 600 W</li><li>• Capacidad: Jarra de 1,5 litros</li><li>• Tapa con cierre hermético y apertura para introducir alimentos</li><li>• 2 niveles de velocidad + Función Turbo</li><li>• 4 cuchillas de acero inoxidable, extraíbles para una limpieza profunda</li><li>• Sistema de bloqueo de seguridad</li><li>• Jarra apta para lavavajillas</li><li>• Pies antideslizantes para mayor estabilidad</li><li>• Protección de seguridad contra sobrecalentamiento del motor</li></ul>",Ufesa,Electro,"Licuadoras, Ufesa, stock-verificado",TRUE,Color,Licuadora Ufesa Coral,BS CORAL,2860.00,,10,deny,https://f.fcdn.app/imgs/cfb8ed/www.diaril.com.uy/diaruy/65c8/original/catalogo/BSCORAL_BSCORAL_1/1000x1000/licuadora-ufesa-coral-licuadora-ufesa-coral.jpg,1,,
dr-bscoral,,,,,,,,,,,,,,https://f.fcdn.app/imgs/02fa98/www.diaril.com.uy/diaruy/65c8/original/catalogo/BSCORAL_BSCORAL_1/1500-1500/licuadora-ufesa-coral-licuadora-ufesa-coral.jpg,2,,
dr-bscoral,,,,,,,,,,,,,,https://f.fcdn.app/imgs/db117a/www.diaril.com.uy/diaruy/65c8/original/catalogo/BSCORAL_BSCORAL_1/1920-1200/licuadora-ufesa-coral-licuadora-ufesa-coral.jpg,3,,
dr-bscoral,,,,,,,,,,,,,,https://f.fcdn.app/imgs/05dbc0/www.diaril.com.uy/diaruy/1eac/original/catalogo/BSCORAL_BSCORAL_2/1500-1500/licuadora-ufesa-coral-licuadora-ufesa-coral.jpg,4,,
dr-bscoral,,,,,,,,,,,,,,https://f.fcdn.app/imgs/6605f2/www.diaril.com.uy/diaruy/1eac/original/catalogo/BSCORAL_BSCORAL_2/1920-1200/licuadora-ufesa-coral-licuadora-ufesa-coral.jpg,5,,
dr-bscoral,,,,,,,,,,,,,,https://f.fcdn.app/imgs/e526d1/www.diaril.com.uy/diaruy/1eac/original/catalogo/BSCORAL_BSCORAL_2/1000x1000/licuadora-ufesa-coral-licuadora-ufesa-coral.jpg,6,,
dr-bscoral,,,,,,,,,,,,,,https://f.fcdn.app/imgs/79d5c5/www.diaril.com.uy/diaruy/1cd8/original/catalogo/BSCORAL_BSCORAL_3/1500-1500/licuadora-ufesa-coral-licuadora-ufesa-coral.jpg,7,,
dr-bscoral,,,,,,,,,,,,,,https://f.fcdn.app/imgs/9b7c24/www.diaril.com.uy/diaruy/1cd8/original/catalogo/BSCORAL_BSCORAL_3/1920-1200/licuadora-ufesa-coral-licuadora-ufesa-coral.jpg,8,,
dr-everest,Grill digital Ufesa Everest,"<ul><li>• Potencia: 2000 W</li><li>• Pantalla táctil intuitiva</li><li>• 5 programas preestablecidos: carne, pollo, pescado, sándwich y hamburguesa</li><li>• 3 niveles de cocinado: poco hecho, a punto y muy hecho</li><li>• Control digital de tiempo (hasta 30 min) y temperatura (hasta 230 ºC)</li><li>• Placas desmontables y antiadherentes de fácil limpieza</li><li>• Apertura versátil de 105º y 180º (formato libro)</li><li>• Bandeja recoge grasa</li><li>• Tamaño de las placas: 29 x 23,2 cm</li><li>• Recoge cables trasero</li><li>• Asas de toque frío</li><li>• Frente y tapa de acero inoxidable</li></ul>",Ufesa,Electro,"Sandwicheras, Ufesa, stock-verificado",TRUE,Color,Grill digital Ufesa Everest,EVEREST,6549.00,,10,deny,https://f.fcdn.app/imgs/2e9a6f/www.diaril.com.uy/diaruy/b1a4/original/catalogo/EVEREST_EVEREST_1/1000x1000/grill-digital-ufesa-everest-grill-digital-ufesa-everest.jpg,1,,
dr-everest,,,,,,,,,,,,,,https://f.fcdn.app/imgs/989e2c/www.diaril.com.uy/diaruy/b1a4/original/catalogo/EVEREST_EVEREST_1/1500-1500/grill-digital-ufesa-everest-grill-digital-ufesa-everest.jpg,2,,
dr-everest,,,,,,,,,,,,,,https://f.fcdn.app/imgs/397e3a/www.diaril.com.uy/diaruy/b1a4/original/catalogo/EVEREST_EVEREST_1/1920-1200/grill-digital-ufesa-everest-grill-digital-ufesa-everest.jpg,3,,
dr-everest,,,,,,,,,,,,,,https://f.fcdn.app/imgs/764aa1/www.diaril.com.uy/diaruy/b94b/original/catalogo/EVEREST_EVEREST_2/1500-1500/grill-digital-ufesa-everest-grill-digital-ufesa-everest.jpg,4,,
dr-everest,,,,,,,,,,,,,,https://f.fcdn.app/imgs/c910f2/www.diaril.com.uy/diaruy/b94b/original/catalogo/EVEREST_EVEREST_2/1920-1200/grill-digital-ufesa-everest-grill-digital-ufesa-everest.jpg,5,,
dr-everest,,,,,,,,,,,,,,https://f.fcdn.app/imgs/71d7b3/www.diaril.com.uy/diaruy/b94b/original/catalogo/EVEREST_EVEREST_2/1000x1000/grill-digital-ufesa-everest-grill-digital-ufesa-everest.jpg,6,,
dr-everest,,,,,,,,,,,,,,https://f.fcdn.app/imgs/b0453b/www.diaril.com.uy/diaruy/7500/original/catalogo/EVEREST_EVEREST_3/1500-1500/grill-digital-ufesa-everest-grill-digital-ufesa-everest.jpg,7,,
dr-everest,,,,,,,,,,,,,,https://f.fcdn.app/imgs/7da298/www.diaril.com.uy/diaruy/7500/original/catalogo/EVEREST_EVEREST_3/1920-1200/grill-digital-ufesa-everest-grill-digital-ufesa-everest.jpg,8,,
dr-haresia,Hervidor de agua Ufesa HA RESIA,"<ul><li>• Potencia: 2200 W</li><li>• Capacidad: 1.7 litros</li><li>• Indicador de nivel de agua</li><li>• Indicador on/off luminoso</li><li>• Tres sistemas de seguridad: Desconexión automática al hervir, por falta de agua y al levantar la jarra</li><li>• Placa calefactora de acero inoxidable con resistencia oculta</li><li>• Sin cable: base con giro de 360º</li><li>• Sistema de apertura fácil de la tapa</li><li>• Recogecables</li></ul>",Ufesa,Electro,"Jarras, Ufesa, stock-verificado",TRUE,Color,Hervidor de agua Ufesa HA RESIA,HA RESIA,1119.00,,10,deny,https://f.fcdn.app/imgs/2b7d22/www.diaril.com.uy/diaruy/f5bc/original/catalogo/HARESIA_HARESIA_1/1000x1000/hervidor-de-agua-ufesa-ha-resia-hervidor-de-agua-ufesa-ha-resia.jpg,1,,
dr-haresia,,,,,,,,,,,,,,https://f.fcdn.app/imgs/91b02d/www.diaril.com.uy/diaruy/f5bc/original/catalogo/HARESIA_HARESIA_1/1500-1500/hervidor-de-agua-ufesa-ha-resia-hervidor-de-agua-ufesa-ha-resia.jpg,2,,
dr-haresia,,,,,,,,,,,,,,https://f.fcdn.app/imgs/79b526/www.diaril.com.uy/diaruy/f5bc/original/catalogo/HARESIA_HARESIA_1/1920-1200/hervidor-de-agua-ufesa-ha-resia-hervidor-de-agua-ufesa-ha-resia.jpg,3,,
dr-haresia,,,,,,,,,,,,,,https://f.fcdn.app/imgs/4f8455/www.diaril.com.uy/diaruy/d390/original/catalogo/HARESIA_HARESIA_2/1500-1500/hervidor-de-agua-ufesa-ha-resia-hervidor-de-agua-ufesa-ha-resia.jpg,4,,
dr-haresia,,,,,,,,,,,,,,https://f.fcdn.app/imgs/4730c0/www.diaril.com.uy/diaruy/d390/original/catalogo/HARESIA_HARESIA_2/1920-1200/hervidor-de-agua-ufesa-ha-resia-hervidor-de-agua-ufesa-ha-resia.jpg,5,,
dr-haresia,,,,,,,,,,,,,,https://f.fcdn.app/imgs/f726b8/www.diaril.com.uy/diaruy/d390/original/catalogo/HARESIA_HARESIA_2/1000x1000/hervidor-de-agua-ufesa-ha-resia-hervidor-de-agua-ufesa-ha-resia.jpg,6,,
dr-haresia,,,,,,,,,,,,,,https://f.fcdn.app/imgs/ecefe7/www.diaril.com.uy/diaruy/f51b/original/catalogo/HARESIA_HARESIA_3/1500-1500/hervidor-de-agua-ufesa-ha-resia-hervidor-de-agua-ufesa-ha-resia.jpg,7,,
dr-haresia,,,,,,,,,,,,,,https://f.fcdn.app/imgs/c218d0/www.diaril.com.uy/diaruy/f51b/original/catalogo/HARESIA_HARESIA_3/1920-1200/hervidor-de-agua-ufesa-ha-resia-hervidor-de-agua-ufesa-ha-resia.jpg,8,,
dr-mmr08r2,Picadora de alimentos Bosch MMR08R2 Rojo,"<ul><li>• Potencia de 400W: Motor eficiente diseñado para un picado rápido y preciso</li><li>• Recipiente Multiuso de 0,8L: Apto tanto para lavavajillas como para microondas</li><li>• Cuchilla Universal de Acero Inoxidable: Máxima durabilidad y excelente rendimiento de corte</li><li>• Fácil Limpieza: Accesorios desmontables y aptos para lavado automático</li><li>• Diseño Compacto con Recogecables: Ahorra espacio y mantiene tu cocina siempre ordenada</li><li>• Versatilidad Total: Ideal para picar verduras, frutos secos, quesos y preparar salsas</li></ul>",Bosch,Electro,"Batidoras, Bosch, stock-verificado",TRUE,Color,Picadora de alimentos Bosch MMR08R2 Rojo,MMR08R2,3689.00,,10,deny,https://f.fcdn.app/imgs/195b73/www.diaril.com.uy/diaruy/c74c/original/catalogo/MMR08R2_MMR08R2_1/1000x1000/picadora-de-alimentos-bosch-mmr08r2-rojo-picadora-de-alimentos-bosch-mmr08r2-rojo.jpg,1,,
dr-mmr08r2,,,,,,,,,,,,,,https://f.fcdn.app/imgs/d0e80c/www.diaril.com.uy/diaruy/c74c/original/catalogo/MMR08R2_MMR08R2_1/1500-1500/picadora-de-alimentos-bosch-mmr08r2-rojo-picadora-de-alimentos-bosch-mmr08r2-rojo.jpg,2,,
dr-mmr08r2,,,,,,,,,,,,,,https://f.fcdn.app/imgs/97bfe8/www.diaril.com.uy/diaruy/c74c/original/catalogo/MMR08R2_MMR08R2_1/1920-1200/picadora-de-alimentos-bosch-mmr08r2-rojo-picadora-de-alimentos-bosch-mmr08r2-rojo.jpg,3,,
dr-mmr08r2,,,,,,,,,,,,,,https://f.fcdn.app/imgs/e2a74a/www.diaril.com.uy/diaruy/b797/original/catalogo/MMR08R2_MMR08R2_2/1500-1500/picadora-de-alimentos-bosch-mmr08r2-rojo-picadora-de-alimentos-bosch-mmr08r2-rojo.jpg,4,,
dr-mmr08r2,,,,,,,,,,,,,,https://f.fcdn.app/imgs/4f409b/www.diaril.com.uy/diaruy/b797/original/catalogo/MMR08R2_MMR08R2_2/1920-1200/picadora-de-alimentos-bosch-mmr08r2-rojo-picadora-de-alimentos-bosch-mmr08r2-rojo.jpg,5,,
dr-mmr08r2,,,,,,,,,,,,,,https://f.fcdn.app/imgs/761a5d/www.diaril.com.uy/diaruy/b797/original/catalogo/MMR08R2_MMR08R2_2/1000x1000/picadora-de-alimentos-bosch-mmr08r2-rojo-picadora-de-alimentos-bosch-mmr08r2-rojo.jpg,6,,
dr-mmr08r2,,,,,,,,,,,,,,https://f.fcdn.app/imgs/7df41e/www.diaril.com.uy/diaruy/9db5/original/catalogo/MMR08R2_MMR08R2_3/1500-1500/picadora-de-alimentos-bosch-mmr08r2-rojo-picadora-de-alimentos-bosch-mmr08r2-rojo.jpg,7,,
dr-mmr08r2,,,,,,,,,,,,,,https://f.fcdn.app/imgs/2a2da3/www.diaril.com.uy/diaruy/9db5/original/catalogo/MMR08R2_MMR08R2_3/1920-1200/picadora-de-alimentos-bosch-mmr08r2-rojo-picadora-de-alimentos-bosch-mmr08r2-rojo.jpg,8,,
dr-mum4880,Robot de cocina Bosch MUM4880 Blanco,"<ul><li>• Sistema MultiMotion Drive: Engranaje dinámico que garantiza un mezclado homogéneo y profesional</li><li>• Potencia de 600W: Motor eficiente con 4 posiciones de velocidad para cada tipo de receta</li><li>• Brazo Multifunción: Tres puntos de accionamiento que optimizan la fuerza según el accesorio</li><li>• Bol de Acero Inoxidable: Capacidad para 2 kg de masa (hasta 0,75 kg de harina más ingredientes)</li><li>• Set de Repostería Profesional: Incluye garfio amasador, varilla batidora y varilla mezcladora</li><li>• Centro de Procesado Completo: Cortador-rallador con 3 discos, jarra batidora de 1L y picador de carne</li><li>• Accesorio Exprimidor: Prepará jugos frescos directamente con tu robot de cocina</li><li>• Máxima Estabilidad y Orden: Pies con ventosas, compartimento para cable y soporte para accesorios</li><li>• Fácil Limpieza: Superficies lisas y accesorios aptos para lavavajillas</li><li>• Inspiración Incluida: Viene con un DVD interactivo de recetas para sacar el máximo provecho</li></ul>",Bosch,Electro,"Batidoras, Bosch, stock-verificado",TRUE,Color,Robot de cocina Bosch MUM4880 Blanco,MUM4880,15337.00,,10,deny,https://f.fcdn.app/imgs/801d80/www.diaril.com.uy/diaruy/ad4e/original/catalogo/MUM4880_MUM4880_1/1000x1000/robot-de-cocina-bosch-mum4880-blanco-robot-de-cocina-bosch-mum4880-blanco.jpg,1,,
dr-mum4880,,,,,,,,,,,,,,https://f.fcdn.app/imgs/c320a4/www.diaril.com.uy/diaruy/ad4e/original/catalogo/MUM4880_MUM4880_1/1500-1500/robot-de-cocina-bosch-mum4880-blanco-robot-de-cocina-bosch-mum4880-blanco.jpg,2,,
dr-mum4880,,,,,,,,,,,,,,https://f.fcdn.app/imgs/4d5c07/www.diaril.com.uy/diaruy/ad4e/original/catalogo/MUM4880_MUM4880_1/1920-1200/robot-de-cocina-bosch-mum4880-blanco-robot-de-cocina-bosch-mum4880-blanco.jpg,3,,
dr-mum4880,,,,,,,,,,,,,,https://f.fcdn.app/imgs/ca0fe4/www.diaril.com.uy/diaruy/f6c0/original/catalogo/MUM4880_MUM4880_2/1500-1500/robot-de-cocina-bosch-mum4880-blanco-robot-de-cocina-bosch-mum4880-blanco.jpg,4,,
dr-mum4880,,,,,,,,,,,,,,https://f.fcdn.app/imgs/df0afb/www.diaril.com.uy/diaruy/f6c0/original/catalogo/MUM4880_MUM4880_2/1920-1200/robot-de-cocina-bosch-mum4880-blanco-robot-de-cocina-bosch-mum4880-blanco.jpg,5,,
dr-mum4880,,,,,,,,,,,,,,https://f.fcdn.app/imgs/19caf9/www.diaril.com.uy/diaruy/f6c0/original/catalogo/MUM4880_MUM4880_2/1000x1000/robot-de-cocina-bosch-mum4880-blanco-robot-de-cocina-bosch-mum4880-blanco.jpg,6,,
dr-mum4880,,,,,,,,,,,,,,https://f.fcdn.app/imgs/18f864/www.diaril.com.uy/diaruy/a2ca/original/catalogo/MUM4880_MUM4880_3/1500-1500/robot-de-cocina-bosch-mum4880-blanco-robot-de-cocina-bosch-mum4880-blanco.jpg,7,,
dr-mum4880,,,,,,,,,,,,,,https://f.fcdn.app/imgs/f5800e/www.diaril.com.uy/diaruy/a2ca/original/catalogo/MUM4880_MUM4880_3/1920-1200/robot-de-cocina-bosch-mum4880-blanco-robot-de-cocina-bosch-mum4880-blanco.jpg,8,,
dr-muz5eb2,Accesorio para helado Bosch MUZ5EB2 p/robot MUM5,<ul><li>• Recipiente Térmico de Doble Pared: Mantiene la temperatura ideal para un congelado perfecto</li><li>• Capacidad para 550g: Tamaño ideal para preparar helados y sorbetes caseros en minutos</li><li>• Batidor con Sistema de Seguridad: Diseño optimizado para una mezcla constante y segura</li><li>• Acoplamiento Ergonómico: Contenedor con borde de agarre para un manejo firme y sencillo</li><li>• Tapa Antisalpicaduras: Incluye embudo integrado para añadir ingredientes durante el proceso</li><li>• Kit Completo: Incluye espátula especial para retirar el helado sin dañar el recipiente</li><li>• Higiene y Durabilidad: Materiales de alta calidad diseñados para el contacto con alimentos</li></ul>,Bosch,Accesorios,Bosch,TRUE,Color,Accesorio para helado Bosch MUZ5EB2 p/robot MUM5,MUZ5EB2,7005.00,,0,deny,https://f.fcdn.app/imgs/f51d22/www.diaril.com.uy/diaruy/1aad/original/catalogo/MUZ5EB2_MUZ5EB2_1/1000x1000/accesorio-para-helado-bosch-muz5eb2-p-robot-mum5-accesorio-para-helado-bosch-muz5eb2-p-robot-mum5.jpg,1,,
dr-muz5eb2,,,,,,,,,,,,,,https://f.fcdn.app/imgs/50a651/www.diaril.com.uy/diaruy/1aad/original/catalogo/MUZ5EB2_MUZ5EB2_1/1500-1500/accesorio-para-helado-bosch-muz5eb2-p-robot-mum5-accesorio-para-helado-bosch-muz5eb2-p-robot-mum5.jpg,2,,
dr-muz5eb2,,,,,,,,,,,,,,https://f.fcdn.app/imgs/85c237/www.diaril.com.uy/diaruy/1aad/original/catalogo/MUZ5EB2_MUZ5EB2_1/1920-1200/accesorio-para-helado-bosch-muz5eb2-p-robot-mum5-accesorio-para-helado-bosch-muz5eb2-p-robot-mum5.jpg,3,,
dr-muz5eb2,,,,,,,,,,,,,,https://f.fcdn.app/imgs/deb2a8/www.diaril.com.uy/diaruy/6748/original/catalogo/MUZ5EB2_MUZ5EB2_2/1500-1500/accesorio-para-helado-bosch-muz5eb2-p-robot-mum5-accesorio-para-helado-bosch-muz5eb2-p-robot-mum5.jpg,4,,
dr-muz5eb2,,,,,,,,,,,,,,https://f.fcdn.app/imgs/7d9c5d/www.diaril.com.uy/diaruy/6748/original/catalogo/MUZ5EB2_MUZ5EB2_2/1920-1200/accesorio-para-helado-bosch-muz5eb2-p-robot-mum5-accesorio-para-helado-bosch-muz5eb2-p-robot-mum5.jpg,5,,
dr-muz5eb2,,,,,,,,,,,,,,https://f.fcdn.app/imgs/54f59a/www.diaril.com.uy/diaruy/6748/original/catalogo/MUZ5EB2_MUZ5EB2_2/1000x1000/accesorio-para-helado-bosch-muz5eb2-p-robot-mum5-accesorio-para-helado-bosch-muz5eb2-p-robot-mum5.jpg,6,,
dr-muz5eb2,,,,,,,,,,,,,,https://f.fcdn.app/imgs/19bb41/www.diaril.com.uy/diaruy/8ab6/original/catalogo/MUZ5EB2_MUZ5EB2_3/1500-1500/accesorio-para-helado-bosch-muz5eb2-p-robot-mum5-accesorio-para-helado-bosch-muz5eb2-p-robot-mum5.jpg,7,,
dr-muz5eb2,,,,,,,,,,,,,,https://f.fcdn.app/imgs/85d7b9/www.diaril.com.uy/diaruy/8ab6/original/catalogo/MUZ5EB2_MUZ5EB2_3/1920-1200/accesorio-para-helado-bosch-muz5eb2-p-robot-mum5-accesorio-para-helado-bosch-muz5eb2-p-robot-mum5.jpg,8,,
dr-muz5fw1,Accesorio Picadora de carne Bosch MUZ5FW1,"<ul><li>• Rendimiento Superior: Capacidad de picado de aproximadamente 1 kg de carne por minuto</li><li>• Disco de Acero Inoxidable: Incluye disco con orificios de 4,5 mm para una textura ideal</li><li>• Kit de Carga Completo: Boca de llenado amplia y empujador de seguridad incluidos</li><li>• Resultados Profesionales: Excelente desempeño incluso con grandes volúmenes de carne</li><li>• Higiene y Durabilidad: Construcción robusta en materiales de alta resistencia</li><li>• Fácil Montaje: Diseñado para acoplarse rápidamente al brazo multifunción de tu robot</li></ul>",Bosch,Accesorios,Bosch,TRUE,Color,Accesorio Picadora de carne Bosch MUZ5FW1,MUZ5FW1,4725.00,,0,deny,https://f.fcdn.app/imgs/a76f02/www.diaril.com.uy/diaruy/1050/original/catalogo/MUZ5FW1_MUZ5FW1_1/1000x1000/accesorio-picadora-de-carne-bosch-muz5fw1-accesorio-picadora-de-carne-bosch-muz5fw1.jpg,1,,
dr-muz5fw1,,,,,,,,,,,,,,https://f.fcdn.app/imgs/6d03e2/www.diaril.com.uy/diaruy/1050/original/catalogo/MUZ5FW1_MUZ5FW1_1/1500-1500/accesorio-picadora-de-carne-bosch-muz5fw1-accesorio-picadora-de-carne-bosch-muz5fw1.jpg,2,,
dr-muz5fw1,,,,,,,,,,,,,,https://f.fcdn.app/imgs/1b66ff/www.diaril.com.uy/diaruy/1050/original/catalogo/MUZ5FW1_MUZ5FW1_1/1920-1200/accesorio-picadora-de-carne-bosch-muz5fw1-accesorio-picadora-de-carne-bosch-muz5fw1.jpg,3,,
dr-muz5fw1,,,,,,,,,,,,,,https://f.fcdn.app/imgs/b3cc3e/www.diaril.com.uy/diaruy/daa8/original/catalogo/MUZ5FW1_MUZ5FW1_2/1500-1500/accesorio-picadora-de-carne-bosch-muz5fw1-accesorio-picadora-de-carne-bosch-muz5fw1.jpg,4,,
dr-muz5fw1,,,,,,,,,,,,,,https://f.fcdn.app/imgs/b4c119/www.diaril.com.uy/diaruy/daa8/original/catalogo/MUZ5FW1_MUZ5FW1_2/1920-1200/accesorio-picadora-de-carne-bosch-muz5fw1-accesorio-picadora-de-carne-bosch-muz5fw1.jpg,5,,
dr-muz5fw1,,,,,,,,,,,,,,https://f.fcdn.app/imgs/99306b/www.diaril.com.uy/diaruy/daa8/original/catalogo/MUZ5FW1_MUZ5FW1_2/1000x1000/accesorio-picadora-de-carne-bosch-muz5fw1-accesorio-picadora-de-carne-bosch-muz5fw1.jpg,6,,
dr-muz5fw1,,,,,,,,,,,,,,https://f.fcdn.app/imgs/94a2f1/www.diaril.com.uy/diaruy/53f4/original/catalogo/MUZ5FW1_MUZ5FW1_3/1500-1500/accesorio-picadora-de-carne-bosch-muz5fw1-accesorio-picadora-de-carne-bosch-muz5fw1.jpg,7,,
dr-muz5fw1,,,,,,,,,,,,,,https://f.fcdn.app/imgs/44ac6c/www.diaril.com.uy/diaruy/53f4/original/catalogo/MUZ5FW1_MUZ5FW1_3/1920-1200/accesorio-picadora-de-carne-bosch-muz5fw1-accesorio-picadora-de-carne-bosch-muz5fw1.jpg,8,,
dr-muz5pp1,Accesorio Pasta Passion Bosch MUZ5PP1 robot MUM5,<ul><li>• Set PastaPassion: La solución definitiva para crear auténtica pasta fresca artesanal en casa</li><li>• Accesorio Profesional para Lasaña: Rodillos de alta precisión para láminas de masa perfectas</li><li>• Accesorio Profesional para Tagliatelle: Corte exacto y uniforme para pastas largas tradicionales</li><li>• Calidad de Construcción: Fabricado en materiales resistentes de grado profesional</li><li>• Resultados Gourmet: Lográ texturas y sabores que solo la pasta recién hecha puede ofrecer</li><li>• Fácil Acoplamiento: Diseñado para integrarse rápidamente al brazo de tu robot de cocina</li></ul>,Bosch,Accesorios,"Bosch, stock-verificado",TRUE,Color,Accesorio Pasta Passion Bosch MUZ5PP1 robot MUM5,MUZ5PP1,10362.00,,10,deny,https://f.fcdn.app/imgs/005ec9/www.diaril.com.uy/diaruy/3cf0/original/catalogo/MUZ5PP1_MUZ5PP1_1/1000x1000/accesorio-pasta-passion-bosch-muz5pp1-robot-mum5-accesorio-pasta-passion-bosch-muz5pp1-robot-mum5.jpg,1,,
dr-muz5pp1,,,,,,,,,,,,,,https://f.fcdn.app/imgs/99dc0b/www.diaril.com.uy/diaruy/3cf0/original/catalogo/MUZ5PP1_MUZ5PP1_1/1500-1500/accesorio-pasta-passion-bosch-muz5pp1-robot-mum5-accesorio-pasta-passion-bosch-muz5pp1-robot-mum5.jpg,2,,
dr-muz5pp1,,,,,,,,,,,,,,https://f.fcdn.app/imgs/6481a4/www.diaril.com.uy/diaruy/3cf0/original/catalogo/MUZ5PP1_MUZ5PP1_1/1920-1200/accesorio-pasta-passion-bosch-muz5pp1-robot-mum5-accesorio-pasta-passion-bosch-muz5pp1-robot-mum5.jpg,3,,
dr-muz5pp1,,,,,,,,,,,,,,https://f.fcdn.app/imgs/6b6c56/www.diaril.com.uy/diaruy/cf31/original/catalogo/MUZ5PP1_MUZ5PP1_2/1500-1500/accesorio-pasta-passion-bosch-muz5pp1-robot-mum5-accesorio-pasta-passion-bosch-muz5pp1-robot-mum5.jpg,4,,
dr-muz5pp1,,,,,,,,,,,,,,https://f.fcdn.app/imgs/a3c7a3/www.diaril.com.uy/diaruy/cf31/original/catalogo/MUZ5PP1_MUZ5PP1_2/1920-1200/accesorio-pasta-passion-bosch-muz5pp1-robot-mum5-accesorio-pasta-passion-bosch-muz5pp1-robot-mum5.jpg,5,,
dr-muz5pp1,,,,,,,,,,,,,,https://f.fcdn.app/imgs/667a85/www.diaril.com.uy/diaruy/cf31/original/catalogo/MUZ5PP1_MUZ5PP1_2/1000x1000/accesorio-pasta-passion-bosch-muz5pp1-robot-mum5-accesorio-pasta-passion-bosch-muz5pp1-robot-mum5.jpg,6,,
dr-muz5pp1,,,,,,,,,,,,,,https://f.fcdn.app/imgs/cabf35/www.diaril.com.uy/diaruy/4730/original/catalogo/MUZ5PP1_MUZ5PP1_3/1500-1500/accesorio-pasta-passion-bosch-muz5pp1-robot-mum5-accesorio-pasta-passion-bosch-muz5pp1-robot-mum5.jpg,7,,
dr-muz5pp1,,,,,,,,,,,,,,https://f.fcdn.app/imgs/411789/www.diaril.com.uy/diaruy/4730/original/catalogo/MUZ5PP1_MUZ5PP1_3/1920-1200/accesorio-pasta-passion-bosch-muz5pp1-robot-mum5-accesorio-pasta-passion-bosch-muz5pp1-robot-mum5.jpg,8,,
dr-muz5zp1,Accesorio Exprimidor Bosch MUZ5ZP1 p/robot MUM5,"<ul><li>• Sistema de Exprimido Eficiente: Cono optimizado para extraer hasta la última gota de cítricos</li><li>• Versatilidad Total: Ideal para preparar jugos frescos de naranja, limón, pomelo o uva</li><li>• Diseño Antisalpicaduras: Boca de vertido diseñada para mantener tu mesada siempre limpia</li><li>• Jarra de Servicio 2 en 1: Gracias a su asa integrada, podés llevarla directamente a la mesa</li><li>• Fácil de Usar: Se acopla de forma sencilla al brazo multifunción de tu robot de cocina</li><li>• Limpieza Práctica: Componentes desmontables que facilitan un lavado rápido y profundo</li></ul>",Bosch,Accesorios,Bosch,TRUE,Color,Accesorio Exprimidor Bosch MUZ5ZP1 p/robot MUM5,MUZ5ZP1,1244.00,,0,deny,https://f.fcdn.app/imgs/0bf656/www.diaril.com.uy/diaruy/be16/original/catalogo/MUZ5ZP1_MUZ5ZP1_1/1000x1000/accesorio-exprimidor-bosch-muz5zp1-p-robot-mum5-accesorio-exprimidor-bosch-muz5zp1-p-robot-mum5.jpg,1,,
dr-muz5zp1,,,,,,,,,,,,,,https://f.fcdn.app/imgs/29d15b/www.diaril.com.uy/diaruy/be16/original/catalogo/MUZ5ZP1_MUZ5ZP1_1/1500-1500/accesorio-exprimidor-bosch-muz5zp1-p-robot-mum5-accesorio-exprimidor-bosch-muz5zp1-p-robot-mum5.jpg,2,,
dr-muz5zp1,,,,,,,,,,,,,,https://f.fcdn.app/imgs/802364/www.diaril.com.uy/diaruy/be16/original/catalogo/MUZ5ZP1_MUZ5ZP1_1/1920-1200/accesorio-exprimidor-bosch-muz5zp1-p-robot-mum5-accesorio-exprimidor-bosch-muz5zp1-p-robot-mum5.jpg,3,,
dr-muz5zp1,,,,,,,,,,,,,,https://f.fcdn.app/imgs/871b76/www.diaril.com.uy/diaruy/033c/original/catalogo/MUZ5ZP1_MUZ5ZP1_2/1500-1500/accesorio-exprimidor-bosch-muz5zp1-p-robot-mum5-accesorio-exprimidor-bosch-muz5zp1-p-robot-mum5.jpg,4,,
dr-muz5zp1,,,,,,,,,,,,,,https://f.fcdn.app/imgs/d2bd06/www.diaril.com.uy/diaruy/033c/original/catalogo/MUZ5ZP1_MUZ5ZP1_2/1920-1200/accesorio-exprimidor-bosch-muz5zp1-p-robot-mum5-accesorio-exprimidor-bosch-muz5zp1-p-robot-mum5.jpg,5,,
dr-muz5zp1,,,,,,,,,,,,,,https://f.fcdn.app/imgs/ca4a77/www.diaril.com.uy/diaruy/033c/original/catalogo/MUZ5ZP1_MUZ5ZP1_2/1000x1000/accesorio-exprimidor-bosch-muz5zp1-p-robot-mum5-accesorio-exprimidor-bosch-muz5zp1-p-robot-mum5.jpg,6,,
dr-muz5zp1,,,,,,,,,,,,,,https://f.fcdn.app/imgs/d2706d/www.diaril.com.uy/diaruy/b80d/original/catalogo/MUZ5ZP1_MUZ5ZP1_3/1500-1500/accesorio-exprimidor-bosch-muz5zp1-p-robot-mum5-accesorio-exprimidor-bosch-muz5zp1-p-robot-mum5.jpg,7,,
dr-muz5zp1,,,,,,,,,,,,,,https://f.fcdn.app/imgs/ae05ff/www.diaril.com.uy/diaruy/b80d/original/catalogo/MUZ5ZP1_MUZ5ZP1_3/1920-1200/accesorio-exprimidor-bosch-muz5zp1-p-robot-mum5-accesorio-exprimidor-bosch-muz5zp1-p-robot-mum5.jpg,8,,
dr-muzs2er,Accesorio bowl para robot MUMS2 Bosch Inox,"<ul><li>• Acero Inoxidable Premium: Material robusto, duradero y de alta calidad para un uso intensivo</li><li>• Higiene Total: Superficie apta para alimentos, completamente insípida y resistente a manchas</li><li>• Fácil Mantenimiento: Diseñado para ser apto para lavavajillas, facilitando una limpieza profunda</li><li>• Máxima Durabilidad: Resistente a golpes y variaciones de temperatura sin perder su brillo</li><li>• Compatibilidad Exclusiva: Accesorio diseñado específicamente para robots de cocina MUM Serie 2</li><li>• Preparaciones Purificadas: No absorbe olores ni sabores, garantizando la pureza de tus mezclas</li></ul>",Bosch,Accesorios,"Bosch, stock-verificado",TRUE,Color,Accesorio bowl para robot MUMS2 Bosch Inox,MUZS2ER,3275.00,,10,deny,https://f.fcdn.app/imgs/7e28d3/www.diaril.com.uy/diaruy/2db7/original/catalogo/MUZS2ER_MUZS2ER_1/1000x1000/accesorio-bowl-para-robot-mums2-bosch-inox-accesorio-bowl-para-robot-mums2-bosch-inox.jpg,1,,
dr-muzs2er,,,,,,,,,,,,,,https://f.fcdn.app/imgs/0ee1c3/www.diaril.com.uy/diaruy/2db7/original/catalogo/MUZS2ER_MUZS2ER_1/1500-1500/accesorio-bowl-para-robot-mums2-bosch-inox-accesorio-bowl-para-robot-mums2-bosch-inox.jpg,2,,
dr-muzs2er,,,,,,,,,,,,,,https://f.fcdn.app/imgs/c353f0/www.diaril.com.uy/diaruy/2db7/original/catalogo/MUZS2ER_MUZS2ER_1/1920-1200/accesorio-bowl-para-robot-mums2-bosch-inox-accesorio-bowl-para-robot-mums2-bosch-inox.jpg,3,,
dr-muzs2er,,,,,,,,,,,,,,https://f.fcdn.app/imgs/19dfa8/www.diaril.com.uy/diaruy/8d85/original/catalogo/MUZS2ER_MUZS2ER_2/1500-1500/accesorio-bowl-para-robot-mums2-bosch-inox-accesorio-bowl-para-robot-mums2-bosch-inox.jpg,4,,
dr-muzs2er,,,,,,,,,,,,,,https://f.fcdn.app/imgs/d324e6/www.diaril.com.uy/diaruy/8d85/original/catalogo/MUZS2ER_MUZS2ER_2/1920-1200/accesorio-bowl-para-robot-mums2-bosch-inox-accesorio-bowl-para-robot-mums2-bosch-inox.jpg,5,,
dr-muzs2er,,,,,,,,,,,,,,https://f.fcdn.app/imgs/7b70f1/www.diaril.com.uy/diaruy/8d85/original/catalogo/MUZS2ER_MUZS2ER_2/1000x1000/accesorio-bowl-para-robot-mums2-bosch-inox-accesorio-bowl-para-robot-mums2-bosch-inox.jpg,6,,
dr-muzs2er,,,,,,,,,,,,,,https://f.fcdn.app/imgs/0c358b/www.diaril.com.uy/diaruy/1b36/original/catalogo/MUZS2ER_MUZS2ER_3/1500-1500/accesorio-bowl-para-robot-mums2-bosch-inox-accesorio-bowl-para-robot-mums2-bosch-inox.jpg,7,,
dr-muzs2er,,,,,,,,,,,,,,https://f.fcdn.app/imgs/145d9e/www.diaril.com.uy/diaruy/1b36/original/catalogo/MUZS2ER_MUZS2ER_3/1920-1200/accesorio-bowl-para-robot-mums2-bosch-inox-accesorio-bowl-para-robot-mums2-bosch-inox.jpg,8,,
dr-muzs2kr,Accesorio bowl plastico MUZS2KR para MUMS2,"<ul><li>• Preparación Flexible: Recipiente adicional ideal para trabajar dos masas en simultáneo</li><li>• Especial para Levaduras: Material plástico de alta calidad que favorece el leudado de masas</li><li>• Diseño Ergonómico: Dispone de asas integradas para un manejo cómodo y seguro</li><li>• Higiene y Salud: Fabricado en material 100% libre de BPA para un contacto seguro</li><li>• Limpieza Práctica: Totalmente apto para lavavajillas, facilitando el orden en la cocina</li><li>• Compatibilidad Garantizada: Accesorio original diseñado para robots Bosch MUM Serie 2</li></ul>",Bosch,Accesorios,Bosch,TRUE,Color,Accesorio bowl plastico MUZS2KR para MUMS2,MUZS2KR,1036.00,,0,deny,https://f.fcdn.app/imgs/377b2e/www.diaril.com.uy/diaruy/8d92/original/catalogo/MUZS2KR_MUZS2KR_1/1000x1000/accesorio-bowl-plastico-muzs2kr-para-mums2-accesorio-bowl-plastico-muzs2kr-para-mums2.jpg,1,,
dr-muzs2kr,,,,,,,,,,,,,,https://f.fcdn.app/imgs/23334e/www.diaril.com.uy/diaruy/8d92/original/catalogo/MUZS2KR_MUZS2KR_1/1500-1500/accesorio-bowl-plastico-muzs2kr-para-mums2-accesorio-bowl-plastico-muzs2kr-para-mums2.jpg,2,,
dr-muzs2kr,,,,,,,,,,,,,,https://f.fcdn.app/imgs/abca93/www.diaril.com.uy/diaruy/8d92/original/catalogo/MUZS2KR_MUZS2KR_1/1920-1200/accesorio-bowl-plastico-muzs2kr-para-mums2-accesorio-bowl-plastico-muzs2kr-para-mums2.jpg,3,,
dr-muzs2kr,,,,,,,,,,,,,,https://f.fcdn.app/imgs/1bcb00/www.diaril.com.uy/diaruy/57c7/original/catalogo/MUZS2KR_MUZS2KR_2/1500-1500/accesorio-bowl-plastico-muzs2kr-para-mums2-accesorio-bowl-plastico-muzs2kr-para-mums2.jpg,4,,
dr-muzs2kr,,,,,,,,,,,,,,https://f.fcdn.app/imgs/423dfd/www.diaril.com.uy/diaruy/57c7/original/catalogo/MUZS2KR_MUZS2KR_2/1920-1200/accesorio-bowl-plastico-muzs2kr-para-mums2-accesorio-bowl-plastico-muzs2kr-para-mums2.jpg,5,,
dr-muzs2kr,,,,,,,,,,,,,,https://f.fcdn.app/imgs/626214/www.diaril.com.uy/diaruy/57c7/original/catalogo/MUZS2KR_MUZS2KR_2/1000x1000/accesorio-bowl-plastico-muzs2kr-para-mums2-accesorio-bowl-plastico-muzs2kr-para-mums2.jpg,6,,
dr-muzs2kr,,,,,,,,,,,,,,https://f.fcdn.app/imgs/21fe52/www.diaril.com.uy/diaruy/26d9/original/catalogo/MUZS2KR_MUZS2KR_3/1500-1500/accesorio-bowl-plastico-muzs2kr-para-mums2-accesorio-bowl-plastico-muzs2kr-para-mums2.jpg,7,,
dr-muzs2kr,,,,,,,,,,,,,,https://f.fcdn.app/imgs/c4871d/www.diaril.com.uy/diaruy/26d9/original/catalogo/MUZS2KR_MUZS2KR_3/1920-1200/accesorio-bowl-plastico-muzs2kr-para-mums2-accesorio-bowl-plastico-muzs2kr-para-mums2.jpg,8,,
dr-pf4500f,Filtro de recambio para purificador Ufesa PF4500F,Filtro de recambio para purificador Ufesa PF4500F,Ufesa,Electro,"Climatización, Ufesa, stock-verificado",TRUE,Color,Filtro de recambio para purificador Ufesa PF4500F,PF4500F,1782.00,,10,deny,https://f.fcdn.app/imgs/5bbd39/www.diaril.com.uy/diaruy/3e05/original/catalogo/PF4500F_PF4500F_1/1000x1000/filtro-de-recambio-para-purificador-ufesa-pf4500f-filtro-de-recambio-para-purificador-ufesa-pf4500f.jpg,1,,
dr-pf4500f,,,,,,,,,,,,,,https://f.fcdn.app/imgs/391803/www.diaril.com.uy/diaruy/3e05/original/catalogo/PF4500F_PF4500F_1/1500-1500/filtro-de-recambio-para-purificador-ufesa-pf4500f-filtro-de-recambio-para-purificador-ufesa-pf4500f.jpg,2,,
dr-pf4500f,,,,,,,,,,,,,,https://f.fcdn.app/imgs/fa17af/www.diaril.com.uy/diaruy/3e05/original/catalogo/PF4500F_PF4500F_1/1920-1200/filtro-de-recambio-para-purificador-ufesa-pf4500f-filtro-de-recambio-para-purificador-ufesa-pf4500f.jpg,3,,
dr-pf4500f,,,,,,,,,,,,,,https://f.fcdn.app/imgs/9ff8a1/www.diaril.com.uy/diaruy/3e05/original/catalogo/PF4500F_PF4500F_1/2000-2000/filtro-de-recambio-para-purificador-ufesa-pf4500f-filtro-de-recambio-para-purificador-ufesa-pf4500f.jpg,4,,
dr-pf4500f,,,,,,,,,,,,,,https://f.fcdn.app/imgs/bb8ff4/www.diaril.com.uy/diaruy/3e05/original/catalogo/PF4500F_PF4500F_1/100x100/filtro-de-recambio-para-purificador-ufesa-pf4500f-filtro-de-recambio-para-purificador-ufesa-pf4500f.jpg,5,,
dr-pf4500f,,,,,,,,,,,,,,https://f.fcdn.app/imgs/7f1a64/www.diaril.com.uy/diaruy/3e05/original/catalogo/PF4500F_PF4500F_1/1000_1000/filtro-de-recambio-para-purificador-ufesa-pf4500f-filtro-de-recambio-para-purificador-ufesa-pf4500f.jpg,6,,
dr-phs1151,Moldeador de pelo Bosch PHS1151 Style to Go,"<ul><li>• Diseño Ultra Compacto: El tamaño perfecto para llevar en la cartera o de viaje y retocarte en cualquier lugar</li><li>• Tecnología 2 en 1: Alisa con placas cerámicas y crea rizos definidos gracias a su superficie exterior de aluminio</li><li>• Placas Alisadoras Cerámicas: Aseguran un deslizamiento suave, protegen el cabello y aportan un brillo intenso</li><li>• Temperatura Profesional de 200°C: Calor constante para resultados rápidos y duraderos en pocos minutos</li><li>• Volumen desde la Raíz: Diseño especializado de placas que permite dar cuerpo y forma desde el nacimiento del cabello</li><li>• Confort de Uso: Cable giratorio que evita enredos y anilla integrada para colgar cómodamente</li><li>• Consumo Eficiente: Potencia de 17W, optimizada para un calentamiento rápido en un formato mini</li></ul>",Bosch,Electro,"Otros, Bosch, stock-verificado",TRUE,Color,Moldeador de pelo Bosch PHS1151 Style to Go,PHS1151,1492.00,,10,deny,https://f.fcdn.app/imgs/9f6acf/www.diaril.com.uy/diaruy/8643/original/catalogo/PHS1151_PHS1151_1/1000x1000/moldeador-de-pelo-bosch-phs1151-style-to-go-moldeador-de-pelo-bosch-phs1151-style-to-go.jpg,1,,
dr-phs1151,,,,,,,,,,,,,,https://f.fcdn.app/imgs/234151/www.diaril.com.uy/diaruy/8643/original/catalogo/PHS1151_PHS1151_1/1500-1500/moldeador-de-pelo-bosch-phs1151-style-to-go-moldeador-de-pelo-bosch-phs1151-style-to-go.jpg,2,,
dr-phs1151,,,,,,,,,,,,,,https://f.fcdn.app/imgs/a6c5af/www.diaril.com.uy/diaruy/8643/original/catalogo/PHS1151_PHS1151_1/1920-1200/moldeador-de-pelo-bosch-phs1151-style-to-go-moldeador-de-pelo-bosch-phs1151-style-to-go.jpg,3,,
dr-phs1151,,,,,,,,,,,,,,https://f.fcdn.app/imgs/022419/www.diaril.com.uy/diaruy/7013/original/catalogo/PHS1151_PHS1151_2/1500-1500/moldeador-de-pelo-bosch-phs1151-style-to-go-moldeador-de-pelo-bosch-phs1151-style-to-go.jpg,4,,
dr-phs1151,,,,,,,,,,,,,,https://f.fcdn.app/imgs/c23293/www.diaril.com.uy/diaruy/7013/original/catalogo/PHS1151_PHS1151_2/1920-1200/moldeador-de-pelo-bosch-phs1151-style-to-go-moldeador-de-pelo-bosch-phs1151-style-to-go.jpg,5,,
dr-phs1151,,,,,,,,,,,,,,https://f.fcdn.app/imgs/69cf03/www.diaril.com.uy/diaruy/7013/original/catalogo/PHS1151_PHS1151_2/1000x1000/moldeador-de-pelo-bosch-phs1151-style-to-go-moldeador-de-pelo-bosch-phs1151-style-to-go.jpg,6,,
dr-phs1151,,,,,,,,,,,,,,https://f.fcdn.app/imgs/cda77a/www.diaril.com.uy/diaruy/8643/original/catalogo/PHS1151_PHS1151_1/2000-2000/moldeador-de-pelo-bosch-phs1151-style-to-go-moldeador-de-pelo-bosch-phs1151-style-to-go.jpg,7,,
dr-phs1151,,,,,,,,,,,,,,https://f.fcdn.app/imgs/12fc04/www.diaril.com.uy/diaruy/8643/original/catalogo/PHS1151_PHS1151_1/100x100/moldeador-de-pelo-bosch-phs1151-style-to-go-moldeador-de-pelo-bosch-phs1151-style-to-go.jpg,8,,
dr-pinup-r,Tostadora Ufesa Classic PinUp Red,"<ul><li>• Potencia de 850W para un tostado rápido y eficiente</li><li>• Diseño Clásico de dos ranuras con Boca Ancha</li><li>• Selector Electrónico de 7 niveles para el dorado perfecto</li><li>• Seguridad Superior: Cuerpo de ""Toque Frío"" para evitar quemaduras</li><li>• Triple Función Integrada: Descongelar, Recalentar y Cancelar</li><li>• Sistema de Autocentrado: Asegura un calor uniforme en ambas caras del pan</li><li>• Mantenimiento Ágil: Bandeja recogemigas extraíble de fácil limpieza</li><li>• Almacenamiento Prolijo: Recogecables integrado en la base</li></ul>",Ufesa,Electro,"Tostadoras, Ufesa, stock-verificado",TRUE,Color,Tostadora Ufesa Classic PinUp Red,PINUP-R,2155.00,,10,deny,https://f.fcdn.app/imgs/ebbd96/www.diaril.com.uy/diaruy/b295/original/catalogo/PINUP-R_PINUP-R_1/1000x1000/tostadora-ufesa-classic-pinup-red-tostadora-ufesa-classic-pinup-red.jpg,1,,
dr-pinup-r,,,,,,,,,,,,,,https://f.fcdn.app/imgs/30fcf5/www.diaril.com.uy/diaruy/b295/original/catalogo/PINUP-R_PINUP-R_1/1500-1500/tostadora-ufesa-classic-pinup-red-tostadora-ufesa-classic-pinup-red.jpg,2,,
dr-pinup-r,,,,,,,,,,,,,,https://f.fcdn.app/imgs/ce2f42/www.diaril.com.uy/diaruy/b295/original/catalogo/PINUP-R_PINUP-R_1/1920-1200/tostadora-ufesa-classic-pinup-red-tostadora-ufesa-classic-pinup-red.jpg,3,,
dr-pinup-r,,,,,,,,,,,,,,https://f.fcdn.app/imgs/b7e6eb/www.diaril.com.uy/diaruy/f5ce/original/catalogo/PINUP-R_PINUP-R_2/1500-1500/tostadora-ufesa-classic-pinup-red-tostadora-ufesa-classic-pinup-red.jpg,4,,
dr-pinup-r,,,,,,,,,,,,,,https://f.fcdn.app/imgs/e5ec7d/www.diaril.com.uy/diaruy/f5ce/original/catalogo/PINUP-R_PINUP-R_2/1920-1200/tostadora-ufesa-classic-pinup-red-tostadora-ufesa-classic-pinup-red.jpg,5,,
dr-pinup-r,,,,,,,,,,,,,,https://f.fcdn.app/imgs/6660c4/www.diaril.com.uy/diaruy/f5ce/original/catalogo/PINUP-R_PINUP-R_2/1000x1000/tostadora-ufesa-classic-pinup-red-tostadora-ufesa-classic-pinup-red.jpg,6,,
dr-pinup-r,,,,,,,,,,,,,,https://f.fcdn.app/imgs/9f4969/www.diaril.com.uy/diaruy/e851/original/catalogo/PINUP-R_PINUP-R_3/1500-1500/tostadora-ufesa-classic-pinup-red-tostadora-ufesa-classic-pinup-red.jpg,7,,
dr-pinup-r,,,,,,,,,,,,,,https://f.fcdn.app/imgs/1753dc/www.diaril.com.uy/diaruy/e851/original/catalogo/PINUP-R_PINUP-R_3/1920-1200/tostadora-ufesa-classic-pinup-red-tostadora-ufesa-classic-pinup-red.jpg,8,,
dr-pinup-w,Tostadora Ufesa Classic PinUp,"<ul><li>• Potencia de 850W para un tostado rápido y eficiente</li><li>• Diseño Clásico de dos ranuras con Boca Ancha</li><li>• Selector Electrónico de 7 niveles para el dorado perfecto</li><li>• Seguridad Superior: Cuerpo de ""Toque Frío"" para evitar quemaduras</li><li>• Triple Función Integrada: Descongelar, Recalentar y Cancelar</li><li>• Sistema de Autocentrado: Asegura un calor uniforme en ambas caras del pan</li><li>• Mantenimiento Ágil: Bandeja recogemigas extraíble de fácil limpieza</li><li>• Almacenamiento Prolijo: Recogecables integrado en la base</li></ul>",Ufesa,Electro,"Tostadoras, Ufesa, stock-verificado",TRUE,Color,Tostadora Ufesa Classic PinUp,PINUP-W,2155.00,,10,deny,https://f.fcdn.app/imgs/7dba70/www.diaril.com.uy/diaruy/78e0/original/catalogo/PINUP-W_PINUP-W_1/1000x1000/tostadora-ufesa-classic-pinup-tostadora-ufesa-classic-pinup.jpg,1,,
dr-pinup-w,,,,,,,,,,,,,,https://f.fcdn.app/imgs/8b314e/www.diaril.com.uy/diaruy/78e0/original/catalogo/PINUP-W_PINUP-W_1/1500-1500/tostadora-ufesa-classic-pinup-tostadora-ufesa-classic-pinup.jpg,2,,
dr-pinup-w,,,,,,,,,,,,,,https://f.fcdn.app/imgs/b5b6fb/www.diaril.com.uy/diaruy/78e0/original/catalogo/PINUP-W_PINUP-W_1/1920-1200/tostadora-ufesa-classic-pinup-tostadora-ufesa-classic-pinup.jpg,3,,
dr-pinup-w,,,,,,,,,,,,,,https://f.fcdn.app/imgs/7cce50/www.diaril.com.uy/diaruy/cc37/original/catalogo/PINUP-W_PINUP-W_2/1500-1500/tostadora-ufesa-classic-pinup-tostadora-ufesa-classic-pinup.jpg,4,,
dr-pinup-w,,,,,,,,,,,,,,https://f.fcdn.app/imgs/0805a2/www.diaril.com.uy/diaruy/cc37/original/catalogo/PINUP-W_PINUP-W_2/1920-1200/tostadora-ufesa-classic-pinup-tostadora-ufesa-classic-pinup.jpg,5,,
dr-pinup-w,,,,,,,,,,,,,,https://f.fcdn.app/imgs/7c1466/www.diaril.com.uy/diaruy/cc37/original/catalogo/PINUP-W_PINUP-W_2/1000x1000/tostadora-ufesa-classic-pinup-tostadora-ufesa-classic-pinup.jpg,6,,
dr-pinup-w,,,,,,,,,,,,,,https://f.fcdn.app/imgs/d0854f/www.diaril.com.uy/diaruy/0460/original/catalogo/PINUP-W_PINUP-W_3/1500-1500/tostadora-ufesa-classic-pinup-tostadora-ufesa-classic-pinup.jpg,7,,
dr-pinup-w,,,,,,,,,,,,,,https://f.fcdn.app/imgs/ad52f1/www.diaril.com.uy/diaruy/0460/original/catalogo/PINUP-W_PINUP-W_3/1920-1200/tostadora-ufesa-classic-pinup-tostadora-ufesa-classic-pinup.jpg,8,,
dr-pv1100c,Plancha a vapor Ufesa PV1100C Daily 2400 W,"<ul><li>• Potencia Máxima: 2400 W para un calentamiento ultra rápido</li><li>• Golpe de vapor de 120g: Elimina las arrugas más difíciles al instante</li><li>• Vapor Constante (0-30g/min) regulable tanto en posición horizontal como vertical</li><li>• Base Cerámica de alta calidad: Deslizamiento suave y protección de tejidos</li><li>• Sistema Antical Doble: Función de autolimpieza y golpe antical para mayor vida útil</li><li>• Tecnología Antigoteo: Evita manchas de agua en la ropa incluso a bajas temperaturas</li><li>• Versatilidad Total: Permite planchado con vapor, en seco y vaporizado vertical</li><li>• Depósito de 280 ml con vaso de llenado incluido</li><li>• Cable Extralargo de 1.9m con clip de fijación y talón diseñado para guardado fácil</li><li>• Función Spray pulverizador para humedecer arrugas rebeldes</li></ul>",Ufesa,Electro,"Planchas, Ufesa, stock-verificado",TRUE,Color,Plancha a vapor Ufesa PV1100C Daily 2400 W,PV1100C,2031.00,,10,deny,https://f.fcdn.app/imgs/b37c3c/www.diaril.com.uy/diaruy/10b0/original/catalogo/PV1100C_PV1100C_1/1000x1000/plancha-a-vapor-ufesa-pv1100c-daily-2400-w-plancha-a-vapor-ufesa-pv1100c-daily-2400-w.jpg,1,,
dr-pv1100c,,,,,,,,,,,,,,https://f.fcdn.app/imgs/5e6386/www.diaril.com.uy/diaruy/10b0/original/catalogo/PV1100C_PV1100C_1/1500-1500/plancha-a-vapor-ufesa-pv1100c-daily-2400-w-plancha-a-vapor-ufesa-pv1100c-daily-2400-w.jpg,2,,
dr-pv1100c,,,,,,,,,,,,,,https://f.fcdn.app/imgs/b5257a/www.diaril.com.uy/diaruy/10b0/original/catalogo/PV1100C_PV1100C_1/1920-1200/plancha-a-vapor-ufesa-pv1100c-daily-2400-w-plancha-a-vapor-ufesa-pv1100c-daily-2400-w.jpg,3,,
dr-pv1100c,,,,,,,,,,,,,,https://f.fcdn.app/imgs/d76da8/www.diaril.com.uy/diaruy/7460/original/catalogo/PV1100C_PV1100C_2/1500-1500/plancha-a-vapor-ufesa-pv1100c-daily-2400-w-plancha-a-vapor-ufesa-pv1100c-daily-2400-w.jpg,4,,
dr-pv1100c,,,,,,,,,,,,,,https://f.fcdn.app/imgs/761b53/www.diaril.com.uy/diaruy/7460/original/catalogo/PV1100C_PV1100C_2/1920-1200/plancha-a-vapor-ufesa-pv1100c-daily-2400-w-plancha-a-vapor-ufesa-pv1100c-daily-2400-w.jpg,5,,
dr-pv1100c,,,,,,,,,,,,,,https://f.fcdn.app/imgs/a37e59/www.diaril.com.uy/diaruy/7460/original/catalogo/PV1100C_PV1100C_2/1000x1000/plancha-a-vapor-ufesa-pv1100c-daily-2400-w-plancha-a-vapor-ufesa-pv1100c-daily-2400-w.jpg,6,,
dr-pv1100c,,,,,,,,,,,,,,https://f.fcdn.app/imgs/d1cfb9/www.diaril.com.uy/diaruy/0f87/original/catalogo/PV1100C_PV1100C_3/1500-1500/plancha-a-vapor-ufesa-pv1100c-daily-2400-w-plancha-a-vapor-ufesa-pv1100c-daily-2400-w.jpg,7,,
dr-pv1100c,,,,,,,,,,,,,,https://f.fcdn.app/imgs/add014/www.diaril.com.uy/diaruy/0f87/original/catalogo/PV1100C_PV1100C_3/1920-1200/plancha-a-vapor-ufesa-pv1100c-daily-2400-w-plancha-a-vapor-ufesa-pv1100c-daily-2400-w.jpg,8,,
dr-seattle,Ventilador de pie Ufesa SEATTLE 40 cm,<ul><li>• Tecnología ULTRAFRESH 5: Sistema de 5 hélices para un caudal de aire máximo</li><li>• Potencia de 50W: Rendimiento eficiente y refrescante</li><li>• Diámetro de 40 cm: Cobertura ideal para habitaciones y salas</li><li>• 3 Velocidades: Ajusta la intensidad de la brisa según tu necesidad</li><li>• Oscilación Automática de 90º: Distribución uniforme en todo el ambiente</li><li>• Altura Regulable: Adaptable a diferentes espacios y situaciones</li><li>• Diseño Portátil: Incluye asa posterior para un traslado cómodo y liviano</li></ul>,Ufesa,Electro,"Climatización, Ufesa, stock-verificado",TRUE,Color,Ventilador de pie Ufesa SEATTLE 40 cm,SEATTLE,3275.00,,10,deny,https://f.fcdn.app/imgs/f11eb8/www.diaril.com.uy/diaruy/1e59/original/catalogo/SEATTLE_SEATTLE_1/1000x1000/ventilador-de-pie-ufesa-seattle-40-cm-ventilador-de-pie-ufesa-seattle-40-cm.jpg,1,,
dr-seattle,,,,,,,,,,,,,,https://f.fcdn.app/imgs/c4c237/www.diaril.com.uy/diaruy/1e59/original/catalogo/SEATTLE_SEATTLE_1/1500-1500/ventilador-de-pie-ufesa-seattle-40-cm-ventilador-de-pie-ufesa-seattle-40-cm.jpg,2,,
dr-seattle,,,,,,,,,,,,,,https://f.fcdn.app/imgs/4b2bee/www.diaril.com.uy/diaruy/1e59/original/catalogo/SEATTLE_SEATTLE_1/1920-1200/ventilador-de-pie-ufesa-seattle-40-cm-ventilador-de-pie-ufesa-seattle-40-cm.jpg,3,,
dr-seattle,,,,,,,,,,,,,,https://f.fcdn.app/imgs/116be4/www.diaril.com.uy/diaruy/959c/original/catalogo/SEATTLE_SEATTLE_2/1500-1500/ventilador-de-pie-ufesa-seattle-40-cm-ventilador-de-pie-ufesa-seattle-40-cm.jpg,4,,
dr-seattle,,,,,,,,,,,,,,https://f.fcdn.app/imgs/f8d18c/www.diaril.com.uy/diaruy/959c/original/catalogo/SEATTLE_SEATTLE_2/1920-1200/ventilador-de-pie-ufesa-seattle-40-cm-ventilador-de-pie-ufesa-seattle-40-cm.jpg,5,,
dr-seattle,,,,,,,,,,,,,,https://f.fcdn.app/imgs/f603cb/www.diaril.com.uy/diaruy/959c/original/catalogo/SEATTLE_SEATTLE_2/1000x1000/ventilador-de-pie-ufesa-seattle-40-cm-ventilador-de-pie-ufesa-seattle-40-cm.jpg,6,,
dr-seattle,,,,,,,,,,,,,,https://f.fcdn.app/imgs/d6b900/www.diaril.com.uy/diaruy/79e8/original/catalogo/SEATTLE_SEATTLE_3/1500-1500/ventilador-de-pie-ufesa-seattle-40-cm-ventilador-de-pie-ufesa-seattle-40-cm.jpg,7,,
dr-seattle,,,,,,,,,,,,,,https://f.fcdn.app/imgs/1e63ed/www.diaril.com.uy/diaruy/79e8/original/catalogo/SEATTLE_SEATTLE_3/1920-1200/ventilador-de-pie-ufesa-seattle-40-cm-ventilador-de-pie-ufesa-seattle-40-cm.jpg,8,,
dr-tat7s45,Tostadora Bosch TAT7S45,"<ul><li>• Gran Capacidad: Espacio para 4 rebanadas de pan, ideal para desayunos familiares</li><li>• Potencia de 1500-1800 W: Rendimiento superior para un tostado rápido en todas sus zonas</li><li>• Centrado Automático: Sistema que asegura que cada rebanada reciba el mismo calor por ambos lados</li><li>• Sensor Electrónico: Tecnología de precisión que mantiene un tostado constante en cada ciclo</li><li>• Selector de 6 Posiciones: Ajuste preciso del nivel de dorado según tu preferencia personal</li><li>• Funciones Especiales: Botones independientes para recalentar y preparar pan congelado</li><li>• Bandeja Recogemigas Desmontable: Facilita la limpieza y el mantenimiento diario de tu cocina</li><li>• Seguridad Total: Sistema de apagado automático si el pan se atasca y botón de cancelar iluminado</li><li>• Diseño Funcional: Alojamiento integrado para el cable, facilitando un almacenamiento ordenado</li></ul>",Bosch,Electro,"Tostadoras, Bosch, stock-verificado",TRUE,Color,Tostadora Bosch TAT7S45,TAT7S45,8207.00,,10,deny,https://f.fcdn.app/imgs/ad0654/www.diaril.com.uy/diaruy/2dc9/original/catalogo/TAT7S45_TAT7S45_1/1000x1000/tostadora-bosch-tat7s45-tostadora-bosch-tat7s45.jpg,1,,
dr-tat7s45,,,,,,,,,,,,,,https://f.fcdn.app/imgs/5cfc63/www.diaril.com.uy/diaruy/2dc9/original/catalogo/TAT7S45_TAT7S45_1/1500-1500/tostadora-bosch-tat7s45-tostadora-bosch-tat7s45.jpg,2,,
dr-tat7s45,,,,,,,,,,,,,,https://f.fcdn.app/imgs/2aa36e/www.diaril.com.uy/diaruy/2dc9/original/catalogo/TAT7S45_TAT7S45_1/1920-1200/tostadora-bosch-tat7s45-tostadora-bosch-tat7s45.jpg,3,,
dr-tat7s45,,,,,,,,,,,,,,https://f.fcdn.app/imgs/b66e3c/www.diaril.com.uy/diaruy/6458/original/catalogo/TAT7S45_TAT7S45_2/1500-1500/tostadora-bosch-tat7s45-tostadora-bosch-tat7s45.jpg,4,,
dr-tat7s45,,,,,,,,,,,,,,https://f.fcdn.app/imgs/9654e9/www.diaril.com.uy/diaruy/6458/original/catalogo/TAT7S45_TAT7S45_2/1920-1200/tostadora-bosch-tat7s45-tostadora-bosch-tat7s45.jpg,5,,
dr-tat7s45,,,,,,,,,,,,,,https://f.fcdn.app/imgs/b61a9f/www.diaril.com.uy/diaruy/6458/original/catalogo/TAT7S45_TAT7S45_2/1000x1000/tostadora-bosch-tat7s45-tostadora-bosch-tat7s45.jpg,6,,
dr-tat7s45,,,,,,,,,,,,,,https://f.fcdn.app/imgs/e9d5bb/www.diaril.com.uy/diaruy/40bd/original/catalogo/TAT7S45_TAT7S45_3/1500-1500/tostadora-bosch-tat7s45-tostadora-bosch-tat7s45.jpg,7,,
dr-tat7s45,,,,,,,,,,,,,,https://f.fcdn.app/imgs/91d2f9/www.diaril.com.uy/diaruy/40bd/original/catalogo/TAT7S45_TAT7S45_3/1920-1200/tostadora-bosch-tat7s45-tostadora-bosch-tat7s45.jpg,8,,
dr-tcg3302,Grill Bosch TCG3302 Multifuncional,"<ul><li>• Multifunción 3 en 1: Tres posiciones para usar como grill de contacto, plancha de asar o para gratinar</li><li>• Potencia Extra de 2.000 W: Calentamiento ultra rápido y mantenimiento de temperatura constante</li><li>• Termostato de Regulación Continua: Ajuste preciso para obtener la temperatura ideal en cada alimento</li><li>• Placas de Aluminio Antiadherentes: Desmontables y aptas para lavavajillas, facilitando una limpieza total</li><li>• Altura Regulable: La placa superior se ajusta para adaptarse al grosor de los alimentos o para gratinar</li><li>• Amplia Superficie Útil: 310 x 220 mm para cocinar múltiples porciones simultáneamente</li><li>• Almacenamiento Vertical: Diseño inteligente que permite guardarlo de pie para ahorrar espacio</li><li>• Control Inteligente: Incluye piloto de calentamiento y guía de asado integrada para resultados perfectos</li></ul>",Bosch,Electro,"Sandwicheras, Bosch, stock-verificado",TRUE,Color,Grill Bosch TCG3302 Multifuncional,TCG3302,8207.00,,10,deny,https://f.fcdn.app/imgs/ef2004/www.diaril.com.uy/diaruy/0472/original/catalogo/TCG3302_TCG3302_1/1000x1000/grill-bosch-tcg3302-multifuncional-grill-bosch-tcg3302-multifuncional.jpg,1,,
dr-tcg3302,,,,,,,,,,,,,,https://f.fcdn.app/imgs/6b77a0/www.diaril.com.uy/diaruy/0472/original/catalogo/TCG3302_TCG3302_1/1500-1500/grill-bosch-tcg3302-multifuncional-grill-bosch-tcg3302-multifuncional.jpg,2,,
dr-tcg3302,,,,,,,,,,,,,,https://f.fcdn.app/imgs/df222c/www.diaril.com.uy/diaruy/0472/original/catalogo/TCG3302_TCG3302_1/1920-1200/grill-bosch-tcg3302-multifuncional-grill-bosch-tcg3302-multifuncional.jpg,3,,
dr-tcg3302,,,,,,,,,,,,,,https://f.fcdn.app/imgs/ec8ccc/www.diaril.com.uy/diaruy/fef8/original/catalogo/TCG3302_TCG3302_2/1500-1500/grill-bosch-tcg3302-multifuncional-grill-bosch-tcg3302-multifuncional.jpg,4,,
dr-tcg3302,,,,,,,,,,,,,,https://f.fcdn.app/imgs/27325b/www.diaril.com.uy/diaruy/fef8/original/catalogo/TCG3302_TCG3302_2/1920-1200/grill-bosch-tcg3302-multifuncional-grill-bosch-tcg3302-multifuncional.jpg,5,,
dr-tcg3302,,,,,,,,,,,,,,https://f.fcdn.app/imgs/01dbc4/www.diaril.com.uy/diaruy/fef8/original/catalogo/TCG3302_TCG3302_2/1000x1000/grill-bosch-tcg3302-multifuncional-grill-bosch-tcg3302-multifuncional.jpg,6,,
dr-tcg3302,,,,,,,,,,,,,,https://f.fcdn.app/imgs/d22348/www.diaril.com.uy/diaruy/9b2b/original/catalogo/TCG3302_TCG3302_3/1500-1500/grill-bosch-tcg3302-multifuncional-grill-bosch-tcg3302-multifuncional.jpg,7,,
dr-tcg3302,,,,,,,,,,,,,,https://f.fcdn.app/imgs/69503b/www.diaril.com.uy/diaruy/9b2b/original/catalogo/TCG3302_TCG3302_3/1920-1200/grill-bosch-tcg3302-multifuncional-grill-bosch-tcg3302-multifuncional.jpg,8,,
dr-bgbs2lb1,Aspiradora con bolsa Bosch BGBS2LB1 color negro,"<ul><li>• Motor HiSpin de Alto Rendimiento: Aspas aerodinámicas para máxima succión con bajo consumo</li><li>• Diseño Ultraligero: Solo 3 kg de peso para una movilidad sin esfuerzo</li><li>• Compatibilidad PowerProtect: Hasta un 60% más de potencia de succión con bolsas Tipo G ALL</li><li>• Filtrado Higiénico: Asegura un aire de salida limpio y libre de impurezas</li><li>• Movilidad 360º: Rueda delantera pivotante y grandes ruedas traseras para un deslizamiento fluido</li><li>• Gran Capacidad en Formato Compacto: Bolsa XL en un cuerpo reducido y fácil de guardar</li><li>• Tubo Telescópico Ajustable para una ergonomía personalizada</li><li>• Funciones de Comodidad: Recogecables automático y sistema de ""Parking"" para pausas</li></ul>",Bosch,Electro,"Aspiradoras, Bosch, stock-verificado",TRUE,Color,Aspiradora con bolsa Bosch BGBS2LB1 color negro,BGBS2LB1,6591.00,,10,deny,https://f.fcdn.app/imgs/40f183/www.diaril.com.uy/diaruy/4912/original/catalogo/BGBS2LB1_BGBS2LB1_1/1000x1000/aspiradora-con-bolsa-bosch-bgbs2lb1-color-negro-aspiradora-con-bolsa-bosch-bgbs2lb1-color-negro.jpg,1,,
dr-bgbs2lb1,,,,,,,,,,,,,,https://f.fcdn.app/imgs/9333e8/www.diaril.com.uy/diaruy/4912/original/catalogo/BGBS2LB1_BGBS2LB1_1/1500-1500/aspiradora-con-bolsa-bosch-bgbs2lb1-color-negro-aspiradora-con-bolsa-bosch-bgbs2lb1-color-negro.jpg,2,,
dr-bgbs2lb1,,,,,,,,,,,,,,https://f.fcdn.app/imgs/5deda7/www.diaril.com.uy/diaruy/4912/original/catalogo/BGBS2LB1_BGBS2LB1_1/1920-1200/aspiradora-con-bolsa-bosch-bgbs2lb1-color-negro-aspiradora-con-bolsa-bosch-bgbs2lb1-color-negro.jpg,3,,
dr-bgbs2lb1,,,,,,,,,,,,,,https://f.fcdn.app/imgs/9090ec/www.diaril.com.uy/diaruy/7a94/original/catalogo/BGBS2LB1_BGBS2LB1_2/1500-1500/aspiradora-con-bolsa-bosch-bgbs2lb1-color-negro-aspiradora-con-bolsa-bosch-bgbs2lb1-color-negro.jpg,4,,
dr-bgbs2lb1,,,,,,,,,,,,,,https://f.fcdn.app/imgs/675581/www.diaril.com.uy/diaruy/7a94/original/catalogo/BGBS2LB1_BGBS2LB1_2/1920-1200/aspiradora-con-bolsa-bosch-bgbs2lb1-color-negro-aspiradora-con-bolsa-bosch-bgbs2lb1-color-negro.jpg,5,,
dr-bgbs2lb1,,,,,,,,,,,,,,https://f.fcdn.app/imgs/397c32/www.diaril.com.uy/diaruy/7a94/original/catalogo/BGBS2LB1_BGBS2LB1_2/1000x1000/aspiradora-con-bolsa-bosch-bgbs2lb1-color-negro-aspiradora-con-bolsa-bosch-bgbs2lb1-color-negro.jpg,6,,
dr-bgbs2lb1,,,,,,,,,,,,,,https://f.fcdn.app/imgs/d7d745/www.diaril.com.uy/diaruy/013c/original/catalogo/BGBS2LB1_BGBS2LB1_3/1500-1500/aspiradora-con-bolsa-bosch-bgbs2lb1-color-negro-aspiradora-con-bolsa-bosch-bgbs2lb1-color-negro.jpg,7,,
dr-bgbs2lb1,,,,,,,,,,,,,,https://f.fcdn.app/imgs/4ee918/www.diaril.com.uy/diaruy/013c/original/catalogo/BGBS2LB1_BGBS2LB1_3/1920-1200/aspiradora-con-bolsa-bosch-bgbs2lb1-color-negro-aspiradora-con-bolsa-bosch-bgbs2lb1-color-negro.jpg,8,,
dr-bhztkit1,Set de accesorios Bosch BHZTKIT1,<ul><li>• Kit de Limpieza Integral: Set de accesorios independientes para máxima versatilidad</li><li>• Manguera Flexible de largo alcance: Ideal para llegar a rincones de difícil acceso</li><li>• Boquilla XL: Mayor cobertura para una succión rápida en áreas amplias</li><li>• Cepillo 2 en 1 para Textiles: Limpieza suave y efectiva en muebles y superficies delicadas</li><li>• Especial Higiene: Cepillo específico diseñado para la limpieza profunda de colchones</li><li>• Protección y Orden: Incluye un práctico maletín de almacenaje para todas las piezas</li><li>• Compatibilidad Extendida: Diseñado para potenciar el uso de tu aspiradora actual</li></ul>,Bosch,Electro,"Aspiradoras, Bosch, stock-verificado",TRUE,Color,Set de accesorios Bosch BHZTKIT1,BHZTKIT1,1658.00,,10,deny,https://f.fcdn.app/imgs/3a7d19/www.diaril.com.uy/diaruy/c5d1/original/catalogo/BHZTKIT1_BHZTKIT1_1/1000x1000/set-de-accesorios-bosch-bhztkit1-set-de-accesorios-bosch-bhztkit1.jpg,1,,
dr-bhztkit1,,,,,,,,,,,,,,https://f.fcdn.app/imgs/7ac452/www.diaril.com.uy/diaruy/c5d1/original/catalogo/BHZTKIT1_BHZTKIT1_1/1500-1500/set-de-accesorios-bosch-bhztkit1-set-de-accesorios-bosch-bhztkit1.jpg,2,,
dr-bhztkit1,,,,,,,,,,,,,,https://f.fcdn.app/imgs/6582ae/www.diaril.com.uy/diaruy/c5d1/original/catalogo/BHZTKIT1_BHZTKIT1_1/1920-1200/set-de-accesorios-bosch-bhztkit1-set-de-accesorios-bosch-bhztkit1.jpg,3,,
dr-bhztkit1,,,,,,,,,,,,,,https://f.fcdn.app/imgs/7fd332/www.diaril.com.uy/diaruy/c5d1/original/catalogo/BHZTKIT1_BHZTKIT1_1/2000-2000/set-de-accesorios-bosch-bhztkit1-set-de-accesorios-bosch-bhztkit1.jpg,4,,
dr-bhztkit1,,,,,,,,,,,,,,https://f.fcdn.app/imgs/298ceb/www.diaril.com.uy/diaruy/c5d1/original/catalogo/BHZTKIT1_BHZTKIT1_1/100x100/set-de-accesorios-bosch-bhztkit1-set-de-accesorios-bosch-bhztkit1.jpg,5,,
dr-bhztkit1,,,,,,,,,,,,,,https://f.fcdn.app/imgs/76ee92/www.diaril.com.uy/diaruy/c5d1/original/catalogo/BHZTKIT1_BHZTKIT1_1/1000_1000/set-de-accesorios-bosch-bhztkit1-set-de-accesorios-bosch-bhztkit1.jpg,6,,
dr-calabria,Cafetera espresso Ufesa Calabria,<ul><li>• Bomba de presión de 20 bares</li><li>• Depósito de agua extraíble de 1.5 litros</li><li>• Portafiltro metálico con filtros para 1 y 2 tazas</li><li>• Vaporizador orientable para preparar cappuccino e infusiones</li><li>• Bandeja recoge gotas extraíble para facilitar la limpieza</li><li>• Bandeja calienta tazas en la parte superior</li><li>• Potencia: 1050 W</li></ul>,Ufesa,Electro,"Cafeteras, Ufesa, stock-verificado",TRUE,Color,Cafetera espresso Ufesa Calabria,CALABRIA,7420.00,,10,deny,https://f.fcdn.app/imgs/a74f41/www.diaril.com.uy/diaruy/5e83/original/catalogo/CALABRIA_CALABRIA_1/1000x1000/cafetera-espresso-ufesa-calabria-cafetera-espresso-ufesa-calabria.jpg,1,,
dr-calabria,,,,,,,,,,,,,,https://f.fcdn.app/imgs/52a262/www.diaril.com.uy/diaruy/5e83/original/catalogo/CALABRIA_CALABRIA_1/1500-1500/cafetera-espresso-ufesa-calabria-cafetera-espresso-ufesa-calabria.jpg,2,,
dr-calabria,,,,,,,,,,,,,,https://f.fcdn.app/imgs/33007f/www.diaril.com.uy/diaruy/5e83/original/catalogo/CALABRIA_CALABRIA_1/1920-1200/cafetera-espresso-ufesa-calabria-cafetera-espresso-ufesa-calabria.jpg,3,,
dr-calabria,,,,,,,,,,,,,,https://f.fcdn.app/imgs/535327/www.diaril.com.uy/diaruy/efab/original/catalogo/CALABRIA_CALABRIA_2/1500-1500/cafetera-espresso-ufesa-calabria-cafetera-espresso-ufesa-calabria.jpg,4,,
dr-calabria,,,,,,,,,,,,,,https://f.fcdn.app/imgs/772c29/www.diaril.com.uy/diaruy/efab/original/catalogo/CALABRIA_CALABRIA_2/1920-1200/cafetera-espresso-ufesa-calabria-cafetera-espresso-ufesa-calabria.jpg,5,,
dr-calabria,,,,,,,,,,,,,,https://f.fcdn.app/imgs/5c5120/www.diaril.com.uy/diaruy/efab/original/catalogo/CALABRIA_CALABRIA_2/1000x1000/cafetera-espresso-ufesa-calabria-cafetera-espresso-ufesa-calabria.jpg,6,,
dr-calabria,,,,,,,,,,,,,,https://f.fcdn.app/imgs/0fce60/www.diaril.com.uy/diaruy/d4d9/original/catalogo/CALABRIA_CALABRIA_3/1500-1500/cafetera-espresso-ufesa-calabria-cafetera-espresso-ufesa-calabria.jpg,7,,
dr-calabria,,,,,,,,,,,,,,https://f.fcdn.app/imgs/5598d6/www.diaril.com.uy/diaruy/d4d9/original/catalogo/CALABRIA_CALABRIA_3/1920-1200/cafetera-espresso-ufesa-calabria-cafetera-espresso-ufesa-calabria.jpg,8,,
dr-es030mix,Termotanque eléctrico Bosch ES030MIX 30 L,"<ul><li>• Capacidad Compacta de 30 Litros: Ideal para hogares pequeños, oficinas o monoambientes</li><li>• Potencia de 1200W: Calentamiento eficiente con un consumo eléctrico equilibrado</li><li>• Tanque de Acero Esmaltado: Recubrimiento porcelanizado de alta calidad para mayor vida útil</li><li>• Aislamiento de Alta Densidad: Capa de poliuretano de 32mm que conserva mejor el calor</li><li>• Protección Anticorrosiva: Ánodo de magnesio y aisladores galvánicos integrados</li><li>• Control Térmico: Selector de ajuste de temperatura para un manejo personalizado</li><li>• Construcción Premium: Cubierta de chapa metálica robusta y tubo de salida en acero inoxidable</li><li>• Diseño Exclusivo Bosch: Estética moderna con anillos distintivos de la marca</li><li>• Garantía de Confianza: 3 años en el tanque y 1 año en componentes eléctricos</li></ul>",Bosch,Electro,"Otros, Bosch, stock-verificado",TRUE,Color,Termotanque eléctrico Bosch ES030MIX 30 L,ES030MIX,8663.00,,10,deny,https://f.fcdn.app/imgs/e09737/www.diaril.com.uy/diaruy/38a1/original/catalogo/ES030MIX_ES030MIX_1/1000x1000/termotanque-electrico-bosch-es030mix-30-l-termotanque-electrico-bosch-es030mix-30-l.jpg,1,,
dr-es030mix,,,,,,,,,,,,,,https://f.fcdn.app/imgs/c1ce14/www.diaril.com.uy/diaruy/38a1/original/catalogo/ES030MIX_ES030MIX_1/1500-1500/termotanque-electrico-bosch-es030mix-30-l-termotanque-electrico-bosch-es030mix-30-l.jpg,2,,
dr-es030mix,,,,,,,,,,,,,,https://f.fcdn.app/imgs/d699e2/www.diaril.com.uy/diaruy/38a1/original/catalogo/ES030MIX_ES030MIX_1/1920-1200/termotanque-electrico-bosch-es030mix-30-l-termotanque-electrico-bosch-es030mix-30-l.jpg,3,,
dr-es030mix,,,,,,,,,,,,,,https://f.fcdn.app/imgs/a548e4/www.diaril.com.uy/diaruy/a821/original/catalogo/ES030MIX_ES030MIX_2/1500-1500/termotanque-electrico-bosch-es030mix-30-l-termotanque-electrico-bosch-es030mix-30-l.jpg,4,,
dr-es030mix,,,,,,,,,,,,,,https://f.fcdn.app/imgs/93ba1a/www.diaril.com.uy/diaruy/a821/original/catalogo/ES030MIX_ES030MIX_2/1920-1200/termotanque-electrico-bosch-es030mix-30-l-termotanque-electrico-bosch-es030mix-30-l.jpg,5,,
dr-es030mix,,,,,,,,,,,,,,https://f.fcdn.app/imgs/665093/www.diaril.com.uy/diaruy/a821/original/catalogo/ES030MIX_ES030MIX_2/1000x1000/termotanque-electrico-bosch-es030mix-30-l-termotanque-electrico-bosch-es030mix-30-l.jpg,6,,
dr-es030mix,,,,,,,,,,,,,,https://f.fcdn.app/imgs/0b7e9f/www.diaril.com.uy/diaruy/5cec/original/catalogo/ES030MIX_ES030MIX_3/1500-1500/termotanque-electrico-bosch-es030mix-30-l-termotanque-electrico-bosch-es030mix-30-l.jpg,7,,
dr-es030mix,,,,,,,,,,,,,,https://f.fcdn.app/imgs/b6ca17/www.diaril.com.uy/diaruy/5cec/original/catalogo/ES030MIX_ES030MIX_3/1920-1200/termotanque-electrico-bosch-es030mix-30-l-termotanque-electrico-bosch-es030mix-30-l.jpg,8,,
dr-es050mix,Termotanque eléctrico Bosch ES050M1X 50 L,<ul><li>• Capacidad Intermedia de 50 Litros: El equilibrio perfecto para hogares de 2 a 3 personas</li><li>• Potencia de 1500W: Calentamiento veloz que asegura disponibilidad de agua caliente</li><li>• Tanque Porcelanizado: Acero esmaltado de alta calidad para una durabilidad superior</li><li>• Aislamiento de Alta Densidad: Capa de poliuretano de 32mm que minimiza la pérdida de calor</li><li>• Protección Galvánica: Incluye ánodo de magnesio y aisladores para prevenir la corrosión</li><li>• Control de Temperatura Ajustable: Selector manual para un manejo simple y preciso</li><li>• Construcción de Alta Gama: Cubierta de chapa metálica robusta y salida de acero inoxidable</li><li>• Eficiencia Energética Clase B: Excelente rendimiento con consumo eléctrico optimizado</li><li>• Garantía Bosch: Respaldo de 3 años en el tanque y 1 año en la parte eléctrica</li></ul>,Bosch,Electro,"Otros, Bosch, stock-verificado",TRUE,Color,Termotanque eléctrico Bosch ES050M1X 50 L,ES050MIX,10321.00,,10,deny,https://f.fcdn.app/imgs/24b9b0/www.diaril.com.uy/diaruy/a4af/original/catalogo/ES050MIX_ES050MIX_1/1000x1000/termotanque-electrico-bosch-es050m1x-50-l-termotanque-electrico-bosch-es050m1x-50-l.jpg,1,,
dr-es050mix,,,,,,,,,,,,,,https://f.fcdn.app/imgs/45e4cc/www.diaril.com.uy/diaruy/a4af/original/catalogo/ES050MIX_ES050MIX_1/1500-1500/termotanque-electrico-bosch-es050m1x-50-l-termotanque-electrico-bosch-es050m1x-50-l.jpg,2,,
dr-es050mix,,,,,,,,,,,,,,https://f.fcdn.app/imgs/c75d4c/www.diaril.com.uy/diaruy/a4af/original/catalogo/ES050MIX_ES050MIX_1/1920-1200/termotanque-electrico-bosch-es050m1x-50-l-termotanque-electrico-bosch-es050m1x-50-l.jpg,3,,
dr-es050mix,,,,,,,,,,,,,,https://f.fcdn.app/imgs/44b21a/www.diaril.com.uy/diaruy/b368/original/catalogo/ES050MIX_ES050MIX_2/1500-1500/termotanque-electrico-bosch-es050m1x-50-l-termotanque-electrico-bosch-es050m1x-50-l.jpg,4,,
dr-es050mix,,,,,,,,,,,,,,https://f.fcdn.app/imgs/1bb944/www.diaril.com.uy/diaruy/b368/original/catalogo/ES050MIX_ES050MIX_2/1920-1200/termotanque-electrico-bosch-es050m1x-50-l-termotanque-electrico-bosch-es050m1x-50-l.jpg,5,,
dr-es050mix,,,,,,,,,,,,,,https://f.fcdn.app/imgs/7232b0/www.diaril.com.uy/diaruy/b368/original/catalogo/ES050MIX_ES050MIX_2/1000x1000/termotanque-electrico-bosch-es050m1x-50-l-termotanque-electrico-bosch-es050m1x-50-l.jpg,6,,
dr-es050mix,,,,,,,,,,,,,,https://f.fcdn.app/imgs/5549b4/www.diaril.com.uy/diaruy/84b3/original/catalogo/ES050MIX_ES050MIX_3/1500-1500/termotanque-electrico-bosch-es050m1x-50-l-termotanque-electrico-bosch-es050m1x-50-l.jpg,7,,
dr-es050mix,,,,,,,,,,,,,,https://f.fcdn.app/imgs/b7f787/www.diaril.com.uy/diaruy/84b3/original/catalogo/ES050MIX_ES050MIX_3/1920-1200/termotanque-electrico-bosch-es050m1x-50-l-termotanque-electrico-bosch-es050m1x-50-l.jpg,8,,
dr-es080mix,Termotanque eléctrico Bosch ES080M1X-KNWVB 80 L,"<ul><li>• Capacidad de 80 Litros: Ideal para familias de 3 a 4 personas</li><li>• Eficiencia Energética Clase A: Máximo ahorro en tu factura de luz</li><li>• Potencia de 2000W: Calentamiento rápido para que nunca te falte agua caliente</li><li>• Aislamiento Premium: Capa de poliuretano de alta densidad (32mm) que conserva el calor</li><li>• Tanque Porcelanizado: Acero esmaltado de alta calidad para una durabilidad extrema</li><li>• Triple Protección: Ánodo de magnesio, aisladores galvánicos y tanque esmaltado</li><li>• Control Personalizado: Selector de ajuste de temperatura manual y sencillo</li><li>• Construcción Robusta: Cubierta de chapa metálica y tubo de salida en acero inoxidable</li><li>• Garantía Bosch: 3 años de respaldo en el tanque y 1 año en componentes eléctricos</li></ul>",Bosch,Electro,"Otros, Bosch, stock-verificado",TRUE,Color,Termotanque eléctrico Bosch ES080M1X-KNWVB 80 L,ES080MIX,13057.00,,10,deny,https://f.fcdn.app/imgs/e1c872/www.diaril.com.uy/diaruy/1f6f/original/catalogo/ES080MIX_ES080MIX_1/1000x1000/termotanque-electrico-bosch-es080m1x-knwvb-80-l-termotanque-electrico-bosch-es080m1x-knwvb-80-l.jpg,1,,
dr-es080mix,,,,,,,,,,,,,,https://f.fcdn.app/imgs/deceb4/www.diaril.com.uy/diaruy/1f6f/original/catalogo/ES080MIX_ES080MIX_1/1500-1500/termotanque-electrico-bosch-es080m1x-knwvb-80-l-termotanque-electrico-bosch-es080m1x-knwvb-80-l.jpg,2,,
dr-es080mix,,,,,,,,,,,,,,https://f.fcdn.app/imgs/4d6dff/www.diaril.com.uy/diaruy/1f6f/original/catalogo/ES080MIX_ES080MIX_1/1920-1200/termotanque-electrico-bosch-es080m1x-knwvb-80-l-termotanque-electrico-bosch-es080m1x-knwvb-80-l.jpg,3,,
dr-es080mix,,,,,,,,,,,,,,https://f.fcdn.app/imgs/379130/www.diaril.com.uy/diaruy/ea64/original/catalogo/ES080MIX_ES080MIX_2/1500-1500/termotanque-electrico-bosch-es080m1x-knwvb-80-l-termotanque-electrico-bosch-es080m1x-knwvb-80-l.jpg,4,,
dr-es080mix,,,,,,,,,,,,,,https://f.fcdn.app/imgs/6242b9/www.diaril.com.uy/diaruy/ea64/original/catalogo/ES080MIX_ES080MIX_2/1920-1200/termotanque-electrico-bosch-es080m1x-knwvb-80-l-termotanque-electrico-bosch-es080m1x-knwvb-80-l.jpg,5,,
dr-es080mix,,,,,,,,,,,,,,https://f.fcdn.app/imgs/b8de86/www.diaril.com.uy/diaruy/ea64/original/catalogo/ES080MIX_ES080MIX_2/1000x1000/termotanque-electrico-bosch-es080m1x-knwvb-80-l-termotanque-electrico-bosch-es080m1x-knwvb-80-l.jpg,6,,
dr-es080mix,,,,,,,,,,,,,,https://f.fcdn.app/imgs/9f75fe/www.diaril.com.uy/diaruy/2f5d/original/catalogo/ES080MIX_ES080MIX_3/1500-1500/termotanque-electrico-bosch-es080m1x-knwvb-80-l-termotanque-electrico-bosch-es080m1x-knwvb-80-l.jpg,7,,
dr-es080mix,,,,,,,,,,,,,,https://f.fcdn.app/imgs/ca32c5/www.diaril.com.uy/diaruy/2f5d/original/catalogo/ES080MIX_ES080MIX_3/1920-1200/termotanque-electrico-bosch-es080m1x-knwvb-80-l-termotanque-electrico-bosch-es080m1x-knwvb-80-l.jpg,8,,
dr-fut-oz75,Ozonizador Futura FUT-OZ75,"<ul><li>• Tecnología de conversión de Oxígeno en Ozono (O3) mediante placas cerámicas</li><li>• Producción de ozono: 7,5 g/h para una desinfección profunda</li><li>• Potencia: 100 W con forzador de aire integrado para una distribución óptima</li><li>• 3 niveles de potencia ajustables: Bajo, Medio y Alto</li><li>• Temporizador (Timer) programable de 0 a 2 horas</li><li>• Funcionamiento ultra silencioso: Menor a 30 dB</li><li>• Acción integral: Elimina virus, bacterias, hongos, moho y olores</li><li>• Ecológico: El ozono residual se reconvierte en oxígeno en 30 minutos</li><li>• Diseño libre de mantenimiento y sin necesidad de filtros</li><li>• Uso versátil: Living, dormitorios, oficinas, cocinas y baños</li><li>• Medidas compactas: 120 x 210 x 180 mm</li></ul>",Futura,Electro,"Climatización, Futura",TRUE,Color,Ozonizador Futura FUT-OZ75,FUT-OZ75,4560.00,,0,deny,https://f.fcdn.app/imgs/f1bd4f/www.diaril.com.uy/diaruy/c8fd/original/catalogo/FUT-OZ75_FUT-OZ75_1/1000x1000/ozonizador-futura-fut-oz75-ozonizador-futura-fut-oz75.jpg,1,,
dr-fut-oz75,,,,,,,,,,,,,,https://f.fcdn.app/imgs/ffbb22/www.diaril.com.uy/diaruy/c8fd/original/catalogo/FUT-OZ75_FUT-OZ75_1/1500-1500/ozonizador-futura-fut-oz75-ozonizador-futura-fut-oz75.jpg,2,,
dr-fut-oz75,,,,,,,,,,,,,,https://f.fcdn.app/imgs/da786d/www.diaril.com.uy/diaruy/c8fd/original/catalogo/FUT-OZ75_FUT-OZ75_1/1920-1200/ozonizador-futura-fut-oz75-ozonizador-futura-fut-oz75.jpg,3,,
dr-fut-oz75,,,,,,,,,,,,,,https://f.fcdn.app/imgs/96577f/www.diaril.com.uy/diaruy/46d0/original/catalogo/FUT-OZ75_FUT-OZ75_2/1500-1500/ozonizador-futura-fut-oz75-ozonizador-futura-fut-oz75.jpg,4,,
dr-fut-oz75,,,,,,,,,,,,,,https://f.fcdn.app/imgs/6e330a/www.diaril.com.uy/diaruy/46d0/original/catalogo/FUT-OZ75_FUT-OZ75_2/1920-1200/ozonizador-futura-fut-oz75-ozonizador-futura-fut-oz75.jpg,5,,
dr-fut-oz75,,,,,,,,,,,,,,https://f.fcdn.app/imgs/92569c/www.diaril.com.uy/diaruy/46d0/original/catalogo/FUT-OZ75_FUT-OZ75_2/1000x1000/ozonizador-futura-fut-oz75-ozonizador-futura-fut-oz75.jpg,6,,
dr-fut-oz75,,,,,,,,,,,,,,https://f.fcdn.app/imgs/cc8507/www.diaril.com.uy/diaruy/b08c/original/catalogo/FUT-OZ75_FUT-OZ75_3/1500-1500/ozonizador-futura-fut-oz75-ozonizador-futura-fut-oz75.jpg,7,,
dr-fut-oz75,,,,,,,,,,,,,,https://f.fcdn.app/imgs/26bc31/www.diaril.com.uy/diaruy/b08c/original/catalogo/FUT-OZ75_FUT-OZ75_3/1920-1200/ozonizador-futura-fut-oz75-ozonizador-futura-fut-oz75.jpg,8,,
dr-fut-pi2z,Anafe de inducción Futura Plus FUT-PI2Z,<ul><li>• Tecnología de Inducción de alta eficiencia</li><li>• Potencia total: 3300 W</li><li>• 2 zonas de cocción independientes:</li><li>• Zona superior: 1800 W</li><li>• Zona inferior: 1500 W</li><li>• Detección automática de utensilios (solo calienta al contacto con el recipiente)</li><li>• Superficie de cristal pulido de alta resistencia en color negro</li><li>• 9 niveles de temperatura para un control preciso del calor</li><li>• Temporizador (Timer) programable hasta 99 minutos</li><li>• Sistemas de seguridad: Apagado automático y Bloqueo para niños</li><li>• Protección contra sobrecalentamiento e indicador de calor residual</li><li>• Medidas: Ancho 300 mm | Profundidad 520 mm | Altura 58 mm</li><li>• Medidas de encastre: Ancho 275 mm | Profundidad 495 mm</li></ul>,Futura,Electro,"Cocinas, Futura, stock-verificado",TRUE,Color,Anafe de inducción Futura Plus FUT-PI2Z,FUT-PI2Z,8249.00,,10,deny,https://f.fcdn.app/imgs/6d97a2/www.diaril.com.uy/diaruy/a0c7/original/catalogo/FUT-PI2Z_FUT-PI2Z_1/1000x1000/anafe-de-induccion-futura-plus-fut-pi2z-anafe-de-induccion-futura-plus-fut-pi2z.jpg,1,,
dr-fut-pi2z,,,,,,,,,,,,,,https://f.fcdn.app/imgs/eac8a6/www.diaril.com.uy/diaruy/a0c7/original/catalogo/FUT-PI2Z_FUT-PI2Z_1/1500-1500/anafe-de-induccion-futura-plus-fut-pi2z-anafe-de-induccion-futura-plus-fut-pi2z.jpg,2,,
dr-fut-pi2z,,,,,,,,,,,,,,https://f.fcdn.app/imgs/26e48a/www.diaril.com.uy/diaruy/a0c7/original/catalogo/FUT-PI2Z_FUT-PI2Z_1/1920-1200/anafe-de-induccion-futura-plus-fut-pi2z-anafe-de-induccion-futura-plus-fut-pi2z.jpg,3,,
dr-fut-pi2z,,,,,,,,,,,,,,https://f.fcdn.app/imgs/8a9598/www.diaril.com.uy/diaruy/a0c7/original/catalogo/FUT-PI2Z_FUT-PI2Z_1/2000-2000/anafe-de-induccion-futura-plus-fut-pi2z-anafe-de-induccion-futura-plus-fut-pi2z.jpg,4,,
dr-fut-pi2z,,,,,,,,,,,,,,https://f.fcdn.app/imgs/57a6f1/www.diaril.com.uy/diaruy/a0c7/original/catalogo/FUT-PI2Z_FUT-PI2Z_1/100x100/anafe-de-induccion-futura-plus-fut-pi2z-anafe-de-induccion-futura-plus-fut-pi2z.jpg,5,,
dr-fut-pi2z,,,,,,,,,,,,,,https://f.fcdn.app/imgs/363982/www.diaril.com.uy/diaruy/a0c7/original/catalogo/FUT-PI2Z_FUT-PI2Z_1/1000_1000/anafe-de-induccion-futura-plus-fut-pi2z-anafe-de-induccion-futura-plus-fut-pi2z.jpg,6,,
dr-fut-pv2z,Anafe vitrocerámico Futura Plus FUT-PV2Z,"<ul><li>• Potencia: 3000W</li><li>• 2 zonas simples: zona arriba de 1800w, zona abajo de 1200w</li><li>• Placa en cristal pulido color negro</li><li>• 9 niveles de temperatura</li><li>• Timer: 99min</li><li>• Apagado automático de seguridad</li><li>• Protección contra el sobrecalentamiento</li><li>• Sistema de bloqueo para niños</li><li>• Indicador de calor residual</li><li>• Medidas del producto (axpxh) (mm): 300x520x58</li></ul>",Futura,Electro,"Cocinas, Futura, stock-verificado",TRUE,Color,Anafe vitrocerámico Futura Plus FUT-PV2Z,FUT-PV2Z,5762.00,,10,deny,https://f.fcdn.app/imgs/33d90f/www.diaril.com.uy/diaruy/b910/original/catalogo/FUT-PV2Z_FUT-PV2Z_1/1000x1000/anafe-vitroceramico-futura-plus-fut-pv2z-anafe-vitroceramico-futura-plus-fut-pv2z.jpg,1,,
dr-fut-pv2z,,,,,,,,,,,,,,https://f.fcdn.app/imgs/230140/www.diaril.com.uy/diaruy/b910/original/catalogo/FUT-PV2Z_FUT-PV2Z_1/1500-1500/anafe-vitroceramico-futura-plus-fut-pv2z-anafe-vitroceramico-futura-plus-fut-pv2z.jpg,2,,
dr-fut-pv2z,,,,,,,,,,,,,,https://f.fcdn.app/imgs/3f57cc/www.diaril.com.uy/diaruy/b910/original/catalogo/FUT-PV2Z_FUT-PV2Z_1/1920-1200/anafe-vitroceramico-futura-plus-fut-pv2z-anafe-vitroceramico-futura-plus-fut-pv2z.jpg,3,,
dr-fut-pv2z,,,,,,,,,,,,,,https://f.fcdn.app/imgs/881e44/www.diaril.com.uy/diaruy/b910/original/catalogo/FUT-PV2Z_FUT-PV2Z_1/2000-2000/anafe-vitroceramico-futura-plus-fut-pv2z-anafe-vitroceramico-futura-plus-fut-pv2z.jpg,4,,
dr-fut-pv2z,,,,,,,,,,,,,,https://f.fcdn.app/imgs/588eb1/www.diaril.com.uy/diaruy/b910/original/catalogo/FUT-PV2Z_FUT-PV2Z_1/100x100/anafe-vitroceramico-futura-plus-fut-pv2z-anafe-vitroceramico-futura-plus-fut-pv2z.jpg,5,,
dr-fut-pv2z,,,,,,,,,,,,,,https://f.fcdn.app/imgs/432bb5/www.diaril.com.uy/diaruy/b910/original/catalogo/FUT-PV2Z_FUT-PV2Z_1/1000_1000/anafe-vitroceramico-futura-plus-fut-pv2z-anafe-vitroceramico-futura-plus-fut-pv2z.jpg,6,,
dr-fut-pv4z,Anafe vitrocerámico Futura Plus FUT-PV4Z,<ul><li>• Potencia total: 6400 W</li><li>• 4 zonas de cocción independientes:</li><li>Inferior izquierda: Zona doble de 2200 W</li><li>Superior izquierda: Zona simple de 1200 W</li><li>Superior derecha: Zona simple de 1800 W</li><li>Inferior derecha: Zona simple de 1200 W</li><li>• Superficie de cristal pulido de alta resistencia en color negro</li><li>• 9 niveles de temperatura por zona para un control preciso</li><li>• Temporizador (Timer) programable hasta 99 minutos</li><li>• Sistema de seguridad con apagado automático</li><li>• Protección avanzada contra sobrecalentamiento</li><li>• Bloqueo de seguridad para niños (Child Lock)</li><li>• Indicador de calor residual para prevención de quemaduras</li><li>• Medidas: Ancho 590 mm | Profundidad 520 mm | Altura 58 mm</li></ul>,Futura,Electro,"Cocinas, Futura, stock-verificado",TRUE,Color,Anafe vitrocerámico Futura Plus FUT-PV4Z,FUT-PV4Z,9078.00,,10,deny,https://f.fcdn.app/imgs/5150bf/www.diaril.com.uy/diaruy/74a1/original/catalogo/FUT-PV4Z_FUT-PV4Z_1/1000x1000/anafe-vitroceramico-futura-plus-fut-pv4z-anafe-vitroceramico-futura-plus-fut-pv4z.jpg,1,,
dr-fut-pv4z,,,,,,,,,,,,,,https://f.fcdn.app/imgs/1b3b4a/www.diaril.com.uy/diaruy/74a1/original/catalogo/FUT-PV4Z_FUT-PV4Z_1/1500-1500/anafe-vitroceramico-futura-plus-fut-pv4z-anafe-vitroceramico-futura-plus-fut-pv4z.jpg,2,,
dr-fut-pv4z,,,,,,,,,,,,,,https://f.fcdn.app/imgs/4a507d/www.diaril.com.uy/diaruy/74a1/original/catalogo/FUT-PV4Z_FUT-PV4Z_1/1920-1200/anafe-vitroceramico-futura-plus-fut-pv4z-anafe-vitroceramico-futura-plus-fut-pv4z.jpg,3,,
dr-fut-pv4z,,,,,,,,,,,,,,https://f.fcdn.app/imgs/6cce62/www.diaril.com.uy/diaruy/74a1/original/catalogo/FUT-PV4Z_FUT-PV4Z_1/2000-2000/anafe-vitroceramico-futura-plus-fut-pv4z-anafe-vitroceramico-futura-plus-fut-pv4z.jpg,4,,
dr-fut-pv4z,,,,,,,,,,,,,,https://f.fcdn.app/imgs/5a0c4a/www.diaril.com.uy/diaruy/74a1/original/catalogo/FUT-PV4Z_FUT-PV4Z_1/100x100/anafe-vitroceramico-futura-plus-fut-pv4z-anafe-vitroceramico-futura-plus-fut-pv4z.jpg,5,,
dr-fut-pv4z,,,,,,,,,,,,,,https://f.fcdn.app/imgs/8357de/www.diaril.com.uy/diaruy/74a1/original/catalogo/FUT-PV4Z_FUT-PV4Z_1/1000_1000/anafe-vitroceramico-futura-plus-fut-pv4z-anafe-vitroceramico-futura-plus-fut-pv4z.jpg,6,,
dr-fut8-728,Lavarropas Futura FUT8-728 Carga superior 8 kg,"<ul><li>• Capacidad de carga: 8 kg</li><li>• Velocidad de centrifugado: 800 rpm</li><li>• Panel de control digital de uso intuitivo</li><li>• 8 programas de lavado: Remojo, Lavado, Centrifugado, Secado aire, Normal, Estándar, Pesado y Rápido</li><li>• Gabinete con dispensador automático de detergente</li><li>• 8 niveles de agua seleccionables para optimizar el consumo</li><li>• Cuba de acero inoxidable de alta durabilidad</li><li>• Sistema de desagüe con bomba integrada</li><li>• Alarma sonora de finalización de ciclo</li><li>• Tapa transparente abatible para supervisión del proceso</li><li>• Gabinete de PVC de alto impacto resistente a la corrosión</li><li>• Asas laterales para facilitar el transporte</li><li>• Medidas: Ancho 50 cm | Profundidad 51 cm | Altura 88 cm</li></ul>",Futura,Electro,"Lavarropas, Futura, stock-verificado",TRUE,Color,Lavarropas Futura FUT8-728 Carga superior 8 kg,FUT8-728,15710.00,,10,deny,https://f.fcdn.app/imgs/7be84f/www.diaril.com.uy/diaruy/dc64/original/catalogo/FUT8-728_FUT8-728_1/1000x1000/lavarropas-futura-fut8-728-carga-superior-8-kg-lavarropas-futura-fut8-728-carga-superior-8-kg.jpg,1,,
dr-fut8-728,,,,,,,,,,,,,,https://f.fcdn.app/imgs/6b090e/www.diaril.com.uy/diaruy/dc64/original/catalogo/FUT8-728_FUT8-728_1/1500-1500/lavarropas-futura-fut8-728-carga-superior-8-kg-lavarropas-futura-fut8-728-carga-superior-8-kg.jpg,2,,
dr-fut8-728,,,,,,,,,,,,,,https://f.fcdn.app/imgs/8a746f/www.diaril.com.uy/diaruy/dc64/original/catalogo/FUT8-728_FUT8-728_1/1920-1200/lavarropas-futura-fut8-728-carga-superior-8-kg-lavarropas-futura-fut8-728-carga-superior-8-kg.jpg,3,,
dr-fut8-728,,,,,,,,,,,,,,https://f.fcdn.app/imgs/969371/www.diaril.com.uy/diaruy/dc64/original/catalogo/FUT8-728_FUT8-728_1/2000-2000/lavarropas-futura-fut8-728-carga-superior-8-kg-lavarropas-futura-fut8-728-carga-superior-8-kg.jpg,4,,
dr-fut8-728,,,,,,,,,,,,,,https://f.fcdn.app/imgs/64c357/www.diaril.com.uy/diaruy/dc64/original/catalogo/FUT8-728_FUT8-728_1/100x100/lavarropas-futura-fut8-728-carga-superior-8-kg-lavarropas-futura-fut8-728-carga-superior-8-kg.jpg,5,,
dr-fut8-728,,,,,,,,,,,,,,https://f.fcdn.app/imgs/555cd7/www.diaril.com.uy/diaruy/dc64/original/catalogo/FUT8-728_FUT8-728_1/1000_1000/lavarropas-futura-fut8-728-carga-superior-8-kg-lavarropas-futura-fut8-728-carga-superior-8-kg.jpg,6,,
dr-goteborg,Ventilador de mesa Ufesa GOTEBORG,<ul><li>• Potencia: 45 W</li><li>• Diámetro: 30 cm</li><li>• 3 niveles de velocidad</li><li>• Tecnología ULTRAFRESH 5: 5 hélices para un caudal de aire mayor y constante</li><li>• Oscilación lateral (derecha/izquierda)</li><li>• Cabezal orientable verticalmente</li><li>• Asa posterior para fácil transporte</li></ul>,Ufesa,Electro,"Climatización, Ufesa, stock-verificado",TRUE,Color,Ventilador de mesa Ufesa GOTEBORG,GOTEBORG,2031.00,,10,deny,https://f.fcdn.app/imgs/f6b531/www.diaril.com.uy/diaruy/3514/original/catalogo/GOTEBORG_GOTEBORG_1/1000x1000/ventilador-de-mesa-ufesa-goteborg-ventilador-de-mesa-ufesa-goteborg.jpg,1,,
dr-goteborg,,,,,,,,,,,,,,https://f.fcdn.app/imgs/8585be/www.diaril.com.uy/diaruy/3514/original/catalogo/GOTEBORG_GOTEBORG_1/1500-1500/ventilador-de-mesa-ufesa-goteborg-ventilador-de-mesa-ufesa-goteborg.jpg,2,,
dr-goteborg,,,,,,,,,,,,,,https://f.fcdn.app/imgs/2bdad6/www.diaril.com.uy/diaruy/3514/original/catalogo/GOTEBORG_GOTEBORG_1/1920-1200/ventilador-de-mesa-ufesa-goteborg-ventilador-de-mesa-ufesa-goteborg.jpg,3,,
dr-goteborg,,,,,,,,,,,,,,https://f.fcdn.app/imgs/a17325/www.diaril.com.uy/diaruy/a224/original/catalogo/GOTEBORG_GOTEBORG_2/1500-1500/ventilador-de-mesa-ufesa-goteborg-ventilador-de-mesa-ufesa-goteborg.jpg,4,,
dr-goteborg,,,,,,,,,,,,,,https://f.fcdn.app/imgs/8a821c/www.diaril.com.uy/diaruy/a224/original/catalogo/GOTEBORG_GOTEBORG_2/1920-1200/ventilador-de-mesa-ufesa-goteborg-ventilador-de-mesa-ufesa-goteborg.jpg,5,,
dr-goteborg,,,,,,,,,,,,,,https://f.fcdn.app/imgs/b546c8/www.diaril.com.uy/diaruy/a224/original/catalogo/GOTEBORG_GOTEBORG_2/1000x1000/ventilador-de-mesa-ufesa-goteborg-ventilador-de-mesa-ufesa-goteborg.jpg,6,,
dr-goteborg,,,,,,,,,,,,,,https://f.fcdn.app/imgs/0247ed/www.diaril.com.uy/diaruy/3514/original/catalogo/GOTEBORG_GOTEBORG_1/2000-2000/ventilador-de-mesa-ufesa-goteborg-ventilador-de-mesa-ufesa-goteborg.jpg,7,,
dr-goteborg,,,,,,,,,,,,,,https://f.fcdn.app/imgs/50c0e4/www.diaril.com.uy/diaruy/3514/original/catalogo/GOTEBORG_GOTEBORG_1/100x100/ventilador-de-mesa-ufesa-goteborg-ventilador-de-mesa-ufesa-goteborg.jpg,8,,
dr-kalahari,Aspiradora escoba Ufesa Kalahari,"<ul><li>• Potencia y Libertad: Batería de Litio de 22.2VDC sin cables</li><li>• Autonomía Extendida: Hasta 40 minutos de uso continuo</li><li>• Sistema Ciclónico de alta eficiencia para una succión constante</li><li>• Cepillo Motorizado de alto rendimiento para alfombras y pisos duros</li><li>• Cuerpo Desmontable: Se convierte fácilmente en aspiradora de mano</li><li>• Iluminación LED integrada para detectar suciedad en zonas oscuras</li><li>• Capacidad del depósito: 0.8 Litros con vaciado higiénico</li><li>• Diseño Protegido: Ruedas de goma para evitar rayones en pisos delicados</li><li>• Carga Rápida: Lista en 4 horas</li><li>• Accesorios Incluidos: Herramienta para hendiduras, cepillo 2 en 1 y soporte de pared</li></ul>",Ufesa,Electro,"Aspiradoras, Ufesa, stock-verificado",TRUE,Color,Aspiradora escoba Ufesa Kalahari,KALAHARI,7585.00,,10,deny,https://f.fcdn.app/imgs/dbfc1e/www.diaril.com.uy/diaruy/7a31/original/catalogo/KALAHARI_KALAHARI_1/1000x1000/aspiradora-escoba-ufesa-kalahari-aspiradora-escoba-ufesa-kalahari.jpg,1,,
dr-kalahari,,,,,,,,,,,,,,https://f.fcdn.app/imgs/c2e2e7/www.diaril.com.uy/diaruy/7a31/original/catalogo/KALAHARI_KALAHARI_1/1500-1500/aspiradora-escoba-ufesa-kalahari-aspiradora-escoba-ufesa-kalahari.jpg,2,,
dr-kalahari,,,,,,,,,,,,,,https://f.fcdn.app/imgs/14bae3/www.diaril.com.uy/diaruy/7a31/original/catalogo/KALAHARI_KALAHARI_1/1920-1200/aspiradora-escoba-ufesa-kalahari-aspiradora-escoba-ufesa-kalahari.jpg,3,,
dr-kalahari,,,,,,,,,,,,,,https://f.fcdn.app/imgs/50f678/www.diaril.com.uy/diaruy/3f77/original/catalogo/KALAHARI_KALAHARI_2/1500-1500/aspiradora-escoba-ufesa-kalahari-aspiradora-escoba-ufesa-kalahari.jpg,4,,
dr-kalahari,,,,,,,,,,,,,,https://f.fcdn.app/imgs/3dc357/www.diaril.com.uy/diaruy/3f77/original/catalogo/KALAHARI_KALAHARI_2/1920-1200/aspiradora-escoba-ufesa-kalahari-aspiradora-escoba-ufesa-kalahari.jpg,5,,
dr-kalahari,,,,,,,,,,,,,,https://f.fcdn.app/imgs/0d51be/www.diaril.com.uy/diaruy/3f77/original/catalogo/KALAHARI_KALAHARI_2/1000x1000/aspiradora-escoba-ufesa-kalahari-aspiradora-escoba-ufesa-kalahari.jpg,6,,
dr-kalahari,,,,,,,,,,,,,,https://f.fcdn.app/imgs/91b3d8/www.diaril.com.uy/diaruy/27ad/original/catalogo/KALAHARI_KALAHARI_3/1500-1500/aspiradora-escoba-ufesa-kalahari-aspiradora-escoba-ufesa-kalahari.jpg,7,,
dr-kalahari,,,,,,,,,,,,,,https://f.fcdn.app/imgs/ab569d/www.diaril.com.uy/diaruy/27ad/original/catalogo/KALAHARI_KALAHARI_3/1920-1200/aspiradora-escoba-ufesa-kalahari-aspiradora-escoba-ufesa-kalahari.jpg,8,,
dr-lausanne,Balanza de baño Ufesa Lausanne,<ul><li>• Diseño Slim Premium: Plataforma de vidrio templado de 30 x 30 cm</li><li>• Alta Precisión: Resolución de 50 g para un seguimiento exacto</li><li>• Capacidad Máxima: Hasta 180 kg</li><li>• Multifunción: Indicador de temperatura ambiente y alerta de sobrepeso</li><li>• Uso Inteligente: Encendido y apagado automático</li><li>• Función de Bloqueo de Datos para una lectura cómoda</li><li>• Versatilidad: Unidades de medida en Kilogramos (kg) y Libras (lb)</li><li>• Higiene Óptima: Superficie de vidrio de fácil limpieza y desinfección</li></ul>,Ufesa,Electro,"Otros, Ufesa, stock-verificado",TRUE,Color,Balanza de baño Ufesa Lausanne,LAUSANNE,1326.00,,10,deny,https://f.fcdn.app/imgs/16a092/www.diaril.com.uy/diaruy/02f0/original/catalogo/LAUSANNE_LAUSANNE_1/1000x1000/balanza-de-bano-ufesa-lausanne-balanza-de-bano-ufesa-lausanne.jpg,1,,
dr-lausanne,,,,,,,,,,,,,,https://f.fcdn.app/imgs/4a4f95/www.diaril.com.uy/diaruy/02f0/original/catalogo/LAUSANNE_LAUSANNE_1/1500-1500/balanza-de-bano-ufesa-lausanne-balanza-de-bano-ufesa-lausanne.jpg,2,,
dr-lausanne,,,,,,,,,,,,,,https://f.fcdn.app/imgs/7efbd8/www.diaril.com.uy/diaruy/02f0/original/catalogo/LAUSANNE_LAUSANNE_1/1920-1200/balanza-de-bano-ufesa-lausanne-balanza-de-bano-ufesa-lausanne.jpg,3,,
dr-lausanne,,,,,,,,,,,,,,https://f.fcdn.app/imgs/992fec/www.diaril.com.uy/diaruy/fca6/original/catalogo/LAUSANNE_LAUSANNE_2/1500-1500/balanza-de-bano-ufesa-lausanne-balanza-de-bano-ufesa-lausanne.jpg,4,,
dr-lausanne,,,,,,,,,,,,,,https://f.fcdn.app/imgs/681567/www.diaril.com.uy/diaruy/fca6/original/catalogo/LAUSANNE_LAUSANNE_2/1920-1200/balanza-de-bano-ufesa-lausanne-balanza-de-bano-ufesa-lausanne.jpg,5,,
dr-lausanne,,,,,,,,,,,,,,https://f.fcdn.app/imgs/ca3f06/www.diaril.com.uy/diaruy/fca6/original/catalogo/LAUSANNE_LAUSANNE_2/1000x1000/balanza-de-bano-ufesa-lausanne-balanza-de-bano-ufesa-lausanne.jpg,6,,
dr-lausanne,,,,,,,,,,,,,,https://f.fcdn.app/imgs/bc9345/www.diaril.com.uy/diaruy/a13a/original/catalogo/LAUSANNE_LAUSANNE_3/1500-1500/balanza-de-bano-ufesa-lausanne-balanza-de-bano-ufesa-lausanne.jpg,7,,
dr-lausanne,,,,,,,,,,,,,,https://f.fcdn.app/imgs/561c2e/www.diaril.com.uy/diaruy/a13a/original/catalogo/LAUSANNE_LAUSANNE_3/1920-1200/balanza-de-bano-ufesa-lausanne-balanza-de-bano-ufesa-lausanne.jpg,8,,
dr-maf671b0,Freidora de aire Bosch Digital MAF671B0 7.2 L,"<ul><li>•Potencia 1800 W.</li><li>•Capacidad de 7.2L: cocina cómodamente lo que equivaldría a hasta cinco porciones de una sola vez.</li><li>•Hasta un 95 % menos de aceite: menos aceite necesario sin renunciar al sabor.</li><li>•Tecnología de fritura por aire: circulación de aire a alta velocidad para cocinar alimentos desde todos los ángulos, dorándolos por fuera y manteniendo el interior húmedo.</li><li>•Cesta y rejilla antiadherentes y aptas para lavar en lavavajillas.</li><li>•Cesta con iluminación para poder ver a través de la ventana de doble capa para un control fácil y eficiente del progreso de cocción sin necesidad de extraer la cesta.</li><li>•7 programas preestablecidos para un inicio fácil y cómodo de la preparación: papas fritas, carne, pollo, pescado, verduras, pasteles pequeños y pan.</li><li>•Temperatura y temporizador disponibles: para cocinar diferentes</li><li>alimentos con precisión.</li><li>•Función mantener caliente: para mantener los alimentos cocinados a una temperatura de hasta 80 ? durante media hora.</li><li>•Alarma de remover alimentos: con un parpadeo y un tono avisa si es necesario agitar o girar los alimentos en la cesta. Disponible para los programas de papas fritas, pollo, carne y pescado.</li><li>•Pantalla táctil para una fácil selección de tus platos.</li><li>•Control de temperatura de 40ºC a 200ºC.</li><li>•Patas de goma para mayor estabilidad.</li></ul>",Bosch,Electro,"Freidoras, Bosch, stock-verificado",TRUE,Color,Freidora de aire Bosch Digital MAF671B0 7.2 L,MAF671B0,12394.00,,10,deny,https://f.fcdn.app/imgs/d4e201/www.diaril.com.uy/diaruy/ace7/original/catalogo/MAF671B0_MAF671B0_1/1000x1000/freidora-de-aire-bosch-digital-maf671b0-7-2-l-freidora-de-aire-bosch-digital-maf671b0-7-2-l.jpg,1,,
dr-maf671b0,,,,,,,,,,,,,,https://f.fcdn.app/imgs/dbea0e/www.diaril.com.uy/diaruy/ace7/original/catalogo/MAF671B0_MAF671B0_1/1500-1500/freidora-de-aire-bosch-digital-maf671b0-7-2-l-freidora-de-aire-bosch-digital-maf671b0-7-2-l.jpg,2,,
dr-maf671b0,,,,,,,,,,,,,,https://f.fcdn.app/imgs/5203b6/www.diaril.com.uy/diaruy/ace7/original/catalogo/MAF671B0_MAF671B0_1/1920-1200/freidora-de-aire-bosch-digital-maf671b0-7-2-l-freidora-de-aire-bosch-digital-maf671b0-7-2-l.jpg,3,,
dr-maf671b0,,,,,,,,,,,,,,https://f.fcdn.app/imgs/b04308/www.diaril.com.uy/diaruy/eeec/original/catalogo/MAF671B0_MAF671B0_2/1500-1500/freidora-de-aire-bosch-digital-maf671b0-7-2-l-freidora-de-aire-bosch-digital-maf671b0-7-2-l.jpg,4,,
dr-maf671b0,,,,,,,,,,,,,,https://f.fcdn.app/imgs/5f3c0b/www.diaril.com.uy/diaruy/eeec/original/catalogo/MAF671B0_MAF671B0_2/1920-1200/freidora-de-aire-bosch-digital-maf671b0-7-2-l-freidora-de-aire-bosch-digital-maf671b0-7-2-l.jpg,5,,
dr-maf671b0,,,,,,,,,,,,,,https://f.fcdn.app/imgs/5cd60b/www.diaril.com.uy/diaruy/eeec/original/catalogo/MAF671B0_MAF671B0_2/1000x1000/freidora-de-aire-bosch-digital-maf671b0-7-2-l-freidora-de-aire-bosch-digital-maf671b0-7-2-l.jpg,6,,
dr-maf671b0,,,,,,,,,,,,,,https://f.fcdn.app/imgs/dc8103/www.diaril.com.uy/diaruy/6ac9/original/catalogo/MAF671B0_MAF671B0_3/1500-1500/freidora-de-aire-bosch-digital-maf671b0-7-2-l-freidora-de-aire-bosch-digital-maf671b0-7-2-l.jpg,7,,
dr-maf671b0,,,,,,,,,,,,,,https://f.fcdn.app/imgs/bf052d/www.diaril.com.uy/diaruy/6ac9/original/catalogo/MAF671B0_MAF671B0_3/1920-1200/freidora-de-aire-bosch-digital-maf671b0-7-2-l-freidora-de-aire-bosch-digital-maf671b0-7-2-l.jpg,8,,
dr-mcm3201b,Procesador de alimentos Bosch MCM3201B Multitale,"<ul><li>• Potencia de 800W: Rendimiento eficiente con 2 niveles de velocidad y función Turbo</li><li>• SmartStorage: Diseño inteligente que permite guardar los accesorios dentro del bol</li><li>• Capacidad Versátil: Recipiente de 2.3 litros y jarra batidora de 1 litro de alta resistencia</li><li>• Cuchilla Multifunción de Acero Inoxidable: Resultados precisos, incluso para picar hielo</li><li>• Kit de Corte Reversible: Discos de acero inoxidable para rallar, cortar en rodajas y tiras</li><li>• Disco Batidor: Accesorio ideal para montar nata o levantar claras a punto nieve</li><li>• Higiene y Salud: Todas las piezas plásticas están 100% libres de BPA</li><li>• Limpieza Rápida: Accesorios aptos para lavavajillas para un mantenimiento sin esfuerzo</li><li>• Máxima Seguridad: Sistema de anclaje en tapa y bol, con pies de ventosa para mayor estabilidad</li></ul>",Bosch,Electro,"Batidoras, Bosch, stock-verificado",TRUE,Color,Procesador de alimentos Bosch MCM3201B Multitale,MCM3201B,8249.00,,10,deny,https://f.fcdn.app/imgs/f957d3/www.diaril.com.uy/diaruy/3d79/original/catalogo/MCM3201B_MCM3201B_1/1000x1000/procesador-de-alimentos-bosch-mcm3201b-multitale-procesador-de-alimentos-bosch-mcm3201b-multitale.jpg,1,,
dr-mcm3201b,,,,,,,,,,,,,,https://f.fcdn.app/imgs/1dbbfc/www.diaril.com.uy/diaruy/3d79/original/catalogo/MCM3201B_MCM3201B_1/1500-1500/procesador-de-alimentos-bosch-mcm3201b-multitale-procesador-de-alimentos-bosch-mcm3201b-multitale.jpg,2,,
dr-mcm3201b,,,,,,,,,,,,,,https://f.fcdn.app/imgs/e7cd76/www.diaril.com.uy/diaruy/3d79/original/catalogo/MCM3201B_MCM3201B_1/1920-1200/procesador-de-alimentos-bosch-mcm3201b-multitale-procesador-de-alimentos-bosch-mcm3201b-multitale.jpg,3,,
dr-mcm3201b,,,,,,,,,,,,,,https://f.fcdn.app/imgs/e46cd8/www.diaril.com.uy/diaruy/7b97/original/catalogo/MCM3201B_MCM3201B_2/1500-1500/procesador-de-alimentos-bosch-mcm3201b-multitale-procesador-de-alimentos-bosch-mcm3201b-multitale.jpg,4,,
dr-mcm3201b,,,,,,,,,,,,,,https://f.fcdn.app/imgs/995216/www.diaril.com.uy/diaruy/7b97/original/catalogo/MCM3201B_MCM3201B_2/1920-1200/procesador-de-alimentos-bosch-mcm3201b-multitale-procesador-de-alimentos-bosch-mcm3201b-multitale.jpg,5,,
dr-mcm3201b,,,,,,,,,,,,,,https://f.fcdn.app/imgs/65034b/www.diaril.com.uy/diaruy/7b97/original/catalogo/MCM3201B_MCM3201B_2/1000x1000/procesador-de-alimentos-bosch-mcm3201b-multitale-procesador-de-alimentos-bosch-mcm3201b-multitale.jpg,6,,
dr-mcm3201b,,,,,,,,,,,,,,https://f.fcdn.app/imgs/69d94f/www.diaril.com.uy/diaruy/b61e/original/catalogo/MCM3201B_MCM3201B_3/1500-1500/procesador-de-alimentos-bosch-mcm3201b-multitale-procesador-de-alimentos-bosch-mcm3201b-multitale.jpg,7,,
dr-mcm3201b,,,,,,,,,,,,,,https://f.fcdn.app/imgs/a7ab55/www.diaril.com.uy/diaruy/b61e/original/catalogo/MCM3201B_MCM3201B_3/1920-1200/procesador-de-alimentos-bosch-mcm3201b-multitale-procesador-de-alimentos-bosch-mcm3201b-multitale.jpg,8,,
dr-mfq36460,Batidora con bowl Bosch MFQ36460 450W,"<ul><li>• Potencia de 450W: Motor potente, ligero y ultra silencioso para un uso confortable</li><li>• Bowl Giratorio Automático: Mezcla homogénea sin necesidad de intervención manual</li><li>• Ergonomía Superior: Empuñadura SoftTouch de tacto suave y botones de gran tamaño</li><li>• Control de Precisión: 5 niveles de velocidad más función Turbo para máxima potencia</li><li>• Capacidad para Masas: Apta para procesar hasta 500g de harina más ingredientes</li><li>• Accesorios Profesionales: Incluye 2 varillas Turbo y 2 garfios amasadores de alta resistencia</li><li>• Limpieza Práctica: Accesorios aptos para lavavajillas y cuerpo de fácil mantenimiento</li><li>• Sistema de Expulsión: Pulsador independiente para desmontar los accesorios con seguridad</li><li>• Versatilidad Expandible: Permite conectar un pie de batidora adicional (accesorio opcional)</li></ul>",Bosch,Electro,"Batidoras, Bosch, stock-verificado",TRUE,Color,Batidora con bowl Bosch MFQ36460 450W,MFQ36460,4974.00,,10,deny,https://f.fcdn.app/imgs/d9c112/www.diaril.com.uy/diaruy/3ddb/original/catalogo/MFQ36460_MFQ36460_1/1000x1000/batidora-con-bowl-bosch-mfq36460-450w-batidora-con-bowl-bosch-mfq36460-450w.jpg,1,,
dr-mfq36460,,,,,,,,,,,,,,https://f.fcdn.app/imgs/6c6b99/www.diaril.com.uy/diaruy/3ddb/original/catalogo/MFQ36460_MFQ36460_1/1500-1500/batidora-con-bowl-bosch-mfq36460-450w-batidora-con-bowl-bosch-mfq36460-450w.jpg,2,,
dr-mfq36460,,,,,,,,,,,,,,https://f.fcdn.app/imgs/12ea72/www.diaril.com.uy/diaruy/3ddb/original/catalogo/MFQ36460_MFQ36460_1/1920-1200/batidora-con-bowl-bosch-mfq36460-450w-batidora-con-bowl-bosch-mfq36460-450w.jpg,3,,
dr-mfq36460,,,,,,,,,,,,,,https://f.fcdn.app/imgs/14a861/www.diaril.com.uy/diaruy/cfae/original/catalogo/MFQ36460_MFQ36460_2/1500-1500/batidora-con-bowl-bosch-mfq36460-450w-batidora-con-bowl-bosch-mfq36460-450w.jpg,4,,
dr-mfq36460,,,,,,,,,,,,,,https://f.fcdn.app/imgs/a4845c/www.diaril.com.uy/diaruy/cfae/original/catalogo/MFQ36460_MFQ36460_2/1920-1200/batidora-con-bowl-bosch-mfq36460-450w-batidora-con-bowl-bosch-mfq36460-450w.jpg,5,,
dr-mfq36460,,,,,,,,,,,,,,https://f.fcdn.app/imgs/8adf31/www.diaril.com.uy/diaruy/cfae/original/catalogo/MFQ36460_MFQ36460_2/1000x1000/batidora-con-bowl-bosch-mfq36460-450w-batidora-con-bowl-bosch-mfq36460-450w.jpg,6,,
dr-mfq36460,,,,,,,,,,,,,,https://f.fcdn.app/imgs/88da94/www.diaril.com.uy/diaruy/20ea/original/catalogo/MFQ36460_MFQ36460_3/1500-1500/batidora-con-bowl-bosch-mfq36460-450w-batidora-con-bowl-bosch-mfq36460-450w.jpg,7,,
dr-mfq36460,,,,,,,,,,,,,,https://f.fcdn.app/imgs/ab665b/www.diaril.com.uy/diaruy/20ea/original/catalogo/MFQ36460_MFQ36460_3/1920-1200/batidora-con-bowl-bosch-mfq36460-450w-batidora-con-bowl-bosch-mfq36460-450w.jpg,8,,
dr-mfq40302,Batidora de mano Bosch MFQ40302 Styline Menta,"<ul><li>• Potencia de 500W: Motor de última tecnología, potente, ligero y ultra silencioso</li><li>• Varillas Batidoras Extra Finas: Diseño optimizado para resultados más rápidos y con mayor volumen</li><li>• Ergonomía SoftTouch: Empuñadura de tacto suave que garantiza un agarre firme y cómodo</li><li>• Control de 5 Velocidades: Ajuste preciso para cada receta más función Turbo independiente</li><li>• Garfios Amasadores de Alta Resistencia: Ideales para trabajar masas de repostería y pan</li><li>• Pulsador de Expulsión: Desmontaje de accesorios de forma segura con un solo botón</li><li>• Diseño Ligero y Moderno: Máximo rendimiento sin fatiga en la mano durante el uso prolongado</li><li>• Versatilidad Expandible: Conexión trasera para acoplar un pie de batidora (accesorio opcional)</li></ul>",Bosch,Electro,"Batidoras, Bosch, stock-verificado",TRUE,Color,Batidora de mano Bosch MFQ40302 Styline Menta,MFQ40302,5762.00,,10,deny,https://f.fcdn.app/imgs/58075f/www.diaril.com.uy/diaruy/7f6f/original/catalogo/MFQ40302_MFQ40302_1/1000x1000/batidora-de-mano-bosch-mfq40302-styline-menta-batidora-de-mano-bosch-mfq40302-styline-menta.jpg,1,,
dr-mfq40302,,,,,,,,,,,,,,https://f.fcdn.app/imgs/b2cbe9/www.diaril.com.uy/diaruy/7f6f/original/catalogo/MFQ40302_MFQ40302_1/1500-1500/batidora-de-mano-bosch-mfq40302-styline-menta-batidora-de-mano-bosch-mfq40302-styline-menta.jpg,2,,
dr-mfq40302,,,,,,,,,,,,,,https://f.fcdn.app/imgs/2710b4/www.diaril.com.uy/diaruy/7f6f/original/catalogo/MFQ40302_MFQ40302_1/1920-1200/batidora-de-mano-bosch-mfq40302-styline-menta-batidora-de-mano-bosch-mfq40302-styline-menta.jpg,3,,
dr-mfq40302,,,,,,,,,,,,,,https://f.fcdn.app/imgs/7b12d6/www.diaril.com.uy/diaruy/40e5/original/catalogo/MFQ40302_MFQ40302_2/1500-1500/batidora-de-mano-bosch-mfq40302-styline-menta-batidora-de-mano-bosch-mfq40302-styline-menta.jpg,4,,
dr-mfq40302,,,,,,,,,,,,,,https://f.fcdn.app/imgs/1a8e10/www.diaril.com.uy/diaruy/40e5/original/catalogo/MFQ40302_MFQ40302_2/1920-1200/batidora-de-mano-bosch-mfq40302-styline-menta-batidora-de-mano-bosch-mfq40302-styline-menta.jpg,5,,
dr-mfq40302,,,,,,,,,,,,,,https://f.fcdn.app/imgs/5e3ece/www.diaril.com.uy/diaruy/40e5/original/catalogo/MFQ40302_MFQ40302_2/1000x1000/batidora-de-mano-bosch-mfq40302-styline-menta-batidora-de-mano-bosch-mfq40302-styline-menta.jpg,6,,
dr-mfq40302,,,,,,,,,,,,,,https://f.fcdn.app/imgs/8b4af7/www.diaril.com.uy/diaruy/7ce4/original/catalogo/MFQ40302_MFQ40302_3/1500-1500/batidora-de-mano-bosch-mfq40302-styline-menta-batidora-de-mano-bosch-mfq40302-styline-menta.jpg,7,,
dr-mfq40302,,,,,,,,,,,,,,https://f.fcdn.app/imgs/44edf7/www.diaril.com.uy/diaruy/7ce4/original/catalogo/MFQ40302_MFQ40302_3/1920-1200/batidora-de-mano-bosch-mfq40302-styline-menta-batidora-de-mano-bosch-mfq40302-styline-menta.jpg,8,,
dr-mfq40304,Batidora de mano Bosch MFQ40304 Styline Red Diamond,"<ul><li>• Potencia de 500W: Motor de última tecnología, potente, ligero y ultra silencioso</li><li>• Varillas Batidoras Extra Finas: Diseño optimizado para resultados más rápidos y con mayor volumen</li><li>• Ergonomía SoftTouch: Empuñadura de tacto suave que garantiza un agarre firme y cómodo</li><li>• Control de 5 Velocidades: Ajuste preciso para cada receta más función Turbo independiente</li><li>• Garfios Amasadores de Alta Resistencia: Ideales para trabajar masas de repostería y pan</li><li>• Pulsador de Expulsión: Desmontaje de accesorios de forma segura con un solo botón</li><li>• Diseño Ligero y Moderno: Máximo rendimiento sin fatiga en la mano durante el uso prolongado</li><li>• Versatilidad Expandible: Conexión trasera para acoplar un pie de batidora (accesorio opcional)</li></ul>",Bosch,Electro,"Batidoras, Bosch, stock-verificado",TRUE,Color,Batidora de mano Bosch MFQ40304 Styline Red Diamond,MFQ40304,5762.00,,10,deny,https://f.fcdn.app/imgs/7b8c93/www.diaril.com.uy/diaruy/adf0/original/catalogo/MFQ40304_MFQ40304_1/1000x1000/batidora-de-mano-bosch-mfq40304-styline-red-diamond-batidora-de-mano-bosch-mfq40304-styline-red-diamond.jpg,1,,
dr-mfq40304,,,,,,,,,,,,,,https://f.fcdn.app/imgs/ec9eb4/www.diaril.com.uy/diaruy/adf0/original/catalogo/MFQ40304_MFQ40304_1/1500-1500/batidora-de-mano-bosch-mfq40304-styline-red-diamond-batidora-de-mano-bosch-mfq40304-styline-red-diamond.jpg,2,,
dr-mfq40304,,,,,,,,,,,,,,https://f.fcdn.app/imgs/452063/www.diaril.com.uy/diaruy/adf0/original/catalogo/MFQ40304_MFQ40304_1/1920-1200/batidora-de-mano-bosch-mfq40304-styline-red-diamond-batidora-de-mano-bosch-mfq40304-styline-red-diamond.jpg,3,,
dr-mfq40304,,,,,,,,,,,,,,https://f.fcdn.app/imgs/13c328/www.diaril.com.uy/diaruy/0f38/original/catalogo/MFQ40304_MFQ40304_2/1500-1500/batidora-de-mano-bosch-mfq40304-styline-red-diamond-batidora-de-mano-bosch-mfq40304-styline-red-diamond.jpg,4,,
dr-mfq40304,,,,,,,,,,,,,,https://f.fcdn.app/imgs/86e330/www.diaril.com.uy/diaruy/0f38/original/catalogo/MFQ40304_MFQ40304_2/1920-1200/batidora-de-mano-bosch-mfq40304-styline-red-diamond-batidora-de-mano-bosch-mfq40304-styline-red-diamond.jpg,5,,
dr-mfq40304,,,,,,,,,,,,,,https://f.fcdn.app/imgs/651b10/www.diaril.com.uy/diaruy/0f38/original/catalogo/MFQ40304_MFQ40304_2/1000x1000/batidora-de-mano-bosch-mfq40304-styline-red-diamond-batidora-de-mano-bosch-mfq40304-styline-red-diamond.jpg,6,,
dr-mfq40304,,,,,,,,,,,,,,https://f.fcdn.app/imgs/198f5a/www.diaril.com.uy/diaruy/4106/original/catalogo/MFQ40304_MFQ40304_3/1500-1500/batidora-de-mano-bosch-mfq40304-styline-red-diamond-batidora-de-mano-bosch-mfq40304-styline-red-diamond.jpg,7,,
dr-mfq40304,,,,,,,,,,,,,,https://f.fcdn.app/imgs/4315cc/www.diaril.com.uy/diaruy/4106/original/catalogo/MFQ40304_MFQ40304_3/1920-1200/batidora-de-mano-bosch-mfq40304-styline-red-diamond-batidora-de-mano-bosch-mfq40304-styline-red-diamond.jpg,8,,
dr-mfq4030k,Batidora de mano Bosch MFQ4030K Styline Rosado,"<ul><li>• Potencia de 500W: Motor de alto rendimiento, potente y ultra silencioso</li><li>• Diseño Ultraligero: Máxima potencia con un peso reducido para evitar la fatiga</li><li>• Varillas Batidoras Extra Finas: Optimizadas para lograr mezclas más aireadas en menos tiempo</li><li>• Ergonomía SoftTouch: Empuñadura de tacto suave para un agarre firme y cómodo</li><li>• Control de 5 Velocidades: Ajuste preciso más función Turbo para máxima exigencia</li><li>• Garfios Amasadores Incluidos: Accesorios de alta resistencia para masas de repostería</li><li>• Pulsador de Expulsión: Desmontaje de accesorios rápido y seguro con un solo botón</li><li>• Fácil Limpieza: Accesorios de acero inoxidable aptos para lavavajillas</li></ul>",Bosch,Electro,"Batidoras, Bosch, stock-verificado",TRUE,Color,Batidora de mano Bosch MFQ4030K Styline Rosado,MFQ4030K,5762.00,,10,deny,https://f.fcdn.app/imgs/c0b6ff/www.diaril.com.uy/diaruy/a8f3/original/catalogo/MFQ4030K_MFQ4030K_1/1000x1000/batidora-de-mano-bosch-mfq4030k-styline-rosado-batidora-de-mano-bosch-mfq4030k-styline-rosado.jpg,1,,
dr-mfq4030k,,,,,,,,,,,,,,https://f.fcdn.app/imgs/6d1a24/www.diaril.com.uy/diaruy/a8f3/original/catalogo/MFQ4030K_MFQ4030K_1/1500-1500/batidora-de-mano-bosch-mfq4030k-styline-rosado-batidora-de-mano-bosch-mfq4030k-styline-rosado.jpg,2,,
dr-mfq4030k,,,,,,,,,,,,,,https://f.fcdn.app/imgs/743798/www.diaril.com.uy/diaruy/a8f3/original/catalogo/MFQ4030K_MFQ4030K_1/1920-1200/batidora-de-mano-bosch-mfq4030k-styline-rosado-batidora-de-mano-bosch-mfq4030k-styline-rosado.jpg,3,,
dr-mfq4030k,,,,,,,,,,,,,,https://f.fcdn.app/imgs/219800/www.diaril.com.uy/diaruy/5e47/original/catalogo/MFQ4030K_MFQ4030K_2/1500-1500/batidora-de-mano-bosch-mfq4030k-styline-rosado-batidora-de-mano-bosch-mfq4030k-styline-rosado.jpg,4,,
dr-mfq4030k,,,,,,,,,,,,,,https://f.fcdn.app/imgs/db7f69/www.diaril.com.uy/diaruy/5e47/original/catalogo/MFQ4030K_MFQ4030K_2/1920-1200/batidora-de-mano-bosch-mfq4030k-styline-rosado-batidora-de-mano-bosch-mfq4030k-styline-rosado.jpg,5,,
dr-mfq4030k,,,,,,,,,,,,,,https://f.fcdn.app/imgs/e14c73/www.diaril.com.uy/diaruy/5e47/original/catalogo/MFQ4030K_MFQ4030K_2/1000x1000/batidora-de-mano-bosch-mfq4030k-styline-rosado-batidora-de-mano-bosch-mfq4030k-styline-rosado.jpg,6,,
dr-mfq4030k,,,,,,,,,,,,,,https://f.fcdn.app/imgs/042aec/www.diaril.com.uy/diaruy/7cf4/original/catalogo/MFQ4030K_MFQ4030K_3/1500-1500/batidora-de-mano-bosch-mfq4030k-styline-rosado-batidora-de-mano-bosch-mfq4030k-styline-rosado.jpg,7,,
dr-mfq4030k,,,,,,,,,,,,,,https://f.fcdn.app/imgs/24ca58/www.diaril.com.uy/diaruy/7cf4/original/catalogo/MFQ4030K_MFQ4030K_3/1920-1200/batidora-de-mano-bosch-mfq4030k-styline-rosado-batidora-de-mano-bosch-mfq4030k-styline-rosado.jpg,8,,
dr-mmb2111s,Licuadora Bosch MMB2111S VitaPower,"<ul><li>• Motor de Alta Velocidad: 450W y hasta 40.000 rpm para texturas ultra homogéneas</li><li>• Botella ToGo de 0,65L: Prepará tu batido y llevalo con vos en el mismo recipiente</li><li>• Material Tritán Irrompible: Botella resistente a impactos, sin olores ni sabores (Libre de BPA)</li><li>• Cuchillas ProEdge: Acero inoxidable de alta calidad para batidos verdes y frutas congeladas</li><li>• Programa de Limpieza Automática: Mantenimiento rápido con solo presionar un botón</li><li>• Apta para Lavavajillas: Jarra, tapa y cuchillas diseñadas para una limpieza profunda sin esfuerzo</li><li>• Especial para Smoothies: Potencia ideal para preparar helados caseros y batidos saludables</li><li>• Diseño Compacto y Seguro: Materiales certificados para el contacto seguro con alimentos</li></ul>",Bosch,Electro,"Licuadoras, Bosch, stock-verificado",TRUE,Color,Licuadora Bosch MMB2111S VitaPower,MMB2111S,5762.00,,10,deny,https://f.fcdn.app/imgs/ba973a/www.diaril.com.uy/diaruy/8083/original/catalogo/MMB2111S_MMB2111S_1/1000x1000/licuadora-bosch-mmb2111s-vitapower-licuadora-bosch-mmb2111s-vitapower.jpg,1,,
dr-mmb2111s,,,,,,,,,,,,,,https://f.fcdn.app/imgs/03ee04/www.diaril.com.uy/diaruy/8083/original/catalogo/MMB2111S_MMB2111S_1/1500-1500/licuadora-bosch-mmb2111s-vitapower-licuadora-bosch-mmb2111s-vitapower.jpg,2,,
dr-mmb2111s,,,,,,,,,,,,,,https://f.fcdn.app/imgs/56d0e7/www.diaril.com.uy/diaruy/8083/original/catalogo/MMB2111S_MMB2111S_1/1920-1200/licuadora-bosch-mmb2111s-vitapower-licuadora-bosch-mmb2111s-vitapower.jpg,3,,
dr-mmb2111s,,,,,,,,,,,,,,https://f.fcdn.app/imgs/ef659f/www.diaril.com.uy/diaruy/1ebd/original/catalogo/MMB2111S_MMB2111S_2/1500-1500/licuadora-bosch-mmb2111s-vitapower-licuadora-bosch-mmb2111s-vitapower.jpg,4,,
dr-mmb2111s,,,,,,,,,,,,,,https://f.fcdn.app/imgs/7b3c80/www.diaril.com.uy/diaruy/1ebd/original/catalogo/MMB2111S_MMB2111S_2/1920-1200/licuadora-bosch-mmb2111s-vitapower-licuadora-bosch-mmb2111s-vitapower.jpg,5,,
dr-mmb2111s,,,,,,,,,,,,,,https://f.fcdn.app/imgs/33f344/www.diaril.com.uy/diaruy/1ebd/original/catalogo/MMB2111S_MMB2111S_2/1000x1000/licuadora-bosch-mmb2111s-vitapower-licuadora-bosch-mmb2111s-vitapower.jpg,6,,
dr-mmb2111s,,,,,,,,,,,,,,https://f.fcdn.app/imgs/daaac6/www.diaril.com.uy/diaruy/b5c7/original/catalogo/MMB2111S_MMB2111S_3/1500-1500/licuadora-bosch-mmb2111s-vitapower-licuadora-bosch-mmb2111s-vitapower.jpg,7,,
dr-mmb2111s,,,,,,,,,,,,,,https://f.fcdn.app/imgs/e892d5/www.diaril.com.uy/diaruy/b5c7/original/catalogo/MMB2111S_MMB2111S_3/1920-1200/licuadora-bosch-mmb2111s-vitapower-licuadora-bosch-mmb2111s-vitapower.jpg,8,,
dr-mmb6141b,Licuadora Bosch MMB6141B VitaPower,"<ul><li>• Motor de Alta Potencia: 1200W con hasta 30.000 RPM para resultados profesionales</li><li>• Jarra de Tritan de 1.5 Litros: Material ultra resistente, ligero y libre de BPA</li><li>• Cuchillas de Acero Inoxidable: Diseño de alta eficacia para texturas homogéneas y finas</li><li>• Control de Velocidad: 2 niveles de potencia más función Turbo (Intensivo)</li><li>• Programa de Limpieza Automática: Mantenimiento rápido y sencillo en segundos</li><li>• Apta para Lavavajillas: Todas las piezas (jarra, tapa y cuchillas) son fáciles de limpiar</li><li>• Máxima Seguridad: Jarra diseñada para un uso seguro incluso a altas velocidades</li><li>• Salud Garantizada: Plásticos en contacto con alimentos 100% libres de BPA</li></ul>",Bosch,Electro,"Licuadoras, Bosch, stock-verificado",TRUE,Color,Licuadora Bosch MMB6141B VitaPower,MMB6141B,7005.00,,10,deny,https://f.fcdn.app/imgs/88f684/www.diaril.com.uy/diaruy/d1f8/original/catalogo/MMB6141B_MMB6141B_1/1000x1000/licuadora-bosch-mmb6141b-vitapower-licuadora-bosch-mmb6141b-vitapower.jpg,1,,
dr-mmb6141b,,,,,,,,,,,,,,https://f.fcdn.app/imgs/7758d1/www.diaril.com.uy/diaruy/d1f8/original/catalogo/MMB6141B_MMB6141B_1/1500-1500/licuadora-bosch-mmb6141b-vitapower-licuadora-bosch-mmb6141b-vitapower.jpg,2,,
dr-mmb6141b,,,,,,,,,,,,,,https://f.fcdn.app/imgs/3f5f61/www.diaril.com.uy/diaruy/d1f8/original/catalogo/MMB6141B_MMB6141B_1/1920-1200/licuadora-bosch-mmb6141b-vitapower-licuadora-bosch-mmb6141b-vitapower.jpg,3,,
dr-mmb6141b,,,,,,,,,,,,,,https://f.fcdn.app/imgs/6e0602/www.diaril.com.uy/diaruy/8e3a/original/catalogo/MMB6141B_MMB6141B_2/1500-1500/licuadora-bosch-mmb6141b-vitapower-licuadora-bosch-mmb6141b-vitapower.jpg,4,,
dr-mmb6141b,,,,,,,,,,,,,,https://f.fcdn.app/imgs/c66879/www.diaril.com.uy/diaruy/8e3a/original/catalogo/MMB6141B_MMB6141B_2/1920-1200/licuadora-bosch-mmb6141b-vitapower-licuadora-bosch-mmb6141b-vitapower.jpg,5,,
dr-mmb6141b,,,,,,,,,,,,,,https://f.fcdn.app/imgs/2770f0/www.diaril.com.uy/diaruy/8e3a/original/catalogo/MMB6141B_MMB6141B_2/1000x1000/licuadora-bosch-mmb6141b-vitapower-licuadora-bosch-mmb6141b-vitapower.jpg,6,,
dr-mmb6141b,,,,,,,,,,,,,,https://f.fcdn.app/imgs/7ed93e/www.diaril.com.uy/diaruy/9abf/original/catalogo/MMB6141B_MMB6141B_3/1500-1500/licuadora-bosch-mmb6141b-vitapower-licuadora-bosch-mmb6141b-vitapower.jpg,7,,
dr-mmb6141b,,,,,,,,,,,,,,https://f.fcdn.app/imgs/ad8ef6/www.diaril.com.uy/diaruy/9abf/original/catalogo/MMB6141B_MMB6141B_3/1920-1200/licuadora-bosch-mmb6141b-vitapower-licuadora-bosch-mmb6141b-vitapower.jpg,8,,
dr-mmb6382m,Licuadora Bosch MMB6382M VitaPower,"<ul><li>• Potente Motor de 1200W: Hasta 30.000 RPM para texturas ultra homogéneas en segundos</li><li>• Jarra de Cristal ThermoSafe: Capacidad de 1,5L resistente a cambios bruscos de temperatura</li><li>• 3 Programas Automáticos: Funciones específicas para Smoothies, Hielo Picado y Limpieza</li><li>• Cuchillas de Acero Inoxidable: Diseño de alta durabilidad para un triturado eficaz</li><li>• Programa de Limpieza Automática: Mantenimiento rápido y sencillo con un solo botón</li><li>• Apta para Lavavajillas: Jarra, tapa y cuchillas diseñadas para una limpieza profunda sin esfuerzo</li><li>• Accesorio Empujador Incluido: Facilita el procesado de trozos grandes o alimentos congelados</li><li>• Seguridad y Versatilidad: Ideal tanto para sopas calientes como para granizados helados</li></ul>",Bosch,Electro,"Licuadoras, Bosch, stock-verificado",TRUE,Color,Licuadora Bosch MMB6382M VitaPower,MMB6382M,12808.00,,10,deny,https://f.fcdn.app/imgs/f913e5/www.diaril.com.uy/diaruy/f46e/original/catalogo/MMB6382M_MMB6382M_1/1000x1000/licuadora-bosch-mmb6382m-vitapower-licuadora-bosch-mmb6382m-vitapower.jpg,1,,
dr-mmb6382m,,,,,,,,,,,,,,https://f.fcdn.app/imgs/4f6385/www.diaril.com.uy/diaruy/f46e/original/catalogo/MMB6382M_MMB6382M_1/1500-1500/licuadora-bosch-mmb6382m-vitapower-licuadora-bosch-mmb6382m-vitapower.jpg,2,,
dr-mmb6382m,,,,,,,,,,,,,,https://f.fcdn.app/imgs/1a7398/www.diaril.com.uy/diaruy/f46e/original/catalogo/MMB6382M_MMB6382M_1/1920-1200/licuadora-bosch-mmb6382m-vitapower-licuadora-bosch-mmb6382m-vitapower.jpg,3,,
dr-mmb6382m,,,,,,,,,,,,,,https://f.fcdn.app/imgs/ca2464/www.diaril.com.uy/diaruy/8011/original/catalogo/MMB6382M_MMB6382M_2/1500-1500/licuadora-bosch-mmb6382m-vitapower-licuadora-bosch-mmb6382m-vitapower.jpg,4,,
dr-mmb6382m,,,,,,,,,,,,,,https://f.fcdn.app/imgs/0029a1/www.diaril.com.uy/diaruy/8011/original/catalogo/MMB6382M_MMB6382M_2/1920-1200/licuadora-bosch-mmb6382m-vitapower-licuadora-bosch-mmb6382m-vitapower.jpg,5,,
dr-mmb6382m,,,,,,,,,,,,,,https://f.fcdn.app/imgs/259d3b/www.diaril.com.uy/diaruy/8011/original/catalogo/MMB6382M_MMB6382M_2/1000x1000/licuadora-bosch-mmb6382m-vitapower-licuadora-bosch-mmb6382m-vitapower.jpg,6,,
dr-mmb6382m,,,,,,,,,,,,,,https://f.fcdn.app/imgs/9645e8/www.diaril.com.uy/diaruy/0af2/original/catalogo/MMB6382M_MMB6382M_3/1500-1500/licuadora-bosch-mmb6382m-vitapower-licuadora-bosch-mmb6382m-vitapower.jpg,7,,
dr-mmb6382m,,,,,,,,,,,,,,https://f.fcdn.app/imgs/931afd/www.diaril.com.uy/diaruy/0af2/original/catalogo/MMB6382M_MMB6382M_3/1920-1200/licuadora-bosch-mmb6382m-vitapower-licuadora-bosch-mmb6382m-vitapower.jpg,8,,
dr-mmbh6p6b,Licuadora Bosch MMBH6P6B VitaBoost,"<ul><li>• Potencia Extrema: Motor de 1.600W con 45.000 rpm para texturas ultra finas</li><li>• Función Sopa Caliente: Bate ingredientes crudos y los calienta mediante fricción</li><li>• Jarra de Tritan de 2 Litros: Irrompible, ligera y libre de BPA (no absorbe olores ni sabores)</li><li>• 6 Programas Automáticos: Especiales para batidos, zumos, sopas, salsas, helados y limpieza</li><li>• Sistema de 6 Cuchillas Pro: Acero inoxidable de alta calidad para un triturado profesional</li><li>• Control de Precisión: Regulador de velocidad variable más función Pulse</li><li>• Accesorios Incluidos: Empujador para facilitar el procesado de alimentos gruesos o congelados</li><li>• Diseño Robusto: Construcción de alta durabilidad con elegantes inserciones metálicas</li><li>• Higiene Total: Tapa y empujador aptos para lavavajillas y programa de limpieza automática</li><li>• Contenido Exclusivo: Incluye recetario VitaBoost para sacar el máximo provecho al equipo</li></ul>",Bosch,Electro,"Licuadoras, Bosch, stock-verificado",TRUE,Color,Licuadora Bosch MMBH6P6B VitaBoost,MMBH6P6B,20684.00,,10,deny,https://f.fcdn.app/imgs/46865a/www.diaril.com.uy/diaruy/11da/original/catalogo/MMBH6P6B_MMBH6P6B_1/1000x1000/licuadora-bosch-mmbh6p6b-vitaboost-licuadora-bosch-mmbh6p6b-vitaboost.jpg,1,,
dr-mmbh6p6b,,,,,,,,,,,,,,https://f.fcdn.app/imgs/a83f21/www.diaril.com.uy/diaruy/11da/original/catalogo/MMBH6P6B_MMBH6P6B_1/1500-1500/licuadora-bosch-mmbh6p6b-vitaboost-licuadora-bosch-mmbh6p6b-vitaboost.jpg,2,,
dr-mmbh6p6b,,,,,,,,,,,,,,https://f.fcdn.app/imgs/b8acc4/www.diaril.com.uy/diaruy/11da/original/catalogo/MMBH6P6B_MMBH6P6B_1/1920-1200/licuadora-bosch-mmbh6p6b-vitaboost-licuadora-bosch-mmbh6p6b-vitaboost.jpg,3,,
dr-mmbh6p6b,,,,,,,,,,,,,,https://f.fcdn.app/imgs/0bc9e5/www.diaril.com.uy/diaruy/d68f/original/catalogo/MMBH6P6B_MMBH6P6B_2/1500-1500/licuadora-bosch-mmbh6p6b-vitaboost-licuadora-bosch-mmbh6p6b-vitaboost.jpg,4,,
dr-mmbh6p6b,,,,,,,,,,,,,,https://f.fcdn.app/imgs/148738/www.diaril.com.uy/diaruy/d68f/original/catalogo/MMBH6P6B_MMBH6P6B_2/1920-1200/licuadora-bosch-mmbh6p6b-vitaboost-licuadora-bosch-mmbh6p6b-vitaboost.jpg,5,,
dr-mmbh6p6b,,,,,,,,,,,,,,https://f.fcdn.app/imgs/1fb984/www.diaril.com.uy/diaruy/d68f/original/catalogo/MMBH6P6B_MMBH6P6B_2/1000x1000/licuadora-bosch-mmbh6p6b-vitaboost-licuadora-bosch-mmbh6p6b-vitaboost.jpg,6,,
dr-mmbh6p6b,,,,,,,,,,,,,,https://f.fcdn.app/imgs/2e6d54/www.diaril.com.uy/diaruy/1d47/original/catalogo/MMBH6P6B_MMBH6P6B_3/1500-1500/licuadora-bosch-mmbh6p6b-vitaboost-licuadora-bosch-mmbh6p6b-vitaboost.jpg,7,,
dr-mmbh6p6b,,,,,,,,,,,,,,https://f.fcdn.app/imgs/9a217e/www.diaril.com.uy/diaruy/1d47/original/catalogo/MMBH6P6B_MMBH6P6B_3/1920-1200/licuadora-bosch-mmbh6p6b-vitaboost-licuadora-bosch-mmbh6p6b-vitaboost.jpg,8,,
dr-mmbv622m,Licuadora Bosch MMBV622M VitaMaxx,"<ul><li>• Tecnología de Batido al Vacío: Procesa tus alimentos sin oxígeno para conservar el doble de vitaminas</li><li>• Potencia de 1.000W: Motor de alto rendimiento con velocidad de hasta 37.000 rpm</li><li>• Función Auto (Vacío + Batir): Logra texturas ultra homogéneas y colores naturales en un solo paso</li><li>• Carcasa Premium: Diseño sofisticado fabricado en aluminio de alta calidad</li><li>• Jarra Tritan de 1,5L: Material ultra resistente a golpes, libre de olores, sabores y BPA</li><li>• Cuchillas Pro de 6 Hojas: Acero inoxidable desmontable para una limpieza profunda y fácil</li><li>• Funciones Especiales: Incluye programa de limpieza, picado de hielo y función Pulse</li><li>• Kit de Almacenamiento al Vacío: Incluye recipiente de 0,75L para mantener la frescura el doble de tiempo</li><li>• Mantenimiento Sencillo: Jarra, cuchillas y tapa son totalmente aptas para lavavajillas</li><li>• Inspiración Gourmet: Incluye libro con recetas exclusivas, sabrosas y saludables</li></ul>",Bosch,Electro,"Licuadoras, Bosch, stock-verificado",TRUE,Color,Licuadora Bosch MMBV622M VitaMaxx,MMBV622M,27316.00,,10,deny,https://f.fcdn.app/imgs/e54ea4/www.diaril.com.uy/diaruy/154b/original/catalogo/MMBV622M_MMBV622M_1/1000x1000/licuadora-bosch-mmbv622m-vitamaxx-licuadora-bosch-mmbv622m-vitamaxx.jpg,1,,
dr-mmbv622m,,,,,,,,,,,,,,https://f.fcdn.app/imgs/7b299d/www.diaril.com.uy/diaruy/154b/original/catalogo/MMBV622M_MMBV622M_1/1500-1500/licuadora-bosch-mmbv622m-vitamaxx-licuadora-bosch-mmbv622m-vitamaxx.jpg,2,,
dr-mmbv622m,,,,,,,,,,,,,,https://f.fcdn.app/imgs/e3ad2f/www.diaril.com.uy/diaruy/154b/original/catalogo/MMBV622M_MMBV622M_1/1920-1200/licuadora-bosch-mmbv622m-vitamaxx-licuadora-bosch-mmbv622m-vitamaxx.jpg,3,,
dr-mmbv622m,,,,,,,,,,,,,,https://f.fcdn.app/imgs/8783d2/www.diaril.com.uy/diaruy/3c3b/original/catalogo/MMBV622M_MMBV622M_2/1500-1500/licuadora-bosch-mmbv622m-vitamaxx-licuadora-bosch-mmbv622m-vitamaxx.jpg,4,,
dr-mmbv622m,,,,,,,,,,,,,,https://f.fcdn.app/imgs/e90b57/www.diaril.com.uy/diaruy/3c3b/original/catalogo/MMBV622M_MMBV622M_2/1920-1200/licuadora-bosch-mmbv622m-vitamaxx-licuadora-bosch-mmbv622m-vitamaxx.jpg,5,,
dr-mmbv622m,,,,,,,,,,,,,,https://f.fcdn.app/imgs/4f345c/www.diaril.com.uy/diaruy/3c3b/original/catalogo/MMBV622M_MMBV622M_2/1000x1000/licuadora-bosch-mmbv622m-vitamaxx-licuadora-bosch-mmbv622m-vitamaxx.jpg,6,,
dr-mmbv622m,,,,,,,,,,,,,,https://f.fcdn.app/imgs/c66087/www.diaril.com.uy/diaruy/ffc0/original/catalogo/MMBV622M_MMBV622M_3/1500-1500/licuadora-bosch-mmbv622m-vitamaxx-licuadora-bosch-mmbv622m-vitamaxx.jpg,7,,
dr-mmbv622m,,,,,,,,,,,,,,https://f.fcdn.app/imgs/844f13/www.diaril.com.uy/diaruy/ffc0/original/catalogo/MMBV622M_MMBV622M_3/1920-1200/licuadora-bosch-mmbv622m-vitamaxx-licuadora-bosch-mmbv622m-vitamaxx.jpg,8,,
dr-mmzv0sb1,Accesorio recipiente al vacio Bosch MMZV0SB1,"<ul><li>• Tecnología de Vacío: Mantiene los alimentos frescos hasta 2 veces más tiempo que los métodos convencionales</li><li>• Material Tritan de Alta Durabilidad: Recipiente ultra resistente a impactos, ligero y transparente</li><li>• Salud y Seguridad: Todos los componentes plásticos están 100% libres de BPA</li><li>• Compatibilidad Total: Diseñado específicamente para funcionar con la bomba de vacío de la licuadora VitaMaxx de Bosch</li><li>• Gestión de Frescura: Exclusiva función de ajuste de fecha (día y mes) integrada en la tapa</li><li>• Fácil Limpieza: El contenedor es totalmente apto para lavavajillas</li><li>• Sostenibilidad: Reduce el desperdicio de alimentos gracias a una conservación más prolongada</li></ul>",Bosch,Accesorios,"Bosch, stock-verificado",TRUE,Color,Accesorio recipiente al vacio Bosch MMZV0SB1,MMZV0SB1,2446.00,,10,deny,https://f.fcdn.app/imgs/277871/www.diaril.com.uy/diaruy/44a1/original/catalogo/MMZV0SB1_MMZV0SB1_1/1000x1000/accesorio-recipiente-al-vacio-bosch-mmzv0sb1-accesorio-recipiente-al-vacio-bosch-mmzv0sb1.jpg,1,,
dr-mmzv0sb1,,,,,,,,,,,,,,https://f.fcdn.app/imgs/43bc97/www.diaril.com.uy/diaruy/44a1/original/catalogo/MMZV0SB1_MMZV0SB1_1/1500-1500/accesorio-recipiente-al-vacio-bosch-mmzv0sb1-accesorio-recipiente-al-vacio-bosch-mmzv0sb1.jpg,2,,
dr-mmzv0sb1,,,,,,,,,,,,,,https://f.fcdn.app/imgs/59e4b0/www.diaril.com.uy/diaruy/44a1/original/catalogo/MMZV0SB1_MMZV0SB1_1/1920-1200/accesorio-recipiente-al-vacio-bosch-mmzv0sb1-accesorio-recipiente-al-vacio-bosch-mmzv0sb1.jpg,3,,
dr-mmzv0sb1,,,,,,,,,,,,,,https://f.fcdn.app/imgs/e94d6c/www.diaril.com.uy/diaruy/f202/original/catalogo/MMZV0SB1_MMZV0SB1_2/1500-1500/accesorio-recipiente-al-vacio-bosch-mmzv0sb1-accesorio-recipiente-al-vacio-bosch-mmzv0sb1.jpg,4,,
dr-mmzv0sb1,,,,,,,,,,,,,,https://f.fcdn.app/imgs/9f4ee9/www.diaril.com.uy/diaruy/f202/original/catalogo/MMZV0SB1_MMZV0SB1_2/1920-1200/accesorio-recipiente-al-vacio-bosch-mmzv0sb1-accesorio-recipiente-al-vacio-bosch-mmzv0sb1.jpg,5,,
dr-mmzv0sb1,,,,,,,,,,,,,,https://f.fcdn.app/imgs/f65250/www.diaril.com.uy/diaruy/f202/original/catalogo/MMZV0SB1_MMZV0SB1_2/1000x1000/accesorio-recipiente-al-vacio-bosch-mmzv0sb1-accesorio-recipiente-al-vacio-bosch-mmzv0sb1.jpg,6,,
dr-mmzv0sb1,,,,,,,,,,,,,,https://f.fcdn.app/imgs/fcc2f7/www.diaril.com.uy/diaruy/9871/original/catalogo/MMZV0SB1_MMZV0SB1_3/1500-1500/accesorio-recipiente-al-vacio-bosch-mmzv0sb1-accesorio-recipiente-al-vacio-bosch-mmzv0sb1.jpg,7,,
dr-mmzv0sb1,,,,,,,,,,,,,,https://f.fcdn.app/imgs/842bfc/www.diaril.com.uy/diaruy/9871/original/catalogo/MMZV0SB1_MMZV0SB1_3/1920-1200/accesorio-recipiente-al-vacio-bosch-mmzv0sb1-accesorio-recipiente-al-vacio-bosch-mmzv0sb1.jpg,8,,
dr-msm2610b,Mixer Bosch MSM2610B CleverMixx,"<ul><li>• Potencia de 600W: Motor de alto rendimiento, silencioso y ligero para resultados rápidos</li><li>• Cuchillas QuattroBlade: Cuatro hojas de acero inoxidable que garantizan un triturado perfecto</li><li>• Diseño Ergonómico: Cuerpo liviano y de fácil agarre para un manejo cómodo y seguro</li><li>• Pie de Acero Inoxidable: Material de alta calidad, duradero y apto para alimentos calientes</li><li>• Tecnología Antisalpicaduras: Diseño del pie optimizado para mantener tu cocina impecable</li><li>• Accesorios Incluidos: Vaso medidor transparente con tapa para conservar tus mezclas</li><li>• Limpieza Sin Esfuerzo: Pie desmontable y accesorios aptos para lavavajillas</li><li>• Salud y Seguridad: Todos los componentes plásticos están 100% libres de BPA</li></ul>",Bosch,Electro,"Licuadoras, Bosch, stock-verificado",TRUE,Color,Mixer Bosch MSM2610B CleverMixx,MSM2610B,2860.00,,10,deny,https://f.fcdn.app/imgs/cb4c29/www.diaril.com.uy/diaruy/7d1b/original/catalogo/MSM2610B_MSM2610B_1/1000x1000/mixer-bosch-msm2610b-clevermixx-mixer-bosch-msm2610b-clevermixx.jpg,1,,
dr-msm2610b,,,,,,,,,,,,,,https://f.fcdn.app/imgs/bd669f/www.diaril.com.uy/diaruy/7d1b/original/catalogo/MSM2610B_MSM2610B_1/1500-1500/mixer-bosch-msm2610b-clevermixx-mixer-bosch-msm2610b-clevermixx.jpg,2,,
dr-msm2610b,,,,,,,,,,,,,,https://f.fcdn.app/imgs/d4376a/www.diaril.com.uy/diaruy/7d1b/original/catalogo/MSM2610B_MSM2610B_1/1920-1200/mixer-bosch-msm2610b-clevermixx-mixer-bosch-msm2610b-clevermixx.jpg,3,,
dr-msm2610b,,,,,,,,,,,,,,https://f.fcdn.app/imgs/9df49c/www.diaril.com.uy/diaruy/485b/original/catalogo/MSM2610B_MSM2610B_2/1500-1500/mixer-bosch-msm2610b-clevermixx-mixer-bosch-msm2610b-clevermixx.jpg,4,,
dr-msm2610b,,,,,,,,,,,,,,https://f.fcdn.app/imgs/15c54b/www.diaril.com.uy/diaruy/485b/original/catalogo/MSM2610B_MSM2610B_2/1920-1200/mixer-bosch-msm2610b-clevermixx-mixer-bosch-msm2610b-clevermixx.jpg,5,,
dr-msm2610b,,,,,,,,,,,,,,https://f.fcdn.app/imgs/209585/www.diaril.com.uy/diaruy/485b/original/catalogo/MSM2610B_MSM2610B_2/1000x1000/mixer-bosch-msm2610b-clevermixx-mixer-bosch-msm2610b-clevermixx.jpg,6,,
dr-msm2610b,,,,,,,,,,,,,,https://f.fcdn.app/imgs/cf0050/www.diaril.com.uy/diaruy/9509/original/catalogo/MSM2610B_MSM2610B_3/1500-1500/mixer-bosch-msm2610b-clevermixx-mixer-bosch-msm2610b-clevermixx.jpg,7,,
dr-msm2610b,,,,,,,,,,,,,,https://f.fcdn.app/imgs/5cea0b/www.diaril.com.uy/diaruy/9509/original/catalogo/MSM2610B_MSM2610B_3/1920-1200/mixer-bosch-msm2610b-clevermixx-mixer-bosch-msm2610b-clevermixx.jpg,8,,
dr-msm4b621,Mixer Bosch MSM4B621 ErgoMaster,"<ul><li>• Máxima Potencia de 1000W: Motor de alto rendimiento capaz de procesar hasta los ingredientes más duros</li><li>• Control de Velocidad Dinámico: Manejo intuitivo con una sola mano mediante una palanca extra grande</li><li>• Conexión de Cerámica (World First): Transmisión de potencia sin desgaste para una durabilidad excepcional</li><li>• Sistema QuattroBlade: 4 cuchillas de acero inoxidable para un triturado ultra fino y homogéneo</li><li>• Diseño Ergonómico Premium: Control total y comodidad absoluta durante el uso</li><li>• Sistema de Clipaje Fácil: Montaje y desmontaje de accesorios rápido, seguro y apto para lavavajillas</li><li>• Set de Accesorios Completo: Incluye vaso graduado, picador universal y varilla batidora</li><li>• Cuerpo de Acero Inoxidable: Calidad superior y resistencia para la cocina moderna</li></ul>",Bosch,Electro,"Licuadoras, Bosch, stock-verificado",TRUE,Color,Mixer Bosch MSM4B621 ErgoMaster,MSM4B621,6591.00,,10,deny,https://f.fcdn.app/imgs/62e674/www.diaril.com.uy/diaruy/97e3/original/catalogo/MSM4B621_MSM4B621_1/1000x1000/mixer-bosch-msm4b621-ergomaster-mixer-bosch-msm4b621-ergomaster.jpg,1,,
dr-msm4b621,,,,,,,,,,,,,,https://f.fcdn.app/imgs/e6e4a3/www.diaril.com.uy/diaruy/97e3/original/catalogo/MSM4B621_MSM4B621_1/1500-1500/mixer-bosch-msm4b621-ergomaster-mixer-bosch-msm4b621-ergomaster.jpg,2,,
dr-msm4b621,,,,,,,,,,,,,,https://f.fcdn.app/imgs/544bed/www.diaril.com.uy/diaruy/97e3/original/catalogo/MSM4B621_MSM4B621_1/1920-1200/mixer-bosch-msm4b621-ergomaster-mixer-bosch-msm4b621-ergomaster.jpg,3,,
dr-msm4b621,,,,,,,,,,,,,,https://f.fcdn.app/imgs/67620a/www.diaril.com.uy/diaruy/5a98/original/catalogo/MSM4B621_MSM4B621_2/1500-1500/mixer-bosch-msm4b621-ergomaster-mixer-bosch-msm4b621-ergomaster.jpg,4,,
dr-msm4b621,,,,,,,,,,,,,,https://f.fcdn.app/imgs/31e905/www.diaril.com.uy/diaruy/5a98/original/catalogo/MSM4B621_MSM4B621_2/1920-1200/mixer-bosch-msm4b621-ergomaster-mixer-bosch-msm4b621-ergomaster.jpg,5,,
dr-msm4b621,,,,,,,,,,,,,,https://f.fcdn.app/imgs/97fd92/www.diaril.com.uy/diaruy/5a98/original/catalogo/MSM4B621_MSM4B621_2/1000x1000/mixer-bosch-msm4b621-ergomaster-mixer-bosch-msm4b621-ergomaster.jpg,6,,
dr-msm4b621,,,,,,,,,,,,,,https://f.fcdn.app/imgs/74e8bd/www.diaril.com.uy/diaruy/dc8e/original/catalogo/MSM4B621_MSM4B621_3/1500-1500/mixer-bosch-msm4b621-ergomaster-mixer-bosch-msm4b621-ergomaster.jpg,7,,
dr-msm4b621,,,,,,,,,,,,,,https://f.fcdn.app/imgs/85417b/www.diaril.com.uy/diaruy/dc8e/original/catalogo/MSM4B621_MSM4B621_3/1920-1200/mixer-bosch-msm4b621-ergomaster-mixer-bosch-msm4b621-ergomaster.jpg,8,,
dr-mszv0fb1,Bolsas para vacio Bosch MSZV0FB1 1.2 lts x 10 un,<ul><li>• Tecnología de Vacío Prolongado: Material de varias capas que crea un sello hermético para máxima frescura</li><li>• Especial para Sous-vide: Aptas para cocinar al vacío a temperaturas de hasta 85°C</li><li>• Extracción de Aire Rápida: Diseño con canales especiales para un vacío eficiente y veloz</li><li>• Sistema Reutilizable: Doble cremallera reforzada para abrir y cerrar fácilmente cuantas veces quieras</li><li>• Compatibilidad Total: Funcionan con la batidora VitaMaxx y mixers Bosch con bomba de vacío</li><li>• Organización Inteligente: Incluyen etiqueta de escritura para marcar contenido y fecha</li><li>• Limpieza Práctica: Diseñadas para ser lavadas de forma segura en el lavavajillas</li><li>• Higiene y Salud: Materiales 100% libres de BPA para un contacto seguro con alimentos</li></ul>,Bosch,Accesorios,"Bosch, stock-verificado",TRUE,Color,Bolsas para vacio Bosch MSZV0FB1 1.2 lts x 10 un,MSZV0FB1,1036.00,,10,deny,https://f.fcdn.app/imgs/a866b5/www.diaril.com.uy/diaruy/2e6a/original/catalogo/MSZV0FB1_MSZV0FB1_1/1000x1000/bolsas-para-vacio-bosch-mszv0fb1-1-2-lts-x-10-un-bolsas-para-vacio-bosch-mszv0fb1-1-2-lts-x-10-un.jpg,1,,
dr-mszv0fb1,,,,,,,,,,,,,,https://f.fcdn.app/imgs/6adb5b/www.diaril.com.uy/diaruy/2e6a/original/catalogo/MSZV0FB1_MSZV0FB1_1/1500-1500/bolsas-para-vacio-bosch-mszv0fb1-1-2-lts-x-10-un-bolsas-para-vacio-bosch-mszv0fb1-1-2-lts-x-10-un.jpg,2,,
dr-mszv0fb1,,,,,,,,,,,,,,https://f.fcdn.app/imgs/a31e50/www.diaril.com.uy/diaruy/2e6a/original/catalogo/MSZV0FB1_MSZV0FB1_1/1920-1200/bolsas-para-vacio-bosch-mszv0fb1-1-2-lts-x-10-un-bolsas-para-vacio-bosch-mszv0fb1-1-2-lts-x-10-un.jpg,3,,
dr-mszv0fb1,,,,,,,,,,,,,,https://f.fcdn.app/imgs/286858/www.diaril.com.uy/diaruy/8782/original/catalogo/MSZV0FB1_MSZV0FB1_2/1500-1500/bolsas-para-vacio-bosch-mszv0fb1-1-2-lts-x-10-un-bolsas-para-vacio-bosch-mszv0fb1-1-2-lts-x-10-un.jpg,4,,
dr-mszv0fb1,,,,,,,,,,,,,,https://f.fcdn.app/imgs/f8721b/www.diaril.com.uy/diaruy/8782/original/catalogo/MSZV0FB1_MSZV0FB1_2/1920-1200/bolsas-para-vacio-bosch-mszv0fb1-1-2-lts-x-10-un-bolsas-para-vacio-bosch-mszv0fb1-1-2-lts-x-10-un.jpg,5,,
dr-mszv0fb1,,,,,,,,,,,,,,https://f.fcdn.app/imgs/5ab445/www.diaril.com.uy/diaruy/8782/original/catalogo/MSZV0FB1_MSZV0FB1_2/1000x1000/bolsas-para-vacio-bosch-mszv0fb1-1-2-lts-x-10-un-bolsas-para-vacio-bosch-mszv0fb1-1-2-lts-x-10-un.jpg,6,,
dr-mszv0fb1,,,,,,,,,,,,,,https://f.fcdn.app/imgs/ce6808/www.diaril.com.uy/diaruy/7060/original/catalogo/MSZV0FB1_MSZV0FB1_3/1500-1500/bolsas-para-vacio-bosch-mszv0fb1-1-2-lts-x-10-un-bolsas-para-vacio-bosch-mszv0fb1-1-2-lts-x-10-un.jpg,7,,
dr-mszv0fb1,,,,,,,,,,,,,,https://f.fcdn.app/imgs/46cca0/www.diaril.com.uy/diaruy/7060/original/catalogo/MSZV0FB1_MSZV0FB1_3/1920-1200/bolsas-para-vacio-bosch-mszv0fb1-1-2-lts-x-10-un-bolsas-para-vacio-bosch-mszv0fb1-1-2-lts-x-10-un.jpg,8,,
dr-mszv0fb3,Bolsas para vacio Bosch MSZV0FB3 3.8 lts x 10 un,"<ul><li>• Capacidad Familiar de 3,8L: Tamaño ideal para piezas grandes de carne, pescados enteros o porciones familiares</li><li>• Sellado Hermético de Frescura: Conserva el sabor y los nutrientes por mucho más tiempo en heladera o freezer</li><li>• Especial para Sous-vide: Bolsas preparadas para cocción al vacío a temperaturas de hasta 85°C</li><li>• Doble Cremallera Reutilizable: Material duradero diseñado para múltiples usos y fácil apertura</li><li>• Limpieza Higiénica: Aptas para lavavajillas para una reutilización cómoda y segura</li><li>• Salud y Seguridad: Fabricadas en material libre de BPA para un contacto seguro con alimentos</li><li>• Compatibilidad Garantizada: Funcionan con la bomba de vacío de mixers y licuadoras de la línea Bosch</li><li>• Contenido del Pack: 10 bolsas de gran tamaño (3,8 litros) para una organización total</li></ul>",Bosch,Accesorios,"Bosch, stock-verificado",TRUE,Color,Bolsas para vacio Bosch MSZV0FB3 3.8 lts x 10 un,MSZV0FB3,1202.00,,10,deny,https://f.fcdn.app/imgs/781a2a/www.diaril.com.uy/diaruy/c1d5/original/catalogo/MSZV0FB3_MSZV0FB3_1/1000x1000/bolsas-para-vacio-bosch-mszv0fb3-3-8-lts-x-10-un-bolsas-para-vacio-bosch-mszv0fb3-3-8-lts-x-10-un.jpg,1,,
dr-mszv0fb3,,,,,,,,,,,,,,https://f.fcdn.app/imgs/52c315/www.diaril.com.uy/diaruy/c1d5/original/catalogo/MSZV0FB3_MSZV0FB3_1/1500-1500/bolsas-para-vacio-bosch-mszv0fb3-3-8-lts-x-10-un-bolsas-para-vacio-bosch-mszv0fb3-3-8-lts-x-10-un.jpg,2,,
dr-mszv0fb3,,,,,,,,,,,,,,https://f.fcdn.app/imgs/36c789/www.diaril.com.uy/diaruy/c1d5/original/catalogo/MSZV0FB3_MSZV0FB3_1/1920-1200/bolsas-para-vacio-bosch-mszv0fb3-3-8-lts-x-10-un-bolsas-para-vacio-bosch-mszv0fb3-3-8-lts-x-10-un.jpg,3,,
dr-mszv0fb3,,,,,,,,,,,,,,https://f.fcdn.app/imgs/217a8d/www.diaril.com.uy/diaruy/467e/original/catalogo/MSZV0FB3_MSZV0FB3_2/1500-1500/bolsas-para-vacio-bosch-mszv0fb3-3-8-lts-x-10-un-bolsas-para-vacio-bosch-mszv0fb3-3-8-lts-x-10-un.jpg,4,,
dr-mszv0fb3,,,,,,,,,,,,,,https://f.fcdn.app/imgs/872744/www.diaril.com.uy/diaruy/467e/original/catalogo/MSZV0FB3_MSZV0FB3_2/1920-1200/bolsas-para-vacio-bosch-mszv0fb3-3-8-lts-x-10-un-bolsas-para-vacio-bosch-mszv0fb3-3-8-lts-x-10-un.jpg,5,,
dr-mszv0fb3,,,,,,,,,,,,,,https://f.fcdn.app/imgs/2474a5/www.diaril.com.uy/diaruy/467e/original/catalogo/MSZV0FB3_MSZV0FB3_2/1000x1000/bolsas-para-vacio-bosch-mszv0fb3-3-8-lts-x-10-un-bolsas-para-vacio-bosch-mszv0fb3-3-8-lts-x-10-un.jpg,6,,
dr-mszv0fb3,,,,,,,,,,,,,,https://f.fcdn.app/imgs/5e5b75/www.diaril.com.uy/diaruy/a582/original/catalogo/MSZV0FB3_MSZV0FB3_3/1500-1500/bolsas-para-vacio-bosch-mszv0fb3-3-8-lts-x-10-un-bolsas-para-vacio-bosch-mszv0fb3-3-8-lts-x-10-un.jpg,7,,
dr-mszv0fb3,,,,,,,,,,,,,,https://f.fcdn.app/imgs/b3fd36/www.diaril.com.uy/diaruy/a582/original/catalogo/MSZV0FB3_MSZV0FB3_3/1920-1200/bolsas-para-vacio-bosch-mszv0fb3-3-8-lts-x-10-un-bolsas-para-vacio-bosch-mszv0fb3-3-8-lts-x-10-un.jpg,8,,
dr-mszv0fc2,Accesorio recipiente al vacio Bosch MSZV0FC2 X2,"<ul><li>• Tecnología de Vacío Avanzada: Crea un sello hermético para mantener la frescura y el sabor por más tiempo</li><li>• Material Tritán de Alta Resistencia: Recipiente irrompible, apto para microondas y resistente a olores</li><li>• Exclusiva Bandeja de Goteo: Separa los alimentos de la humedad para mantenerlos crujientes y frescos</li><li>• Gestión de Fecha Integrada: Ruedas giratorias en la tapa para marcar fácilmente el día de almacenamiento</li><li>• Compatibilidad Total: Funciona con mixers MaxoMixx, ErgoMixx y licuadoras VitaMaxx con sistema de vacío</li><li>• Higiene Superior: Recipiente totalmente apto para lavavajillas para una limpieza sin esfuerzo</li><li>• Salud Garantizada: Todos los componentes en contacto con alimentos están 100% libres de BPA</li><li>• Versatilidad en el Hogar: Ideal tanto para conservar en la heladera como para congelar alimentos</li></ul>",Bosch,Accesorios,"Bosch, stock-verificado",TRUE,Color,Accesorio recipiente al vacio Bosch MSZV0FC2 X2,MSZV0FC2,3689.00,,10,deny,https://f.fcdn.app/imgs/312aee/www.diaril.com.uy/diaruy/4625/original/catalogo/MSZV0FC2_MSZV0FC2_1/1000x1000/accesorio-recipiente-al-vacio-bosch-mszv0fc2-x2-accesorio-recipiente-al-vacio-bosch-mszv0fc2-x2.jpg,1,,
dr-mszv0fc2,,,,,,,,,,,,,,https://f.fcdn.app/imgs/f2d9ba/www.diaril.com.uy/diaruy/4625/original/catalogo/MSZV0FC2_MSZV0FC2_1/1500-1500/accesorio-recipiente-al-vacio-bosch-mszv0fc2-x2-accesorio-recipiente-al-vacio-bosch-mszv0fc2-x2.jpg,2,,
dr-mszv0fc2,,,,,,,,,,,,,,https://f.fcdn.app/imgs/a082f4/www.diaril.com.uy/diaruy/4625/original/catalogo/MSZV0FC2_MSZV0FC2_1/1920-1200/accesorio-recipiente-al-vacio-bosch-mszv0fc2-x2-accesorio-recipiente-al-vacio-bosch-mszv0fc2-x2.jpg,3,,
dr-mszv0fc2,,,,,,,,,,,,,,https://f.fcdn.app/imgs/66b7e5/www.diaril.com.uy/diaruy/03a2/original/catalogo/MSZV0FC2_MSZV0FC2_2/1500-1500/accesorio-recipiente-al-vacio-bosch-mszv0fc2-x2-accesorio-recipiente-al-vacio-bosch-mszv0fc2-x2.jpg,4,,
dr-mszv0fc2,,,,,,,,,,,,,,https://f.fcdn.app/imgs/316322/www.diaril.com.uy/diaruy/03a2/original/catalogo/MSZV0FC2_MSZV0FC2_2/1920-1200/accesorio-recipiente-al-vacio-bosch-mszv0fc2-x2-accesorio-recipiente-al-vacio-bosch-mszv0fc2-x2.jpg,5,,
dr-mszv0fc2,,,,,,,,,,,,,,https://f.fcdn.app/imgs/198773/www.diaril.com.uy/diaruy/03a2/original/catalogo/MSZV0FC2_MSZV0FC2_2/1000x1000/accesorio-recipiente-al-vacio-bosch-mszv0fc2-x2-accesorio-recipiente-al-vacio-bosch-mszv0fc2-x2.jpg,6,,
dr-mszv0fc2,,,,,,,,,,,,,,https://f.fcdn.app/imgs/c16dec/www.diaril.com.uy/diaruy/2da6/original/catalogo/MSZV0FC2_MSZV0FC2_3/1500-1500/accesorio-recipiente-al-vacio-bosch-mszv0fc2-x2-accesorio-recipiente-al-vacio-bosch-mszv0fc2-x2.jpg,7,,
dr-mszv0fc2,,,,,,,,,,,,,,https://f.fcdn.app/imgs/ad6066/www.diaril.com.uy/diaruy/2da6/original/catalogo/MSZV0FC2_MSZV0FC2_3/1920-1200/accesorio-recipiente-al-vacio-bosch-mszv0fc2-x2-accesorio-recipiente-al-vacio-bosch-mszv0fc2-x2.jpg,8,,
dr-mum58020,Robot de cocina Bosch MUM58020 Menta,"<ul><li>• Potencia Extrema de 1000W: Motor de alto rendimiento para procesar masas pesadas sin esfuerzo</li><li>• Amasado Planetario 3D: Movimiento único en tres dimensiones para un mezclado perfecto y homogéneo</li><li>• EasyArmLift: Brazo multifunción que se mueve con solo pulsar un botón para mayor comodidad</li><li>• Bol de 3,9L en Acero Inoxidable: Gran capacidad con diseño interior especial para batidos profesionales</li><li>• Control de 7 Velocidades: Ajuste electrónico preciso más función Turbo para máxima potencia</li><li>• Set de Repostería Profesional: Incluye garfio amasador, varilla batidora y varilla mezcladora</li><li>• Procesador de Alimentos Integrado: Cortador-rallador con 3 discos y jarra batidora de 1,25L</li><li>• Bolsa de Accesorios Práctica: Almacená las varillas y discos de forma compacta y ordenada</li><li>• Seguridad y Salud: Pies con ventosas para estabilidad total y materiales 100% libres de BPA</li><li>• Limpieza Sencilla: Accesorios aptos para lavavajillas y superficies de fácil mantenimiento</li></ul>",Bosch,Electro,"Batidoras, Bosch, stock-verificado",TRUE,Color,Robot de cocina Bosch MUM58020 Menta,MUM58020,24829.00,,10,deny,https://f.fcdn.app/imgs/d0ba72/www.diaril.com.uy/diaruy/9ee6/original/catalogo/MUM58020_MUM58020_1/1000x1000/robot-de-cocina-bosch-mum58020-menta-robot-de-cocina-bosch-mum58020-menta.jpg,1,,
dr-mum58020,,,,,,,,,,,,,,https://f.fcdn.app/imgs/ad8712/www.diaril.com.uy/diaruy/9ee6/original/catalogo/MUM58020_MUM58020_1/1500-1500/robot-de-cocina-bosch-mum58020-menta-robot-de-cocina-bosch-mum58020-menta.jpg,2,,
dr-mum58020,,,,,,,,,,,,,,https://f.fcdn.app/imgs/6f7aea/www.diaril.com.uy/diaruy/9ee6/original/catalogo/MUM58020_MUM58020_1/1920-1200/robot-de-cocina-bosch-mum58020-menta-robot-de-cocina-bosch-mum58020-menta.jpg,3,,
dr-mum58020,,,,,,,,,,,,,,https://f.fcdn.app/imgs/88c4aa/www.diaril.com.uy/diaruy/1580/original/catalogo/MUM58020_MUM58020_2/1500-1500/robot-de-cocina-bosch-mum58020-menta-robot-de-cocina-bosch-mum58020-menta.jpg,4,,
dr-mum58020,,,,,,,,,,,,,,https://f.fcdn.app/imgs/f34db4/www.diaril.com.uy/diaruy/1580/original/catalogo/MUM58020_MUM58020_2/1920-1200/robot-de-cocina-bosch-mum58020-menta-robot-de-cocina-bosch-mum58020-menta.jpg,5,,
dr-mum58020,,,,,,,,,,,,,,https://f.fcdn.app/imgs/6e4f2f/www.diaril.com.uy/diaruy/1580/original/catalogo/MUM58020_MUM58020_2/1000x1000/robot-de-cocina-bosch-mum58020-menta-robot-de-cocina-bosch-mum58020-menta.jpg,6,,
dr-mum58020,,,,,,,,,,,,,,https://f.fcdn.app/imgs/223213/www.diaril.com.uy/diaruy/1dd9/original/catalogo/MUM58020_MUM58020_3/1500-1500/robot-de-cocina-bosch-mum58020-menta-robot-de-cocina-bosch-mum58020-menta.jpg,7,,
dr-mum58020,,,,,,,,,,,,,,https://f.fcdn.app/imgs/ea4cf7/www.diaril.com.uy/diaruy/1dd9/original/catalogo/MUM58020_MUM58020_3/1920-1200/robot-de-cocina-bosch-mum58020-menta-robot-de-cocina-bosch-mum58020-menta.jpg,8,,
dr-mum58420,Robot de cocina Bosch MUM58420 Red Diamond,"<ul><li>• Potencia Extrema de 1000W: Motor de alto rendimiento para procesar masas pesadas sin esfuerzo</li><li>• Amasado Planetario 3D: Movimiento único en tres dimensiones para un mezclado perfecto y homogéneo</li><li>• EasyArmLift: Brazo multifunción que se mueve con solo pulsar un botón para mayor comodidad</li><li>• Bol de 3,9L en Acero Inoxidable: Gran capacidad con diseño interior especial para batidos profesionales</li><li>• Control de 7 Velocidades: Ajuste electrónico preciso más función Turbo para máxima potencia</li><li>• Set de Repostería Profesional: Incluye garfio amasador, varilla batidora y varilla mezcladora</li><li>• Procesador de Alimentos Integrado: Cortador-rallador con 3 discos y jarra batidora de 1,25L</li><li>• Bolsa de Accesorios Práctica: Almacená las varillas y discos de forma compacta y ordenada</li><li>• Seguridad y Salud: Pies con ventosas para estabilidad total y materiales 100% libres de BPA</li><li>• Limpieza Sencilla: Accesorios aptos para lavavajillas y superficies de fácil mantenimiento</li></ul>",Bosch,Electro,"Batidoras, Bosch, stock-verificado",TRUE,Color,Robot de cocina Bosch MUM58420 Red Diamond,MUM58420,24829.00,,10,deny,https://f.fcdn.app/imgs/7c124d/www.diaril.com.uy/diaruy/bfdc/original/catalogo/MUM58420_MUM58420_1/1000x1000/robot-de-cocina-bosch-mum58420-red-diamond-robot-de-cocina-bosch-mum58420-red-diamond.jpg,1,,
dr-mum58420,,,,,,,,,,,,,,https://f.fcdn.app/imgs/0082fa/www.diaril.com.uy/diaruy/bfdc/original/catalogo/MUM58420_MUM58420_1/1500-1500/robot-de-cocina-bosch-mum58420-red-diamond-robot-de-cocina-bosch-mum58420-red-diamond.jpg,2,,
dr-mum58420,,,,,,,,,,,,,,https://f.fcdn.app/imgs/69dd5a/www.diaril.com.uy/diaruy/bfdc/original/catalogo/MUM58420_MUM58420_1/1920-1200/robot-de-cocina-bosch-mum58420-red-diamond-robot-de-cocina-bosch-mum58420-red-diamond.jpg,3,,
dr-mum58420,,,,,,,,,,,,,,https://f.fcdn.app/imgs/36fad4/www.diaril.com.uy/diaruy/d274/original/catalogo/MUM58420_MUM58420_2/1500-1500/robot-de-cocina-bosch-mum58420-red-diamond-robot-de-cocina-bosch-mum58420-red-diamond.jpg,4,,
dr-mum58420,,,,,,,,,,,,,,https://f.fcdn.app/imgs/1cb66b/www.diaril.com.uy/diaruy/d274/original/catalogo/MUM58420_MUM58420_2/1920-1200/robot-de-cocina-bosch-mum58420-red-diamond-robot-de-cocina-bosch-mum58420-red-diamond.jpg,5,,
dr-mum58420,,,,,,,,,,,,,,https://f.fcdn.app/imgs/ad4890/www.diaril.com.uy/diaruy/d274/original/catalogo/MUM58420_MUM58420_2/1000x1000/robot-de-cocina-bosch-mum58420-red-diamond-robot-de-cocina-bosch-mum58420-red-diamond.jpg,6,,
dr-mum58420,,,,,,,,,,,,,,https://f.fcdn.app/imgs/10a479/www.diaril.com.uy/diaruy/1648/original/catalogo/MUM58420_MUM58420_3/1500-1500/robot-de-cocina-bosch-mum58420-red-diamond-robot-de-cocina-bosch-mum58420-red-diamond.jpg,7,,
dr-mum58420,,,,,,,,,,,,,,https://f.fcdn.app/imgs/d1ec91/www.diaril.com.uy/diaruy/1648/original/catalogo/MUM58420_MUM58420_3/1920-1200/robot-de-cocina-bosch-mum58420-red-diamond-robot-de-cocina-bosch-mum58420-red-diamond.jpg,8,,
dr-mum58720,Robot de cocina Bosch MUM58720 Rojo,"<ul><li>• Potencia Extrema de 1000W: Motor de alto rendimiento para procesar masas pesadas sin esfuerzo</li><li>• Amasado Planetario 3D: Movimiento único en tres dimensiones para un mezclado perfecto y homogéneo</li><li>• EasyArmLift: Brazo multifunción que se mueve con solo pulsar un botón para mayor comodidad</li><li>• Bol de 3,9L en Acero Inoxidable: Gran capacidad con diseño interior especial para batidos profesionales</li><li>• Control de 7 Velocidades: Ajuste electrónico preciso más función Turbo para máxima potencia</li><li>• Set de Repostería Profesional: Incluye garfio amasador, varilla batidora y varilla mezcladora</li><li>• Procesador de Alimentos Integrado: Cortador-rallador con 3 discos y jarra batidora de 1,25L</li><li>• Bolsa de Accesorios Práctica: Almacená las varillas y discos de forma compacta y ordenada</li><li>• Seguridad y Salud: Pies con ventosas para estabilidad total y materiales 100% libres de BPA</li><li>• Limpieza Sencilla: Accesorios aptos para lavavajillas y superficies de fácil mantenimiento</li></ul>",Bosch,Electro,"Batidoras, Bosch, stock-verificado",TRUE,Color,Robot de cocina Bosch MUM58720 Rojo,MUM58720,24829.00,,10,deny,https://f.fcdn.app/imgs/e1401c/www.diaril.com.uy/diaruy/75ea/original/catalogo/MUM58720_MUM58720_1/1000x1000/robot-de-cocina-bosch-mum58720-rojo-robot-de-cocina-bosch-mum58720-rojo.jpg,1,,
dr-mum58720,,,,,,,,,,,,,,https://f.fcdn.app/imgs/5f193a/www.diaril.com.uy/diaruy/75ea/original/catalogo/MUM58720_MUM58720_1/1500-1500/robot-de-cocina-bosch-mum58720-rojo-robot-de-cocina-bosch-mum58720-rojo.jpg,2,,
dr-mum58720,,,,,,,,,,,,,,https://f.fcdn.app/imgs/c331b7/www.diaril.com.uy/diaruy/75ea/original/catalogo/MUM58720_MUM58720_1/1920-1200/robot-de-cocina-bosch-mum58720-rojo-robot-de-cocina-bosch-mum58720-rojo.jpg,3,,
dr-mum58720,,,,,,,,,,,,,,https://f.fcdn.app/imgs/0b68dc/www.diaril.com.uy/diaruy/1199/original/catalogo/MUM58720_MUM58720_2/1500-1500/robot-de-cocina-bosch-mum58720-rojo-robot-de-cocina-bosch-mum58720-rojo.jpg,4,,
dr-mum58720,,,,,,,,,,,,,,https://f.fcdn.app/imgs/edfc15/www.diaril.com.uy/diaruy/1199/original/catalogo/MUM58720_MUM58720_2/1920-1200/robot-de-cocina-bosch-mum58720-rojo-robot-de-cocina-bosch-mum58720-rojo.jpg,5,,
dr-mum58720,,,,,,,,,,,,,,https://f.fcdn.app/imgs/a71bf6/www.diaril.com.uy/diaruy/1199/original/catalogo/MUM58720_MUM58720_2/1000x1000/robot-de-cocina-bosch-mum58720-rojo-robot-de-cocina-bosch-mum58720-rojo.jpg,6,,
dr-mum58720,,,,,,,,,,,,,,https://f.fcdn.app/imgs/b89775/www.diaril.com.uy/diaruy/f910/original/catalogo/MUM58720_MUM58720_3/1500-1500/robot-de-cocina-bosch-mum58720-rojo-robot-de-cocina-bosch-mum58720-rojo.jpg,7,,
dr-mum58720,,,,,,,,,,,,,,https://f.fcdn.app/imgs/24d231/www.diaril.com.uy/diaruy/f910/original/catalogo/MUM58720_MUM58720_3/1920-1200/robot-de-cocina-bosch-mum58720-rojo-robot-de-cocina-bosch-mum58720-rojo.jpg,8,,
dr-mum58k20,Robot de cocina Bosch MUM58K20 Rosado,"<ul><li>• Potencia Extrema de 1000W: Motor de alto rendimiento para procesar masas pesadas sin esfuerzo</li><li>• Amasado Planetario 3D: Movimiento único en tres dimensiones para un mezclado perfecto y homogéneo</li><li>• EasyArmLift: Brazo multifunción que se eleva con solo pulsar un botón para mayor comodidad</li><li>• Bol de 3,9L en Acero Inoxidable: Gran capacidad con diseño interior especial para batidos profesionales</li><li>• Control de 7 Velocidades: Ajuste electrónico preciso más función Turbo para máxima potencia</li><li>• Set de Repostería Profesional: Incluye garfio amasador, varilla batidora y varilla mezcladora</li><li>• Procesador de Alimentos Integrado: Cortador-rallador con 3 discos y jarra batidora de 1,25L</li><li>• Bolsa de Accesorios Práctica: Almacená las varillas y discos de forma compacta y dentro del bol</li><li>• Seguridad y Salud: Pies con ventosas para estabilidad total y materiales 100% libres de BPA</li><li>• Limpieza Sencilla: Accesorios aptos para lavavajillas y superficies de fácil mantenimiento</li></ul>",Bosch,Electro,"Batidoras, Bosch, stock-verificado",TRUE,Color,Robot de cocina Bosch MUM58K20 Rosado,MUM58K20,24829.00,,10,deny,https://f.fcdn.app/imgs/d306b2/www.diaril.com.uy/diaruy/fb7e/original/catalogo/MUM58K20_MUM58K20_1/1000x1000/robot-de-cocina-bosch-mum58k20-rosado-robot-de-cocina-bosch-mum58k20-rosado.jpg,1,,
dr-mum58k20,,,,,,,,,,,,,,https://f.fcdn.app/imgs/49388d/www.diaril.com.uy/diaruy/fb7e/original/catalogo/MUM58K20_MUM58K20_1/1500-1500/robot-de-cocina-bosch-mum58k20-rosado-robot-de-cocina-bosch-mum58k20-rosado.jpg,2,,
dr-mum58k20,,,,,,,,,,,,,,https://f.fcdn.app/imgs/72a23b/www.diaril.com.uy/diaruy/fb7e/original/catalogo/MUM58K20_MUM58K20_1/1920-1200/robot-de-cocina-bosch-mum58k20-rosado-robot-de-cocina-bosch-mum58k20-rosado.jpg,3,,
dr-mum58k20,,,,,,,,,,,,,,https://f.fcdn.app/imgs/5f4f4e/www.diaril.com.uy/diaruy/ac38/original/catalogo/MUM58K20_MUM58K20_2/1500-1500/robot-de-cocina-bosch-mum58k20-rosado-robot-de-cocina-bosch-mum58k20-rosado.jpg,4,,
dr-mum58k20,,,,,,,,,,,,,,https://f.fcdn.app/imgs/151fb2/www.diaril.com.uy/diaruy/ac38/original/catalogo/MUM58K20_MUM58K20_2/1920-1200/robot-de-cocina-bosch-mum58k20-rosado-robot-de-cocina-bosch-mum58k20-rosado.jpg,5,,
dr-mum58k20,,,,,,,,,,,,,,https://f.fcdn.app/imgs/bb25a4/www.diaril.com.uy/diaruy/ac38/original/catalogo/MUM58K20_MUM58K20_2/1000x1000/robot-de-cocina-bosch-mum58k20-rosado-robot-de-cocina-bosch-mum58k20-rosado.jpg,6,,
dr-mum58k20,,,,,,,,,,,,,,https://f.fcdn.app/imgs/8b3f1d/www.diaril.com.uy/diaruy/891d/original/catalogo/MUM58K20_MUM58K20_3/1500-1500/robot-de-cocina-bosch-mum58k20-rosado-robot-de-cocina-bosch-mum58k20-rosado.jpg,7,,
dr-mum58k20,,,,,,,,,,,,,,https://f.fcdn.app/imgs/2b1580/www.diaril.com.uy/diaruy/891d/original/catalogo/MUM58K20_MUM58K20_3/1920-1200/robot-de-cocina-bosch-mum58k20-rosado-robot-de-cocina-bosch-mum58k20-rosado.jpg,8,,
dr-muzs2fww,Accesorio picadora de carne Bosch MUZS2FWW p/MUM,"<ul><li>• Rendimiento Profesional: Capacidad para picar aproximadamente 1 kg de carne por minuto</li><li>• Versatilidad Total: Procesa rápida y fácilmente carne cruda o cocinada, pescados y verduras</li><li>• Resultados de Alta Calidad: Diseñado para manejar grandes volúmenes con eficiencia constante</li><li>• Durabilidad Garantizada: Fabricado con materiales de larga vida útil para un uso intensivo</li><li>• Limpieza Sencilla: Componentes fáciles de desmontar y lavar para una higiene total</li><li>• Sistema Expandible: Compatible con accesorios especiales como ralladores o tamizadores</li><li>• Ingeniería de Precisión: Accesorios diseñados para obtener texturas perfectas en cada pasada</li></ul>",Bosch,Accesorios,Bosch,TRUE,Color,Accesorio picadora de carne Bosch MUZS2FWW p/MUM,MUZS2FWW,3275.00,,0,deny,https://f.fcdn.app/imgs/3abbe5/www.diaril.com.uy/diaruy/69a4/original/catalogo/MUZS2FWW_MUZS2FWW_1/1000x1000/accesorio-picadora-de-carne-bosch-muzs2fww-p-mum-accesorio-picadora-de-carne-bosch-muzs2fww-p-mum.jpg,1,,
dr-muzs2fww,,,,,,,,,,,,,,https://f.fcdn.app/imgs/bbaaae/www.diaril.com.uy/diaruy/69a4/original/catalogo/MUZS2FWW_MUZS2FWW_1/1500-1500/accesorio-picadora-de-carne-bosch-muzs2fww-p-mum-accesorio-picadora-de-carne-bosch-muzs2fww-p-mum.jpg,2,,
dr-muzs2fww,,,,,,,,,,,,,,https://f.fcdn.app/imgs/5d9831/www.diaril.com.uy/diaruy/69a4/original/catalogo/MUZS2FWW_MUZS2FWW_1/1920-1200/accesorio-picadora-de-carne-bosch-muzs2fww-p-mum-accesorio-picadora-de-carne-bosch-muzs2fww-p-mum.jpg,3,,
dr-muzs2fww,,,,,,,,,,,,,,https://f.fcdn.app/imgs/ee1adf/www.diaril.com.uy/diaruy/8439/original/catalogo/MUZS2FWW_MUZS2FWW_2/1500-1500/accesorio-picadora-de-carne-bosch-muzs2fww-p-mum-accesorio-picadora-de-carne-bosch-muzs2fww-p-mum.jpg,4,,
dr-muzs2fww,,,,,,,,,,,,,,https://f.fcdn.app/imgs/73ba7c/www.diaril.com.uy/diaruy/8439/original/catalogo/MUZS2FWW_MUZS2FWW_2/1920-1200/accesorio-picadora-de-carne-bosch-muzs2fww-p-mum-accesorio-picadora-de-carne-bosch-muzs2fww-p-mum.jpg,5,,
dr-muzs2fww,,,,,,,,,,,,,,https://f.fcdn.app/imgs/43a743/www.diaril.com.uy/diaruy/8439/original/catalogo/MUZS2FWW_MUZS2FWW_2/1000x1000/accesorio-picadora-de-carne-bosch-muzs2fww-p-mum-accesorio-picadora-de-carne-bosch-muzs2fww-p-mum.jpg,6,,
dr-muzs2fww,,,,,,,,,,,,,,https://f.fcdn.app/imgs/52cbfe/www.diaril.com.uy/diaruy/072c/original/catalogo/MUZS2FWW_MUZS2FWW_3/1500-1500/accesorio-picadora-de-carne-bosch-muzs2fww-p-mum-accesorio-picadora-de-carne-bosch-muzs2fww-p-mum.jpg,7,,
dr-muzs2fww,,,,,,,,,,,,,,https://f.fcdn.app/imgs/394c29/www.diaril.com.uy/diaruy/072c/original/catalogo/MUZS2FWW_MUZS2FWW_3/1920-1200/accesorio-picadora-de-carne-bosch-muzs2fww-p-mum-accesorio-picadora-de-carne-bosch-muzs2fww-p-mum.jpg,8,,
dr-tat2m121,Tostadora Bosch TAT2M121 MyMoment,<ul><li>• Sensor Electrónico de Tostado: Garantiza un dorado uniforme y perfecto en cada rebanada</li><li>• Potencia de 800-950 W: Calentamiento rápido y eficiente para tus desayunos diarios</li><li>• Centrado Automático: Mantiene el pan en la posición ideal para un tostado parejo en ambas caras</li><li>• Función Descongelar y Recalentar: Versatilidad total con teclas iluminadas independientes</li><li>• Soporte Calienta-panecillos: Accesorio integrado y plegable para calentar bollería o croissants</li><li>• Extra-elevación: Sistema práctico para extraer fácilmente incluso las rebanadas más pequeñas</li><li>• Seguridad Avanzada: Desconexión automática si el pan se bloquea y función parada con interruptor</li><li>• Diseño Funcional: Incluye recogecables integrado para mantener tu mesada ordenada</li></ul>,Bosch,Electro,"Tostadoras, Bosch, stock-verificado",TRUE,Color,Tostadora Bosch TAT2M121 MyMoment,TAT2M121,4104.00,,10,deny,https://f.fcdn.app/imgs/1dad40/www.diaril.com.uy/diaruy/62eb/original/catalogo/TAT2M121_TAT2M121_1/1000x1000/tostadora-bosch-tat2m121-mymoment-tostadora-bosch-tat2m121-mymoment.jpg,1,,
dr-tat2m121,,,,,,,,,,,,,,https://f.fcdn.app/imgs/40e054/www.diaril.com.uy/diaruy/62eb/original/catalogo/TAT2M121_TAT2M121_1/1500-1500/tostadora-bosch-tat2m121-mymoment-tostadora-bosch-tat2m121-mymoment.jpg,2,,
dr-tat2m121,,,,,,,,,,,,,,https://f.fcdn.app/imgs/fc309f/www.diaril.com.uy/diaruy/62eb/original/catalogo/TAT2M121_TAT2M121_1/1920-1200/tostadora-bosch-tat2m121-mymoment-tostadora-bosch-tat2m121-mymoment.jpg,3,,
dr-tat2m121,,,,,,,,,,,,,,https://f.fcdn.app/imgs/cfd1b1/www.diaril.com.uy/diaruy/881c/original/catalogo/TAT2M121_TAT2M121_2/1500-1500/tostadora-bosch-tat2m121-mymoment-tostadora-bosch-tat2m121-mymoment.jpg,4,,
dr-tat2m121,,,,,,,,,,,,,,https://f.fcdn.app/imgs/c146c1/www.diaril.com.uy/diaruy/881c/original/catalogo/TAT2M121_TAT2M121_2/1920-1200/tostadora-bosch-tat2m121-mymoment-tostadora-bosch-tat2m121-mymoment.jpg,5,,
dr-tat2m121,,,,,,,,,,,,,,https://f.fcdn.app/imgs/60cd07/www.diaril.com.uy/diaruy/881c/original/catalogo/TAT2M121_TAT2M121_2/1000x1000/tostadora-bosch-tat2m121-mymoment-tostadora-bosch-tat2m121-mymoment.jpg,6,,
dr-tat2m121,,,,,,,,,,,,,,https://f.fcdn.app/imgs/69a17b/www.diaril.com.uy/diaruy/d42b/original/catalogo/TAT2M121_TAT2M121_3/1500-1500/tostadora-bosch-tat2m121-mymoment-tostadora-bosch-tat2m121-mymoment.jpg,7,,
dr-tat2m121,,,,,,,,,,,,,,https://f.fcdn.app/imgs/399641/www.diaril.com.uy/diaruy/d42b/original/catalogo/TAT2M121_TAT2M121_3/1920-1200/tostadora-bosch-tat2m121-mymoment-tostadora-bosch-tat2m121-mymoment.jpg,8,,
dr-tat3m123,Tostadora Bosch TAT3M123 MyMoment,"<ul><li>• Potencia de 800-950 W: Calentamiento rápido y eficiente para un dorado perfecto</li><li>• Sensor Electrónico de Tostado: Garantiza resultados uniformes rebanada tras rebanada</li><li>• Centrado Automático: Mantiene el pan en la posición ideal para un tostado parejo en ambas caras</li><li>• Calienta-panecillos Integrado: Soporte plegable para calentar croissants, medialunas o bollos</li><li>• Función Descongelar y Recalentar: Teclas iluminadas independientes para mayor versatilidad</li><li>• Sistema de Extra-elevación: Permite extraer con seguridad incluso las rebanadas más pequeñas</li><li>• Seguridad Inteligente: Desconexión automática en caso de bloqueo y función de parada inmediata</li><li>• Diseño Ordenado: Incluye espacio para recoger el cable y mantener tu cocina organizada</li></ul>",Bosch,Electro,"Tostadoras, Bosch, stock-verificado",TRUE,Color,Tostadora Bosch TAT3M123 MyMoment,TAT3M123,4104.00,,10,deny,https://f.fcdn.app/imgs/988554/www.diaril.com.uy/diaruy/e873/original/catalogo/TAT3M123_TAT3M123_1/1000x1000/tostadora-bosch-tat3m123-mymoment-tostadora-bosch-tat3m123-mymoment.jpg,1,,
dr-tat3m123,,,,,,,,,,,,,,https://f.fcdn.app/imgs/7d3803/www.diaril.com.uy/diaruy/e873/original/catalogo/TAT3M123_TAT3M123_1/1500-1500/tostadora-bosch-tat3m123-mymoment-tostadora-bosch-tat3m123-mymoment.jpg,2,,
dr-tat3m123,,,,,,,,,,,,,,https://f.fcdn.app/imgs/3b5911/www.diaril.com.uy/diaruy/e873/original/catalogo/TAT3M123_TAT3M123_1/1920-1200/tostadora-bosch-tat3m123-mymoment-tostadora-bosch-tat3m123-mymoment.jpg,3,,
dr-tat3m123,,,,,,,,,,,,,,https://f.fcdn.app/imgs/f93f19/www.diaril.com.uy/diaruy/52bf/original/catalogo/TAT3M123_TAT3M123_2/1500-1500/tostadora-bosch-tat3m123-mymoment-tostadora-bosch-tat3m123-mymoment.jpg,4,,
dr-tat3m123,,,,,,,,,,,,,,https://f.fcdn.app/imgs/56fd02/www.diaril.com.uy/diaruy/52bf/original/catalogo/TAT3M123_TAT3M123_2/1920-1200/tostadora-bosch-tat3m123-mymoment-tostadora-bosch-tat3m123-mymoment.jpg,5,,
dr-tat3m123,,,,,,,,,,,,,,https://f.fcdn.app/imgs/d78788/www.diaril.com.uy/diaruy/52bf/original/catalogo/TAT3M123_TAT3M123_2/1000x1000/tostadora-bosch-tat3m123-mymoment-tostadora-bosch-tat3m123-mymoment.jpg,6,,
dr-tat3m123,,,,,,,,,,,,,,https://f.fcdn.app/imgs/5e764e/www.diaril.com.uy/diaruy/326c/original/catalogo/TAT3M123_TAT3M123_3/1500-1500/tostadora-bosch-tat3m123-mymoment-tostadora-bosch-tat3m123-mymoment.jpg,7,,
dr-tat3m123,,,,,,,,,,,,,,https://f.fcdn.app/imgs/91b6ac/www.diaril.com.uy/diaruy/326c/original/catalogo/TAT3M123_TAT3M123_3/1920-1200/tostadora-bosch-tat3m123-mymoment-tostadora-bosch-tat3m123-mymoment.jpg,8,,
dr-tat3m124,Tostadora Bosch TAT3M124 MyMoment Rojo,<ul><li>• Sensor Electrónico de Tostado: Garantiza un dorado uniforme y constante en cada rebanada</li><li>• Potencia de 800-950 W: Calentamiento rápido y eficiente para tus desayunos</li><li>• Centrado Automático: Asegura que el pan reciba el mismo calor por ambos lados</li><li>• Soporte Calienta-panecillos: Accesorio integrado y plegable para calentar bollería o croissants</li><li>• Función Descongelar y Recalentar: Teclas iluminadas independientes para una gestión sencilla</li><li>• Extra-elevación: Sistema de seguridad para extraer fácilmente incluso las tostadas más pequeñas</li><li>• Seguridad Avanzada: Desconexión automática si el pan se bloquea y función de parada manual</li><li>• Diseño Funcional: Espacio integrado para recoger el cable y mantener el orden en la mesada</li></ul>,Bosch,Electro,"Tostadoras, Bosch, stock-verificado",TRUE,Color,Tostadora Bosch TAT3M124 MyMoment Rojo,TAT3M124,4104.00,,10,deny,https://f.fcdn.app/imgs/e0aac0/www.diaril.com.uy/diaruy/dbe5/original/catalogo/TAT3M124_TAT3M124_1/1000x1000/tostadora-bosch-tat3m124-mymoment-rojo-tostadora-bosch-tat3m124-mymoment-rojo.jpg,1,,
dr-tat3m124,,,,,,,,,,,,,,https://f.fcdn.app/imgs/2610d5/www.diaril.com.uy/diaruy/dbe5/original/catalogo/TAT3M124_TAT3M124_1/1500-1500/tostadora-bosch-tat3m124-mymoment-rojo-tostadora-bosch-tat3m124-mymoment-rojo.jpg,2,,
dr-tat3m124,,,,,,,,,,,,,,https://f.fcdn.app/imgs/899482/www.diaril.com.uy/diaruy/dbe5/original/catalogo/TAT3M124_TAT3M124_1/1920-1200/tostadora-bosch-tat3m124-mymoment-rojo-tostadora-bosch-tat3m124-mymoment-rojo.jpg,3,,
dr-tat3m124,,,,,,,,,,,,,,https://f.fcdn.app/imgs/dd0f90/www.diaril.com.uy/diaruy/b84f/original/catalogo/TAT3M124_TAT3M124_2/1500-1500/tostadora-bosch-tat3m124-mymoment-rojo-tostadora-bosch-tat3m124-mymoment-rojo.jpg,4,,
dr-tat3m124,,,,,,,,,,,,,,https://f.fcdn.app/imgs/bc1ba6/www.diaril.com.uy/diaruy/b84f/original/catalogo/TAT3M124_TAT3M124_2/1920-1200/tostadora-bosch-tat3m124-mymoment-rojo-tostadora-bosch-tat3m124-mymoment-rojo.jpg,5,,
dr-tat3m124,,,,,,,,,,,,,,https://f.fcdn.app/imgs/48444f/www.diaril.com.uy/diaruy/b84f/original/catalogo/TAT3M124_TAT3M124_2/1000x1000/tostadora-bosch-tat3m124-mymoment-rojo-tostadora-bosch-tat3m124-mymoment-rojo.jpg,6,,
dr-tat3m124,,,,,,,,,,,,,,https://f.fcdn.app/imgs/bc7f09/www.diaril.com.uy/diaruy/f448/original/catalogo/TAT3M124_TAT3M124_3/1500-1500/tostadora-bosch-tat3m124-mymoment-rojo-tostadora-bosch-tat3m124-mymoment-rojo.jpg,7,,
dr-tat3m124,,,,,,,,,,,,,,https://f.fcdn.app/imgs/3319ca/www.diaril.com.uy/diaruy/f448/original/catalogo/TAT3M124_TAT3M124_3/1920-1200/tostadora-bosch-tat3m124-mymoment-rojo-tostadora-bosch-tat3m124-mymoment-rojo.jpg,8,,
dr-tat4p420,Tostadora Bosch TAT4P420 DesignLine,"<ul><li>• Potencia de 820-970 W: Calentamiento de alto rendimiento para un tostado rápido y crujiente</li><li>• Sensor Electrónico de Tostado: Tecnología de precisión que garantiza un dorado uniforme en cada uso</li><li>• Mando Ergonómico Integrado: Control total del nivel de tostado con función de elevación en un solo mando</li><li>• Calienta-panecillos Plegable: Soporte integrado ideal para calentar medialunas, bollos y pan artesanal</li><li>• Bandeja Recogemigas Extraíble: Sistema de limpieza profunda y sencilla para mantener tu cocina impecable</li><li>• Sistema de Extra-elevación: Permite retirar con total seguridad incluso las rebanadas más pequeñas</li><li>• Función Descongelar: Tecla iluminada independiente para preparar pan directamente del freezer</li><li>• Seguridad Avanzada: Desconexión automática ante bloqueos de pan y botón de parada inmediata</li><li>• Diseño Funcional: Espacio integrado para recoger el cable, manteniendo el orden en tu mesada</li></ul>",Bosch,Electro,"Tostadoras, Bosch, stock-verificado",TRUE,Color,Tostadora Bosch TAT4P420 DesignLine,TAT4P420,4104.00,,10,deny,https://f.fcdn.app/imgs/0418e1/www.diaril.com.uy/diaruy/0b1e/original/catalogo/TAT4P420_TAT4P420_1/1000x1000/tostadora-bosch-tat4p420-designline-tostadora-bosch-tat4p420-designline.jpg,1,,
dr-tat4p420,,,,,,,,,,,,,,https://f.fcdn.app/imgs/8db7b7/www.diaril.com.uy/diaruy/0b1e/original/catalogo/TAT4P420_TAT4P420_1/1500-1500/tostadora-bosch-tat4p420-designline-tostadora-bosch-tat4p420-designline.jpg,2,,
dr-tat4p420,,,,,,,,,,,,,,https://f.fcdn.app/imgs/2f6e16/www.diaril.com.uy/diaruy/0b1e/original/catalogo/TAT4P420_TAT4P420_1/1920-1200/tostadora-bosch-tat4p420-designline-tostadora-bosch-tat4p420-designline.jpg,3,,
dr-tat4p420,,,,,,,,,,,,,,https://f.fcdn.app/imgs/2d67ab/www.diaril.com.uy/diaruy/9952/original/catalogo/TAT4P420_TAT4P420_2/1500-1500/tostadora-bosch-tat4p420-designline-tostadora-bosch-tat4p420-designline.jpg,4,,
dr-tat4p420,,,,,,,,,,,,,,https://f.fcdn.app/imgs/7a7136/www.diaril.com.uy/diaruy/9952/original/catalogo/TAT4P420_TAT4P420_2/1920-1200/tostadora-bosch-tat4p420-designline-tostadora-bosch-tat4p420-designline.jpg,5,,
dr-tat4p420,,,,,,,,,,,,,,https://f.fcdn.app/imgs/47abd2/www.diaril.com.uy/diaruy/9952/original/catalogo/TAT4P420_TAT4P420_2/1000x1000/tostadora-bosch-tat4p420-designline-tostadora-bosch-tat4p420-designline.jpg,6,,
dr-tat4p420,,,,,,,,,,,,,,https://f.fcdn.app/imgs/bdd5c0/www.diaril.com.uy/diaruy/45cb/original/catalogo/TAT4P420_TAT4P420_3/1500-1500/tostadora-bosch-tat4p420-designline-tostadora-bosch-tat4p420-designline.jpg,7,,
dr-tat4p420,,,,,,,,,,,,,,https://f.fcdn.app/imgs/6b89c7/www.diaril.com.uy/diaruy/45cb/original/catalogo/TAT4P420_TAT4P420_3/1920-1200/tostadora-bosch-tat4p420-designline-tostadora-bosch-tat4p420-designline.jpg,8,,
dr-tka2m111,Cafetera de goteo Bosch TKA2M111 MyMoment Blanco,<ul><li>• Jarra de Vidrio Aroma: Diseñada para preservar la temperatura y el aroma hasta para 10/15 tazas (1.37 L)</li><li>• Potencia de 1000-1200 W: Calentamiento rápido para disfrutar de tu café en pocos minutos</li><li>• Depósito de Agua Extraíble: Tanque translúcido con asa integrada e indicador de nivel para un llenado cómodo</li><li>• Placa Calefactora: Mantiene el café a la temperatura ideal durante más tiempo tras la preparación</li><li>• Válvula Antigoteo: Permite retirar la jarra en cualquier momento sin ensuciar la placa</li><li>• Portafiltros Pivotante: Sistema extraíble que facilita la colocación del filtro y la limpieza</li><li>• Jarra Graduada: Medición precisa para preparar la cantidad justa de café que necesites</li><li>• Seguridad y Orden: Interruptor luminoso de encendido/apagado y compartimento para recoger el cable</li></ul>,Bosch,Electro,"Cafeteras, Bosch, stock-verificado",TRUE,Color,Cafetera de goteo Bosch TKA2M111 MyMoment Blanco,TKA2M111,4104.00,,10,deny,https://f.fcdn.app/imgs/207b2d/www.diaril.com.uy/diaruy/10a5/original/catalogo/TKA2M111_TKA2M111_1/1000x1000/cafetera-de-goteo-bosch-tka2m111-mymoment-blanco-cafetera-de-goteo-bosch-tka2m111-mymoment-blanco.jpg,1,,
dr-tka2m111,,,,,,,,,,,,,,https://f.fcdn.app/imgs/316937/www.diaril.com.uy/diaruy/10a5/original/catalogo/TKA2M111_TKA2M111_1/1500-1500/cafetera-de-goteo-bosch-tka2m111-mymoment-blanco-cafetera-de-goteo-bosch-tka2m111-mymoment-blanco.jpg,2,,
dr-tka2m111,,,,,,,,,,,,,,https://f.fcdn.app/imgs/8a729a/www.diaril.com.uy/diaruy/10a5/original/catalogo/TKA2M111_TKA2M111_1/1920-1200/cafetera-de-goteo-bosch-tka2m111-mymoment-blanco-cafetera-de-goteo-bosch-tka2m111-mymoment-blanco.jpg,3,,
dr-tka2m111,,,,,,,,,,,,,,https://f.fcdn.app/imgs/20e241/www.diaril.com.uy/diaruy/54cc/original/catalogo/TKA2M111_TKA2M111_2/1500-1500/cafetera-de-goteo-bosch-tka2m111-mymoment-blanco-cafetera-de-goteo-bosch-tka2m111-mymoment-blanco.jpg,4,,
dr-tka2m111,,,,,,,,,,,,,,https://f.fcdn.app/imgs/9f8b4a/www.diaril.com.uy/diaruy/54cc/original/catalogo/TKA2M111_TKA2M111_2/1920-1200/cafetera-de-goteo-bosch-tka2m111-mymoment-blanco-cafetera-de-goteo-bosch-tka2m111-mymoment-blanco.jpg,5,,
dr-tka2m111,,,,,,,,,,,,,,https://f.fcdn.app/imgs/ae8ea5/www.diaril.com.uy/diaruy/54cc/original/catalogo/TKA2M111_TKA2M111_2/1000x1000/cafetera-de-goteo-bosch-tka2m111-mymoment-blanco-cafetera-de-goteo-bosch-tka2m111-mymoment-blanco.jpg,6,,
dr-tka2m111,,,,,,,,,,,,,,https://f.fcdn.app/imgs/0ed077/www.diaril.com.uy/diaruy/35fa/original/catalogo/TKA2M111_TKA2M111_3/1500-1500/cafetera-de-goteo-bosch-tka2m111-mymoment-blanco-cafetera-de-goteo-bosch-tka2m111-mymoment-blanco.jpg,7,,
dr-tka2m111,,,,,,,,,,,,,,https://f.fcdn.app/imgs/62a1e7/www.diaril.com.uy/diaruy/35fa/original/catalogo/TKA2M111_TKA2M111_3/1920-1200/cafetera-de-goteo-bosch-tka2m111-mymoment-blanco-cafetera-de-goteo-bosch-tka2m111-mymoment-blanco.jpg,8,,
dr-tka2m113,Cafetera de goteo Bosch TKA2M113 MyMoment,<ul><li>• Jarra de Vidrio Aroma: Diseñada para preservar el sabor y la temperatura hasta para 10/15 tazas (1.37 L)</li><li>• Depósito de Agua Extraíble: Tanque translúcido con asa integrada para un llenado cómodo directamente bajo la canilla</li><li>• Potencia de 1000-1200 W: Calentamiento rápido para disfrutar de tu café en pocos minutos</li><li>• Placa Calefactora: Mantiene el café a la temperatura ideal durante más tiempo tras la preparación</li><li>• Válvula Antigoteo: Sistema de seguridad que permite retirar la jarra en cualquier momento sin derrames</li><li>• Portafiltros Pivotante: Soporte extraíble que facilita la colocación del filtro y la limpieza posterior</li><li>• Indicador de Nivel Visible: Lectura clara desde el exterior para preparar la cantidad justa de café</li><li>• Diseño Funcional: Incluye interruptor On/Off luminoso y compartimento integrado para recoger el cable</li></ul>,Bosch,Electro,"Cafeteras, Bosch, stock-verificado",TRUE,Color,Cafetera de goteo Bosch TKA2M113 MyMoment,TKA2M113,4104.00,,10,deny,https://f.fcdn.app/imgs/66bc7c/www.diaril.com.uy/diaruy/6806/original/catalogo/TKA2M113_TKA2M113_1/1000x1000/cafetera-de-goteo-bosch-tka2m113-mymoment-cafetera-de-goteo-bosch-tka2m113-mymoment.jpg,1,,
dr-tka2m113,,,,,,,,,,,,,,https://f.fcdn.app/imgs/a90e27/www.diaril.com.uy/diaruy/6806/original/catalogo/TKA2M113_TKA2M113_1/1500-1500/cafetera-de-goteo-bosch-tka2m113-mymoment-cafetera-de-goteo-bosch-tka2m113-mymoment.jpg,2,,
dr-tka2m113,,,,,,,,,,,,,,https://f.fcdn.app/imgs/c55b89/www.diaril.com.uy/diaruy/6806/original/catalogo/TKA2M113_TKA2M113_1/1920-1200/cafetera-de-goteo-bosch-tka2m113-mymoment-cafetera-de-goteo-bosch-tka2m113-mymoment.jpg,3,,
dr-tka2m113,,,,,,,,,,,,,,https://f.fcdn.app/imgs/c5cfdb/www.diaril.com.uy/diaruy/3463/original/catalogo/TKA2M113_TKA2M113_2/1500-1500/cafetera-de-goteo-bosch-tka2m113-mymoment-cafetera-de-goteo-bosch-tka2m113-mymoment.jpg,4,,
dr-tka2m113,,,,,,,,,,,,,,https://f.fcdn.app/imgs/eca12b/www.diaril.com.uy/diaruy/3463/original/catalogo/TKA2M113_TKA2M113_2/1920-1200/cafetera-de-goteo-bosch-tka2m113-mymoment-cafetera-de-goteo-bosch-tka2m113-mymoment.jpg,5,,
dr-tka2m113,,,,,,,,,,,,,,https://f.fcdn.app/imgs/d8e689/www.diaril.com.uy/diaruy/3463/original/catalogo/TKA2M113_TKA2M113_2/1000x1000/cafetera-de-goteo-bosch-tka2m113-mymoment-cafetera-de-goteo-bosch-tka2m113-mymoment.jpg,6,,
dr-tka2m113,,,,,,,,,,,,,,https://f.fcdn.app/imgs/883d9a/www.diaril.com.uy/diaruy/92a7/original/catalogo/TKA2M113_TKA2M113_3/1500-1500/cafetera-de-goteo-bosch-tka2m113-mymoment-cafetera-de-goteo-bosch-tka2m113-mymoment.jpg,7,,
dr-tka2m113,,,,,,,,,,,,,,https://f.fcdn.app/imgs/458d62/www.diaril.com.uy/diaruy/92a7/original/catalogo/TKA2M113_TKA2M113_3/1920-1200/cafetera-de-goteo-bosch-tka2m113-mymoment-cafetera-de-goteo-bosch-tka2m113-mymoment.jpg,8,,
dr-tka2m114,Cafetera de goteo Bosch TKA2M114 MyMoment,<ul><li>• Jarra de Vidrio Aroma: Diseñada para preservar el sabor y la temperatura hasta para 10/15 tazas (1.37 L)</li><li>• Depósito de Agua Extraíble: Tanque translúcido con asa integrada para un llenado cómodo directamente bajo la canilla</li><li>• Potencia de 1000-1200 W: Calentamiento rápido para disfrutar de tu café en pocos minutos</li><li>• Placa Calefactora: Mantiene el café a la temperatura ideal durante más tiempo tras la preparación</li><li>• Válvula Antigoteo: Sistema de seguridad que permite retirar la jarra en cualquier momento sin derrames</li><li>• Portafiltros Pivotante: Soporte extraíble que facilita la colocación del filtro y la limpieza posterior</li><li>• Indicador de Nivel Visible: Lectura clara desde el exterior para preparar la cantidad justa de café</li><li>• Diseño Funcional: Incluye interruptor On/Off luminoso y compartimento integrado para recoger el cable</li></ul>,Bosch,Electro,"Cafeteras, Bosch, stock-verificado",TRUE,Color,Cafetera de goteo Bosch TKA2M114 MyMoment,TKA2M114,4104.00,,10,deny,https://f.fcdn.app/imgs/54c743/www.diaril.com.uy/diaruy/bfe5/original/catalogo/TKA2M114_TKA2M114_1/1000x1000/cafetera-de-goteo-bosch-tka2m114-mymoment-cafetera-de-goteo-bosch-tka2m114-mymoment.jpg,1,,
dr-tka2m114,,,,,,,,,,,,,,https://f.fcdn.app/imgs/258596/www.diaril.com.uy/diaruy/bfe5/original/catalogo/TKA2M114_TKA2M114_1/1500-1500/cafetera-de-goteo-bosch-tka2m114-mymoment-cafetera-de-goteo-bosch-tka2m114-mymoment.jpg,2,,
dr-tka2m114,,,,,,,,,,,,,,https://f.fcdn.app/imgs/48c725/www.diaril.com.uy/diaruy/bfe5/original/catalogo/TKA2M114_TKA2M114_1/1920-1200/cafetera-de-goteo-bosch-tka2m114-mymoment-cafetera-de-goteo-bosch-tka2m114-mymoment.jpg,3,,
dr-tka2m114,,,,,,,,,,,,,,https://f.fcdn.app/imgs/86bf9d/www.diaril.com.uy/diaruy/e584/original/catalogo/TKA2M114_TKA2M114_2/1500-1500/cafetera-de-goteo-bosch-tka2m114-mymoment-cafetera-de-goteo-bosch-tka2m114-mymoment.jpg,4,,
dr-tka2m114,,,,,,,,,,,,,,https://f.fcdn.app/imgs/f8b27d/www.diaril.com.uy/diaruy/e584/original/catalogo/TKA2M114_TKA2M114_2/1920-1200/cafetera-de-goteo-bosch-tka2m114-mymoment-cafetera-de-goteo-bosch-tka2m114-mymoment.jpg,5,,
dr-tka2m114,,,,,,,,,,,,,,https://f.fcdn.app/imgs/10869e/www.diaril.com.uy/diaruy/e584/original/catalogo/TKA2M114_TKA2M114_2/1000x1000/cafetera-de-goteo-bosch-tka2m114-mymoment-cafetera-de-goteo-bosch-tka2m114-mymoment.jpg,6,,
dr-tka2m114,,,,,,,,,,,,,,https://f.fcdn.app/imgs/5b634e/www.diaril.com.uy/diaruy/9c0e/original/catalogo/TKA2M114_TKA2M114_3/1500-1500/cafetera-de-goteo-bosch-tka2m114-mymoment-cafetera-de-goteo-bosch-tka2m114-mymoment.jpg,7,,
dr-tka2m114,,,,,,,,,,,,,,https://f.fcdn.app/imgs/225871/www.diaril.com.uy/diaruy/9c0e/original/catalogo/TKA2M114_TKA2M114_3/1920-1200/cafetera-de-goteo-bosch-tka2m114-mymoment-cafetera-de-goteo-bosch-tka2m114-mymoment.jpg,8,,
dr-tka3a031,Cafetera de goteo Bosch TKA3A031 CompactClass,<ul><li>• Potencia de 900-1100 W: Calentamiento eficiente para una extracción de aroma óptima</li><li>• Capacidad Familiar: Jarra de 1.25 litros ideal para preparar de 10 a 15 tazas</li><li>• Auto-apagado de Seguridad: Desconexión automática tras 2 horas para ahorro de energía y tranquilidad</li><li>• Jarra SafeStorage: Diseño pensado para un almacenamiento seguro y compacto en tu cocina</li><li>• Portafiltros Pivotante: Sistema extraíble (filtros 1x4) que facilita la carga de café y la limpieza</li><li>• Válvula Antigoteo: Permite servir una taza en cualquier momento sin ensuciar la placa calefactora</li><li>• Placa Calefactora: Mantiene el café a la temperatura justa durante más tiempo</li><li>• Depósito con Indicador: Control visual rápido del nivel de agua para un llenado preciso</li><li>• Diseño Estable y Ordenado: Pies antideslizantes y compartimento integrado para el cable</li><li>• Interruptor Luminoso: Tecla de encendido/apagado con luz para un control sencillo</li></ul>,Bosch,Electro,"Cafeteras, Bosch",TRUE,Color,Cafetera de goteo Bosch TKA3A031 CompactClass,TKA3A031,3275.00,,0,deny,https://f.fcdn.app/imgs/77316b/www.diaril.com.uy/diaruy/148f/original/catalogo/TKA3A031_TKA3A031_1/1000x1000/cafetera-de-goteo-bosch-tka3a031-compactclass-cafetera-de-goteo-bosch-tka3a031-compactclass.jpg,1,,
dr-tka3a031,,,,,,,,,,,,,,https://f.fcdn.app/imgs/4881dd/www.diaril.com.uy/diaruy/148f/original/catalogo/TKA3A031_TKA3A031_1/1500-1500/cafetera-de-goteo-bosch-tka3a031-compactclass-cafetera-de-goteo-bosch-tka3a031-compactclass.jpg,2,,
dr-tka3a031,,,,,,,,,,,,,,https://f.fcdn.app/imgs/1fe3fd/www.diaril.com.uy/diaruy/148f/original/catalogo/TKA3A031_TKA3A031_1/1920-1200/cafetera-de-goteo-bosch-tka3a031-compactclass-cafetera-de-goteo-bosch-tka3a031-compactclass.jpg,3,,
dr-tka3a031,,,,,,,,,,,,,,https://f.fcdn.app/imgs/c11067/www.diaril.com.uy/diaruy/e5ed/original/catalogo/TKA3A031_TKA3A031_2/1500-1500/cafetera-de-goteo-bosch-tka3a031-compactclass-cafetera-de-goteo-bosch-tka3a031-compactclass.jpg,4,,
dr-tka3a031,,,,,,,,,,,,,,https://f.fcdn.app/imgs/2fa853/www.diaril.com.uy/diaruy/e5ed/original/catalogo/TKA3A031_TKA3A031_2/1920-1200/cafetera-de-goteo-bosch-tka3a031-compactclass-cafetera-de-goteo-bosch-tka3a031-compactclass.jpg,5,,
dr-tka3a031,,,,,,,,,,,,,,https://f.fcdn.app/imgs/dfb875/www.diaril.com.uy/diaruy/e5ed/original/catalogo/TKA3A031_TKA3A031_2/1000x1000/cafetera-de-goteo-bosch-tka3a031-compactclass-cafetera-de-goteo-bosch-tka3a031-compactclass.jpg,6,,
dr-tka3a031,,,,,,,,,,,,,,https://f.fcdn.app/imgs/f829e2/www.diaril.com.uy/diaruy/6ac2/original/catalogo/TKA3A031_TKA3A031_3/1500-1500/cafetera-de-goteo-bosch-tka3a031-compactclass-cafetera-de-goteo-bosch-tka3a031-compactclass.jpg,7,,
dr-tka3a031,,,,,,,,,,,,,,https://f.fcdn.app/imgs/527d11/www.diaril.com.uy/diaruy/6ac2/original/catalogo/TKA3A031_TKA3A031_3/1920-1200/cafetera-de-goteo-bosch-tka3a031-compactclass-cafetera-de-goteo-bosch-tka3a031-compactclass.jpg,8,,
dr-tka3a034,Cafetera de goteo Bosch TKA3A034 CompactClass Extra,"<ul><li>• Potencia de 900-1100 W: Extracción óptima del aroma para un café con cuerpo y sabor</li><li>• Capacidad de 1.25 Litros: Prepará de 10 a 15 tazas, ideal para compartir en familia</li><li>• Desconexión Automática (2h): Seguridad total y ahorro de energía con apagado tras dos horas</li><li>• Jarra SafeStorage: Diseño pensado para un almacenamiento compacto y seguro en tu cocina</li><li>• Portafiltros Pivotante: Sistema extraíble que facilita la carga del café (filtros 1x4) y la limpieza</li><li>• Válvula Antigoteo: Retirá la jarra en cualquier momento sin ensuciar la placa calefactora</li><li>• Placa Calefactora: Mantiene el café a la temperatura justa después de la preparación</li><li>• Indicador de Nivel: Depósito de agua diseñado para un control visual rápido y preciso</li><li>• Diseño Ordenado: Compartimento integrado para el cable y pies antideslizantes para mayor firmeza</li><li>• Control Luminoso: Tecla On/Off con iluminación para una operación sencilla e intuitiva</li></ul>",Bosch,Electro,"Cafeteras, Bosch, stock-verificado",TRUE,Color,Cafetera de goteo Bosch TKA3A034 CompactClass Extra,TKA3A034,3275.00,,10,deny,https://f.fcdn.app/imgs/2f83a7/www.diaril.com.uy/diaruy/9b99/original/catalogo/TKA3A034_TKA3A034_1/1000x1000/cafetera-de-goteo-bosch-tka3a034-compactclass-extra-cafetera-de-goteo-bosch-tka3a034-compactclass-extra.jpg,1,,
dr-tka3a034,,,,,,,,,,,,,,https://f.fcdn.app/imgs/bedea6/www.diaril.com.uy/diaruy/9b99/original/catalogo/TKA3A034_TKA3A034_1/1500-1500/cafetera-de-goteo-bosch-tka3a034-compactclass-extra-cafetera-de-goteo-bosch-tka3a034-compactclass-extra.jpg,2,,
dr-tka3a034,,,,,,,,,,,,,,https://f.fcdn.app/imgs/fb7ae7/www.diaril.com.uy/diaruy/9b99/original/catalogo/TKA3A034_TKA3A034_1/1920-1200/cafetera-de-goteo-bosch-tka3a034-compactclass-extra-cafetera-de-goteo-bosch-tka3a034-compactclass-extra.jpg,3,,
dr-tka3a034,,,,,,,,,,,,,,https://f.fcdn.app/imgs/8da831/www.diaril.com.uy/diaruy/c413/original/catalogo/TKA3A034_TKA3A034_2/1500-1500/cafetera-de-goteo-bosch-tka3a034-compactclass-extra-cafetera-de-goteo-bosch-tka3a034-compactclass-extra.jpg,4,,
dr-tka3a034,,,,,,,,,,,,,,https://f.fcdn.app/imgs/08c39b/www.diaril.com.uy/diaruy/c413/original/catalogo/TKA3A034_TKA3A034_2/1920-1200/cafetera-de-goteo-bosch-tka3a034-compactclass-extra-cafetera-de-goteo-bosch-tka3a034-compactclass-extra.jpg,5,,
dr-tka3a034,,,,,,,,,,,,,,https://f.fcdn.app/imgs/4890e7/www.diaril.com.uy/diaruy/c413/original/catalogo/TKA3A034_TKA3A034_2/1000x1000/cafetera-de-goteo-bosch-tka3a034-compactclass-extra-cafetera-de-goteo-bosch-tka3a034-compactclass-extra.jpg,6,,
dr-tka3a034,,,,,,,,,,,,,,https://f.fcdn.app/imgs/24332b/www.diaril.com.uy/diaruy/eaf0/original/catalogo/TKA3A034_TKA3A034_3/1500-1500/cafetera-de-goteo-bosch-tka3a034-compactclass-extra-cafetera-de-goteo-bosch-tka3a034-compactclass-extra.jpg,7,,
dr-tka3a034,,,,,,,,,,,,,,https://f.fcdn.app/imgs/8d4c3f/www.diaril.com.uy/diaruy/eaf0/original/catalogo/TKA3A034_TKA3A034_3/1920-1200/cafetera-de-goteo-bosch-tka3a034-compactclass-extra-cafetera-de-goteo-bosch-tka3a034-compactclass-extra.jpg,8,,
dr-twk2m161,Hervidor de agua Bosch TWK2M161 MyMoment,"<ul><li>• Potencia de 2400 W: Calentamiento ultra rápido para tener agua hirviendo en tiempo récord</li><li>• Capacidad de 1.7 Litros: Tamaño ideal para preparar múltiples infusiones o acelerar la cocción</li><li>• Base con Giro de 360º: Funcionamiento sin cable para una comodidad total tanto para zurdos como diestros</li><li>• Triple Sistema de Seguridad: Auto-apagado al hervir, protección contra sobrecalentamiento y funcionamiento en seco</li><li>• Filtro Antical Extraíble: Filtro de acero inoxidable que asegura la pureza del agua y facilita la limpieza</li><li>• Indicador de Nivel Dual: Visor de agua en ambos lados para un control preciso del llenado</li><li>• Fácil Mantenimiento: Boca de llenado de gran tamaño para una limpieza interior cómoda y profunda</li><li>• Diseño Ordenado: Base con sistema recogecables integrado para mantener tu mesada impecable</li></ul>",Bosch,Electro,"Jarras, Bosch, stock-verificado",TRUE,Color,Hervidor de agua Bosch TWK2M161 MyMoment,TWK2M161,4104.00,,10,deny,https://f.fcdn.app/imgs/0e9db2/www.diaril.com.uy/diaruy/a5ec/original/catalogo/TWK2M161_TWK2M161_1/1000x1000/hervidor-de-agua-bosch-twk2m161-mymoment-hervidor-de-agua-bosch-twk2m161-mymoment.jpg,1,,
dr-twk2m161,,,,,,,,,,,,,,https://f.fcdn.app/imgs/2c3a68/www.diaril.com.uy/diaruy/a5ec/original/catalogo/TWK2M161_TWK2M161_1/1500-1500/hervidor-de-agua-bosch-twk2m161-mymoment-hervidor-de-agua-bosch-twk2m161-mymoment.jpg,2,,
dr-twk2m161,,,,,,,,,,,,,,https://f.fcdn.app/imgs/0ff6f4/www.diaril.com.uy/diaruy/a5ec/original/catalogo/TWK2M161_TWK2M161_1/1920-1200/hervidor-de-agua-bosch-twk2m161-mymoment-hervidor-de-agua-bosch-twk2m161-mymoment.jpg,3,,
dr-twk2m161,,,,,,,,,,,,,,https://f.fcdn.app/imgs/7b8397/www.diaril.com.uy/diaruy/f681/original/catalogo/TWK2M161_TWK2M161_2/1500-1500/hervidor-de-agua-bosch-twk2m161-mymoment-hervidor-de-agua-bosch-twk2m161-mymoment.jpg,4,,
dr-twk2m161,,,,,,,,,,,,,,https://f.fcdn.app/imgs/a2ca5f/www.diaril.com.uy/diaruy/f681/original/catalogo/TWK2M161_TWK2M161_2/1920-1200/hervidor-de-agua-bosch-twk2m161-mymoment-hervidor-de-agua-bosch-twk2m161-mymoment.jpg,5,,
dr-twk2m161,,,,,,,,,,,,,,https://f.fcdn.app/imgs/2f929e/www.diaril.com.uy/diaruy/f681/original/catalogo/TWK2M161_TWK2M161_2/1000x1000/hervidor-de-agua-bosch-twk2m161-mymoment-hervidor-de-agua-bosch-twk2m161-mymoment.jpg,6,,
dr-twk2m161,,,,,,,,,,,,,,https://f.fcdn.app/imgs/98b503/www.diaril.com.uy/diaruy/b12b/original/catalogo/TWK2M161_TWK2M161_3/1500-1500/hervidor-de-agua-bosch-twk2m161-mymoment-hervidor-de-agua-bosch-twk2m161-mymoment.jpg,7,,
dr-twk2m161,,,,,,,,,,,,,,https://f.fcdn.app/imgs/a4557c/www.diaril.com.uy/diaruy/b12b/original/catalogo/TWK2M161_TWK2M161_3/1920-1200/hervidor-de-agua-bosch-twk2m161-mymoment-hervidor-de-agua-bosch-twk2m161-mymoment.jpg,8,,
dr-twk3m123,Hervidor de agua Bosch TWK3M123 MyMoment,"<ul><li>• Potencia de 2000-2400 W: Calentamiento ultra rápido para obtener agua hirviendo en pocos segundos</li><li>• Capacidad de 1.7 Litros: Tamaño familiar ideal para múltiples infusiones o acelerar tus cocciones</li><li>• Base con Giro de 360º: Jarra sin cables para una máxima comodidad y libertad de movimiento</li><li>• Triple Sistema de Seguridad: Auto-apagado al hervir, protección contra sobrecalentamiento y funcionamiento en seco</li><li>• Filtro Antical Extraíble: Retiene las impurezas para un agua más pura y se desmonta fácilmente para su limpieza</li><li>• Doble Indicador de Nivel: Visores laterales en ambos sentidos que permiten controlar el llenado con precisión</li><li>• Diseño de Fácil Limpieza: Boca de llenado de gran tamaño para un acceso cómodo al interior del hervidor</li><li>• Almacenamiento Ordenado: Base con sistema recogecables integrado para mantener tu mesada despejada</li></ul>",Bosch,Electro,"Jarras, Bosch, stock-verificado",TRUE,Color,Hervidor de agua Bosch TWK3M123 MyMoment,TWK3M123,4104.00,,10,deny,https://f.fcdn.app/imgs/497bea/www.diaril.com.uy/diaruy/c580/original/catalogo/TWK3M123_TWK3M123_1/1000x1000/hervidor-de-agua-bosch-twk3m123-mymoment-hervidor-de-agua-bosch-twk3m123-mymoment.jpg,1,,
dr-twk3m123,,,,,,,,,,,,,,https://f.fcdn.app/imgs/396d46/www.diaril.com.uy/diaruy/c580/original/catalogo/TWK3M123_TWK3M123_1/1500-1500/hervidor-de-agua-bosch-twk3m123-mymoment-hervidor-de-agua-bosch-twk3m123-mymoment.jpg,2,,
dr-twk3m123,,,,,,,,,,,,,,https://f.fcdn.app/imgs/ef5b85/www.diaril.com.uy/diaruy/c580/original/catalogo/TWK3M123_TWK3M123_1/1920-1200/hervidor-de-agua-bosch-twk3m123-mymoment-hervidor-de-agua-bosch-twk3m123-mymoment.jpg,3,,
dr-twk3m123,,,,,,,,,,,,,,https://f.fcdn.app/imgs/7ff90a/www.diaril.com.uy/diaruy/ce70/original/catalogo/TWK3M123_TWK3M123_2/1500-1500/hervidor-de-agua-bosch-twk3m123-mymoment-hervidor-de-agua-bosch-twk3m123-mymoment.jpg,4,,
dr-twk3m123,,,,,,,,,,,,,,https://f.fcdn.app/imgs/62f74a/www.diaril.com.uy/diaruy/ce70/original/catalogo/TWK3M123_TWK3M123_2/1920-1200/hervidor-de-agua-bosch-twk3m123-mymoment-hervidor-de-agua-bosch-twk3m123-mymoment.jpg,5,,
dr-twk3m123,,,,,,,,,,,,,,https://f.fcdn.app/imgs/b17ee5/www.diaril.com.uy/diaruy/ce70/original/catalogo/TWK3M123_TWK3M123_2/1000x1000/hervidor-de-agua-bosch-twk3m123-mymoment-hervidor-de-agua-bosch-twk3m123-mymoment.jpg,6,,
dr-twk3m123,,,,,,,,,,,,,,https://f.fcdn.app/imgs/ba94d9/www.diaril.com.uy/diaruy/9a37/original/catalogo/TWK3M123_TWK3M123_3/1500-1500/hervidor-de-agua-bosch-twk3m123-mymoment-hervidor-de-agua-bosch-twk3m123-mymoment.jpg,7,,
dr-twk3m123,,,,,,,,,,,,,,https://f.fcdn.app/imgs/50af62/www.diaril.com.uy/diaruy/9a37/original/catalogo/TWK3M123_TWK3M123_3/1920-1200/hervidor-de-agua-bosch-twk3m123-mymoment-hervidor-de-agua-bosch-twk3m123-mymoment.jpg,8,,
dr-twk3m124,Hervidor de agua Bosch TWK3M124 MyMoment,"<ul><li>• Potencia de 2000-2400 W: Calentamiento ultra rápido para obtener agua hirviendo en pocos segundos</li><li>• Capacidad de 1.7 Litros: Tamaño familiar perfecto para múltiples infusiones o acelerar cocciones</li><li>• Base con Giro de 360º: Jarra inalámbrica para una máxima comodidad y libertad de movimiento</li><li>• Triple Sistema de Seguridad: Auto-apagado al hervir, protección contra sobrecalentamiento y funcionamiento en seco</li><li>• Filtro Antical Extraíble: Retiene impurezas para un agua más pura y se desmonta fácilmente para su limpieza</li><li>• Doble Indicador de Nivel: Visores laterales en ambos lados que permiten controlar el llenado con precisión</li><li>• Diseño de Fácil Limpieza: Boca de llenado de gran tamaño para un acceso cómodo al interior del hervidor</li><li>• Almacenamiento Ordenado: Base con sistema recogecables integrado para mantener tu mesada despejada</li></ul>",Bosch,Electro,"Jarras, Bosch, stock-verificado",TRUE,Color,Hervidor de agua Bosch TWK3M124 MyMoment,TWK3M124,4104.00,,10,deny,https://f.fcdn.app/imgs/99792b/www.diaril.com.uy/diaruy/0a1d/original/catalogo/TWK3M124_TWK3M124_1/1000x1000/hervidor-de-agua-bosch-twk3m124-mymoment-hervidor-de-agua-bosch-twk3m124-mymoment.jpg,1,,
dr-twk3m124,,,,,,,,,,,,,,https://f.fcdn.app/imgs/0c4ffe/www.diaril.com.uy/diaruy/0a1d/original/catalogo/TWK3M124_TWK3M124_1/1500-1500/hervidor-de-agua-bosch-twk3m124-mymoment-hervidor-de-agua-bosch-twk3m124-mymoment.jpg,2,,
dr-twk3m124,,,,,,,,,,,,,,https://f.fcdn.app/imgs/3dca72/www.diaril.com.uy/diaruy/0a1d/original/catalogo/TWK3M124_TWK3M124_1/1920-1200/hervidor-de-agua-bosch-twk3m124-mymoment-hervidor-de-agua-bosch-twk3m124-mymoment.jpg,3,,
dr-twk3m124,,,,,,,,,,,,,,https://f.fcdn.app/imgs/53a422/www.diaril.com.uy/diaruy/2004/original/catalogo/TWK3M124_TWK3M124_2/1500-1500/hervidor-de-agua-bosch-twk3m124-mymoment-hervidor-de-agua-bosch-twk3m124-mymoment.jpg,4,,
dr-twk3m124,,,,,,,,,,,,,,https://f.fcdn.app/imgs/c90cd3/www.diaril.com.uy/diaruy/2004/original/catalogo/TWK3M124_TWK3M124_2/1920-1200/hervidor-de-agua-bosch-twk3m124-mymoment-hervidor-de-agua-bosch-twk3m124-mymoment.jpg,5,,
dr-twk3m124,,,,,,,,,,,,,,https://f.fcdn.app/imgs/763015/www.diaril.com.uy/diaruy/2004/original/catalogo/TWK3M124_TWK3M124_2/1000x1000/hervidor-de-agua-bosch-twk3m124-mymoment-hervidor-de-agua-bosch-twk3m124-mymoment.jpg,6,,
dr-twk3m124,,,,,,,,,,,,,,https://f.fcdn.app/imgs/2ac587/www.diaril.com.uy/diaruy/53fd/original/catalogo/TWK3M124_TWK3M124_3/1500-1500/hervidor-de-agua-bosch-twk3m124-mymoment-hervidor-de-agua-bosch-twk3m124-mymoment.jpg,7,,
dr-twk3m124,,,,,,,,,,,,,,https://f.fcdn.app/imgs/ae9ee2/www.diaril.com.uy/diaruy/53fd/original/catalogo/TWK3M124_TWK3M124_3/1920-1200/hervidor-de-agua-bosch-twk3m124-mymoment-hervidor-de-agua-bosch-twk3m124-mymoment.jpg,8,,
dr-twk3p420,Hervidor de agua Bosch TWK3P420 DesignLine,<ul><li>• Llenado Directo por el Pico: Máxima practicidad; cargá agua sin necesidad de abrir la tapa</li><li>• Resistencia Oculta: Base interior de acero inoxidable que facilita la limpieza y evita la acumulación de sarro</li><li>• Filtro Antisarro de Acero Inoxidable: Removible y lavable para garantizar la pureza de cada infusión</li><li>• Seguridad en la Tapa: Sistema de cierre reforzado para evitar aperturas accidentales durante el vertido</li><li>• Interruptor Iluminado: Control visual instantáneo para saber cuándo el equipo está en funcionamiento</li><li>• Estabilidad Garantizada: Base con pies antideslizantes para evitar desplazamientos en la mesada</li><li>• Almacenamiento Inteligente: Alojamiento integrado para enrollar el cable y mantener el orden</li><li>• Higiene Superior: Materiales de alta calidad que no transfieren olores ni sabores al agua</li></ul>,Bosch,Electro,"Jarras, Bosch",TRUE,Color,Hervidor de agua Bosch TWK3P420 DesignLine,TWK3P420,4104.00,,0,deny,https://f.fcdn.app/imgs/2f630b/www.diaril.com.uy/diaruy/d837/original/catalogo/TWK3P420_TWK3P420_1/1000x1000/hervidor-de-agua-bosch-twk3p420-designline-hervidor-de-agua-bosch-twk3p420-designline.jpg,1,,
dr-twk3p420,,,,,,,,,,,,,,https://f.fcdn.app/imgs/0f06ae/www.diaril.com.uy/diaruy/d837/original/catalogo/TWK3P420_TWK3P420_1/1500-1500/hervidor-de-agua-bosch-twk3p420-designline-hervidor-de-agua-bosch-twk3p420-designline.jpg,2,,
dr-twk3p420,,,,,,,,,,,,,,https://f.fcdn.app/imgs/ad5681/www.diaril.com.uy/diaruy/d837/original/catalogo/TWK3P420_TWK3P420_1/1920-1200/hervidor-de-agua-bosch-twk3p420-designline-hervidor-de-agua-bosch-twk3p420-designline.jpg,3,,
dr-twk3p420,,,,,,,,,,,,,,https://f.fcdn.app/imgs/a772c4/www.diaril.com.uy/diaruy/99b5/original/catalogo/TWK3P420_TWK3P420_2/1500-1500/hervidor-de-agua-bosch-twk3p420-designline-hervidor-de-agua-bosch-twk3p420-designline.jpg,4,,
dr-twk3p420,,,,,,,,,,,,,,https://f.fcdn.app/imgs/22b9d4/www.diaril.com.uy/diaruy/99b5/original/catalogo/TWK3P420_TWK3P420_2/1920-1200/hervidor-de-agua-bosch-twk3p420-designline-hervidor-de-agua-bosch-twk3p420-designline.jpg,5,,
dr-twk3p420,,,,,,,,,,,,,,https://f.fcdn.app/imgs/e393bd/www.diaril.com.uy/diaruy/99b5/original/catalogo/TWK3P420_TWK3P420_2/1000x1000/hervidor-de-agua-bosch-twk3p420-designline-hervidor-de-agua-bosch-twk3p420-designline.jpg,6,,
dr-twk3p420,,,,,,,,,,,,,,https://f.fcdn.app/imgs/34d187/www.diaril.com.uy/diaruy/040a/original/catalogo/TWK3P420_TWK3P420_3/1500-1500/hervidor-de-agua-bosch-twk3p420-designline-hervidor-de-agua-bosch-twk3p420-designline.jpg,7,,
dr-twk3p420,,,,,,,,,,,,,,https://f.fcdn.app/imgs/891201/www.diaril.com.uy/diaruy/040a/original/catalogo/TWK3P420_TWK3P420_3/1920-1200/hervidor-de-agua-bosch-twk3p420-designline-hervidor-de-agua-bosch-twk3p420-designline.jpg,8,,
dr-twk3p424,Hervidor de agua Bosch TWK3P424 DesignLine,<ul><li>• Resistencia Oculta: Base interior de acero inoxidable que evita la acumulación de sarro y facilita la limpieza</li><li>• Filtro Anti-impurezas: Fabricado en acero inoxidable para garantizar un agua más pura en cada infusión</li><li>• Materiales de Alta Calidad: Cuerpo y base interior de acero inoxidable que aseguran máxima durabilidad</li><li>• Llenado Sencillo: Diseño ergonómico pensado para una carga de agua rápida y sin complicaciones</li><li>• Seguridad y Estabilidad: Base con pies antideslizantes para un apoyo firme en cualquier mesada</li><li>• Control Visual: Interruptor On/Off luminoso que indica claramente cuando el agua está en proceso de hervor</li><li>• Higiene Superior: Superficies lisas de acero que no transfieren olores ni sabores al agua</li></ul>,Bosch,Electro,"Jarras, Bosch, stock-verificado",TRUE,Color,Hervidor de agua Bosch TWK3P424 DesignLine,TWK3P424,4104.00,,10,deny,https://f.fcdn.app/imgs/410591/www.diaril.com.uy/diaruy/15f6/original/catalogo/TWK3P424_TWK3P424_1/1000x1000/hervidor-de-agua-bosch-twk3p424-designline-hervidor-de-agua-bosch-twk3p424-designline.jpg,1,,
dr-twk3p424,,,,,,,,,,,,,,https://f.fcdn.app/imgs/38e424/www.diaril.com.uy/diaruy/15f6/original/catalogo/TWK3P424_TWK3P424_1/1500-1500/hervidor-de-agua-bosch-twk3p424-designline-hervidor-de-agua-bosch-twk3p424-designline.jpg,2,,
dr-twk3p424,,,,,,,,,,,,,,https://f.fcdn.app/imgs/db78b5/www.diaril.com.uy/diaruy/15f6/original/catalogo/TWK3P424_TWK3P424_1/1920-1200/hervidor-de-agua-bosch-twk3p424-designline-hervidor-de-agua-bosch-twk3p424-designline.jpg,3,,
dr-twk3p424,,,,,,,,,,,,,,https://f.fcdn.app/imgs/96b7d1/www.diaril.com.uy/diaruy/832b/original/catalogo/TWK3P424_TWK3P424_2/1500-1500/hervidor-de-agua-bosch-twk3p424-designline-hervidor-de-agua-bosch-twk3p424-designline.jpg,4,,
dr-twk3p424,,,,,,,,,,,,,,https://f.fcdn.app/imgs/aa29d4/www.diaril.com.uy/diaruy/832b/original/catalogo/TWK3P424_TWK3P424_2/1920-1200/hervidor-de-agua-bosch-twk3p424-designline-hervidor-de-agua-bosch-twk3p424-designline.jpg,5,,
dr-twk3p424,,,,,,,,,,,,,,https://f.fcdn.app/imgs/8e7e81/www.diaril.com.uy/diaruy/832b/original/catalogo/TWK3P424_TWK3P424_2/1000x1000/hervidor-de-agua-bosch-twk3p424-designline-hervidor-de-agua-bosch-twk3p424-designline.jpg,6,,
dr-twk3p424,,,,,,,,,,,,,,https://f.fcdn.app/imgs/2b2af3/www.diaril.com.uy/diaruy/8d7a/original/catalogo/TWK3P424_TWK3P424_3/1500-1500/hervidor-de-agua-bosch-twk3p424-designline-hervidor-de-agua-bosch-twk3p424-designline.jpg,7,,
dr-twk3p424,,,,,,,,,,,,,,https://f.fcdn.app/imgs/4dd604/www.diaril.com.uy/diaruy/8d7a/original/catalogo/TWK3P424_TWK3P424_3/1920-1200/hervidor-de-agua-bosch-twk3p424-designline-hervidor-de-agua-bosch-twk3p424-designline.jpg,8,,
dr-twk8611p,Hervidor de agua Bosch TWK8611P Styline Blanco,"<ul><li>• TemperatureControl: Selector con 4 niveles (70°C, 80°C, 90°C y 100°C) para el punto exacto de cada infusión</li><li>• Función KeepWarm: Mantiene el agua a la temperatura seleccionada durante 30 minutos</li><li>• Potencia de 2400 W: Calentamiento de alto rendimiento para una máxima rapidez</li><li>• Capacidad de 1.7 Litros: Volumen ideal para preparar múltiples servicios de una sola vez</li><li>• Triple Sistema de Seguridad: Auto-apagado al hervir, protección contra sobrecalentamiento y fuera de la base</li><li>• Aviso Acústico: Señal sonora que te indica cuándo el agua ha alcanzado la temperatura deseada</li><li>• Base con Giro de 360º: Jarra inalámbrica para una manipulación cómoda y sin restricciones</li><li>• Indicador de Nivel: Control visual preciso del llenado para optimizar el consumo de energía</li></ul>",Bosch,Electro,"Jarras, Bosch, stock-verificado",TRUE,Color,Hervidor de agua Bosch TWK8611P Styline Blanco,TWK8611P,7668.00,,10,deny,https://f.fcdn.app/imgs/0827a2/www.diaril.com.uy/diaruy/4596/original/catalogo/TWK8611P_TWK8611P_1/1000x1000/hervidor-de-agua-bosch-twk8611p-styline-blanco-hervidor-de-agua-bosch-twk8611p-styline-blanco.jpg,1,,
dr-twk8611p,,,,,,,,,,,,,,https://f.fcdn.app/imgs/74850c/www.diaril.com.uy/diaruy/4596/original/catalogo/TWK8611P_TWK8611P_1/1500-1500/hervidor-de-agua-bosch-twk8611p-styline-blanco-hervidor-de-agua-bosch-twk8611p-styline-blanco.jpg,2,,
dr-twk8611p,,,,,,,,,,,,,,https://f.fcdn.app/imgs/413e44/www.diaril.com.uy/diaruy/4596/original/catalogo/TWK8611P_TWK8611P_1/1920-1200/hervidor-de-agua-bosch-twk8611p-styline-blanco-hervidor-de-agua-bosch-twk8611p-styline-blanco.jpg,3,,
dr-twk8611p,,,,,,,,,,,,,,https://f.fcdn.app/imgs/fd4301/www.diaril.com.uy/diaruy/06ef/original/catalogo/TWK8611P_TWK8611P_2/1500-1500/hervidor-de-agua-bosch-twk8611p-styline-blanco-hervidor-de-agua-bosch-twk8611p-styline-blanco.jpg,4,,
dr-twk8611p,,,,,,,,,,,,,,https://f.fcdn.app/imgs/9f52f9/www.diaril.com.uy/diaruy/06ef/original/catalogo/TWK8611P_TWK8611P_2/1920-1200/hervidor-de-agua-bosch-twk8611p-styline-blanco-hervidor-de-agua-bosch-twk8611p-styline-blanco.jpg,5,,
dr-twk8611p,,,,,,,,,,,,,,https://f.fcdn.app/imgs/73fb4d/www.diaril.com.uy/diaruy/06ef/original/catalogo/TWK8611P_TWK8611P_2/1000x1000/hervidor-de-agua-bosch-twk8611p-styline-blanco-hervidor-de-agua-bosch-twk8611p-styline-blanco.jpg,6,,
dr-twk8611p,,,,,,,,,,,,,,https://f.fcdn.app/imgs/13e162/www.diaril.com.uy/diaruy/9815/original/catalogo/TWK8611P_TWK8611P_3/1500-1500/hervidor-de-agua-bosch-twk8611p-styline-blanco-hervidor-de-agua-bosch-twk8611p-styline-blanco.jpg,7,,
dr-twk8611p,,,,,,,,,,,,,,https://f.fcdn.app/imgs/9fd5f3/www.diaril.com.uy/diaruy/9815/original/catalogo/TWK8611P_TWK8611P_3/1920-1200/hervidor-de-agua-bosch-twk8611p-styline-blanco-hervidor-de-agua-bosch-twk8611p-styline-blanco.jpg,8,,
dr-vitality,Exprimidor Ufesa Vitality,<ul><li>• Potencia de 120W: Motor de alta fuerza para un exprimido rápido y sin esfuerzo</li><li>• Brazo Articulado: Facilita la extracción del jugo aplicando la presión justa</li><li>• Filtro y Sujeta-naranjas de Acero Inoxidable: Máxima durabilidad e higiene</li><li>• Sistema de Vertido Continuo: Disfruta del jugo directamente en el vaso</li><li>• Tecnología Antigoteo: Mantiene tu mesada siempre limpia</li><li>• Doble Cono Intercambiable: Se adapta perfectamente a distintos tamaños de cítricos</li><li>• Diseño Desmontable: Brazo y piezas fáciles de retirar para una limpieza profunda</li><li>• Máxima Estabilidad: Base con pies antideslizantes para un uso seguro</li></ul>,Ufesa,Electro,"Exprimidores, Ufesa, stock-verificado",TRUE,Color,Exprimidor Ufesa Vitality,VITALITY,2860.00,,10,deny,https://f.fcdn.app/imgs/b9ac4d/www.diaril.com.uy/diaruy/88a7/original/catalogo/VITALITY_VITALITY_1/1000x1000/exprimidor-ufesa-vitality-exprimidor-ufesa-vitality.jpg,1,,
dr-vitality,,,,,,,,,,,,,,https://f.fcdn.app/imgs/b598f5/www.diaril.com.uy/diaruy/88a7/original/catalogo/VITALITY_VITALITY_1/1500-1500/exprimidor-ufesa-vitality-exprimidor-ufesa-vitality.jpg,2,,
dr-vitality,,,,,,,,,,,,,,https://f.fcdn.app/imgs/779d36/www.diaril.com.uy/diaruy/88a7/original/catalogo/VITALITY_VITALITY_1/1920-1200/exprimidor-ufesa-vitality-exprimidor-ufesa-vitality.jpg,3,,
dr-vitality,,,,,,,,,,,,,,https://f.fcdn.app/imgs/39e4be/www.diaril.com.uy/diaruy/928d/original/catalogo/VITALITY_VITALITY_2/1500-1500/exprimidor-ufesa-vitality-exprimidor-ufesa-vitality.jpg,4,,
dr-vitality,,,,,,,,,,,,,,https://f.fcdn.app/imgs/71d2bb/www.diaril.com.uy/diaruy/928d/original/catalogo/VITALITY_VITALITY_2/1920-1200/exprimidor-ufesa-vitality-exprimidor-ufesa-vitality.jpg,5,,
dr-vitality,,,,,,,,,,,,,,https://f.fcdn.app/imgs/0b7eb5/www.diaril.com.uy/diaruy/928d/original/catalogo/VITALITY_VITALITY_2/1000x1000/exprimidor-ufesa-vitality-exprimidor-ufesa-vitality.jpg,6,,
dr-vitality,,,,,,,,,,,,,,https://f.fcdn.app/imgs/b6b011/www.diaril.com.uy/diaruy/4e60/original/catalogo/VITALITY_VITALITY_3/1500-1500/exprimidor-ufesa-vitality-exprimidor-ufesa-vitality.jpg,7,,
dr-vitality,,,,,,,,,,,,,,https://f.fcdn.app/imgs/966b5e/www.diaril.com.uy/diaruy/4e60/original/catalogo/VITALITY_VITALITY_3/1920-1200/exprimidor-ufesa-vitality-exprimidor-ufesa-vitality.jpg,8,,
dr-bbh3zoo28,Aspiradora escoba Bosch BBH3ZOO28,<ul><li>• Diseño Versátil 2 en 1: Aspirador de escoba inalámbrico y aspirador de mano integrado</li><li>• Especial Mascotas: Incluye cepillo motorizado específico para eliminar pelo animal</li><li>• Potente Batería de Litio de 28V: Máximo rendimiento y durabilidad</li><li>• Autonomía Extendida: Hasta 55 minutos de limpieza continua con 2 niveles de potencia</li><li>• Sistema RobustAir: Garantiza un flujo de aire constante incluso con el depósito lleno</li><li>• Cepillo PowerBrush con Iluminación LED: Máxima visibilidad en suelos y alfombras</li><li>• Almacenamiento Inteligente: Accesorios integrados en el cuerpo de la aspiradora</li><li>• Sistema de Fácil Limpieza: Rodillo desmontable y filtros lavables</li></ul>,Bosch,Electro,"Aspiradoras, Bosch, stock-verificado",TRUE,Color,Aspiradora escoba Bosch BBH3ZOO28,BBH3ZOO28,13554.00,,10,deny,https://f.fcdn.app/imgs/ce584b/www.diaril.com.uy/diaruy/b9f9/original/catalogo/BBH3ZOO28_BBH3ZOO28_1/1000x1000/aspiradora-escoba-bosch-bbh3zoo28-aspiradora-escoba-bosch-bbh3zoo28.jpg,1,,
dr-bbh3zoo28,,,,,,,,,,,,,,https://f.fcdn.app/imgs/e93c64/www.diaril.com.uy/diaruy/b9f9/original/catalogo/BBH3ZOO28_BBH3ZOO28_1/1500-1500/aspiradora-escoba-bosch-bbh3zoo28-aspiradora-escoba-bosch-bbh3zoo28.jpg,2,,
dr-bbh3zoo28,,,,,,,,,,,,,,https://f.fcdn.app/imgs/adb84e/www.diaril.com.uy/diaruy/b9f9/original/catalogo/BBH3ZOO28_BBH3ZOO28_1/1920-1200/aspiradora-escoba-bosch-bbh3zoo28-aspiradora-escoba-bosch-bbh3zoo28.jpg,3,,
dr-bbh3zoo28,,,,,,,,,,,,,,https://f.fcdn.app/imgs/5548b4/www.diaril.com.uy/diaruy/cf19/original/catalogo/BBH3ZOO28_BBH3ZOO28_2/1500-1500/aspiradora-escoba-bosch-bbh3zoo28-aspiradora-escoba-bosch-bbh3zoo28.jpg,4,,
dr-bbh3zoo28,,,,,,,,,,,,,,https://f.fcdn.app/imgs/35549b/www.diaril.com.uy/diaruy/cf19/original/catalogo/BBH3ZOO28_BBH3ZOO28_2/1920-1200/aspiradora-escoba-bosch-bbh3zoo28-aspiradora-escoba-bosch-bbh3zoo28.jpg,5,,
dr-bbh3zoo28,,,,,,,,,,,,,,https://f.fcdn.app/imgs/692884/www.diaril.com.uy/diaruy/cf19/original/catalogo/BBH3ZOO28_BBH3ZOO28_2/1000x1000/aspiradora-escoba-bosch-bbh3zoo28-aspiradora-escoba-bosch-bbh3zoo28.jpg,6,,
dr-bbh3zoo28,,,,,,,,,,,,,,https://f.fcdn.app/imgs/1f3f40/www.diaril.com.uy/diaruy/a89d/original/catalogo/BBH3ZOO28_BBH3ZOO28_3/1500-1500/aspiradora-escoba-bosch-bbh3zoo28-aspiradora-escoba-bosch-bbh3zoo28.jpg,7,,
dr-bbh3zoo28,,,,,,,,,,,,,,https://f.fcdn.app/imgs/2b82a1/www.diaril.com.uy/diaruy/a89d/original/catalogo/BBH3ZOO28_BBH3ZOO28_3/1920-1200/aspiradora-escoba-bosch-bbh3zoo28-aspiradora-escoba-bosch-bbh3zoo28.jpg,8,,
dr-bel523ms0,Microondas de empotrar Bosch BEL523MS0 20 L,"<ul><li>• Diseño Integrado Sin Marco: Estética minimalista en cristal negro y acero inoxidable</li><li>• Instalación en Columna: Altura de 38 cm (apto para nichos de 60 cm de ancho)</li><li>• Apertura Electrónica: Puerta lateral izquierda con accionamiento mediante tecla</li><li>• Potencia Dual: Microondas de 800W y Grill potente de 1000W</li><li>• 8 Recetas Gourmet Automáticas: Cocción perfecta según el tipo y peso del alimento</li><li>• Panel Moderno: Display LED con luz roja y mando ocultable (Pop-out)</li><li>• Interior de Acero Inoxidable con iluminación LED de alta visibilidad</li><li>• Funciones Combinadas: 3 niveles de Grill + Microondas para acabados dorados y jugosos</li><li>• Capacidad de 20 Litros con plato giratorio de 25,5 cm</li></ul>",Bosch,Electro,"Cocinas, Bosch, stock-verificado",TRUE,Color,Microondas de empotrar Bosch BEL523MS0 20 L,BEL523MS0,33119.00,,10,deny,https://f.fcdn.app/imgs/d7f3fc/www.diaril.com.uy/diaruy/3cca/original/catalogo/BEL523MS0_BEL523MS0_1/1000x1000/microondas-de-empotrar-bosch-bel523ms0-20-l-microondas-de-empotrar-bosch-bel523ms0-20-l.jpg,1,,
dr-bel523ms0,,,,,,,,,,,,,,https://f.fcdn.app/imgs/a7cc1f/www.diaril.com.uy/diaruy/3cca/original/catalogo/BEL523MS0_BEL523MS0_1/1500-1500/microondas-de-empotrar-bosch-bel523ms0-20-l-microondas-de-empotrar-bosch-bel523ms0-20-l.jpg,2,,
dr-bel523ms0,,,,,,,,,,,,,,https://f.fcdn.app/imgs/b59c00/www.diaril.com.uy/diaruy/3cca/original/catalogo/BEL523MS0_BEL523MS0_1/1920-1200/microondas-de-empotrar-bosch-bel523ms0-20-l-microondas-de-empotrar-bosch-bel523ms0-20-l.jpg,3,,
dr-bel523ms0,,,,,,,,,,,,,,https://f.fcdn.app/imgs/bac78d/www.diaril.com.uy/diaruy/2e1e/original/catalogo/BEL523MS0_BEL523MS0_2/1500-1500/microondas-de-empotrar-bosch-bel523ms0-20-l-microondas-de-empotrar-bosch-bel523ms0-20-l.jpg,4,,
dr-bel523ms0,,,,,,,,,,,,,,https://f.fcdn.app/imgs/3f6660/www.diaril.com.uy/diaruy/2e1e/original/catalogo/BEL523MS0_BEL523MS0_2/1920-1200/microondas-de-empotrar-bosch-bel523ms0-20-l-microondas-de-empotrar-bosch-bel523ms0-20-l.jpg,5,,
dr-bel523ms0,,,,,,,,,,,,,,https://f.fcdn.app/imgs/56c560/www.diaril.com.uy/diaruy/2e1e/original/catalogo/BEL523MS0_BEL523MS0_2/1000x1000/microondas-de-empotrar-bosch-bel523ms0-20-l-microondas-de-empotrar-bosch-bel523ms0-20-l.jpg,6,,
dr-bel523ms0,,,,,,,,,,,,,,https://f.fcdn.app/imgs/e7b159/www.diaril.com.uy/diaruy/081c/original/catalogo/BEL523MS0_BEL523MS0_3/1500-1500/microondas-de-empotrar-bosch-bel523ms0-20-l-microondas-de-empotrar-bosch-bel523ms0-20-l.jpg,7,,
dr-bel523ms0,,,,,,,,,,,,,,https://f.fcdn.app/imgs/572ea9/www.diaril.com.uy/diaruy/081c/original/catalogo/BEL523MS0_BEL523MS0_3/1920-1200/microondas-de-empotrar-bosch-bel523ms0-20-l-microondas-de-empotrar-bosch-bel523ms0-20-l.jpg,8,,
dr-bel623ms3,Microondas de empotrar Bosch BEL623MS3 20 L,<ul><li>• Potencia Versátil: 5 niveles de microondas (hasta 800W) y Grill de 1000W</li><li>• Uso Combinado Inteligente: Utiliza microondas y grill de forma independiente o simultánea</li><li>• Control Sencillo: Mandos giratorios diseñados para una configuración rápida y sin complicaciones</li><li>• 7 Programas Automáticos: 3 funciones de cocción y 4 programas específicos de descongelado</li><li>• Display LED Blanco: Visualización clara del reloj y programación de paro de cocción</li><li>• Plato Giratorio de 27 cm: Mayor superficie para recipientes y platos grandes</li><li>• Iluminación LED Interior: Máxima visibilidad con bajo consumo energético</li><li>• Capacidad de 20 Litros con diseño optimizado para encastre</li><li>• Dimensiones de Encastre Estándar: 382 x 595 x 335 mm (Alto x Ancho x Fondo)</li></ul>,Bosch,Electro,"Cocinas, Bosch, stock-verificado",TRUE,Color,Microondas de empotrar Bosch BEL623MS3 20 L,BEL623MS3,27730.00,,10,deny,https://f.fcdn.app/imgs/2edfef/www.diaril.com.uy/diaruy/3842/original/catalogo/BEL623MS3_BEL623MS3_1/1000x1000/microondas-de-empotrar-bosch-bel623ms3-20-l-microondas-de-empotrar-bosch-bel623ms3-20-l.jpg,1,,
dr-bel623ms3,,,,,,,,,,,,,,https://f.fcdn.app/imgs/53aaa9/www.diaril.com.uy/diaruy/3842/original/catalogo/BEL623MS3_BEL623MS3_1/1500-1500/microondas-de-empotrar-bosch-bel623ms3-20-l-microondas-de-empotrar-bosch-bel623ms3-20-l.jpg,2,,
dr-bel623ms3,,,,,,,,,,,,,,https://f.fcdn.app/imgs/2f96c3/www.diaril.com.uy/diaruy/3842/original/catalogo/BEL623MS3_BEL623MS3_1/1920-1200/microondas-de-empotrar-bosch-bel623ms3-20-l-microondas-de-empotrar-bosch-bel623ms3-20-l.jpg,3,,
dr-bel623ms3,,,,,,,,,,,,,,https://f.fcdn.app/imgs/2f4084/www.diaril.com.uy/diaruy/6a22/original/catalogo/BEL623MS3_BEL623MS3_2/1500-1500/microondas-de-empotrar-bosch-bel623ms3-20-l-microondas-de-empotrar-bosch-bel623ms3-20-l.jpg,4,,
dr-bel623ms3,,,,,,,,,,,,,,https://f.fcdn.app/imgs/f9701d/www.diaril.com.uy/diaruy/6a22/original/catalogo/BEL623MS3_BEL623MS3_2/1920-1200/microondas-de-empotrar-bosch-bel623ms3-20-l-microondas-de-empotrar-bosch-bel623ms3-20-l.jpg,5,,
dr-bel623ms3,,,,,,,,,,,,,,https://f.fcdn.app/imgs/3bf5e5/www.diaril.com.uy/diaruy/6a22/original/catalogo/BEL623MS3_BEL623MS3_2/1000x1000/microondas-de-empotrar-bosch-bel623ms3-20-l-microondas-de-empotrar-bosch-bel623ms3-20-l.jpg,6,,
dr-bel623ms3,,,,,,,,,,,,,,https://f.fcdn.app/imgs/2c5904/www.diaril.com.uy/diaruy/73c2/original/catalogo/BEL623MS3_BEL623MS3_3/1500-1500/microondas-de-empotrar-bosch-bel623ms3-20-l-microondas-de-empotrar-bosch-bel623ms3-20-l.jpg,7,,
dr-bel623ms3,,,,,,,,,,,,,,https://f.fcdn.app/imgs/795b89/www.diaril.com.uy/diaruy/73c2/original/catalogo/BEL623MS3_BEL623MS3_3/1920-1200/microondas-de-empotrar-bosch-bel623ms3-20-l-microondas-de-empotrar-bosch-bel623ms3-20-l.jpg,8,,
dr-bfl520ms0,Microondas de empotrar Bosch BFL520MS0 20 L,"<ul><li>• Concepto de Fácil Uso: Configuración manual, sencilla e intuitiva</li><li>• Potencia de 800W: 5 niveles ajustables para todo tipo de cocciones</li><li>• Interior de Acero Inoxidable: Cavidad embutida que garantiza durabilidad y fácil limpieza</li><li>• Plato Giratorio de 27 cm: Capacidad para platos y fuentes de gran tamaño</li><li>• Diseño de Encastre Profesional: Integración perfecta en tu columna de cocina</li><li>• Capacidad de 20 Litros: Espacio optimizado para el uso diario</li><li>• Apertura Lateral Izquierda: Acceso cómodo y funcional</li><li>• Dimensiones de Encastre Estándar: 382 x 594 x 317 mm</li></ul>",Bosch,Electro,"Cocinas, Bosch, stock-verificado",TRUE,Color,Microondas de empotrar Bosch BFL520MS0 20 L,BFL520MS0,29803.00,,10,deny,https://f.fcdn.app/imgs/2f5d99/www.diaril.com.uy/diaruy/81d4/original/catalogo/BFL520MS0_BFL520MS0_1/1000x1000/microondas-de-empotrar-bosch-bfl520ms0-20-l-microondas-de-empotrar-bosch-bfl520ms0-20-l.jpg,1,,
dr-bfl520ms0,,,,,,,,,,,,,,https://f.fcdn.app/imgs/d78dd5/www.diaril.com.uy/diaruy/81d4/original/catalogo/BFL520MS0_BFL520MS0_1/1500-1500/microondas-de-empotrar-bosch-bfl520ms0-20-l-microondas-de-empotrar-bosch-bfl520ms0-20-l.jpg,2,,
dr-bfl520ms0,,,,,,,,,,,,,,https://f.fcdn.app/imgs/008488/www.diaril.com.uy/diaruy/81d4/original/catalogo/BFL520MS0_BFL520MS0_1/1920-1200/microondas-de-empotrar-bosch-bfl520ms0-20-l-microondas-de-empotrar-bosch-bfl520ms0-20-l.jpg,3,,
dr-bfl520ms0,,,,,,,,,,,,,,https://f.fcdn.app/imgs/20527c/www.diaril.com.uy/diaruy/fb8d/original/catalogo/BFL520MS0_BFL520MS0_2/1500-1500/microondas-de-empotrar-bosch-bfl520ms0-20-l-microondas-de-empotrar-bosch-bfl520ms0-20-l.jpg,4,,
dr-bfl520ms0,,,,,,,,,,,,,,https://f.fcdn.app/imgs/60f906/www.diaril.com.uy/diaruy/fb8d/original/catalogo/BFL520MS0_BFL520MS0_2/1920-1200/microondas-de-empotrar-bosch-bfl520ms0-20-l-microondas-de-empotrar-bosch-bfl520ms0-20-l.jpg,5,,
dr-bfl520ms0,,,,,,,,,,,,,,https://f.fcdn.app/imgs/b18a5c/www.diaril.com.uy/diaruy/fb8d/original/catalogo/BFL520MS0_BFL520MS0_2/1000x1000/microondas-de-empotrar-bosch-bfl520ms0-20-l-microondas-de-empotrar-bosch-bfl520ms0-20-l.jpg,6,,
dr-bfl520ms0,,,,,,,,,,,,,,https://f.fcdn.app/imgs/def1a0/www.diaril.com.uy/diaruy/cac0/original/catalogo/BFL520MS0_BFL520MS0_3/1500-1500/microondas-de-empotrar-bosch-bfl520ms0-20-l-microondas-de-empotrar-bosch-bfl520ms0-20-l.jpg,7,,
dr-bfl520ms0,,,,,,,,,,,,,,https://f.fcdn.app/imgs/58f640/www.diaril.com.uy/diaruy/cac0/original/catalogo/BFL520MS0_BFL520MS0_3/1920-1200/microondas-de-empotrar-bosch-bfl520ms0-20-l-microondas-de-empotrar-bosch-bfl520ms0-20-l.jpg,8,,
dr-bfl524mw0,Microondas de empotrar Bosch BFL524MW0 Blanco,"<ul><li>• Diseño Premium Sin Marco: Acabado en cristal blanco para una integración limpia y moderna</li><li>• Apertura Electrónica: Acceso total al interior con solo pulsar una tecla</li><li>• 7 Recetas Gourmet: Programas automáticos que ajustan potencia y tiempo según el alimento</li><li>• Potencia de 800W: 5 niveles ajustables para resultados precisos</li><li>• Mandos Ocultables (Pop-out): Estética minimalista y facilidad de limpieza frontal</li><li>• Display LED Blanco: Visualización clara y moderna, coordinada con líneas de hornos de alta gama</li><li>• Cavidad de Acero Inoxidable: Interior embutido de alta durabilidad y fácil mantenimiento</li><li>• Iluminación LED Interior: Máxima visibilidad con eficiencia energética</li><li>• Reloj Programable: Función de paro de cocción para mayor seguridad y precisión</li></ul>",Bosch,Electro,"Cocinas, Bosch, stock-verificado",TRUE,Color,Microondas de empotrar Bosch BFL524MW0 Blanco,BFL524MW0,33119.00,,10,deny,https://f.fcdn.app/imgs/247042/www.diaril.com.uy/diaruy/f906/original/catalogo/BFL524MW0_BFL524MW0_1/1000x1000/microondas-de-empotrar-bosch-bfl524mw0-blanco-microondas-de-empotrar-bosch-bfl524mw0-blanco.jpg,1,,
dr-bfl524mw0,,,,,,,,,,,,,,https://f.fcdn.app/imgs/623f7f/www.diaril.com.uy/diaruy/f906/original/catalogo/BFL524MW0_BFL524MW0_1/1500-1500/microondas-de-empotrar-bosch-bfl524mw0-blanco-microondas-de-empotrar-bosch-bfl524mw0-blanco.jpg,2,,
dr-bfl524mw0,,,,,,,,,,,,,,https://f.fcdn.app/imgs/aed699/www.diaril.com.uy/diaruy/f906/original/catalogo/BFL524MW0_BFL524MW0_1/1920-1200/microondas-de-empotrar-bosch-bfl524mw0-blanco-microondas-de-empotrar-bosch-bfl524mw0-blanco.jpg,3,,
dr-bfl524mw0,,,,,,,,,,,,,,https://f.fcdn.app/imgs/07df33/www.diaril.com.uy/diaruy/ebee/original/catalogo/BFL524MW0_BFL524MW0_2/1500-1500/microondas-de-empotrar-bosch-bfl524mw0-blanco-microondas-de-empotrar-bosch-bfl524mw0-blanco.jpg,4,,
dr-bfl524mw0,,,,,,,,,,,,,,https://f.fcdn.app/imgs/4e24c1/www.diaril.com.uy/diaruy/ebee/original/catalogo/BFL524MW0_BFL524MW0_2/1920-1200/microondas-de-empotrar-bosch-bfl524mw0-blanco-microondas-de-empotrar-bosch-bfl524mw0-blanco.jpg,5,,
dr-bfl524mw0,,,,,,,,,,,,,,https://f.fcdn.app/imgs/11ab8f/www.diaril.com.uy/diaruy/ebee/original/catalogo/BFL524MW0_BFL524MW0_2/1000x1000/microondas-de-empotrar-bosch-bfl524mw0-blanco-microondas-de-empotrar-bosch-bfl524mw0-blanco.jpg,6,,
dr-bfl524mw0,,,,,,,,,,,,,,https://f.fcdn.app/imgs/ea6e4a/www.diaril.com.uy/diaruy/f03a/original/catalogo/BFL524MW0_BFL524MW0_3/1500-1500/microondas-de-empotrar-bosch-bfl524mw0-blanco-microondas-de-empotrar-bosch-bfl524mw0-blanco.jpg,7,,
dr-bfl524mw0,,,,,,,,,,,,,,https://f.fcdn.app/imgs/af7817/www.diaril.com.uy/diaruy/f03a/original/catalogo/BFL524MW0_BFL524MW0_3/1920-1200/microondas-de-empotrar-bosch-bfl524mw0-blanco-microondas-de-empotrar-bosch-bfl524mw0-blanco.jpg,8,,
dr-bfl7221b1,Microondas de empotrar Bosch Inverter BFL7221B1 Gourmet,"<ul><li>• Tecnología Innowave Maxx: Superficie útil un 56% mayor para recipientes grandes</li><li>• Tecnología Inverter: Cocción uniforme de principio a fin, sin puntos fríos ni bordes quemados.</li><li>• Base Cerámica Sin Plato Giratorio: Máximo aprovechamiento del espacio interior</li><li>• Potencia Superior de 900W: 5 niveles para un calentamiento ultra rápido</li><li>• Panel Touch Control: Manejo táctil totalmente liso, elegante y fácil de limpiar</li><li>• Asistente de Limpieza Aqualisis: Limpieza ecológica y rápida con vapor de agua</li><li>• Capacidad de 21 Litros: Diseño optimizado para mayor volumen de cocción</li><li>• 7 Recetas Automáticas: Programas inteligentes para resultados gourmet</li><li>• Iluminación LED y Reloj Electrónico con paro de cocción programable</li><li>• Diseño Integrado: Puerta de cristal con indicación de estado de calentamiento</li></ul>",Bosch,Electro,"Cocinas, Bosch, stock-verificado",TRUE,Color,Microondas de empotrar Bosch Inverter BFL7221B1 Gourmet,BFL7221B1,74196.00,,10,deny,https://f.fcdn.app/imgs/ce9ab3/www.diaril.com.uy/diaruy/e730/original/catalogo/BFL7221B1_BFL7221B1_1/1000x1000/microondas-de-empotrar-bosch-inverter-bfl7221b1-gourmet-microondas-de-empotrar-bosch-inverter-bfl7221b1-gourmet.jpg,1,,
dr-bfl7221b1,,,,,,,,,,,,,,https://f.fcdn.app/imgs/ae3bad/www.diaril.com.uy/diaruy/e730/original/catalogo/BFL7221B1_BFL7221B1_1/1500-1500/microondas-de-empotrar-bosch-inverter-bfl7221b1-gourmet-microondas-de-empotrar-bosch-inverter-bfl7221b1-gourmet.jpg,2,,
dr-bfl7221b1,,,,,,,,,,,,,,https://f.fcdn.app/imgs/f8cfcc/www.diaril.com.uy/diaruy/e730/original/catalogo/BFL7221B1_BFL7221B1_1/1920-1200/microondas-de-empotrar-bosch-inverter-bfl7221b1-gourmet-microondas-de-empotrar-bosch-inverter-bfl7221b1-gourmet.jpg,3,,
dr-bfl7221b1,,,,,,,,,,,,,,https://f.fcdn.app/imgs/da6471/www.diaril.com.uy/diaruy/4118/original/catalogo/BFL7221B1_BFL7221B1_2/1500-1500/microondas-de-empotrar-bosch-inverter-bfl7221b1-gourmet-microondas-de-empotrar-bosch-inverter-bfl7221b1-gourmet.jpg,4,,
dr-bfl7221b1,,,,,,,,,,,,,,https://f.fcdn.app/imgs/43d616/www.diaril.com.uy/diaruy/4118/original/catalogo/BFL7221B1_BFL7221B1_2/1920-1200/microondas-de-empotrar-bosch-inverter-bfl7221b1-gourmet-microondas-de-empotrar-bosch-inverter-bfl7221b1-gourmet.jpg,5,,
dr-bfl7221b1,,,,,,,,,,,,,,https://f.fcdn.app/imgs/d4acdb/www.diaril.com.uy/diaruy/4118/original/catalogo/BFL7221B1_BFL7221B1_2/1000x1000/microondas-de-empotrar-bosch-inverter-bfl7221b1-gourmet-microondas-de-empotrar-bosch-inverter-bfl7221b1-gourmet.jpg,6,,
dr-bfl7221b1,,,,,,,,,,,,,,https://f.fcdn.app/imgs/ef4e66/www.diaril.com.uy/diaruy/7d26/original/catalogo/BFL7221B1_BFL7221B1_3/1500-1500/microondas-de-empotrar-bosch-inverter-bfl7221b1-gourmet-microondas-de-empotrar-bosch-inverter-bfl7221b1-gourmet.jpg,7,,
dr-bfl7221b1,,,,,,,,,,,,,,https://f.fcdn.app/imgs/079554/www.diaril.com.uy/diaruy/7d26/original/catalogo/BFL7221B1_BFL7221B1_3/1920-1200/microondas-de-empotrar-bosch-inverter-bfl7221b1-gourmet-microondas-de-empotrar-bosch-inverter-bfl7221b1-gourmet.jpg,8,,
dr-bfr7221b1,Microondas de empotrar Bosch Inverter BFR7221B1 Gourmet,"<ul><li>• Tecnología Innowave Maxx: Superficie útil un 56% mayor para recipientes grandes</li><li>• Tecnología Inverter: Cocción uniforme de principio a fin, sin puntos fríos ni bordes quemados</li><li>• Base Cerámica Sin Plato Giratorio: Máximo aprovechamiento del espacio interior</li><li>• Potencia Superior de 900W: 5 niveles para un calentamiento ultra rápido</li><li>• Panel Touch Control: Manejo táctil totalmente liso, elegante y fácil de limpiar</li><li>• Asistente de Limpieza Aqualisis: Limpieza ecológica y rápida con vapor de agua</li><li>• Capacidad de 21 Litros: Diseño optimizado para mayor volumen de cocción</li><li>• 7 Recetas Automáticas: Programas inteligentes para resultados gourmet</li><li>• Iluminación LED y Reloj Electrónico con paro de cocción programable</li><li>• Diseño Integrado: Puerta de cristal con indicación de estado de calentamiento</li></ul>",Bosch,Electro,"Cocinas, Bosch",TRUE,Color,Microondas de empotrar Bosch Inverter BFR7221B1 Gourmet,BFR7221B1,74196.00,,0,deny,https://f.fcdn.app/imgs/684884/www.diaril.com.uy/diaruy/429a/original/catalogo/BFR7221B1_BFR7221B1_1/1000x1000/microondas-de-empotrar-bosch-inverter-bfr7221b1-gourmet-microondas-de-empotrar-bosch-inverter-bfr7221b1-gourmet.jpg,1,,
dr-bfr7221b1,,,,,,,,,,,,,,https://f.fcdn.app/imgs/d4d3df/www.diaril.com.uy/diaruy/429a/original/catalogo/BFR7221B1_BFR7221B1_1/1500-1500/microondas-de-empotrar-bosch-inverter-bfr7221b1-gourmet-microondas-de-empotrar-bosch-inverter-bfr7221b1-gourmet.jpg,2,,
dr-bfr7221b1,,,,,,,,,,,,,,https://f.fcdn.app/imgs/81eb23/www.diaril.com.uy/diaruy/429a/original/catalogo/BFR7221B1_BFR7221B1_1/1920-1200/microondas-de-empotrar-bosch-inverter-bfr7221b1-gourmet-microondas-de-empotrar-bosch-inverter-bfr7221b1-gourmet.jpg,3,,
dr-bfr7221b1,,,,,,,,,,,,,,https://f.fcdn.app/imgs/b20c8e/www.diaril.com.uy/diaruy/d7e6/original/catalogo/BFR7221B1_BFR7221B1_2/1500-1500/microondas-de-empotrar-bosch-inverter-bfr7221b1-gourmet-microondas-de-empotrar-bosch-inverter-bfr7221b1-gourmet.jpg,4,,
dr-bfr7221b1,,,,,,,,,,,,,,https://f.fcdn.app/imgs/6bb83a/www.diaril.com.uy/diaruy/d7e6/original/catalogo/BFR7221B1_BFR7221B1_2/1920-1200/microondas-de-empotrar-bosch-inverter-bfr7221b1-gourmet-microondas-de-empotrar-bosch-inverter-bfr7221b1-gourmet.jpg,5,,
dr-bfr7221b1,,,,,,,,,,,,,,https://f.fcdn.app/imgs/72d1bd/www.diaril.com.uy/diaruy/d7e6/original/catalogo/BFR7221B1_BFR7221B1_2/1000x1000/microondas-de-empotrar-bosch-inverter-bfr7221b1-gourmet-microondas-de-empotrar-bosch-inverter-bfr7221b1-gourmet.jpg,6,,
dr-bfr7221b1,,,,,,,,,,,,,,https://f.fcdn.app/imgs/c6c1fd/www.diaril.com.uy/diaruy/6e89/original/catalogo/BFR7221B1_BFR7221B1_3/1500-1500/microondas-de-empotrar-bosch-inverter-bfr7221b1-gourmet-microondas-de-empotrar-bosch-inverter-bfr7221b1-gourmet.jpg,7,,
dr-bfr7221b1,,,,,,,,,,,,,,https://f.fcdn.app/imgs/cd53ae/www.diaril.com.uy/diaruy/6e89/original/catalogo/BFR7221B1_BFR7221B1_3/1920-1200/microondas-de-empotrar-bosch-inverter-bfr7221b1-gourmet-microondas-de-empotrar-bosch-inverter-bfr7221b1-gourmet.jpg,8,,
dr-bhzub1830,Batería intercambiable Bosch BHZUB1830,<ul><li>• Potente Batería de 3.0Ah: Rendimiento superior para la línea de aspiradoras Unlimited</li><li>• Autonomía Extendida: Hasta 60 minutos de limpieza continua por carga</li><li>• Sistema de Intercambio Rápido: Cambia de batería en segundos para seguir limpiando</li><li>• Carga de Alta Velocidad: Recupera el 100% de la energía en solo 60 minutos</li><li>• Tecnología de 18V: Potencia constante y estable durante todo el ciclo de uso</li><li>• Compatibilidad Certificada: Accesorio probado y recomendado para el modelo BBS8214PET</li><li>• Versatilidad: Compatible con el sistema de baterías intercambiables de la línea Unlimited</li></ul>,Bosch,Electro,"Aspiradoras, Bosch, stock-verificado",TRUE,Color,Batería intercambiable Bosch BHZUB1830,BHZUB1830,6591.00,,10,deny,https://f.fcdn.app/imgs/8627c4/www.diaril.com.uy/diaruy/7ee0/original/catalogo/BHZUB1830_BHZUB1830_1/1000x1000/bateria-intercambiable-bosch-bhzub1830-bateria-intercambiable-bosch-bhzub1830.jpg,1,,
dr-bhzub1830,,,,,,,,,,,,,,https://f.fcdn.app/imgs/2f01be/www.diaril.com.uy/diaruy/7ee0/original/catalogo/BHZUB1830_BHZUB1830_1/1500-1500/bateria-intercambiable-bosch-bhzub1830-bateria-intercambiable-bosch-bhzub1830.jpg,2,,
dr-bhzub1830,,,,,,,,,,,,,,https://f.fcdn.app/imgs/da4e4f/www.diaril.com.uy/diaruy/7ee0/original/catalogo/BHZUB1830_BHZUB1830_1/1920-1200/bateria-intercambiable-bosch-bhzub1830-bateria-intercambiable-bosch-bhzub1830.jpg,3,,
dr-bhzub1830,,,,,,,,,,,,,,https://f.fcdn.app/imgs/5620bb/www.diaril.com.uy/diaruy/599a/original/catalogo/BHZUB1830_BHZUB1830_2/1500-1500/bateria-intercambiable-bosch-bhzub1830-bateria-intercambiable-bosch-bhzub1830.jpg,4,,
dr-bhzub1830,,,,,,,,,,,,,,https://f.fcdn.app/imgs/f0ae7d/www.diaril.com.uy/diaruy/599a/original/catalogo/BHZUB1830_BHZUB1830_2/1920-1200/bateria-intercambiable-bosch-bhzub1830-bateria-intercambiable-bosch-bhzub1830.jpg,5,,
dr-bhzub1830,,,,,,,,,,,,,,https://f.fcdn.app/imgs/8e8e40/www.diaril.com.uy/diaruy/599a/original/catalogo/BHZUB1830_BHZUB1830_2/1000x1000/bateria-intercambiable-bosch-bhzub1830-bateria-intercambiable-bosch-bhzub1830.jpg,6,,
dr-bhzub1830,,,,,,,,,,,,,,https://f.fcdn.app/imgs/2edeb6/www.diaril.com.uy/diaruy/7ee0/original/catalogo/BHZUB1830_BHZUB1830_1/2000-2000/bateria-intercambiable-bosch-bhzub1830-bateria-intercambiable-bosch-bhzub1830.jpg,7,,
dr-bhzub1830,,,,,,,,,,,,,,https://f.fcdn.app/imgs/e97640/www.diaril.com.uy/diaruy/7ee0/original/catalogo/BHZUB1830_BHZUB1830_1/100x100/bateria-intercambiable-bosch-bhzub1830-bateria-intercambiable-bosch-bhzub1830.jpg,8,,
dr-bic7101b1,Modulo de calentamiento empotrable Bosch BIC7101B1,"<ul><li>• Sistema de Apertura Push-Pull: Diseño sin tirador para una estética limpia y moderna</li><li>• Multifunción 4 en 1: Mantener caliente, Cocción lenta, Calientaplatos y Calientatazas</li><li>• Control de Temperatura Preciso: 4 niveles ajustables desde 30 °C hasta 80 °C</li><li>• Gran Capacidad de Carga: Soporta hasta 25 kg (aprox. 12 platos grandes o 64 tazas de café)</li><li>• Cocción Lenta (Low Temperature): Resultados gourmet para carnes tiernas y jugosas</li><li>• Capacidad Interior de 20 Litros: Espacio optimizado para vajilla o preparaciones</li><li>• Diseño Integrado: Dimensiones de 14 cm de alto, ideal para combinar con hornos y microondas</li><li>• Fácil Mantenimiento: Superficie interior lisa para una limpieza rápida</li></ul>",Bosch,Electro,"Cocinas, Bosch, stock-verificado",TRUE,Color,Modulo de calentamiento empotrable Bosch BIC7101B1,BIC7101B1,48082.00,,10,deny,https://f.fcdn.app/imgs/9a1917/www.diaril.com.uy/diaruy/77db/original/catalogo/BIC7101B1_BIC7101B1_1/1000x1000/modulo-de-calentamiento-empotrable-bosch-bic7101b1-modulo-de-calentamiento-empotrable-bosch-bic7101b1.jpg,1,,
dr-bic7101b1,,,,,,,,,,,,,,https://f.fcdn.app/imgs/568e01/www.diaril.com.uy/diaruy/77db/original/catalogo/BIC7101B1_BIC7101B1_1/1500-1500/modulo-de-calentamiento-empotrable-bosch-bic7101b1-modulo-de-calentamiento-empotrable-bosch-bic7101b1.jpg,2,,
dr-bic7101b1,,,,,,,,,,,,,,https://f.fcdn.app/imgs/822f9e/www.diaril.com.uy/diaruy/77db/original/catalogo/BIC7101B1_BIC7101B1_1/1920-1200/modulo-de-calentamiento-empotrable-bosch-bic7101b1-modulo-de-calentamiento-empotrable-bosch-bic7101b1.jpg,3,,
dr-bic7101b1,,,,,,,,,,,,,,https://f.fcdn.app/imgs/784fd6/www.diaril.com.uy/diaruy/5d3a/original/catalogo/BIC7101B1_BIC7101B1_2/1500-1500/modulo-de-calentamiento-empotrable-bosch-bic7101b1-modulo-de-calentamiento-empotrable-bosch-bic7101b1.jpg,4,,
dr-bic7101b1,,,,,,,,,,,,,,https://f.fcdn.app/imgs/8a9b2d/www.diaril.com.uy/diaruy/5d3a/original/catalogo/BIC7101B1_BIC7101B1_2/1920-1200/modulo-de-calentamiento-empotrable-bosch-bic7101b1-modulo-de-calentamiento-empotrable-bosch-bic7101b1.jpg,5,,
dr-bic7101b1,,,,,,,,,,,,,,https://f.fcdn.app/imgs/65e946/www.diaril.com.uy/diaruy/5d3a/original/catalogo/BIC7101B1_BIC7101B1_2/1000x1000/modulo-de-calentamiento-empotrable-bosch-bic7101b1-modulo-de-calentamiento-empotrable-bosch-bic7101b1.jpg,6,,
dr-bic7101b1,,,,,,,,,,,,,,https://f.fcdn.app/imgs/0b1bfc/www.diaril.com.uy/diaruy/e48a/original/catalogo/BIC7101B1_BIC7101B1_3/1500-1500/modulo-de-calentamiento-empotrable-bosch-bic7101b1-modulo-de-calentamiento-empotrable-bosch-bic7101b1.jpg,7,,
dr-bic7101b1,,,,,,,,,,,,,,https://f.fcdn.app/imgs/2e071d/www.diaril.com.uy/diaruy/e48a/original/catalogo/BIC7101B1_BIC7101B1_3/1920-1200/modulo-de-calentamiento-empotrable-bosch-bic7101b1-modulo-de-calentamiento-empotrable-bosch-bic7101b1.jpg,8,,
dr-cbg7341b1,Horno de empotrar Compacto Bosch CBG7341B1,"<ul><li>• Horno Compacto 12 en 1: Incluye funciones de Air Fryer, Hornear suave y Precalentado de vajilla</li><li>• Potencia y Precisión: Rango de temperatura extremo de 30 °C hasta 300 °C</li><li>• Tecnología Smart: Asistente de control de voz y sistema Assist con recetas integradas</li><li>• Limpieza Dual: Panel trasero autolimpiante combinado con asistente Aqualisis por vapor</li><li>• Eficiencia Energética A+: Máximo rendimiento con el menor consumo de electricidad</li><li>• Panel Touch Control: Interfaz táctil moderna y totalmente lisa para una limpieza impecable</li><li>• Capacidad de 47 Litros: 3 niveles de cocción con iluminación halógena interior</li><li>• Máxima Seguridad: Bloqueo para niños y sistema de autodesconexión automática</li><li>• Diseño Integrado: Formato compacto de 45 cm ideal para cocinas de diseño moderno</li></ul>",Bosch,Electro,"Cocinas, Bosch, stock-verificado",TRUE,Color,Horno de empotrar Compacto Bosch CBG7341B1,CBG7341B1,82486.00,,10,deny,https://f.fcdn.app/imgs/c7f78b/www.diaril.com.uy/diaruy/a35f/original/catalogo/CBG7341B1_CBG7341B1_1/1000x1000/horno-de-empotrar-compacto-bosch-cbg7341b1-horno-de-empotrar-compacto-bosch-cbg7341b1.jpg,1,,
dr-cbg7341b1,,,,,,,,,,,,,,https://f.fcdn.app/imgs/9b92ca/www.diaril.com.uy/diaruy/a35f/original/catalogo/CBG7341B1_CBG7341B1_1/1500-1500/horno-de-empotrar-compacto-bosch-cbg7341b1-horno-de-empotrar-compacto-bosch-cbg7341b1.jpg,2,,
dr-cbg7341b1,,,,,,,,,,,,,,https://f.fcdn.app/imgs/5c81f6/www.diaril.com.uy/diaruy/a35f/original/catalogo/CBG7341B1_CBG7341B1_1/1920-1200/horno-de-empotrar-compacto-bosch-cbg7341b1-horno-de-empotrar-compacto-bosch-cbg7341b1.jpg,3,,
dr-cbg7341b1,,,,,,,,,,,,,,https://f.fcdn.app/imgs/fa4da2/www.diaril.com.uy/diaruy/c1c0/original/catalogo/CBG7341B1_CBG7341B1_2/1500-1500/horno-de-empotrar-compacto-bosch-cbg7341b1-horno-de-empotrar-compacto-bosch-cbg7341b1.jpg,4,,
dr-cbg7341b1,,,,,,,,,,,,,,https://f.fcdn.app/imgs/bcde31/www.diaril.com.uy/diaruy/c1c0/original/catalogo/CBG7341B1_CBG7341B1_2/1920-1200/horno-de-empotrar-compacto-bosch-cbg7341b1-horno-de-empotrar-compacto-bosch-cbg7341b1.jpg,5,,
dr-cbg7341b1,,,,,,,,,,,,,,https://f.fcdn.app/imgs/55ff28/www.diaril.com.uy/diaruy/c1c0/original/catalogo/CBG7341B1_CBG7341B1_2/1000x1000/horno-de-empotrar-compacto-bosch-cbg7341b1-horno-de-empotrar-compacto-bosch-cbg7341b1.jpg,6,,
dr-cbg7341b1,,,,,,,,,,,,,,https://f.fcdn.app/imgs/07cb36/www.diaril.com.uy/diaruy/8030/original/catalogo/CBG7341B1_CBG7341B1_3/1500-1500/horno-de-empotrar-compacto-bosch-cbg7341b1-horno-de-empotrar-compacto-bosch-cbg7341b1.jpg,7,,
dr-cbg7341b1,,,,,,,,,,,,,,https://f.fcdn.app/imgs/6d3e0e/www.diaril.com.uy/diaruy/8030/original/catalogo/CBG7341B1_CBG7341B1_3/1920-1200/horno-de-empotrar-compacto-bosch-cbg7341b1-horno-de-empotrar-compacto-bosch-cbg7341b1.jpg,8,,
dr-ceg732xb1,Microondas de empotrar Bosch Inverter CEG732XB1 Gourmet,"<ul><li>• Capacidad XL de 36 Litros: Máximo espacio interior en formato de encastre de 45 cm</li><li>• Tecnología Inverter: Cocción uniforme de principio a fin, sin puntos fríos ni bordes quemados</li><li>• Base Cerámica Sin Plato Giratorio: Superficie útil un 56% mayor para fuentes grandes</li><li>• Tecnología Innowave Maxx: Distribución homogénea del calor sin piezas móviles</li><li>• Potencia Extrema de 1000W: 5 niveles de microondas para un calentamiento ultra veloz</li><li>• Grill de Alto Rendimiento: Combinable con microondas para dorar y cocinar simultáneamente</li><li>• Panel Touch Control: Interfaz táctil intuitiva y frontal totalmente liso de fácil limpieza</li><li>• Apertura Abatible: Puerta de apertura frontal, similar a la de un horno convencional</li><li>• Asistente Aqualisis: Sistema de limpieza ecológica mediante vapor de agua</li><li>• 10 Recetas Automáticas y 7 Programas de descongelación y cocción</li><li>• Seguridad Avanzada: Autodesconexión automática e indicación de estado de calentamiento</li></ul>",Bosch,Electro,"Cocinas, Bosch",TRUE,Color,Microondas de empotrar Bosch Inverter CEG732XB1 Gourmet,CEG732XB1,107356.00,,0,deny,https://f.fcdn.app/imgs/194dfc/www.diaril.com.uy/diaruy/be89/original/catalogo/CEG732XB1_CEG732XB1_1/1000x1000/microondas-de-empotrar-bosch-inverter-ceg732xb1-gourmet-microondas-de-empotrar-bosch-inverter-ceg732xb1-gourmet.jpg,1,,
dr-ceg732xb1,,,,,,,,,,,,,,https://f.fcdn.app/imgs/6d3972/www.diaril.com.uy/diaruy/be89/original/catalogo/CEG732XB1_CEG732XB1_1/1500-1500/microondas-de-empotrar-bosch-inverter-ceg732xb1-gourmet-microondas-de-empotrar-bosch-inverter-ceg732xb1-gourmet.jpg,2,,
dr-ceg732xb1,,,,,,,,,,,,,,https://f.fcdn.app/imgs/6a7045/www.diaril.com.uy/diaruy/be89/original/catalogo/CEG732XB1_CEG732XB1_1/1920-1200/microondas-de-empotrar-bosch-inverter-ceg732xb1-gourmet-microondas-de-empotrar-bosch-inverter-ceg732xb1-gourmet.jpg,3,,
dr-ceg732xb1,,,,,,,,,,,,,,https://f.fcdn.app/imgs/a63484/www.diaril.com.uy/diaruy/1d51/original/catalogo/CEG732XB1_CEG732XB1_2/1500-1500/microondas-de-empotrar-bosch-inverter-ceg732xb1-gourmet-microondas-de-empotrar-bosch-inverter-ceg732xb1-gourmet.jpg,4,,
dr-ceg732xb1,,,,,,,,,,,,,,https://f.fcdn.app/imgs/420e21/www.diaril.com.uy/diaruy/1d51/original/catalogo/CEG732XB1_CEG732XB1_2/1920-1200/microondas-de-empotrar-bosch-inverter-ceg732xb1-gourmet-microondas-de-empotrar-bosch-inverter-ceg732xb1-gourmet.jpg,5,,
dr-ceg732xb1,,,,,,,,,,,,,,https://f.fcdn.app/imgs/44eb3a/www.diaril.com.uy/diaruy/1d51/original/catalogo/CEG732XB1_CEG732XB1_2/1000x1000/microondas-de-empotrar-bosch-inverter-ceg732xb1-gourmet-microondas-de-empotrar-bosch-inverter-ceg732xb1-gourmet.jpg,6,,
dr-ceg732xb1,,,,,,,,,,,,,,https://f.fcdn.app/imgs/fcb1a3/www.diaril.com.uy/diaruy/ff46/original/catalogo/CEG732XB1_CEG732XB1_3/1500-1500/microondas-de-empotrar-bosch-inverter-ceg732xb1-gourmet-microondas-de-empotrar-bosch-inverter-ceg732xb1-gourmet.jpg,7,,
dr-ceg732xb1,,,,,,,,,,,,,,https://f.fcdn.app/imgs/43b46f/www.diaril.com.uy/diaruy/ff46/original/catalogo/CEG732XB1_CEG732XB1_3/1920-1200/microondas-de-empotrar-bosch-inverter-ceg732xb1-gourmet-microondas-de-empotrar-bosch-inverter-ceg732xb1-gourmet.jpg,8,,
dr-ctl7181b0,Cafetera totalmente integrable Bosch CTL7181B0,"<ul><li>• Display TFT Touch Pro de 6.8"": Pantalla táctil interactiva con imágenes y textos a color</li><li>• 17 Bebidas Preprogramadas: Desde Ristretto y Cappuccino hasta Latte Macchiato</li><li>• Personalización Extrema: Guarda hasta 30 bebidas favoritas con ajustes a medida</li><li>• Tecnología aromaSelect: 3 perfiles de aroma (suave, equilibrado y distintivo)</li><li>• Aroma DoubleShot: Café extra intenso con doble molido para evitar el sabor amargo</li><li>• Sistema sensoFlow: Temperatura constante para garantizar el máximo aroma</li><li>• Doble Molinillo CeramDrive: Cerámica de alta duración para un molido preciso y silencioso</li><li>• autoMilk Clean: Limpieza automática del sistema de leche tras cada uso</li><li>• Depósitos de Gran Capacidad: Agua (2.4L), Granos (400g) y Leche (0.7L)</li><li>• Presión de 19 Bares: Extracción profesional para una crema perfecta</li></ul>",Bosch,Electro,"Cafeteras, Bosch, stock-verificado",TRUE,Color,Cafetera totalmente integrable Bosch CTL7181B0,CTL7181B0,165386.00,,10,deny,https://f.fcdn.app/imgs/9410c7/www.diaril.com.uy/diaruy/d80b/original/catalogo/CTL7181B0_CTL7181B0_1/1000x1000/cafetera-totalmente-integrable-bosch-ctl7181b0-cafetera-totalmente-integrable-bosch-ctl7181b0.jpg,1,,
dr-ctl7181b0,,,,,,,,,,,,,,https://f.fcdn.app/imgs/e3d943/www.diaril.com.uy/diaruy/d80b/original/catalogo/CTL7181B0_CTL7181B0_1/1500-1500/cafetera-totalmente-integrable-bosch-ctl7181b0-cafetera-totalmente-integrable-bosch-ctl7181b0.jpg,2,,
dr-ctl7181b0,,,,,,,,,,,,,,https://f.fcdn.app/imgs/f9a2b5/www.diaril.com.uy/diaruy/d80b/original/catalogo/CTL7181B0_CTL7181B0_1/1920-1200/cafetera-totalmente-integrable-bosch-ctl7181b0-cafetera-totalmente-integrable-bosch-ctl7181b0.jpg,3,,
dr-ctl7181b0,,,,,,,,,,,,,,https://f.fcdn.app/imgs/079b31/www.diaril.com.uy/diaruy/bc80/original/catalogo/CTL7181B0_CTL7181B0_2/1500-1500/cafetera-totalmente-integrable-bosch-ctl7181b0-cafetera-totalmente-integrable-bosch-ctl7181b0.jpg,4,,
dr-ctl7181b0,,,,,,,,,,,,,,https://f.fcdn.app/imgs/fc4043/www.diaril.com.uy/diaruy/bc80/original/catalogo/CTL7181B0_CTL7181B0_2/1920-1200/cafetera-totalmente-integrable-bosch-ctl7181b0-cafetera-totalmente-integrable-bosch-ctl7181b0.jpg,5,,
dr-ctl7181b0,,,,,,,,,,,,,,https://f.fcdn.app/imgs/38a69d/www.diaril.com.uy/diaruy/bc80/original/catalogo/CTL7181B0_CTL7181B0_2/1000x1000/cafetera-totalmente-integrable-bosch-ctl7181b0-cafetera-totalmente-integrable-bosch-ctl7181b0.jpg,6,,
dr-ctl7181b0,,,,,,,,,,,,,,https://f.fcdn.app/imgs/ece103/www.diaril.com.uy/diaruy/ce84/original/catalogo/CTL7181B0_CTL7181B0_3/1500-1500/cafetera-totalmente-integrable-bosch-ctl7181b0-cafetera-totalmente-integrable-bosch-ctl7181b0.jpg,7,,
dr-ctl7181b0,,,,,,,,,,,,,,https://f.fcdn.app/imgs/95f6d1/www.diaril.com.uy/diaruy/ce84/original/catalogo/CTL7181B0_CTL7181B0_3/1920-1200/cafetera-totalmente-integrable-bosch-ctl7181b0-cafetera-totalmente-integrable-bosch-ctl7181b0.jpg,8,,
dr-dft63ac50,Campana telescópica Bosch DFT63AC50 60 cm,<ul><li>• Diseño Telescópico Integrado: Se extrae para su uso y queda oculta bajo el mueble</li><li>• Ancho de 60 cm: Medida estándar ideal para la mayoría de cocinas modernas</li><li>• Control Mecánico Intuitivo: Manejo sencillo y duradero para el día a día</li><li>• Potencia de Extracción Eficaz: Hasta 360 m³/h para una rápida limpieza del aire</li><li>• 3 Niveles de Potencia: Ajustable según la intensidad de la cocción</li><li>• Iluminación LED de Alta Eficiencia: Máxima visibilidad en la zona de cocción</li><li>• Filtros de Aluminio Multicapa: Retención óptima de grasas y vapores</li><li>• Mantenimiento Simple: Filtros totalmente aptos para lavavajillas</li><li>• Válvula Antirretorno incluida: Evita el ingreso de olores externos al hogar</li></ul>,Bosch,Electro,"Campanas, Bosch, stock-verificado",TRUE,Color,Campana telescópica Bosch DFT63AC50 60 cm,DFT63AC50,16166.00,,10,deny,https://f.fcdn.app/imgs/298feb/www.diaril.com.uy/diaruy/0d40/original/catalogo/DFT63AC50_DFT63AC50_1/1000x1000/campana-telescopica-bosch-dft63ac50-60-cm-campana-telescopica-bosch-dft63ac50-60-cm.jpg,1,,
dr-dft63ac50,,,,,,,,,,,,,,https://f.fcdn.app/imgs/a39d47/www.diaril.com.uy/diaruy/0d40/original/catalogo/DFT63AC50_DFT63AC50_1/1500-1500/campana-telescopica-bosch-dft63ac50-60-cm-campana-telescopica-bosch-dft63ac50-60-cm.jpg,2,,
dr-dft63ac50,,,,,,,,,,,,,,https://f.fcdn.app/imgs/36c2ca/www.diaril.com.uy/diaruy/0d40/original/catalogo/DFT63AC50_DFT63AC50_1/1920-1200/campana-telescopica-bosch-dft63ac50-60-cm-campana-telescopica-bosch-dft63ac50-60-cm.jpg,3,,
dr-dft63ac50,,,,,,,,,,,,,,https://f.fcdn.app/imgs/9ecd04/www.diaril.com.uy/diaruy/c420/original/catalogo/DFT63AC50_DFT63AC50_2/1500-1500/campana-telescopica-bosch-dft63ac50-60-cm-campana-telescopica-bosch-dft63ac50-60-cm.jpg,4,,
dr-dft63ac50,,,,,,,,,,,,,,https://f.fcdn.app/imgs/a6ad88/www.diaril.com.uy/diaruy/c420/original/catalogo/DFT63AC50_DFT63AC50_2/1920-1200/campana-telescopica-bosch-dft63ac50-60-cm-campana-telescopica-bosch-dft63ac50-60-cm.jpg,5,,
dr-dft63ac50,,,,,,,,,,,,,,https://f.fcdn.app/imgs/f444e6/www.diaril.com.uy/diaruy/c420/original/catalogo/DFT63AC50_DFT63AC50_2/1000x1000/campana-telescopica-bosch-dft63ac50-60-cm-campana-telescopica-bosch-dft63ac50-60-cm.jpg,6,,
dr-dft63ac50,,,,,,,,,,,,,,https://f.fcdn.app/imgs/8cbf72/www.diaril.com.uy/diaruy/8452/original/catalogo/DFT63AC50_DFT63AC50_3/1500-1500/campana-telescopica-bosch-dft63ac50-60-cm-campana-telescopica-bosch-dft63ac50-60-cm.jpg,7,,
dr-dft63ac50,,,,,,,,,,,,,,https://f.fcdn.app/imgs/20d9b0/www.diaril.com.uy/diaruy/8452/original/catalogo/DFT63AC50_DFT63AC50_3/1920-1200/campana-telescopica-bosch-dft63ac50-60-cm-campana-telescopica-bosch-dft63ac50-60-cm.jpg,8,,
dr-dib97im50,Campana de isla Bosch DIB97IM50 90 cm,"<ul><li>• Diseño para Isla de Cocción: Estética premium de 60 cm diseñada para montaje al techo</li><li>• Tecnología Extra Silencio: Sistema de insonorización especial que reduce el ruido a solo 59 dB</li><li>• Control Táctil Directo: Electrónica TouchControl para una selección rápida de funciones</li><li>• 4 Niveles de Extracción: 3 velocidades + 1 modo Intensivo con retracción automática</li><li>• Potencia de Alto Rendimiento: Hasta 438 m³/h para una purificación total del aire</li><li>• Iluminación LED Avanzada: Visibilidad perfecta y máxima eficiencia energética</li><li>• Interior Blindado: Cavidad lisa sin aristas para una limpieza interna fácil y segura</li><li>• Filtros de Aluminio Multicapa: Máxima retención de grasa, aptos para lavavajillas</li><li>• Instalación Versátil: Lista para salida al exterior o recirculación (con accesorio)</li><li>• Eficiencia Energética Clase B: Potencia profesional con consumo optimizado</li></ul>",Bosch,Electro,"Campanas, Bosch",TRUE,Color,Campana de isla Bosch DIB97IM50 90 cm,DIB97IM50,53471.00,,0,deny,https://f.fcdn.app/imgs/07247b/www.diaril.com.uy/diaruy/0a65/original/catalogo/DIB97IM50_DIB97IM50_1/1000x1000/campana-de-isla-bosch-dib97im50-90-cm-campana-de-isla-bosch-dib97im50-90-cm.jpg,1,,
dr-dib97im50,,,,,,,,,,,,,,https://f.fcdn.app/imgs/46712e/www.diaril.com.uy/diaruy/0a65/original/catalogo/DIB97IM50_DIB97IM50_1/1500-1500/campana-de-isla-bosch-dib97im50-90-cm-campana-de-isla-bosch-dib97im50-90-cm.jpg,2,,
dr-dib97im50,,,,,,,,,,,,,,https://f.fcdn.app/imgs/d5e241/www.diaril.com.uy/diaruy/0a65/original/catalogo/DIB97IM50_DIB97IM50_1/1920-1200/campana-de-isla-bosch-dib97im50-90-cm-campana-de-isla-bosch-dib97im50-90-cm.jpg,3,,
dr-dib97im50,,,,,,,,,,,,,,https://f.fcdn.app/imgs/ed7ece/www.diaril.com.uy/diaruy/a72c/original/catalogo/DIB97IM50_DIB97IM50_2/1500-1500/campana-de-isla-bosch-dib97im50-90-cm-campana-de-isla-bosch-dib97im50-90-cm.jpg,4,,
dr-dib97im50,,,,,,,,,,,,,,https://f.fcdn.app/imgs/b00ed3/www.diaril.com.uy/diaruy/a72c/original/catalogo/DIB97IM50_DIB97IM50_2/1920-1200/campana-de-isla-bosch-dib97im50-90-cm-campana-de-isla-bosch-dib97im50-90-cm.jpg,5,,
dr-dib97im50,,,,,,,,,,,,,,https://f.fcdn.app/imgs/66130b/www.diaril.com.uy/diaruy/a72c/original/catalogo/DIB97IM50_DIB97IM50_2/1000x1000/campana-de-isla-bosch-dib97im50-90-cm-campana-de-isla-bosch-dib97im50-90-cm.jpg,6,,
dr-dib97im50,,,,,,,,,,,,,,https://f.fcdn.app/imgs/88d197/www.diaril.com.uy/diaruy/6960/original/catalogo/DIB97IM50_DIB97IM50_3/1500-1500/campana-de-isla-bosch-dib97im50-90-cm-campana-de-isla-bosch-dib97im50-90-cm.jpg,7,,
dr-dib97im50,,,,,,,,,,,,,,https://f.fcdn.app/imgs/f68f63/www.diaril.com.uy/diaruy/6960/original/catalogo/DIB97IM50_DIB97IM50_3/1920-1200/campana-de-isla-bosch-dib97im50-90-cm-campana-de-isla-bosch-dib97im50-90-cm.jpg,8,,
dr-drc97aq50,Campana de techo Bosch DRC97AQ50 90 cm,"<ul><li>• Tecnología Home Connect: Controla y monitorea tu campana desde tu smartphone</li><li>• Motor EcoSilence Drive: Ultra silencioso y eficiente, con 10 años de garantía</li><li>• Máximo Silencio: Funcionamiento de solo 50 dB para un confort acústico total</li><li>• Potencia Profesional: 5 niveles de extracción (3 + 2 intensivos) con hasta 458 m³/h</li><li>• Aspiración Perimetral: Diseño avanzado para una captura de humos más estética y eficaz</li><li>• Interior Blindado: Limpieza segura y sencilla sin cables ni aristas expuestas</li><li>• Iluminación Inteligente: Luces LED regulables con encendido y apagado gradual</li><li>• Mantenimiento Inteligente: Indicador electrónico de saturación de filtros</li><li>• Desconexión Temporizada: Función de apagado automático tras la cocción</li><li>• Eficiencia Clase A: Máximo rendimiento con el menor impacto en el consumo eléctrico</li></ul>",Bosch,Electro,"Campanas, Bosch, stock-verificado",TRUE,Color,Campana de techo Bosch DRC97AQ50 90 cm,DRC97AQ50,87004.00,,10,deny,https://f.fcdn.app/imgs/39a9b9/www.diaril.com.uy/diaruy/8173/original/catalogo/DRC97AQ50_DRC97AQ50_1/1000x1000/campana-de-techo-bosch-drc97aq50-90-cm-campana-de-techo-bosch-drc97aq50-90-cm.jpg,1,,
dr-drc97aq50,,,,,,,,,,,,,,https://f.fcdn.app/imgs/bc14cb/www.diaril.com.uy/diaruy/8173/original/catalogo/DRC97AQ50_DRC97AQ50_1/1500-1500/campana-de-techo-bosch-drc97aq50-90-cm-campana-de-techo-bosch-drc97aq50-90-cm.jpg,2,,
dr-drc97aq50,,,,,,,,,,,,,,https://f.fcdn.app/imgs/7ff5da/www.diaril.com.uy/diaruy/8173/original/catalogo/DRC97AQ50_DRC97AQ50_1/1920-1200/campana-de-techo-bosch-drc97aq50-90-cm-campana-de-techo-bosch-drc97aq50-90-cm.jpg,3,,
dr-drc97aq50,,,,,,,,,,,,,,https://f.fcdn.app/imgs/6f03c9/www.diaril.com.uy/diaruy/de79/original/catalogo/DRC97AQ50_DRC97AQ50_2/1500-1500/campana-de-techo-bosch-drc97aq50-90-cm-campana-de-techo-bosch-drc97aq50-90-cm.jpg,4,,
dr-drc97aq50,,,,,,,,,,,,,,https://f.fcdn.app/imgs/ba4d5a/www.diaril.com.uy/diaruy/de79/original/catalogo/DRC97AQ50_DRC97AQ50_2/1920-1200/campana-de-techo-bosch-drc97aq50-90-cm-campana-de-techo-bosch-drc97aq50-90-cm.jpg,5,,
dr-drc97aq50,,,,,,,,,,,,,,https://f.fcdn.app/imgs/443b42/www.diaril.com.uy/diaruy/de79/original/catalogo/DRC97AQ50_DRC97AQ50_2/1000x1000/campana-de-techo-bosch-drc97aq50-90-cm-campana-de-techo-bosch-drc97aq50-90-cm.jpg,6,,
dr-drc97aq50,,,,,,,,,,,,,,https://f.fcdn.app/imgs/1da561/www.diaril.com.uy/diaruy/746c/original/catalogo/DRC97AQ50_DRC97AQ50_3/1500-1500/campana-de-techo-bosch-drc97aq50-90-cm-campana-de-techo-bosch-drc97aq50-90-cm.jpg,7,,
dr-drc97aq50,,,,,,,,,,,,,,https://f.fcdn.app/imgs/3bd742/www.diaril.com.uy/diaruy/746c/original/catalogo/DRC97AQ50_DRC97AQ50_3/1920-1200/campana-de-techo-bosch-drc97aq50-90-cm-campana-de-techo-bosch-drc97aq50-90-cm.jpg,8,,
dr-drc99ps20,Campana de techo Bosch DRC99PS20 90 cm,<ul><li>• Tecnología Home Connect: Controla la extracción y la iluminación desde tu smartphone</li><li>• PerfectAir Sensor: Sensor inteligente que ajusta la potencia automáticamente según el humo</li><li>• Potencia de Extracción Extrema: Hasta 933 m³/h para eliminar olores en segundos</li><li>• Aspiración Perimetral: Captura de vapores más eficiente tras un panel de cristal elegante</li><li>• Máximo Silencio (50 dB): Confort acústico superior incluso en niveles altos de succión</li><li>• Iluminación LED Regulable: Luces tras el cristal con encendido y apagado gradual</li><li>• 5 Niveles de Potencia: 3 velocidades estándar y 2 modos intensivos con retracción automática</li><li>• Mantenimiento Inteligente: Indicador electrónico de saturación para limpieza de filtros</li><li>• Interior Blindado: Cavidad lisa y protegida para una limpieza manual segura y rápida</li><li>• Eficiencia Energética Clase A: Rendimiento profesional con bajo consumo eléctrico</li></ul>,Bosch,Electro,"Campanas, Bosch, stock-verificado",TRUE,Color,Campana de techo Bosch DRC99PS20 90 cm,DRC99PS20,99439.00,,10,deny,https://f.fcdn.app/imgs/748304/www.diaril.com.uy/diaruy/ad82/original/catalogo/DRC99PS20_DRC99PS20_1/1000x1000/campana-de-techo-bosch-drc99ps20-90-cm-campana-de-techo-bosch-drc99ps20-90-cm.jpg,1,,
dr-drc99ps20,,,,,,,,,,,,,,https://f.fcdn.app/imgs/530137/www.diaril.com.uy/diaruy/ad82/original/catalogo/DRC99PS20_DRC99PS20_1/1500-1500/campana-de-techo-bosch-drc99ps20-90-cm-campana-de-techo-bosch-drc99ps20-90-cm.jpg,2,,
dr-drc99ps20,,,,,,,,,,,,,,https://f.fcdn.app/imgs/146631/www.diaril.com.uy/diaruy/ad82/original/catalogo/DRC99PS20_DRC99PS20_1/1920-1200/campana-de-techo-bosch-drc99ps20-90-cm-campana-de-techo-bosch-drc99ps20-90-cm.jpg,3,,
dr-drc99ps20,,,,,,,,,,,,,,https://f.fcdn.app/imgs/b7d9c5/www.diaril.com.uy/diaruy/f8f5/original/catalogo/DRC99PS20_DRC99PS20_2/1500-1500/campana-de-techo-bosch-drc99ps20-90-cm-campana-de-techo-bosch-drc99ps20-90-cm.jpg,4,,
dr-drc99ps20,,,,,,,,,,,,,,https://f.fcdn.app/imgs/f351b0/www.diaril.com.uy/diaruy/f8f5/original/catalogo/DRC99PS20_DRC99PS20_2/1920-1200/campana-de-techo-bosch-drc99ps20-90-cm-campana-de-techo-bosch-drc99ps20-90-cm.jpg,5,,
dr-drc99ps20,,,,,,,,,,,,,,https://f.fcdn.app/imgs/90342c/www.diaril.com.uy/diaruy/f8f5/original/catalogo/DRC99PS20_DRC99PS20_2/1000x1000/campana-de-techo-bosch-drc99ps20-90-cm-campana-de-techo-bosch-drc99ps20-90-cm.jpg,6,,
dr-drc99ps20,,,,,,,,,,,,,,https://f.fcdn.app/imgs/f4e003/www.diaril.com.uy/diaruy/d2f1/original/catalogo/DRC99PS20_DRC99PS20_3/1500-1500/campana-de-techo-bosch-drc99ps20-90-cm-campana-de-techo-bosch-drc99ps20-90-cm.jpg,7,,
dr-drc99ps20,,,,,,,,,,,,,,https://f.fcdn.app/imgs/39af08/www.diaril.com.uy/diaruy/d2f1/original/catalogo/DRC99PS20_DRC99PS20_3/1920-1200/campana-de-techo-bosch-drc99ps20-90-cm-campana-de-techo-bosch-drc99ps20-90-cm.jpg,8,,
dr-dwb66bc50,Campana de pared Bosch DWB66BC50 Plana 60 cm,"<ul><li>• Ancho de 60 cm: Diseño decorativo de pared ideal para cocinas estándar</li><li>• Potencia de Extracción de 590 m³/h: Purificación rápida del aire en nivel 3</li><li>• Eficiencia Energética Clase A: Alto rendimiento con bajo consumo eléctrico</li><li>• Control Mecánico por Teclas: Manejo directo, fiable y duradero</li><li>• Iluminación LED de Alta Visibilidad: Luz clara y eficiente sobre las hornallas</li><li>• Filtros de Aluminio Multicapa: Máxima retención de grasas, aptos para lavavajillas</li><li>• Doble Opción de Instalación: Apta para salida al exterior o recirculación</li><li>• Válvula Antirretorno incluida: Protege tu hogar de olores externos y aire frío</li><li>• Mantenimiento Sencillo: Superficies de fácil limpieza y filtros extraíbles</li></ul>",Bosch,Electro,"Campanas, Bosch, stock-verificado",TRUE,Color,Campana de pared Bosch DWB66BC50 Plana 60 cm,DWB66BC50,27357.00,,10,deny,https://f.fcdn.app/imgs/f15313/www.diaril.com.uy/diaruy/8de6/original/catalogo/DWB66BC50_DWB66BC50_1/1000x1000/campana-de-pared-bosch-dwb66bc50-plana-60-cm-campana-de-pared-bosch-dwb66bc50-plana-60-cm.jpg,1,,
dr-dwb66bc50,,,,,,,,,,,,,,https://f.fcdn.app/imgs/3e4c75/www.diaril.com.uy/diaruy/8de6/original/catalogo/DWB66BC50_DWB66BC50_1/1500-1500/campana-de-pared-bosch-dwb66bc50-plana-60-cm-campana-de-pared-bosch-dwb66bc50-plana-60-cm.jpg,2,,
dr-dwb66bc50,,,,,,,,,,,,,,https://f.fcdn.app/imgs/5516a6/www.diaril.com.uy/diaruy/8de6/original/catalogo/DWB66BC50_DWB66BC50_1/1920-1200/campana-de-pared-bosch-dwb66bc50-plana-60-cm-campana-de-pared-bosch-dwb66bc50-plana-60-cm.jpg,3,,
dr-dwb66bc50,,,,,,,,,,,,,,https://f.fcdn.app/imgs/936041/www.diaril.com.uy/diaruy/a3e9/original/catalogo/DWB66BC50_DWB66BC50_2/1500-1500/campana-de-pared-bosch-dwb66bc50-plana-60-cm-campana-de-pared-bosch-dwb66bc50-plana-60-cm.jpg,4,,
dr-dwb66bc50,,,,,,,,,,,,,,https://f.fcdn.app/imgs/d5db5e/www.diaril.com.uy/diaruy/a3e9/original/catalogo/DWB66BC50_DWB66BC50_2/1920-1200/campana-de-pared-bosch-dwb66bc50-plana-60-cm-campana-de-pared-bosch-dwb66bc50-plana-60-cm.jpg,5,,
dr-dwb66bc50,,,,,,,,,,,,,,https://f.fcdn.app/imgs/fcd553/www.diaril.com.uy/diaruy/a3e9/original/catalogo/DWB66BC50_DWB66BC50_2/1000x1000/campana-de-pared-bosch-dwb66bc50-plana-60-cm-campana-de-pared-bosch-dwb66bc50-plana-60-cm.jpg,6,,
dr-dwb66bc50,,,,,,,,,,,,,,https://f.fcdn.app/imgs/791d0b/www.diaril.com.uy/diaruy/ce49/original/catalogo/DWB66BC50_DWB66BC50_3/1500-1500/campana-de-pared-bosch-dwb66bc50-plana-60-cm-campana-de-pared-bosch-dwb66bc50-plana-60-cm.jpg,7,,
dr-dwb66bc50,,,,,,,,,,,,,,https://f.fcdn.app/imgs/f6cc28/www.diaril.com.uy/diaruy/ce49/original/catalogo/DWB66BC50_DWB66BC50_3/1920-1200/campana-de-pared-bosch-dwb66bc50-plana-60-cm-campana-de-pared-bosch-dwb66bc50-plana-60-cm.jpg,8,,
dr-dwb96bc50,Campana de pared Bosch DWB96BC50 Plana 90 cm,"<ul><li>• Ancho de 90 cm: Cobertura total para anafes de 5 hornallas o cocinas XL</li><li>• Potencia de 590 m³/h: Extracción rápida y efectiva para mantener el aire limpio</li><li>• Eficiencia Energética Clase A: Alto poder de succión con bajo consumo eléctrico</li><li>• Control Mecánico por Teclas: Manejo robusto, intuitivo y de larga durabilidad</li><li>• Iluminación LED: Luz clara y brillante sobre la zona de cocción</li><li>• Filtros de Aluminio Multicapa: Retención superior de grasas, aptos para lavavajillas</li><li>• Sistema Versátil: Apta para instalación con salida al exterior o en recirculación</li><li>• Válvula Antirretorno incluida: Evita el ingreso de aire frío y olores externos</li><li>• Diseño Decorativo en Acero: Estética moderna que realza el diseño de tu cocina</li></ul>",Bosch,Electro,"Campanas, Bosch, stock-verificado",TRUE,Color,Campana de pared Bosch DWB96BC50 Plana 90 cm,DWB96BC50,31917.00,,10,deny,https://f.fcdn.app/imgs/07166f/www.diaril.com.uy/diaruy/b360/original/catalogo/DWB96BC50_DWB96BC50_1/1000x1000/campana-de-pared-bosch-dwb96bc50-plana-90-cm-campana-de-pared-bosch-dwb96bc50-plana-90-cm.jpg,1,,
dr-dwb96bc50,,,,,,,,,,,,,,https://f.fcdn.app/imgs/6843ac/www.diaril.com.uy/diaruy/b360/original/catalogo/DWB96BC50_DWB96BC50_1/1500-1500/campana-de-pared-bosch-dwb96bc50-plana-90-cm-campana-de-pared-bosch-dwb96bc50-plana-90-cm.jpg,2,,
dr-dwb96bc50,,,,,,,,,,,,,,https://f.fcdn.app/imgs/7151f6/www.diaril.com.uy/diaruy/b360/original/catalogo/DWB96BC50_DWB96BC50_1/1920-1200/campana-de-pared-bosch-dwb96bc50-plana-90-cm-campana-de-pared-bosch-dwb96bc50-plana-90-cm.jpg,3,,
dr-dwb96bc50,,,,,,,,,,,,,,https://f.fcdn.app/imgs/797d2b/www.diaril.com.uy/diaruy/d8ce/original/catalogo/DWB96BC50_DWB96BC50_2/1500-1500/campana-de-pared-bosch-dwb96bc50-plana-90-cm-campana-de-pared-bosch-dwb96bc50-plana-90-cm.jpg,4,,
dr-dwb96bc50,,,,,,,,,,,,,,https://f.fcdn.app/imgs/984547/www.diaril.com.uy/diaruy/d8ce/original/catalogo/DWB96BC50_DWB96BC50_2/1920-1200/campana-de-pared-bosch-dwb96bc50-plana-90-cm-campana-de-pared-bosch-dwb96bc50-plana-90-cm.jpg,5,,
dr-dwb96bc50,,,,,,,,,,,,,,https://f.fcdn.app/imgs/caed8d/www.diaril.com.uy/diaruy/d8ce/original/catalogo/DWB96BC50_DWB96BC50_2/1000x1000/campana-de-pared-bosch-dwb96bc50-plana-90-cm-campana-de-pared-bosch-dwb96bc50-plana-90-cm.jpg,6,,
dr-dwb96bc50,,,,,,,,,,,,,,https://f.fcdn.app/imgs/748638/www.diaril.com.uy/diaruy/6b94/original/catalogo/DWB96BC50_DWB96BC50_3/1500-1500/campana-de-pared-bosch-dwb96bc50-plana-90-cm-campana-de-pared-bosch-dwb96bc50-plana-90-cm.jpg,7,,
dr-dwb96bc50,,,,,,,,,,,,,,https://f.fcdn.app/imgs/404b97/www.diaril.com.uy/diaruy/6b94/original/catalogo/DWB96BC50_DWB96BC50_3/1920-1200/campana-de-pared-bosch-dwb96bc50-plana-90-cm-campana-de-pared-bosch-dwb96bc50-plana-90-cm.jpg,8,,
dr-es0100mix,Termotanque eléctrico Bosch ES0100MIX 100 L,<ul><li>• Capacidad XL de 100 Litros: Ideal para familias numerosas y uso intensivo</li><li>• Potencia de 2000W: Calentamiento rápido y eficiente del agua</li><li>• Eficiencia Energética Clase A: Máximo ahorro en el consumo eléctrico mensual</li><li>• Tanque de Alta Durabilidad: Acero esmaltado con recubrimiento porcelanizado</li><li>• Aislamiento Premium: Poliuretano de alta densidad (32mm) que mantiene el calor por más tiempo</li><li>• Protección Avanzada: Ánodo de magnesio y aisladores galvánicos para evitar la corrosión</li><li>• Control de Temperatura: Selector de ajuste manual para un confort personalizado</li><li>• Construcción Robusta: Cubierta de chapa metálica y tubo de salida en acero inoxidable</li><li>• Garantía Bosch: 3 años en el tanque y 1 año en componentes eléctricos</li></ul>,Bosch,Electro,"Otros, Bosch, stock-verificado",TRUE,Color,Termotanque eléctrico Bosch ES0100MIX 100 L,ES0100MIX,14881.00,,10,deny,https://f.fcdn.app/imgs/f32365/www.diaril.com.uy/diaruy/69a4/original/catalogo/ES0100MIX_ES0100MIX_1/1000x1000/termotanque-electrico-bosch-es0100mix-100-l-termotanque-electrico-bosch-es0100mix-100-l.jpg,1,,
dr-es0100mix,,,,,,,,,,,,,,https://f.fcdn.app/imgs/5ca6c8/www.diaril.com.uy/diaruy/69a4/original/catalogo/ES0100MIX_ES0100MIX_1/1500-1500/termotanque-electrico-bosch-es0100mix-100-l-termotanque-electrico-bosch-es0100mix-100-l.jpg,2,,
dr-es0100mix,,,,,,,,,,,,,,https://f.fcdn.app/imgs/7ead5c/www.diaril.com.uy/diaruy/69a4/original/catalogo/ES0100MIX_ES0100MIX_1/1920-1200/termotanque-electrico-bosch-es0100mix-100-l-termotanque-electrico-bosch-es0100mix-100-l.jpg,3,,
dr-es0100mix,,,,,,,,,,,,,,https://f.fcdn.app/imgs/370be1/www.diaril.com.uy/diaruy/9211/original/catalogo/ES0100MIX_ES0100MIX_2/1500-1500/termotanque-electrico-bosch-es0100mix-100-l-termotanque-electrico-bosch-es0100mix-100-l.jpg,4,,
dr-es0100mix,,,,,,,,,,,,,,https://f.fcdn.app/imgs/455052/www.diaril.com.uy/diaruy/9211/original/catalogo/ES0100MIX_ES0100MIX_2/1920-1200/termotanque-electrico-bosch-es0100mix-100-l-termotanque-electrico-bosch-es0100mix-100-l.jpg,5,,
dr-es0100mix,,,,,,,,,,,,,,https://f.fcdn.app/imgs/942ac8/www.diaril.com.uy/diaruy/9211/original/catalogo/ES0100MIX_ES0100MIX_2/1000x1000/termotanque-electrico-bosch-es0100mix-100-l-termotanque-electrico-bosch-es0100mix-100-l.jpg,6,,
dr-es0100mix,,,,,,,,,,,,,,https://f.fcdn.app/imgs/ca65b5/www.diaril.com.uy/diaruy/20c4/original/catalogo/ES0100MIX_ES0100MIX_3/1500-1500/termotanque-electrico-bosch-es0100mix-100-l-termotanque-electrico-bosch-es0100mix-100-l.jpg,7,,
dr-es0100mix,,,,,,,,,,,,,,https://f.fcdn.app/imgs/af4b41/www.diaril.com.uy/diaruy/20c4/original/catalogo/ES0100MIX_ES0100MIX_3/1920-1200/termotanque-electrico-bosch-es0100mix-100-l-termotanque-electrico-bosch-es0100mix-100-l.jpg,8,,
dr-fel023ms2,Microondas Bosch FEL023MS2 20 L,"<ul><li>• Capacidad de 20 Litros: Diseño compacto ideal para optimizar el espacio en tu cocina</li><li>• Doble Funcionalidad: Microondas de 800W y Grill potente de 1000W (1 kW)</li><li>• Cocción Combinada: Usa el grill y el microondas simultáneamente para dorar y cocinar</li><li>• 8 Programas Automáticos: 3 de cocción, 4 de descongelación y 1 de función combinada</li><li>• Interfaz de Fácil Uso: Panel intuitivo con mando giratorio para un control sin complicaciones</li><li>• Display LED Blanco: Pantalla clara con reloj electrónico y programador de parada</li><li>• Iluminación LED Interior: Máxima visibilidad con bajo consumo energético</li><li>• Plato Giratorio de 27 cm: Tamaño ideal para platos estándar y fuentes medianas</li><li>• Diseño Funcional: Apertura lateral izquierda y estética moderna en formato compacto</li></ul>",Bosch,Electro,"Cocinas, Bosch, stock-verificado",TRUE,Color,Microondas Bosch FEL023MS2 20 L,FEL023MS2,16539.00,,10,deny,https://f.fcdn.app/imgs/c2d7e4/www.diaril.com.uy/diaruy/360a/original/catalogo/FEL023MS2_FEL023MS2_1/1000x1000/microondas-bosch-fel023ms2-20-l-microondas-bosch-fel023ms2-20-l.jpg,1,,
dr-fel023ms2,,,,,,,,,,,,,,https://f.fcdn.app/imgs/1aa230/www.diaril.com.uy/diaruy/360a/original/catalogo/FEL023MS2_FEL023MS2_1/1500-1500/microondas-bosch-fel023ms2-20-l-microondas-bosch-fel023ms2-20-l.jpg,2,,
dr-fel023ms2,,,,,,,,,,,,,,https://f.fcdn.app/imgs/94c68d/www.diaril.com.uy/diaruy/360a/original/catalogo/FEL023MS2_FEL023MS2_1/1920-1200/microondas-bosch-fel023ms2-20-l-microondas-bosch-fel023ms2-20-l.jpg,3,,
dr-fel023ms2,,,,,,,,,,,,,,https://f.fcdn.app/imgs/cf9998/www.diaril.com.uy/diaruy/d86a/original/catalogo/FEL023MS2_FEL023MS2_2/1500-1500/microondas-bosch-fel023ms2-20-l-microondas-bosch-fel023ms2-20-l.jpg,4,,
dr-fel023ms2,,,,,,,,,,,,,,https://f.fcdn.app/imgs/89701c/www.diaril.com.uy/diaruy/d86a/original/catalogo/FEL023MS2_FEL023MS2_2/1920-1200/microondas-bosch-fel023ms2-20-l-microondas-bosch-fel023ms2-20-l.jpg,5,,
dr-fel023ms2,,,,,,,,,,,,,,https://f.fcdn.app/imgs/4e59c5/www.diaril.com.uy/diaruy/d86a/original/catalogo/FEL023MS2_FEL023MS2_2/1000x1000/microondas-bosch-fel023ms2-20-l-microondas-bosch-fel023ms2-20-l.jpg,6,,
dr-fel023ms2,,,,,,,,,,,,,,https://f.fcdn.app/imgs/6372fe/www.diaril.com.uy/diaruy/026b/original/catalogo/FEL023MS2_FEL023MS2_3/1500-1500/microondas-bosch-fel023ms2-20-l-microondas-bosch-fel023ms2-20-l.jpg,7,,
dr-fel023ms2,,,,,,,,,,,,,,https://f.fcdn.app/imgs/306dd5/www.diaril.com.uy/diaruy/026b/original/catalogo/FEL023MS2_FEL023MS2_3/1920-1200/microondas-bosch-fel023ms2-20-l-microondas-bosch-fel023ms2-20-l.jpg,8,,
dr-fut-50-e4,Cocina eléctrica Futura Plus FUT-50-E4 Cadiz,"<ul><li>• Calidad Premium: Producto de fabricación europea</li><li>• Mesada con 4 Discos Eléctricos de alta durabilidad</li><li>• Horno Eléctrico de 52 Litros con control de precisión</li><li>• Eficiencia Energética Clase A: Consumo optimizado</li><li>• Termostato ajustable para una temperatura constante en el horno</li><li>• Diseño Robusto: Mesada esmaltada blanca con tapa metálica resistente</li><li>• Seguridad Térmica: Aislamiento en lana mineral de alta densidad</li><li>• Puerta con doble vidrio y visor total para evitar pérdida de calor</li><li>• Medidas compactas: Ancho 50 cm | Profundidad 60 cm | Alto 85 cm</li><li>• Equipamiento: Luz en horno, bandeja esmaltada y rejilla cromada</li></ul>",Futura,Electro,"Cocinas, Futura",TRUE,Color,Cocina eléctrica Futura Plus FUT-50-E4 Cadiz,FUT-50-E4,17409.00,,0,deny,https://f.fcdn.app/imgs/6e492e/www.diaril.com.uy/diaruy/2e46/original/catalogo/FUT-50-E4_FUT-50-E4_1/1000x1000/cocina-electrica-futura-plus-fut-50-e4-cadiz-cocina-electrica-futura-plus-fut-50-e4-cadiz.jpg,1,,
dr-fut-50-e4,,,,,,,,,,,,,,https://f.fcdn.app/imgs/c9dff4/www.diaril.com.uy/diaruy/2e46/original/catalogo/FUT-50-E4_FUT-50-E4_1/1500-1500/cocina-electrica-futura-plus-fut-50-e4-cadiz-cocina-electrica-futura-plus-fut-50-e4-cadiz.jpg,2,,
dr-fut-50-e4,,,,,,,,,,,,,,https://f.fcdn.app/imgs/f53caa/www.diaril.com.uy/diaruy/2e46/original/catalogo/FUT-50-E4_FUT-50-E4_1/1920-1200/cocina-electrica-futura-plus-fut-50-e4-cadiz-cocina-electrica-futura-plus-fut-50-e4-cadiz.jpg,3,,
dr-fut-50-e4,,,,,,,,,,,,,,https://f.fcdn.app/imgs/2a01b6/www.diaril.com.uy/diaruy/2e46/original/catalogo/FUT-50-E4_FUT-50-E4_1/2000-2000/cocina-electrica-futura-plus-fut-50-e4-cadiz-cocina-electrica-futura-plus-fut-50-e4-cadiz.jpg,4,,
dr-fut-50-e4,,,,,,,,,,,,,,https://f.fcdn.app/imgs/f1e3bb/www.diaril.com.uy/diaruy/2e46/original/catalogo/FUT-50-E4_FUT-50-E4_1/100x100/cocina-electrica-futura-plus-fut-50-e4-cadiz-cocina-electrica-futura-plus-fut-50-e4-cadiz.jpg,5,,
dr-fut-50-e4,,,,,,,,,,,,,,https://f.fcdn.app/imgs/238abd/www.diaril.com.uy/diaruy/2e46/original/catalogo/FUT-50-E4_FUT-50-E4_1/1000_1000/cocina-electrica-futura-plus-fut-50-e4-cadiz-cocina-electrica-futura-plus-fut-50-e4-cadiz.jpg,6,,
dr-fut-50-g4,Cocina a Gas Futura Plus FUT-50-G4 Sevilla,"<ul><li>• Calidad Premium: Producto de fabricación europea</li><li>• 4 Quemadores a gas Euro Type de alta eficiencia</li><li>• Horno a Gas con Grill integrado: Ideal para dorar y gratinar</li><li>• Eficiencia Energética Clase A: Máximo rendimiento con bajo consumo</li><li>• Seguridad Total: Válvula de seguridad (termocupla) en cada quemador</li><li>• Mesada esmaltada blanca de fácil limpieza con tapa de vidrio protectora</li><li>• Encendido electrónico integrado para un uso cómodo y rápido</li><li>• Puerta de horno con doble vidrio y visor panorámico</li><li>• Aislamiento térmico en lana mineral de alta densidad</li><li>• Medidas compactas: Ancho 50 cm | Profundidad 60 cm | Alto 85 cm</li><li>• Equipamiento: Luz en horno, bandeja esmaltada y rejilla cromada</li></ul>",Futura,Electro,"Cocinas, Futura, stock-verificado",TRUE,Color,Cocina a Gas Futura Plus FUT-50-G4 Sevilla,FUT-50-G4,17409.00,,10,deny,https://f.fcdn.app/imgs/6d8e4c/www.diaril.com.uy/diaruy/5d87/original/catalogo/FUT-50-G4_FUT-50-G4_1/1000x1000/cocina-a-gas-futura-plus-fut-50-g4-sevilla-cocina-a-gas-futura-plus-fut-50-g4-sevilla.jpg,1,,
dr-fut-50-g4,,,,,,,,,,,,,,https://f.fcdn.app/imgs/b78e4e/www.diaril.com.uy/diaruy/5d87/original/catalogo/FUT-50-G4_FUT-50-G4_1/1500-1500/cocina-a-gas-futura-plus-fut-50-g4-sevilla-cocina-a-gas-futura-plus-fut-50-g4-sevilla.jpg,2,,
dr-fut-50-g4,,,,,,,,,,,,,,https://f.fcdn.app/imgs/bfb33f/www.diaril.com.uy/diaruy/5d87/original/catalogo/FUT-50-G4_FUT-50-G4_1/1920-1200/cocina-a-gas-futura-plus-fut-50-g4-sevilla-cocina-a-gas-futura-plus-fut-50-g4-sevilla.jpg,3,,
dr-fut-50-g4,,,,,,,,,,,,,,https://f.fcdn.app/imgs/c01bc5/www.diaril.com.uy/diaruy/5d87/original/catalogo/FUT-50-G4_FUT-50-G4_1/2000-2000/cocina-a-gas-futura-plus-fut-50-g4-sevilla-cocina-a-gas-futura-plus-fut-50-g4-sevilla.jpg,4,,
dr-fut-50-g4,,,,,,,,,,,,,,https://f.fcdn.app/imgs/786fc9/www.diaril.com.uy/diaruy/5d87/original/catalogo/FUT-50-G4_FUT-50-G4_1/100x100/cocina-a-gas-futura-plus-fut-50-g4-sevilla-cocina-a-gas-futura-plus-fut-50-g4-sevilla.jpg,5,,
dr-fut-50-g4,,,,,,,,,,,,,,https://f.fcdn.app/imgs/c17fcf/www.diaril.com.uy/diaruy/5d87/original/catalogo/FUT-50-G4_FUT-50-G4_1/1000_1000/cocina-a-gas-futura-plus-fut-50-g4-sevilla-cocina-a-gas-futura-plus-fut-50-g4-sevilla.jpg,6,,
dr-fut-a30gx,Anafe a gas Futura Plus FUT-A30GX Inox 30 cm,"<ul><li>• Calidad Premium: Producto de fabricación europea</li><li>• Diseño Ultra Compacto ""Dominó"" de 2 hornallas (Ancho 29 cm)</li><li>• Acabado Elegante: Acero Inoxidable de alta resistencia</li><li>• Parrilla Esmaltada de fácil limpieza y durabilidad</li><li>• Encendido Automático integrado en los comandos</li><li>• Comandos frontales intuitivos para un manejo cómodo</li><li>• Perfil Ultra Slim: Solo 0.8 cm de altura sobre la mesada</li><li>• Medidas exteriores: 29 x 51.5 cm</li><li>• Medidas de empotrar: 25 x 48 x 2.5 cm</li></ul>",Futura,Electro,"Cocinas, Futura, stock-verificado",TRUE,Color,Anafe a gas Futura Plus FUT-A30GX Inox 30 cm,FUT-A30GX,6176.00,,10,deny,https://f.fcdn.app/imgs/da50fe/www.diaril.com.uy/diaruy/c44d/original/catalogo/FUT-A30GX_FUT-A30GX_1/1000x1000/anafe-a-gas-futura-plus-fut-a30gx-inox-30-cm-anafe-a-gas-futura-plus-fut-a30gx-inox-30-cm.jpg,1,,
dr-fut-a30gx,,,,,,,,,,,,,,https://f.fcdn.app/imgs/5209ee/www.diaril.com.uy/diaruy/c44d/original/catalogo/FUT-A30GX_FUT-A30GX_1/1500-1500/anafe-a-gas-futura-plus-fut-a30gx-inox-30-cm-anafe-a-gas-futura-plus-fut-a30gx-inox-30-cm.jpg,2,,
dr-fut-a30gx,,,,,,,,,,,,,,https://f.fcdn.app/imgs/119488/www.diaril.com.uy/diaruy/c44d/original/catalogo/FUT-A30GX_FUT-A30GX_1/1920-1200/anafe-a-gas-futura-plus-fut-a30gx-inox-30-cm-anafe-a-gas-futura-plus-fut-a30gx-inox-30-cm.jpg,3,,
dr-fut-a30gx,,,,,,,,,,,,,,https://f.fcdn.app/imgs/eb6abd/www.diaril.com.uy/diaruy/c44d/original/catalogo/FUT-A30GX_FUT-A30GX_1/2000-2000/anafe-a-gas-futura-plus-fut-a30gx-inox-30-cm-anafe-a-gas-futura-plus-fut-a30gx-inox-30-cm.jpg,4,,
dr-fut-a30gx,,,,,,,,,,,,,,https://f.fcdn.app/imgs/a31fb4/www.diaril.com.uy/diaruy/c44d/original/catalogo/FUT-A30GX_FUT-A30GX_1/100x100/anafe-a-gas-futura-plus-fut-a30gx-inox-30-cm-anafe-a-gas-futura-plus-fut-a30gx-inox-30-cm.jpg,5,,
dr-fut-a30gx,,,,,,,,,,,,,,https://f.fcdn.app/imgs/ad8884/www.diaril.com.uy/diaruy/c44d/original/catalogo/FUT-A30GX_FUT-A30GX_1/1000_1000/anafe-a-gas-futura-plus-fut-a30gx-inox-30-cm-anafe-a-gas-futura-plus-fut-a30gx-inox-30-cm.jpg,6,,
dr-fut-a60gx,Anafe a gas Futura Plus FUT-A60GX Inox 60 cm,<ul><li>• Calidad Premium: Producto de fabricación europea</li><li>• 4 Quemadores a gas de alta eficiencia</li><li>• Acabado Elegante: Acero Inoxidable de alta durabilidad</li><li>• Parrillas de Hierro Fundido: Máxima estabilidad para tus ollas</li><li>• Seguridad Total: Válvula de seguridad (termocupla) en cada hornalla</li><li>• Encendido Automático integrado en las perillas</li><li>• Comandos frontales con perillas de diseño moderno</li><li>• Perfil Ultra Slim: Solo 0.8 cm de altura sobre la mesada</li><li>• Medidas exteriores: 59 x 51.5 cm</li><li>• Medidas de empotre estándar: 56 x 49 x 2.5 cm</li></ul>,Futura,Electro,"Cocinas, Futura, stock-verificado",TRUE,Color,Anafe a gas Futura Plus FUT-A60GX Inox 60 cm,FUT-A60GX,11192.00,,10,deny,https://f.fcdn.app/imgs/52a6de/www.diaril.com.uy/diaruy/cd2a/original/catalogo/FUT-A60GX_FUT-A60GX_1/1000x1000/anafe-a-gas-futura-plus-fut-a60gx-inox-60-cm-anafe-a-gas-futura-plus-fut-a60gx-inox-60-cm.jpg,1,,
dr-fut-a60gx,,,,,,,,,,,,,,https://f.fcdn.app/imgs/618d21/www.diaril.com.uy/diaruy/cd2a/original/catalogo/FUT-A60GX_FUT-A60GX_1/1500-1500/anafe-a-gas-futura-plus-fut-a60gx-inox-60-cm-anafe-a-gas-futura-plus-fut-a60gx-inox-60-cm.jpg,2,,
dr-fut-a60gx,,,,,,,,,,,,,,https://f.fcdn.app/imgs/91bdee/www.diaril.com.uy/diaruy/cd2a/original/catalogo/FUT-A60GX_FUT-A60GX_1/1920-1200/anafe-a-gas-futura-plus-fut-a60gx-inox-60-cm-anafe-a-gas-futura-plus-fut-a60gx-inox-60-cm.jpg,3,,
dr-fut-a60gx,,,,,,,,,,,,,,https://f.fcdn.app/imgs/800714/www.diaril.com.uy/diaruy/cd2a/original/catalogo/FUT-A60GX_FUT-A60GX_1/2000-2000/anafe-a-gas-futura-plus-fut-a60gx-inox-60-cm-anafe-a-gas-futura-plus-fut-a60gx-inox-60-cm.jpg,4,,
dr-fut-a60gx,,,,,,,,,,,,,,https://f.fcdn.app/imgs/33f5c2/www.diaril.com.uy/diaruy/cd2a/original/catalogo/FUT-A60GX_FUT-A60GX_1/100x100/anafe-a-gas-futura-plus-fut-a60gx-inox-60-cm-anafe-a-gas-futura-plus-fut-a60gx-inox-60-cm.jpg,5,,
dr-fut-a60gx,,,,,,,,,,,,,,https://f.fcdn.app/imgs/e33b9c/www.diaril.com.uy/diaruy/cd2a/original/catalogo/FUT-A60GX_FUT-A60GX_1/1000_1000/anafe-a-gas-futura-plus-fut-a60gx-inox-60-cm-anafe-a-gas-futura-plus-fut-a60gx-inox-60-cm.jpg,6,,
dr-fut-bm400,Mixer Futura FUT-BM400 Blanco,<ul><li>• Potencia: 400 W con Motor de Cobre de alta durabilidad</li><li>• Cuchillas de Acero Inoxidable de alta eficiencia (Aptas para picar hielo)</li><li>• 2 Velocidades mediante pulsadores ergonómicos</li><li>• Pie desmontable de Acero Inoxidable para una higiene superior</li><li>• Incluye Vaso Mezclador graduado</li><li>• Diseño Anti-salpicaduras para un uso limpio y cómodo</li><li>• Sistema de seguridad con prevención de sobrecalentamiento</li><li>• Anillo para colgar integrado (Ideal para ahorrar espacio)</li><li>• Elegante diseño moderno en colores Blanco y Rojo</li></ul>,Futura,Electro,"Licuadoras, Futura, stock-verificado",TRUE,Color,Mixer Futura FUT-BM400 Blanco,FUT-BM400,953.00,,10,deny,https://f.fcdn.app/imgs/97d87a/www.diaril.com.uy/diaruy/9296/original/catalogo/FUT-BM400_FUT-BM400_1/1000x1000/mixer-futura-fut-bm400-blanco-mixer-futura-fut-bm400-blanco.jpg,1,,
dr-fut-bm400,,,,,,,,,,,,,,https://f.fcdn.app/imgs/611424/www.diaril.com.uy/diaruy/9296/original/catalogo/FUT-BM400_FUT-BM400_1/1500-1500/mixer-futura-fut-bm400-blanco-mixer-futura-fut-bm400-blanco.jpg,2,,
dr-fut-bm400,,,,,,,,,,,,,,https://f.fcdn.app/imgs/5a1a6e/www.diaril.com.uy/diaruy/9296/original/catalogo/FUT-BM400_FUT-BM400_1/1920-1200/mixer-futura-fut-bm400-blanco-mixer-futura-fut-bm400-blanco.jpg,3,,
dr-fut-bm400,,,,,,,,,,,,,,https://f.fcdn.app/imgs/1977f3/www.diaril.com.uy/diaruy/9296/original/catalogo/FUT-BM400_FUT-BM400_1/2000-2000/mixer-futura-fut-bm400-blanco-mixer-futura-fut-bm400-blanco.jpg,4,,
dr-fut-bm400,,,,,,,,,,,,,,https://f.fcdn.app/imgs/03c322/www.diaril.com.uy/diaruy/9296/original/catalogo/FUT-BM400_FUT-BM400_1/100x100/mixer-futura-fut-bm400-blanco-mixer-futura-fut-bm400-blanco.jpg,5,,
dr-fut-bm400,,,,,,,,,,,,,,https://f.fcdn.app/imgs/e943f6/www.diaril.com.uy/diaruy/9296/original/catalogo/FUT-BM400_FUT-BM400_1/1000_1000/mixer-futura-fut-bm400-blanco-mixer-futura-fut-bm400-blanco.jpg,6,,
dr-fut-bm650,Mixer Futura FUT-BM650 Blanco,"<ul><li>• Potencia eficiente: 650 W con Motor de Cobre de larga vida útil</li><li>• Set 3 en 1: Incluye Picador (500 ml), Batidor de varilla y Vaso mezclador (900 ml)</li><li>• 2 Velocidades con pulsadores ergonómicos</li><li>• Pie desmontable de Acero Inoxidable (Apto para preparaciones calientes)</li><li>• Cuchillas de Acero Inoxidable de alta eficiencia (Aptas para picar hielo)</li><li>• Diseño Anti-salpicaduras para un procesado limpio</li><li>• Sistema de seguridad con prevención de sobrecalentamiento</li><li>• Anillo para colgar integrado (Optimización de espacio)</li><li>• Diseño moderno y elegante en combinación Blanco y Rojo</li></ul>",Futura,Electro,"Licuadoras, Futura",TRUE,Color,Mixer Futura FUT-BM650 Blanco,FUT-BM650,1617.00,,0,deny,https://f.fcdn.app/imgs/da73ee/www.diaril.com.uy/diaruy/a681/original/catalogo/FUT-BM650_FUT-BM650_1/1000x1000/mixer-futura-fut-bm650-blanco-mixer-futura-fut-bm650-blanco.jpg,1,,
dr-fut-bm650,,,,,,,,,,,,,,https://f.fcdn.app/imgs/ca3a7a/www.diaril.com.uy/diaruy/a681/original/catalogo/FUT-BM650_FUT-BM650_1/1500-1500/mixer-futura-fut-bm650-blanco-mixer-futura-fut-bm650-blanco.jpg,2,,
dr-fut-bm650,,,,,,,,,,,,,,https://f.fcdn.app/imgs/9f020e/www.diaril.com.uy/diaruy/a681/original/catalogo/FUT-BM650_FUT-BM650_1/1920-1200/mixer-futura-fut-bm650-blanco-mixer-futura-fut-bm650-blanco.jpg,3,,
dr-fut-bm650,,,,,,,,,,,,,,https://f.fcdn.app/imgs/e4da40/www.diaril.com.uy/diaruy/90b0/original/catalogo/FUT-BM650_FUT-BM650_2/1500-1500/mixer-futura-fut-bm650-blanco-mixer-futura-fut-bm650-blanco.jpg,4,,
dr-fut-bm650,,,,,,,,,,,,,,https://f.fcdn.app/imgs/eb70d9/www.diaril.com.uy/diaruy/90b0/original/catalogo/FUT-BM650_FUT-BM650_2/1920-1200/mixer-futura-fut-bm650-blanco-mixer-futura-fut-bm650-blanco.jpg,5,,
dr-fut-bm650,,,,,,,,,,,,,,https://f.fcdn.app/imgs/1e1d50/www.diaril.com.uy/diaruy/90b0/original/catalogo/FUT-BM650_FUT-BM650_2/1000x1000/mixer-futura-fut-bm650-blanco-mixer-futura-fut-bm650-blanco.jpg,6,,
dr-fut-bm650,,,,,,,,,,,,,,https://f.fcdn.app/imgs/856276/www.diaril.com.uy/diaruy/a681/original/catalogo/FUT-BM650_FUT-BM650_1/2000-2000/mixer-futura-fut-bm650-blanco-mixer-futura-fut-bm650-blanco.jpg,7,,
dr-fut-bm650,,,,,,,,,,,,,,https://f.fcdn.app/imgs/844504/www.diaril.com.uy/diaruy/a681/original/catalogo/FUT-BM650_FUT-BM650_1/100x100/mixer-futura-fut-bm650-blanco-mixer-futura-fut-bm650-blanco.jpg,8,,
dr-fut-bm800,Mixer Futura FUT-BM800,<ul><li>• Potencia de alto rendimiento: 800 W</li><li>• Motor de Cobre: Mayor durabilidad y eficiencia energética</li><li>• Mando de control de velocidad gradual para un batido preciso</li><li>• Cuchillas de Acero Inoxidable de alta eficiencia (Aptas para picar hielo)</li><li>• Pie desmontable de Acero Inoxidable para fácil limpieza</li><li>• Diseño Anti-salpicaduras para mantener tu cocina impecable</li><li>• Sistema de seguridad: Prevención contra sobrecalentamiento</li><li>• Diseño elegante en Negro y Acero Inoxidable</li><li>• Anillo para colgar integrado (Ahorro de espacio)</li></ul>,Futura,Electro,"Licuadoras, Futura, stock-verificado",TRUE,Color,Mixer Futura FUT-BM800,FUT-BM800,1617.00,,10,deny,https://f.fcdn.app/imgs/417d2c/www.diaril.com.uy/diaruy/cad7/original/catalogo/FUT-BM800_FUT-BM800_1/1000x1000/mixer-futura-fut-bm800-mixer-futura-fut-bm800.jpg,1,,
dr-fut-bm800,,,,,,,,,,,,,,https://f.fcdn.app/imgs/6bf920/www.diaril.com.uy/diaruy/cad7/original/catalogo/FUT-BM800_FUT-BM800_1/1500-1500/mixer-futura-fut-bm800-mixer-futura-fut-bm800.jpg,2,,
dr-fut-bm800,,,,,,,,,,,,,,https://f.fcdn.app/imgs/a4ca77/www.diaril.com.uy/diaruy/cad7/original/catalogo/FUT-BM800_FUT-BM800_1/1920-1200/mixer-futura-fut-bm800-mixer-futura-fut-bm800.jpg,3,,
dr-fut-bm800,,,,,,,,,,,,,,https://f.fcdn.app/imgs/877ab5/www.diaril.com.uy/diaruy/509b/original/catalogo/FUT-BM800_FUT-BM800_2/1500-1500/mixer-futura-fut-bm800-mixer-futura-fut-bm800.jpg,4,,
dr-fut-bm800,,,,,,,,,,,,,,https://f.fcdn.app/imgs/9cdd3e/www.diaril.com.uy/diaruy/509b/original/catalogo/FUT-BM800_FUT-BM800_2/1920-1200/mixer-futura-fut-bm800-mixer-futura-fut-bm800.jpg,5,,
dr-fut-bm800,,,,,,,,,,,,,,https://f.fcdn.app/imgs/955e70/www.diaril.com.uy/diaruy/509b/original/catalogo/FUT-BM800_FUT-BM800_2/1000x1000/mixer-futura-fut-bm800-mixer-futura-fut-bm800.jpg,6,,
dr-fut-bm800,,,,,,,,,,,,,,https://f.fcdn.app/imgs/68a4d6/www.diaril.com.uy/diaruy/8fd9/original/catalogo/FUT-BM800_FUT-BM800_3/1500-1500/mixer-futura-fut-bm800-mixer-futura-fut-bm800.jpg,7,,
dr-fut-bm800,,,,,,,,,,,,,,https://f.fcdn.app/imgs/e60995/www.diaril.com.uy/diaruy/8fd9/original/catalogo/FUT-BM800_FUT-BM800_3/1920-1200/mixer-futura-fut-bm800-mixer-futura-fut-bm800.jpg,8,,
dr-fut-c90pl,Campana de pared Futura FUT-C90PL 90 cm,<ul><li>• Ancho Profesional: 90 cm (Ideal para anafe de 5 o 6 hornallas)</li><li>• Potencia de Extracción: 600 m³/h (Ambientes libres de humo y olores)</li><li>• Acabado Premium: Acero Inoxidable de alta durabilidad</li><li>• 4 Niveles de potencia para ajustar según el tipo de cocción</li><li>• Iluminación LED de bajo consumo y alta visibilidad</li><li>• Filtros de Aluminio lavables de fácil mantenimiento</li><li>• Chimenea telescópica ajustable: Altura de 50 a 80 cm</li><li>• Panel de control con botones de acceso directo</li><li>• Diseño para montaje en pared (Tipo Piramidal/Slim)</li><li>• Medidas: Ancho 90 cm | Profundidad 50 cm</li></ul>,Futura,Electro,"Campanas, Futura, stock-verificado",TRUE,Color,Campana de pared Futura FUT-C90PL 90 cm,FUT-C90PL,15337.00,,10,deny,https://f.fcdn.app/imgs/70ec06/www.diaril.com.uy/diaruy/df09/original/catalogo/FUT-C90PL_FUT-C90PL_1/1000x1000/campana-de-pared-futura-fut-c90pl-90-cm-campana-de-pared-futura-fut-c90pl-90-cm.jpg,1,,
dr-fut-c90pl,,,,,,,,,,,,,,https://f.fcdn.app/imgs/9effcb/www.diaril.com.uy/diaruy/df09/original/catalogo/FUT-C90PL_FUT-C90PL_1/1500-1500/campana-de-pared-futura-fut-c90pl-90-cm-campana-de-pared-futura-fut-c90pl-90-cm.jpg,2,,
dr-fut-c90pl,,,,,,,,,,,,,,https://f.fcdn.app/imgs/fcc196/www.diaril.com.uy/diaruy/df09/original/catalogo/FUT-C90PL_FUT-C90PL_1/1920-1200/campana-de-pared-futura-fut-c90pl-90-cm-campana-de-pared-futura-fut-c90pl-90-cm.jpg,3,,
dr-fut-c90pl,,,,,,,,,,,,,,https://f.fcdn.app/imgs/ca9987/www.diaril.com.uy/diaruy/df09/original/catalogo/FUT-C90PL_FUT-C90PL_1/2000-2000/campana-de-pared-futura-fut-c90pl-90-cm-campana-de-pared-futura-fut-c90pl-90-cm.jpg,4,,
dr-fut-c90pl,,,,,,,,,,,,,,https://f.fcdn.app/imgs/1e6e2b/www.diaril.com.uy/diaruy/df09/original/catalogo/FUT-C90PL_FUT-C90PL_1/100x100/campana-de-pared-futura-fut-c90pl-90-cm-campana-de-pared-futura-fut-c90pl-90-cm.jpg,5,,
dr-fut-c90pl,,,,,,,,,,,,,,https://f.fcdn.app/imgs/254154/www.diaril.com.uy/diaruy/df09/original/catalogo/FUT-C90PL_FUT-C90PL_1/1000_1000/campana-de-pared-futura-fut-c90pl-90-cm-campana-de-pared-futura-fut-c90pl-90-cm.jpg,6,,
dr-fut-cc105,Calienta camas 1 Pza. Futura FUT-CC105,<ul><li>• Calientacamas para 1 Plaza (Medidas: 150 x 80 cm)</li><li>• Potencia: 60 W con 2 niveles de ajuste de temperatura</li><li>• Comando desmontable con indicador LED para uso nocturno</li><li>• Higiene Total: Apto para lavar a máquina o a mano con agua caliente</li><li>• Máxima Seguridad: Protección contra sobrecalentamiento y doble fusible</li><li>• Material: 100% Poliéster de alta resistencia y durabilidad</li><li>• Fácil sujeción al colchón mediante correas elásticas integradas</li></ul>,Futura,Electro,"Climatización, Futura, stock-verificado",TRUE,Color,Calienta camas 1 Pza. Futura FUT-CC105,FUT-CC105,953.00,,10,deny,https://f.fcdn.app/imgs/dce8a7/www.diaril.com.uy/diaruy/1116/original/catalogo/FUT-CC105_FUT-CC105_1/1000x1000/calienta-camas-1-pza-futura-fut-cc105-calienta-camas-1-pza-futura-fut-cc105.jpg,1,,
dr-fut-cc105,,,,,,,,,,,,,,https://f.fcdn.app/imgs/a234c8/www.diaril.com.uy/diaruy/1116/original/catalogo/FUT-CC105_FUT-CC105_1/1500-1500/calienta-camas-1-pza-futura-fut-cc105-calienta-camas-1-pza-futura-fut-cc105.jpg,2,,
dr-fut-cc105,,,,,,,,,,,,,,https://f.fcdn.app/imgs/b6da21/www.diaril.com.uy/diaruy/1116/original/catalogo/FUT-CC105_FUT-CC105_1/1920-1200/calienta-camas-1-pza-futura-fut-cc105-calienta-camas-1-pza-futura-fut-cc105.jpg,3,,
dr-fut-cc105,,,,,,,,,,,,,,https://f.fcdn.app/imgs/bd5fcc/www.diaril.com.uy/diaruy/1116/original/catalogo/FUT-CC105_FUT-CC105_1/2000-2000/calienta-camas-1-pza-futura-fut-cc105-calienta-camas-1-pza-futura-fut-cc105.jpg,4,,
dr-fut-cc105,,,,,,,,,,,,,,https://f.fcdn.app/imgs/5b7f8a/www.diaril.com.uy/diaruy/1116/original/catalogo/FUT-CC105_FUT-CC105_1/100x100/calienta-camas-1-pza-futura-fut-cc105-calienta-camas-1-pza-futura-fut-cc105.jpg,5,,
dr-fut-cc105,,,,,,,,,,,,,,https://f.fcdn.app/imgs/7abbaf/www.diaril.com.uy/diaruy/1116/original/catalogo/FUT-CC105_FUT-CC105_1/1000_1000/calienta-camas-1-pza-futura-fut-cc105-calienta-camas-1-pza-futura-fut-cc105.jpg,6,,
dr-fut-cf8kd,Lavarropas Futura FUT-CF8KD Carga frontal 8 kg,<ul><li>• Capacidad de carga: 8 kg (Ideal para familias)</li><li>• Potencia de Centrifugado: 1400 rpm (Ropa más seca en menos tiempo)</li><li>• 15 Programas de lavado adaptables a cada tipo de prenda</li><li>• Programa Ultra Rápido de 18 minutos</li><li>• Panel electrónico con Display Digital LED programable</li><li>• Inicio Diferido: Programa el lavado para cuando más te convenga</li><li>• Tecnología Confort: Sistema anti-vibraciones y control anti-espuma</li><li>• Máxima Seguridad: Bloqueo para niños y bomba de desagüe automática</li><li>• Tambor de Acero Inoxidable de alta durabilidad</li><li>• Dimensiones: Ancho 59.5 cm | Profundidad 54.5 cm | Altura 84.5 cm</li></ul>,Futura,Electro,"Lavarropas, Futura, stock-verificado",TRUE,Color,Lavarropas Futura FUT-CF8KD Carga frontal 8 kg,FUT-CF8KD,17782.00,,10,deny,https://f.fcdn.app/imgs/b8cf55/www.diaril.com.uy/diaruy/618f/original/catalogo/FUT-CF8KD_FUT-CF8KD_1/1000x1000/lavarropas-futura-fut-cf8kd-carga-frontal-8-kg-lavarropas-futura-fut-cf8kd-carga-frontal-8-kg.jpg,1,,
dr-fut-cf8kd,,,,,,,,,,,,,,https://f.fcdn.app/imgs/20f80f/www.diaril.com.uy/diaruy/618f/original/catalogo/FUT-CF8KD_FUT-CF8KD_1/1500-1500/lavarropas-futura-fut-cf8kd-carga-frontal-8-kg-lavarropas-futura-fut-cf8kd-carga-frontal-8-kg.jpg,2,,
dr-fut-cf8kd,,,,,,,,,,,,,,https://f.fcdn.app/imgs/4f4bf1/www.diaril.com.uy/diaruy/618f/original/catalogo/FUT-CF8KD_FUT-CF8KD_1/1920-1200/lavarropas-futura-fut-cf8kd-carga-frontal-8-kg-lavarropas-futura-fut-cf8kd-carga-frontal-8-kg.jpg,3,,
dr-fut-cf8kd,,,,,,,,,,,,,,https://f.fcdn.app/imgs/b9e5b1/www.diaril.com.uy/diaruy/f5f3/original/catalogo/FUT-CF8KD_FUT-CF8KD_2/1500-1500/lavarropas-futura-fut-cf8kd-carga-frontal-8-kg-lavarropas-futura-fut-cf8kd-carga-frontal-8-kg.jpg,4,,
dr-fut-cf8kd,,,,,,,,,,,,,,https://f.fcdn.app/imgs/c1e7ea/www.diaril.com.uy/diaruy/f5f3/original/catalogo/FUT-CF8KD_FUT-CF8KD_2/1920-1200/lavarropas-futura-fut-cf8kd-carga-frontal-8-kg-lavarropas-futura-fut-cf8kd-carga-frontal-8-kg.jpg,5,,
dr-fut-cf8kd,,,,,,,,,,,,,,https://f.fcdn.app/imgs/a4c662/www.diaril.com.uy/diaruy/f5f3/original/catalogo/FUT-CF8KD_FUT-CF8KD_2/1000x1000/lavarropas-futura-fut-cf8kd-carga-frontal-8-kg-lavarropas-futura-fut-cf8kd-carga-frontal-8-kg.jpg,6,,
dr-fut-cf8kd,,,,,,,,,,,,,,https://f.fcdn.app/imgs/a6b843/www.diaril.com.uy/diaruy/2621/original/catalogo/FUT-CF8KD_FUT-CF8KD_3/1500-1500/lavarropas-futura-fut-cf8kd-carga-frontal-8-kg-lavarropas-futura-fut-cf8kd-carga-frontal-8-kg.jpg,7,,
dr-fut-cf8kd,,,,,,,,,,,,,,https://f.fcdn.app/imgs/0be6a0/www.diaril.com.uy/diaruy/2621/original/catalogo/FUT-CF8KD_FUT-CF8KD_3/1920-1200/lavarropas-futura-fut-cf8kd-carga-frontal-8-kg-lavarropas-futura-fut-cf8kd-carga-frontal-8-kg.jpg,8,,
dr-fut-cg10w,Cafetera de goteo Futura FUT-CG10W,<ul><li>• Capacidad: 1.25 Litros (Hasta 10 Tazas)</li><li>• Potencia: 750 W (Consumo eficiente)</li><li>• Filtro permanente lavable incluido</li><li>• Portafiltro removible para una limpieza profunda y sencilla</li><li>• Válvula antigoteo: Permite servir café durante el proceso</li><li>• Seguridad: Desconexión automática en caso de falta de agua</li><li>• Placa calefactora con función para mantener el café caliente</li><li>• Depósito de agua traslúcido con indicador de nivel</li><li>• Diseño clásico en color Blanco</li></ul>,Futura,Electro,"Cafeteras, Futura",TRUE,Color,Cafetera de goteo Futura FUT-CG10W,FUT-CG10W,1036.00,,0,deny,https://f.fcdn.app/imgs/26d5c4/www.diaril.com.uy/diaruy/7027/original/catalogo/FUT-CG10W_FUT-CG10W_1/1000x1000/cafetera-de-goteo-futura-fut-cg10w-cafetera-de-goteo-futura-fut-cg10w.jpg,1,,
dr-fut-cg10w,,,,,,,,,,,,,,https://f.fcdn.app/imgs/b20316/www.diaril.com.uy/diaruy/7027/original/catalogo/FUT-CG10W_FUT-CG10W_1/1500-1500/cafetera-de-goteo-futura-fut-cg10w-cafetera-de-goteo-futura-fut-cg10w.jpg,2,,
dr-fut-cg10w,,,,,,,,,,,,,,https://f.fcdn.app/imgs/79d62f/www.diaril.com.uy/diaruy/7027/original/catalogo/FUT-CG10W_FUT-CG10W_1/1920-1200/cafetera-de-goteo-futura-fut-cg10w-cafetera-de-goteo-futura-fut-cg10w.jpg,3,,
dr-fut-cg10w,,,,,,,,,,,,,,https://f.fcdn.app/imgs/552f15/www.diaril.com.uy/diaruy/7027/original/catalogo/FUT-CG10W_FUT-CG10W_1/2000-2000/cafetera-de-goteo-futura-fut-cg10w-cafetera-de-goteo-futura-fut-cg10w.jpg,4,,
dr-fut-cg10w,,,,,,,,,,,,,,https://f.fcdn.app/imgs/a36457/www.diaril.com.uy/diaruy/7027/original/catalogo/FUT-CG10W_FUT-CG10W_1/100x100/cafetera-de-goteo-futura-fut-cg10w-cafetera-de-goteo-futura-fut-cg10w.jpg,5,,
dr-fut-cg10w,,,,,,,,,,,,,,https://f.fcdn.app/imgs/ac438e/www.diaril.com.uy/diaruy/7027/original/catalogo/FUT-CG10W_FUT-CG10W_1/1000_1000/cafetera-de-goteo-futura-fut-cg10w-cafetera-de-goteo-futura-fut-cg10w.jpg,6,,
dr-fut-cp101,Calienta Pies Futura bota FUT-CP101,<ul><li>• Diseño anatómico tipo Bota para calor envolvente</li><li>• Potencia: 100 W con sistema de Calefacción Rápida</li><li>• Materiales Premium: Lana sintética extra suave y Microplush</li><li>• 3 niveles de temperatura con indicador visual</li><li>• Seguridad inteligente: Apagado automático a los 90 minutos</li><li>• Higiene total: Forro interior extraíble y apto para lavado</li><li>• Protección contra sobrecalentamiento para máxima tranquilidad</li><li>• Medidas: Ancho 30 cm | Profundidad 30 cm | Altura 24 cm</li></ul>,Futura,Electro,"Climatización, Futura, stock-verificado",TRUE,Color,Calienta Pies Futura bota FUT-CP101,FUT-CP101,1617.00,,10,deny,https://f.fcdn.app/imgs/9ca5c0/www.diaril.com.uy/diaruy/98b7/original/catalogo/FUT-CP101_FUT-CP101_1/1000x1000/calienta-pies-futura-bota-fut-cp101-calienta-pies-futura-bota-fut-cp101.jpg,1,,
dr-fut-cp101,,,,,,,,,,,,,,https://f.fcdn.app/imgs/2b6cca/www.diaril.com.uy/diaruy/98b7/original/catalogo/FUT-CP101_FUT-CP101_1/1500-1500/calienta-pies-futura-bota-fut-cp101-calienta-pies-futura-bota-fut-cp101.jpg,2,,
dr-fut-cp101,,,,,,,,,,,,,,https://f.fcdn.app/imgs/0f2338/www.diaril.com.uy/diaruy/98b7/original/catalogo/FUT-CP101_FUT-CP101_1/1920-1200/calienta-pies-futura-bota-fut-cp101-calienta-pies-futura-bota-fut-cp101.jpg,3,,
dr-fut-cp101,,,,,,,,,,,,,,https://f.fcdn.app/imgs/0e2f7f/www.diaril.com.uy/diaruy/98b7/original/catalogo/FUT-CP101_FUT-CP101_1/2000-2000/calienta-pies-futura-bota-fut-cp101-calienta-pies-futura-bota-fut-cp101.jpg,4,,
dr-fut-cp101,,,,,,,,,,,,,,https://f.fcdn.app/imgs/14fc65/www.diaril.com.uy/diaruy/98b7/original/catalogo/FUT-CP101_FUT-CP101_1/100x100/calienta-pies-futura-bota-fut-cp101-calienta-pies-futura-bota-fut-cp101.jpg,5,,
dr-fut-cp101,,,,,,,,,,,,,,https://f.fcdn.app/imgs/6c6ae6/www.diaril.com.uy/diaruy/98b7/original/catalogo/FUT-CP101_FUT-CP101_1/1000_1000/calienta-pies-futura-bota-fut-cp101-calienta-pies-futura-bota-fut-cp101.jpg,6,,
dr-fut-cp200,Calefactor de pared para baño Futura FUT-CP200,<ul><li>• Potencia regulable: 1000 W / 2000 W</li><li>• Certificación IPX2: Apto para baños y ambientes con alta humedad</li><li>• Display Digital para visualización de temperatura y funciones</li><li>• Incluye Control Remoto para un manejo a distancia cómodo</li><li>• Diseño para Montaje en pared (Ahorro de espacio)</li><li>• Termostato ajustable para un control climático preciso</li><li>• Sistema de seguridad con protección contra sobrecalentamiento</li><li>• Dimensiones compactas: Ancho 27 cm | Profundidad 12 cm | Altura 42 cm</li></ul>,Futura,Electro,"Climatización, Futura, stock-verificado",TRUE,Color,Calefactor de pared para baño Futura FUT-CP200,FUT-CP200,2777.00,,10,deny,https://f.fcdn.app/imgs/611f02/www.diaril.com.uy/diaruy/c490/original/catalogo/FUT-CP200_FUT-CP200_1/1000x1000/calefactor-de-pared-para-bano-futura-fut-cp200-calefactor-de-pared-para-bano-futura-fut-cp200.jpg,1,,
dr-fut-cp200,,,,,,,,,,,,,,https://f.fcdn.app/imgs/fcfa57/www.diaril.com.uy/diaruy/c490/original/catalogo/FUT-CP200_FUT-CP200_1/1500-1500/calefactor-de-pared-para-bano-futura-fut-cp200-calefactor-de-pared-para-bano-futura-fut-cp200.jpg,2,,
dr-fut-cp200,,,,,,,,,,,,,,https://f.fcdn.app/imgs/ff142e/www.diaril.com.uy/diaruy/c490/original/catalogo/FUT-CP200_FUT-CP200_1/1920-1200/calefactor-de-pared-para-bano-futura-fut-cp200-calefactor-de-pared-para-bano-futura-fut-cp200.jpg,3,,
dr-fut-cp200,,,,,,,,,,,,,,https://f.fcdn.app/imgs/8dba87/www.diaril.com.uy/diaruy/c490/original/catalogo/FUT-CP200_FUT-CP200_1/2000-2000/calefactor-de-pared-para-bano-futura-fut-cp200-calefactor-de-pared-para-bano-futura-fut-cp200.jpg,4,,
dr-fut-cp200,,,,,,,,,,,,,,https://f.fcdn.app/imgs/eb5f43/www.diaril.com.uy/diaruy/c490/original/catalogo/FUT-CP200_FUT-CP200_1/100x100/calefactor-de-pared-para-bano-futura-fut-cp200-calefactor-de-pared-para-bano-futura-fut-cp200.jpg,5,,
dr-fut-cp200,,,,,,,,,,,,,,https://f.fcdn.app/imgs/1819df/www.diaril.com.uy/diaruy/c490/original/catalogo/FUT-CP200_FUT-CP200_1/1000_1000/calefactor-de-pared-para-bano-futura-fut-cp200-calefactor-de-pared-para-bano-futura-fut-cp200.jpg,6,,
dr-fut-dh10l,Deshumidificador Futura FUT-DH10L 10 L,<ul><li>• Capacidad de deshumidificación: 10 Litros cada 24 horas</li><li>• Potencia: 245 W (Bajo consumo eléctrico)</li><li>• Ideal para habitaciones de 15 a 20 m²</li><li>• Funcionamiento ultra silencioso: 42 dB(A)</li><li>• Depósito de agua de 2 Litros con alarma sonora de llenado</li><li>• Función especial de Secado Rápido de ropa</li><li>• Control electrónico de humedad con Display Digital intuitivo</li><li>• Temporizador programable de hasta 24 horas</li><li>• 2 velocidades de ventilación (Caudal de aire: 100 m³/h)</li><li>• Gas refrigerante ecológico R290 (Bajo impacto ambiental)</li><li>• Rango de temperatura operativa: 5°C a 32°C</li></ul>,Futura,Electro,"Climatización, Futura",TRUE,Color,Deshumidificador Futura FUT-DH10L 10 L,FUT-DH10L,6176.00,,0,deny,https://f.fcdn.app/imgs/719038/www.diaril.com.uy/diaruy/49a5/original/catalogo/FUT-DH10L_FUT-DH10L_1/1000x1000/deshumidificador-futura-fut-dh10l-10-l-deshumidificador-futura-fut-dh10l-10-l.jpg,1,,
dr-fut-dh10l,,,,,,,,,,,,,,https://f.fcdn.app/imgs/e88c0f/www.diaril.com.uy/diaruy/49a5/original/catalogo/FUT-DH10L_FUT-DH10L_1/1500-1500/deshumidificador-futura-fut-dh10l-10-l-deshumidificador-futura-fut-dh10l-10-l.jpg,2,,
dr-fut-dh10l,,,,,,,,,,,,,,https://f.fcdn.app/imgs/a96072/www.diaril.com.uy/diaruy/49a5/original/catalogo/FUT-DH10L_FUT-DH10L_1/1920-1200/deshumidificador-futura-fut-dh10l-10-l-deshumidificador-futura-fut-dh10l-10-l.jpg,3,,
dr-fut-dh10l,,,,,,,,,,,,,,https://f.fcdn.app/imgs/7e23e9/www.diaril.com.uy/diaruy/e86c/original/catalogo/FUT-DH10L_FUT-DH10L_2/1500-1500/deshumidificador-futura-fut-dh10l-10-l-deshumidificador-futura-fut-dh10l-10-l.jpg,4,,
dr-fut-dh10l,,,,,,,,,,,,,,https://f.fcdn.app/imgs/17d73c/www.diaril.com.uy/diaruy/e86c/original/catalogo/FUT-DH10L_FUT-DH10L_2/1920-1200/deshumidificador-futura-fut-dh10l-10-l-deshumidificador-futura-fut-dh10l-10-l.jpg,5,,
dr-fut-dh10l,,,,,,,,,,,,,,https://f.fcdn.app/imgs/53eae2/www.diaril.com.uy/diaruy/e86c/original/catalogo/FUT-DH10L_FUT-DH10L_2/1000x1000/deshumidificador-futura-fut-dh10l-10-l-deshumidificador-futura-fut-dh10l-10-l.jpg,6,,
dr-fut-dh10l,,,,,,,,,,,,,,https://f.fcdn.app/imgs/030ba7/www.diaril.com.uy/diaruy/49a5/original/catalogo/FUT-DH10L_FUT-DH10L_1/2000-2000/deshumidificador-futura-fut-dh10l-10-l-deshumidificador-futura-fut-dh10l-10-l.jpg,7,,
dr-fut-dh10l,,,,,,,,,,,,,,https://f.fcdn.app/imgs/bc4859/www.diaril.com.uy/diaruy/49a5/original/catalogo/FUT-DH10L_FUT-DH10L_1/100x100/deshumidificador-futura-fut-dh10l-10-l-deshumidificador-futura-fut-dh10l-10-l.jpg,8,,
dr-fut-dh20l,Deshumidificador Futura FUT-DH20L 20 L,"<ul><li>• Capacidad de deshumidificación: 20 Litros cada 24 horas</li><li>• Potencia: 420 W (Alta eficiencia)</li><li>• Ideal para habitaciones de 20 a 30 m²</li><li>• Depósito de agua de 5,5 Litros con alarma de llenado</li><li>• Función especial de Secado Rápido de ropa</li><li>• Control electrónico de humedad con Display Digital</li><li>• Temporizador programable hasta 24 horas</li><li>• 2 velocidades de ventilación (Caudal de aire: 195 m³/h)</li><li>• Gas refrigerante ecológico R290</li><li>• Funcionamiento silencioso: 48 dB(A)</li><li>• Movilidad total: Equipado con ruedas para fácil transporte</li><li>• Rango de temperatura operativa: 5°C a 32°C</li></ul>",Futura,Electro,"Climatización, Futura",TRUE,Color,Deshumidificador Futura FUT-DH20L 20 L,FUT-DH20L,7710.00,,0,deny,https://f.fcdn.app/imgs/483358/www.diaril.com.uy/diaruy/e372/original/catalogo/FUT-DH20L_FUT-DH20L_1/1000x1000/deshumidificador-futura-fut-dh20l-20-l-deshumidificador-futura-fut-dh20l-20-l.jpg,1,,
dr-fut-dh20l,,,,,,,,,,,,,,https://f.fcdn.app/imgs/ec8587/www.diaril.com.uy/diaruy/e372/original/catalogo/FUT-DH20L_FUT-DH20L_1/1500-1500/deshumidificador-futura-fut-dh20l-20-l-deshumidificador-futura-fut-dh20l-20-l.jpg,2,,
dr-fut-dh20l,,,,,,,,,,,,,,https://f.fcdn.app/imgs/16d276/www.diaril.com.uy/diaruy/e372/original/catalogo/FUT-DH20L_FUT-DH20L_1/1920-1200/deshumidificador-futura-fut-dh20l-20-l-deshumidificador-futura-fut-dh20l-20-l.jpg,3,,
dr-fut-dh20l,,,,,,,,,,,,,,https://f.fcdn.app/imgs/912b13/www.diaril.com.uy/diaruy/e372/original/catalogo/FUT-DH20L_FUT-DH20L_1/2000-2000/deshumidificador-futura-fut-dh20l-20-l-deshumidificador-futura-fut-dh20l-20-l.jpg,4,,
dr-fut-dh20l,,,,,,,,,,,,,,https://f.fcdn.app/imgs/aa5839/www.diaril.com.uy/diaruy/e372/original/catalogo/FUT-DH20L_FUT-DH20L_1/100x100/deshumidificador-futura-fut-dh20l-20-l-deshumidificador-futura-fut-dh20l-20-l.jpg,5,,
dr-fut-dh20l,,,,,,,,,,,,,,https://f.fcdn.app/imgs/b1bf90/www.diaril.com.uy/diaruy/e372/original/catalogo/FUT-DH20L_FUT-DH20L_1/1000_1000/deshumidificador-futura-fut-dh20l-20-l-deshumidificador-futura-fut-dh20l-20-l.jpg,6,,
dr-fut-lf7pd,Lavarropas Futura FUT-LF7PD Carga frontal 7 kg,"<ul><li>• Capacidad de lavado: 7 Kg</li><li>• Eficiencia energética: Clase A++ (Máximo ahorro)</li><li>• Velocidad de centrifugado ajustable: 800 / 1200 RPM</li><li>• 10 programas de lavado optimizados</li><li>• Panel de control digital Touch con Display LED</li><li>• Puerta de amplia apertura (180°) para carga fácil</li><li>• Construcción robusta: Motor de cobre, cuba y tambor de acero inoxidable</li><li>• Sistema antivibración y gabinete metálico de alta resistencia</li><li>• Seguridad: Bloqueo para niños y alarma de finalización</li><li>• Bomba de desagüe integrada</li><li>• Medidas estándar para instalación bajo mesada</li></ul>",Futura,Electro,"Lavarropas, Futura, stock-verificado",TRUE,Color,Lavarropas Futura FUT-LF7PD Carga frontal 7 kg,FUT-LF7PD,17368.00,,10,deny,https://f.fcdn.app/imgs/43714b/www.diaril.com.uy/diaruy/c15b/original/catalogo/FUT-LF7PD_FUT-LF7PD_1/1000x1000/lavarropas-futura-fut-lf7pd-carga-frontal-7-kg-lavarropas-futura-fut-lf7pd-carga-frontal-7-kg.jpg,1,,
dr-fut-lf7pd,,,,,,,,,,,,,,https://f.fcdn.app/imgs/4db5c9/www.diaril.com.uy/diaruy/c15b/original/catalogo/FUT-LF7PD_FUT-LF7PD_1/1500-1500/lavarropas-futura-fut-lf7pd-carga-frontal-7-kg-lavarropas-futura-fut-lf7pd-carga-frontal-7-kg.jpg,2,,
dr-fut-lf7pd,,,,,,,,,,,,,,https://f.fcdn.app/imgs/998bf6/www.diaril.com.uy/diaruy/c15b/original/catalogo/FUT-LF7PD_FUT-LF7PD_1/1920-1200/lavarropas-futura-fut-lf7pd-carga-frontal-7-kg-lavarropas-futura-fut-lf7pd-carga-frontal-7-kg.jpg,3,,
dr-fut-lf7pd,,,,,,,,,,,,,,https://f.fcdn.app/imgs/d20ff2/www.diaril.com.uy/diaruy/259d/original/catalogo/FUT-LF7PD_FUT-LF7PD_2/1500-1500/lavarropas-futura-fut-lf7pd-carga-frontal-7-kg-lavarropas-futura-fut-lf7pd-carga-frontal-7-kg.jpg,4,,
dr-fut-lf7pd,,,,,,,,,,,,,,https://f.fcdn.app/imgs/b01fbf/www.diaril.com.uy/diaruy/259d/original/catalogo/FUT-LF7PD_FUT-LF7PD_2/1920-1200/lavarropas-futura-fut-lf7pd-carga-frontal-7-kg-lavarropas-futura-fut-lf7pd-carga-frontal-7-kg.jpg,5,,
dr-fut-lf7pd,,,,,,,,,,,,,,https://f.fcdn.app/imgs/4c695f/www.diaril.com.uy/diaruy/259d/original/catalogo/FUT-LF7PD_FUT-LF7PD_2/1000x1000/lavarropas-futura-fut-lf7pd-carga-frontal-7-kg-lavarropas-futura-fut-lf7pd-carga-frontal-7-kg.jpg,6,,
dr-fut-lf7pd,,,,,,,,,,,,,,https://f.fcdn.app/imgs/a19046/www.diaril.com.uy/diaruy/03c0/original/catalogo/FUT-LF7PD_FUT-LF7PD_3/1500-1500/lavarropas-futura-fut-lf7pd-carga-frontal-7-kg-lavarropas-futura-fut-lf7pd-carga-frontal-7-kg.jpg,7,,
dr-fut-lf7pd,,,,,,,,,,,,,,https://f.fcdn.app/imgs/98167c/www.diaril.com.uy/diaruy/03c0/original/catalogo/FUT-LF7PD_FUT-LF7PD_3/1920-1200/lavarropas-futura-fut-lf7pd-carga-frontal-7-kg-lavarropas-futura-fut-lf7pd-carga-frontal-7-kg.jpg,8,,
dr-fut-ls10k,Lavasecarropas Futura Inverter FUT-LS10K 10/6 kg,"<ul><li>• Capacidad: Lavado 10 kg / Secado 6 kg</li><li>• Motor INVERTER: Mayor durabilidad, silencio y ahorro energético</li><li>• Velocidad de centrifugado: 1400 rpm (Ropa más seca en menos tiempo)</li><li>• 15 programas de lavado especializados</li><li>• Panel de mandos electrónico con Display Digital LED programable</li><li>• Programa de lavado ultra rápido: 18 minutos</li><li>• Inicio diferido: Programa el ciclo según tu conveniencia</li><li>• Seguridad: Bloqueo para niños y control anti-espuma</li><li>• Sistema anti-vibraciones para un funcionamiento estable</li><li>• Tambor de Acero Inoxidable de alta resistencia</li><li>• Bomba de desagüe automática integrada</li><li>• Medidas: Ancho 595 mm | Profundidad 665 mm | Altura 845 mm</li></ul>",Futura,Electro,"Lavarropas, Futura",TRUE,Color,Lavasecarropas Futura Inverter FUT-LS10K 10/6 kg,FUT-LS10K,30922.00,,0,deny,https://f.fcdn.app/imgs/ddddbe/www.diaril.com.uy/diaruy/307c/original/catalogo/FUT-LS10K_FUT-LS10K_1/1000x1000/lavasecarropas-futura-inverter-fut-ls10k-10-6-kg-lavasecarropas-futura-inverter-fut-ls10k-10-6-kg.jpg,1,,
dr-fut-ls10k,,,,,,,,,,,,,,https://f.fcdn.app/imgs/a7b844/www.diaril.com.uy/diaruy/307c/original/catalogo/FUT-LS10K_FUT-LS10K_1/1500-1500/lavasecarropas-futura-inverter-fut-ls10k-10-6-kg-lavasecarropas-futura-inverter-fut-ls10k-10-6-kg.jpg,2,,
dr-fut-ls10k,,,,,,,,,,,,,,https://f.fcdn.app/imgs/b26d99/www.diaril.com.uy/diaruy/307c/original/catalogo/FUT-LS10K_FUT-LS10K_1/1920-1200/lavasecarropas-futura-inverter-fut-ls10k-10-6-kg-lavasecarropas-futura-inverter-fut-ls10k-10-6-kg.jpg,3,,
dr-fut-ls10k,,,,,,,,,,,,,,https://f.fcdn.app/imgs/5c7839/www.diaril.com.uy/diaruy/9692/original/catalogo/FUT-LS10K_FUT-LS10K_2/1500-1500/lavasecarropas-futura-inverter-fut-ls10k-10-6-kg-lavasecarropas-futura-inverter-fut-ls10k-10-6-kg.jpg,4,,
dr-fut-ls10k,,,,,,,,,,,,,,https://f.fcdn.app/imgs/96177a/www.diaril.com.uy/diaruy/9692/original/catalogo/FUT-LS10K_FUT-LS10K_2/1920-1200/lavasecarropas-futura-inverter-fut-ls10k-10-6-kg-lavasecarropas-futura-inverter-fut-ls10k-10-6-kg.jpg,5,,
dr-fut-ls10k,,,,,,,,,,,,,,https://f.fcdn.app/imgs/b06358/www.diaril.com.uy/diaruy/9692/original/catalogo/FUT-LS10K_FUT-LS10K_2/1000x1000/lavasecarropas-futura-inverter-fut-ls10k-10-6-kg-lavasecarropas-futura-inverter-fut-ls10k-10-6-kg.jpg,6,,
dr-fut-ls10k,,,,,,,,,,,,,,https://f.fcdn.app/imgs/df9c0c/www.diaril.com.uy/diaruy/3bbe/original/catalogo/FUT-LS10K_FUT-LS10K_3/1500-1500/lavasecarropas-futura-inverter-fut-ls10k-10-6-kg-lavasecarropas-futura-inverter-fut-ls10k-10-6-kg.jpg,7,,
dr-fut-ls10k,,,,,,,,,,,,,,https://f.fcdn.app/imgs/128285/www.diaril.com.uy/diaruy/3bbe/original/catalogo/FUT-LS10K_FUT-LS10K_3/1920-1200/lavasecarropas-futura-inverter-fut-ls10k-10-6-kg-lavasecarropas-futura-inverter-fut-ls10k-10-6-kg.jpg,8,,
dr-fut-mh20b,Horno Electrico Futura FUT-MH20B,"<ul><li>• Capacidad compacta: 20 Litros</li><li>• Potencia de cocción: 1280 W</li><li>• Diseño con asa de puerta en Acero Inoxidable</li><li>• Resistencias rectas de acero inoxidable de alta eficiencia</li><li>• Control de temperatura ajustable (100 °C a 250 °C)</li><li>• Temporizador de 60 minutos con apagado automático y alarma sonora</li><li>• Selector de funciones para diferentes modos de horneado</li><li>• Puerta de vidrio templado resistente a altas temperaturas</li><li>• Accesorios incluidos: 1 Bandeja, 1 Parrilla y asa de extracción de seguridad</li><li>• Dimensiones: 425 mm (Ancho) x 306 mm (Profundidad) x 269 mm (Alto)</li></ul>",Futura,Electro,"Cocinas, Futura, stock-verificado",TRUE,Color,Horno Electrico Futura FUT-MH20B,FUT-MH20B,2446.00,,10,deny,https://f.fcdn.app/imgs/58a713/www.diaril.com.uy/diaruy/a774/original/catalogo/FUT-MH20B_FUT-MH20B_1/1000x1000/horno-electrico-futura-fut-mh20b-horno-electrico-futura-fut-mh20b.jpg,1,,
dr-fut-mh20b,,,,,,,,,,,,,,https://f.fcdn.app/imgs/9623d9/www.diaril.com.uy/diaruy/a774/original/catalogo/FUT-MH20B_FUT-MH20B_1/1500-1500/horno-electrico-futura-fut-mh20b-horno-electrico-futura-fut-mh20b.jpg,2,,
dr-fut-mh20b,,,,,,,,,,,,,,https://f.fcdn.app/imgs/59cd0b/www.diaril.com.uy/diaruy/a774/original/catalogo/FUT-MH20B_FUT-MH20B_1/1920-1200/horno-electrico-futura-fut-mh20b-horno-electrico-futura-fut-mh20b.jpg,3,,
dr-fut-mh20b,,,,,,,,,,,,,,https://f.fcdn.app/imgs/bddab3/www.diaril.com.uy/diaruy/a774/original/catalogo/FUT-MH20B_FUT-MH20B_1/2000-2000/horno-electrico-futura-fut-mh20b-horno-electrico-futura-fut-mh20b.jpg,4,,
dr-fut-mh20b,,,,,,,,,,,,,,https://f.fcdn.app/imgs/37ded8/www.diaril.com.uy/diaruy/a774/original/catalogo/FUT-MH20B_FUT-MH20B_1/100x100/horno-electrico-futura-fut-mh20b-horno-electrico-futura-fut-mh20b.jpg,5,,
dr-fut-mh20b,,,,,,,,,,,,,,https://f.fcdn.app/imgs/6c9df8/www.diaril.com.uy/diaruy/a774/original/catalogo/FUT-MH20B_FUT-MH20B_1/1000_1000/horno-electrico-futura-fut-mh20b-horno-electrico-futura-fut-mh20b.jpg,6,,
dr-fut-mh38x,Horno Electrico Futura FUT-MH38X,"<ul><li>• Capacidad: 38 Litros</li><li>• Potencia: 1600 W</li><li>• Diseño elegante con frente y asa en Acero Inoxidable</li><li>• Resistencias rectas de acero inoxidable de alta durabilidad</li><li>• Control de temperatura ajustable (100°C a 250°C)</li><li>• Temporizador de 60 minutos con apagado automático y alarma sonora</li><li>• Selector de funciones para diferentes tipos de cocción</li><li>• Puerta de vidrio templado resistente a altas temperaturas</li><li>• Accesorios incluidos: 1 Bandeja, 1 Parrilla y asa de extracción</li><li>• Dimensiones: 505 mm (Ancho) x 363 mm (Profundidad) x 313 mm (Alto)</li></ul>",Futura,Electro,"Cocinas, Futura, stock-verificado",TRUE,Color,Horno Electrico Futura FUT-MH38X,FUT-MH38X,3689.00,,10,deny,https://f.fcdn.app/imgs/f72306/www.diaril.com.uy/diaruy/8629/original/catalogo/FUT-MH38X_FUT-MH38X_1/1000x1000/horno-electrico-futura-fut-mh38x-horno-electrico-futura-fut-mh38x.jpg,1,,
dr-fut-mh38x,,,,,,,,,,,,,,https://f.fcdn.app/imgs/ae4c55/www.diaril.com.uy/diaruy/8629/original/catalogo/FUT-MH38X_FUT-MH38X_1/1500-1500/horno-electrico-futura-fut-mh38x-horno-electrico-futura-fut-mh38x.jpg,2,,
dr-fut-mh38x,,,,,,,,,,,,,,https://f.fcdn.app/imgs/b7c0e7/www.diaril.com.uy/diaruy/8629/original/catalogo/FUT-MH38X_FUT-MH38X_1/1920-1200/horno-electrico-futura-fut-mh38x-horno-electrico-futura-fut-mh38x.jpg,3,,
dr-fut-mh38x,,,,,,,,,,,,,,https://f.fcdn.app/imgs/f59421/www.diaril.com.uy/diaruy/8629/original/catalogo/FUT-MH38X_FUT-MH38X_1/2000-2000/horno-electrico-futura-fut-mh38x-horno-electrico-futura-fut-mh38x.jpg,4,,
dr-fut-mh38x,,,,,,,,,,,,,,https://f.fcdn.app/imgs/653a0e/www.diaril.com.uy/diaruy/8629/original/catalogo/FUT-MH38X_FUT-MH38X_1/100x100/horno-electrico-futura-fut-mh38x-horno-electrico-futura-fut-mh38x.jpg,5,,
dr-fut-mh38x,,,,,,,,,,,,,,https://f.fcdn.app/imgs/ef2464/www.diaril.com.uy/diaruy/8629/original/catalogo/FUT-MH38X_FUT-MH38X_1/1000_1000/horno-electrico-futura-fut-mh38x-horno-electrico-futura-fut-mh38x.jpg,6,,
dr-fut-pi400,Anafe de Inducción Futura FUT-PI400,<ul><li>• Potencia total: 6800 W</li><li>• 4 zonas de cocción independientes:</li><li>2 zonas de alto rendimiento de 1800 W</li><li>2 zonas de 1600 W</li><li>• Superficie de cristal pulido de alta resistencia en color negro</li><li>• 9 niveles de temperatura por zona para un control preciso</li><li>• Temporizador (Timer) programable hasta 99 minutos</li><li>• Sistema de seguridad con apagado automático</li><li>• Protección avanzada contra sobrecalentamiento</li><li>• Bloqueo de seguridad para niños (Child Lock)</li><li>• Indicador de calor residual para prevención de quemaduras</li><li>• Medidas: Ancho 590 mm | Profundidad 520 mm | Altura 58 mm</li></ul>,Futura,Electro,"Cocinas, Futura, stock-verificado",TRUE,Color,Anafe de Inducción Futura FUT-PI400,FUT-PI400,12642.00,,10,deny,https://f.fcdn.app/imgs/4d15f9/www.diaril.com.uy/diaruy/85a8/original/catalogo/FUT-PI400_FUT-PI400_1/1000x1000/anafe-de-induccion-futura-fut-pi400-anafe-de-induccion-futura-fut-pi400.jpg,1,,
dr-fut-pi400,,,,,,,,,,,,,,https://f.fcdn.app/imgs/8dea48/www.diaril.com.uy/diaruy/85a8/original/catalogo/FUT-PI400_FUT-PI400_1/1500-1500/anafe-de-induccion-futura-fut-pi400-anafe-de-induccion-futura-fut-pi400.jpg,2,,
dr-fut-pi400,,,,,,,,,,,,,,https://f.fcdn.app/imgs/43ff5d/www.diaril.com.uy/diaruy/85a8/original/catalogo/FUT-PI400_FUT-PI400_1/1920-1200/anafe-de-induccion-futura-fut-pi400-anafe-de-induccion-futura-fut-pi400.jpg,3,,
dr-fut-pi400,,,,,,,,,,,,,,https://f.fcdn.app/imgs/881957/www.diaril.com.uy/diaruy/85a8/original/catalogo/FUT-PI400_FUT-PI400_1/2000-2000/anafe-de-induccion-futura-fut-pi400-anafe-de-induccion-futura-fut-pi400.jpg,4,,
dr-fut-pi400,,,,,,,,,,,,,,https://f.fcdn.app/imgs/83b0fc/www.diaril.com.uy/diaruy/85a8/original/catalogo/FUT-PI400_FUT-PI400_1/100x100/anafe-de-induccion-futura-fut-pi400-anafe-de-induccion-futura-fut-pi400.jpg,5,,
dr-fut-pi400,,,,,,,,,,,,,,https://f.fcdn.app/imgs/29f542/www.diaril.com.uy/diaruy/85a8/original/catalogo/FUT-PI400_FUT-PI400_1/1000_1000/anafe-de-induccion-futura-fut-pi400-anafe-de-induccion-futura-fut-pi400.jpg,6,,
dr-fut-pvp1z,Placa vitrocerámica Futura Plus FUT-PVP1Z portátil,<ul><li>• Potencia máxima: 2000 W</li><li>• 1 zona de cocción simple de alta eficiencia</li><li>• Diseño portátil y ultra delgado</li><li>• Superficie de cristal pulido de alta resistencia en color negro</li><li>• 9 niveles de potencia/temperatura ajustables</li><li>• Temporizador (Timer) programable hasta 4 horas</li><li>• Apagado automático de seguridad e indicador de calor residual</li><li>• Protección integral contra sobrecalentamiento</li><li>• Sistema de bloqueo para niños (Child Lock)</li><li>• Medidas: Ancho 280 mm | Profundidad 360 mm | Altura 50 mm</li></ul>,Futura,Electro,"Cocinas, Futura",TRUE,Color,Placa vitrocerámica Futura Plus FUT-PVP1Z portátil,FUT-PVP1Z,2446.00,,0,deny,https://f.fcdn.app/imgs/90effb/www.diaril.com.uy/diaruy/396d/original/catalogo/FUT-PVP1Z_FUT-PVP1Z_1/1000x1000/placa-vitroceramica-futura-plus-fut-pvp1z-portatil-placa-vitroceramica-futura-plus-fut-pvp1z-portatil.jpg,1,,
dr-fut-pvp1z,,,,,,,,,,,,,,https://f.fcdn.app/imgs/12d9e8/www.diaril.com.uy/diaruy/396d/original/catalogo/FUT-PVP1Z_FUT-PVP1Z_1/1500-1500/placa-vitroceramica-futura-plus-fut-pvp1z-portatil-placa-vitroceramica-futura-plus-fut-pvp1z-portatil.jpg,2,,
dr-fut-pvp1z,,,,,,,,,,,,,,https://f.fcdn.app/imgs/c3b755/www.diaril.com.uy/diaruy/396d/original/catalogo/FUT-PVP1Z_FUT-PVP1Z_1/1920-1200/placa-vitroceramica-futura-plus-fut-pvp1z-portatil-placa-vitroceramica-futura-plus-fut-pvp1z-portatil.jpg,3,,
dr-fut-pvp1z,,,,,,,,,,,,,,https://f.fcdn.app/imgs/617adc/www.diaril.com.uy/diaruy/3c88/original/catalogo/FUT-PVP1Z_FUT-PVP1Z_2/1500-1500/placa-vitroceramica-futura-plus-fut-pvp1z-portatil-placa-vitroceramica-futura-plus-fut-pvp1z-portatil.jpg,4,,
dr-fut-pvp1z,,,,,,,,,,,,,,https://f.fcdn.app/imgs/bc2b1f/www.diaril.com.uy/diaruy/3c88/original/catalogo/FUT-PVP1Z_FUT-PVP1Z_2/1920-1200/placa-vitroceramica-futura-plus-fut-pvp1z-portatil-placa-vitroceramica-futura-plus-fut-pvp1z-portatil.jpg,5,,
dr-fut-pvp1z,,,,,,,,,,,,,,https://f.fcdn.app/imgs/745b5e/www.diaril.com.uy/diaruy/3c88/original/catalogo/FUT-PVP1Z_FUT-PVP1Z_2/1000x1000/placa-vitroceramica-futura-plus-fut-pvp1z-portatil-placa-vitroceramica-futura-plus-fut-pvp1z-portatil.jpg,6,,
dr-fut-pvp1z,,,,,,,,,,,,,,https://f.fcdn.app/imgs/57b0de/www.diaril.com.uy/diaruy/396d/original/catalogo/FUT-PVP1Z_FUT-PVP1Z_1/2000-2000/placa-vitroceramica-futura-plus-fut-pvp1z-portatil-placa-vitroceramica-futura-plus-fut-pvp1z-portatil.jpg,7,,
dr-fut-pvp1z,,,,,,,,,,,,,,https://f.fcdn.app/imgs/4d04f1/www.diaril.com.uy/diaruy/396d/original/catalogo/FUT-PVP1Z_FUT-PVP1Z_1/100x100/placa-vitroceramica-futura-plus-fut-pvp1z-portatil-placa-vitroceramica-futura-plus-fut-pvp1z-portatil.jpg,8,,
dr-fut-ti001,Termómetro infrarrojo Futura FUT-TI001,<ul><li>• Tecnología de medición infrarroja rápida y precisa sin contacto</li><li>• Distancia de medición óptima: 1 a 3 cm (previene infecciones cruzadas)</li><li>• Pantalla LCD de gran tamaño con retroiluminación de alto brillo</li><li>• Memoria integrada con capacidad para 32 registros</li><li>• Alerta sonora de advertencia por alta temperatura (fiebre)</li><li>• Unidades de medida seleccionables: Celsius (°C) y Fahrenheit (°F)</li><li>• Sistema de ahorro de energía con apagado automático en menos de 30 segundos</li><li>• Alta adaptabilidad a diferentes temperaturas ambientales</li><li>• Indicador de batería baja y funcionamiento mediante pilas</li><li>• Uso intuitivo: apuntar y presionar el gatillo para resultados inmediatos</li></ul>,Futura,Electro,"Otros, Futura, stock-verificado",TRUE,Color,Termómetro infrarrojo Futura FUT-TI001,FUT-TI001,2072.00,,10,deny,https://f.fcdn.app/imgs/d1ebe5/www.diaril.com.uy/diaruy/ffc9/original/catalogo/FUT-TI001_FUT-TI001_1/1000x1000/termometro-infrarrojo-futura-fut-ti001-termometro-infrarrojo-futura-fut-ti001.jpg,1,,
dr-fut-ti001,,,,,,,,,,,,,,https://f.fcdn.app/imgs/3e54c9/www.diaril.com.uy/diaruy/ffc9/original/catalogo/FUT-TI001_FUT-TI001_1/1500-1500/termometro-infrarrojo-futura-fut-ti001-termometro-infrarrojo-futura-fut-ti001.jpg,2,,
dr-fut-ti001,,,,,,,,,,,,,,https://f.fcdn.app/imgs/31e239/www.diaril.com.uy/diaruy/ffc9/original/catalogo/FUT-TI001_FUT-TI001_1/1920-1200/termometro-infrarrojo-futura-fut-ti001-termometro-infrarrojo-futura-fut-ti001.jpg,3,,
dr-fut-ti001,,,,,,,,,,,,,,https://f.fcdn.app/imgs/e00de8/www.diaril.com.uy/diaruy/a9ce/original/catalogo/FUT-TI001_FUT-TI001_2/1500-1500/termometro-infrarrojo-futura-fut-ti001-termometro-infrarrojo-futura-fut-ti001.jpg,4,,
dr-fut-ti001,,,,,,,,,,,,,,https://f.fcdn.app/imgs/12faa1/www.diaril.com.uy/diaruy/a9ce/original/catalogo/FUT-TI001_FUT-TI001_2/1920-1200/termometro-infrarrojo-futura-fut-ti001-termometro-infrarrojo-futura-fut-ti001.jpg,5,,
dr-fut-ti001,,,,,,,,,,,,,,https://f.fcdn.app/imgs/1b7e83/www.diaril.com.uy/diaruy/a9ce/original/catalogo/FUT-TI001_FUT-TI001_2/1000x1000/termometro-infrarrojo-futura-fut-ti001-termometro-infrarrojo-futura-fut-ti001.jpg,6,,
dr-fut-ti001,,,,,,,,,,,,,,https://f.fcdn.app/imgs/95d35a/www.diaril.com.uy/diaruy/a66b/original/catalogo/FUT-TI001_FUT-TI001_3/1500-1500/termometro-infrarrojo-futura-fut-ti001-termometro-infrarrojo-futura-fut-ti001.jpg,7,,
dr-fut-ti001,,,,,,,,,,,,,,https://f.fcdn.app/imgs/f88b13/www.diaril.com.uy/diaruy/a66b/original/catalogo/FUT-TI001_FUT-TI001_3/1920-1200/termometro-infrarrojo-futura-fut-ti001-termometro-infrarrojo-futura-fut-ti001.jpg,8,,
dr-gin81ace0,Freezer Bosch Panelable Inverter GIN81ACE0 212 L,"<ul><li>• Eficiencia Energética Clase A: Rendimiento optimizado con el mínimo consumo eléctrico</li><li>• Tecnología No Frost: Olvídate de descongelar manualmente gracias al sistema automático</li><li>• Tecnología Inverter: Control de temperatura constante y preciso para mayor frescura</li><li>• Capacidad XL con Cajones BigBox: Espacio ideal para alimentos de gran volumen</li><li>• Congelación «Súper»: Función de enfriamiento ultra rápido con desconexión automática</li><li>• Funcionamiento Extra Silencioso: Solo 35 dB, ideal para cocinas integradas</li><li>• Control Electrónico y Digital: Ajuste de temperatura preciso mediante display digital</li><li>• Seguridad Integrada: Alarma acústica de puerta abierta para evitar pérdida de frío</li><li>• Diseño de Encastre Total: Integración perfecta y estética en tu mobiliario de cocina</li></ul>",Bosch,Electro,"Heladeras, Bosch, stock-verificado",TRUE,Color,Freezer Bosch Panelable Inverter GIN81ACE0 212 L,GIN81ACE0,103584.00,,10,deny,https://f.fcdn.app/imgs/6039b4/www.diaril.com.uy/diaruy/2a40/original/catalogo/GIN81ACE0_GIN81ACE0_1/1000x1000/freezer-bosch-panelable-inverter-gin81ace0-212-l-freezer-bosch-panelable-inverter-gin81ace0-212-l.jpg,1,,
dr-gin81ace0,,,,,,,,,,,,,,https://f.fcdn.app/imgs/af847c/www.diaril.com.uy/diaruy/2a40/original/catalogo/GIN81ACE0_GIN81ACE0_1/1500-1500/freezer-bosch-panelable-inverter-gin81ace0-212-l-freezer-bosch-panelable-inverter-gin81ace0-212-l.jpg,2,,
dr-gin81ace0,,,,,,,,,,,,,,https://f.fcdn.app/imgs/b22c59/www.diaril.com.uy/diaruy/2a40/original/catalogo/GIN81ACE0_GIN81ACE0_1/1920-1200/freezer-bosch-panelable-inverter-gin81ace0-212-l-freezer-bosch-panelable-inverter-gin81ace0-212-l.jpg,3,,
dr-gin81ace0,,,,,,,,,,,,,,https://f.fcdn.app/imgs/62d220/www.diaril.com.uy/diaruy/f8fc/original/catalogo/GIN81ACE0_GIN81ACE0_2/1500-1500/freezer-bosch-panelable-inverter-gin81ace0-212-l-freezer-bosch-panelable-inverter-gin81ace0-212-l.jpg,4,,
dr-gin81ace0,,,,,,,,,,,,,,https://f.fcdn.app/imgs/29dd4e/www.diaril.com.uy/diaruy/f8fc/original/catalogo/GIN81ACE0_GIN81ACE0_2/1920-1200/freezer-bosch-panelable-inverter-gin81ace0-212-l-freezer-bosch-panelable-inverter-gin81ace0-212-l.jpg,5,,
dr-gin81ace0,,,,,,,,,,,,,,https://f.fcdn.app/imgs/d8118c/www.diaril.com.uy/diaruy/f8fc/original/catalogo/GIN81ACE0_GIN81ACE0_2/1000x1000/freezer-bosch-panelable-inverter-gin81ace0-212-l-freezer-bosch-panelable-inverter-gin81ace0-212-l.jpg,6,,
dr-gin81ace0,,,,,,,,,,,,,,https://f.fcdn.app/imgs/e05577/www.diaril.com.uy/diaruy/7e83/original/catalogo/GIN81ACE0_GIN81ACE0_3/1500-1500/freezer-bosch-panelable-inverter-gin81ace0-212-l-freezer-bosch-panelable-inverter-gin81ace0-212-l.jpg,7,,
dr-gin81ace0,,,,,,,,,,,,,,https://f.fcdn.app/imgs/671a3a/www.diaril.com.uy/diaruy/7e83/original/catalogo/GIN81ACE0_GIN81ACE0_3/1920-1200/freezer-bosch-panelable-inverter-gin81ace0-212-l-freezer-bosch-panelable-inverter-gin81ace0-212-l.jpg,8,,
dr-hba514es3,Horno de empotrar Bosch HBA514ES3 Multifunción,"<ul><li>• Multifunción 7: Incluye Sistema 3D Profesional, Función Pizza y Grill de amplia superficie</li><li>• Sistema de Calentamiento 3D Profesional: Resultados uniformes cocinando en 3 niveles a la vez</li><li>• Guía Telescópica en 1 Nivel: Extracción de bandejas suave, segura y sin riesgo de vuelcos</li><li>• Capacidad XL de 71 Litros: Cavidad espaciosa ideal para piezas grandes y repostería</li><li>• Display LED y Mandos Ocultables: Frontal elegante y mucho más fácil de limpiar</li><li>• Asistente de Limpieza por Agua: Ablanda la suciedad mediante vapor para un mantenimiento rápido</li><li>• Función Sprint: Precalentamiento ultra rápido para reducir los tiempos de espera</li><li>• Seguridad Total: Bloqueo para niños y temporizador electrónico con parada automática</li><li>• Interior Easy-to-Clean: Superficie lisa sin recovecos para evitar la acumulación de grasa</li><li>• Accesorios Incluidos: Parrilla profesional y bandeja universal de alta resistencia</li></ul>",Bosch,Electro,"Cocinas, Bosch, stock-verificado",TRUE,Color,Horno de empotrar Bosch HBA514ES3 Multifunción,HBA514ES3,42652.00,,10,deny,https://f.fcdn.app/imgs/cd8c25/www.diaril.com.uy/diaruy/3e9e/original/catalogo/HBA514ES3_HBA514ES3_1/1000x1000/horno-de-empotrar-bosch-hba514es3-multifuncion-horno-de-empotrar-bosch-hba514es3-multifuncion.jpg,1,,
dr-hba514es3,,,,,,,,,,,,,,https://f.fcdn.app/imgs/7160ab/www.diaril.com.uy/diaruy/3e9e/original/catalogo/HBA514ES3_HBA514ES3_1/1500-1500/horno-de-empotrar-bosch-hba514es3-multifuncion-horno-de-empotrar-bosch-hba514es3-multifuncion.jpg,2,,
dr-hba514es3,,,,,,,,,,,,,,https://f.fcdn.app/imgs/08c04c/www.diaril.com.uy/diaruy/3e9e/original/catalogo/HBA514ES3_HBA514ES3_1/1920-1200/horno-de-empotrar-bosch-hba514es3-multifuncion-horno-de-empotrar-bosch-hba514es3-multifuncion.jpg,3,,
dr-hba514es3,,,,,,,,,,,,,,https://f.fcdn.app/imgs/41cc9e/www.diaril.com.uy/diaruy/e91b/original/catalogo/HBA514ES3_HBA514ES3_2/1500-1500/horno-de-empotrar-bosch-hba514es3-multifuncion-horno-de-empotrar-bosch-hba514es3-multifuncion.jpg,4,,
dr-hba514es3,,,,,,,,,,,,,,https://f.fcdn.app/imgs/0acdff/www.diaril.com.uy/diaruy/e91b/original/catalogo/HBA514ES3_HBA514ES3_2/1920-1200/horno-de-empotrar-bosch-hba514es3-multifuncion-horno-de-empotrar-bosch-hba514es3-multifuncion.jpg,5,,
dr-hba514es3,,,,,,,,,,,,,,https://f.fcdn.app/imgs/15b2e0/www.diaril.com.uy/diaruy/e91b/original/catalogo/HBA514ES3_HBA514ES3_2/1000x1000/horno-de-empotrar-bosch-hba514es3-multifuncion-horno-de-empotrar-bosch-hba514es3-multifuncion.jpg,6,,
dr-hba514es3,,,,,,,,,,,,,,https://f.fcdn.app/imgs/de66aa/www.diaril.com.uy/diaruy/179b/original/catalogo/HBA514ES3_HBA514ES3_3/1500-1500/horno-de-empotrar-bosch-hba514es3-multifuncion-horno-de-empotrar-bosch-hba514es3-multifuncion.jpg,7,,
dr-hba514es3,,,,,,,,,,,,,,https://f.fcdn.app/imgs/3255d6/www.diaril.com.uy/diaruy/179b/original/catalogo/HBA514ES3_HBA514ES3_3/1920-1200/horno-de-empotrar-bosch-hba514es3-multifuncion-horno-de-empotrar-bosch-hba514es3-multifuncion.jpg,8,,
dr-hba574es3,Horno de empotrar Bosch HBA574ES3 Pirolítico,"<ul><li>• Autolimpieza Pirolítica: Tres niveles de intensidad para una limpieza total sin esfuerzo</li><li>• 10 Recetas Gourmet: Programas automáticos que ajustan tiempos y temperatura según el peso</li><li>• Sistema 3D Profesional: Cocción homogénea en hasta 3 niveles simultáneamente</li><li>• Guía Telescópica con Función Stop: Extracción segura y estable en un nivel</li><li>• 7 Funciones de Cocción: Incluye Función Pizza, Grill de amplia superficie y Modo Eco</li><li>• Mandos Ocultables y Display LED: Diseño elegante y fácil limpieza del panel frontal</li><li>• Capacidad XL de 71 Litros: Cavidad amplia para grandes preparaciones familiares</li><li>• Función Sprint: Precalentamiento ultra rápido para ahorrar tiempo en cada uso</li><li>• Eficiencia Energética Clase A: Alto rendimiento con consumo eléctrico optimizado</li><li>• Seguridad Avanzada: Bloqueo para niños y programación electrónica de fin de cocción</li></ul>",Bosch,Electro,"Cocinas, Bosch, stock-verificado",TRUE,Color,Horno de empotrar Bosch HBA574ES3 Pirolítico,HBA574ES3,57989.00,,10,deny,https://f.fcdn.app/imgs/5003f7/www.diaril.com.uy/diaruy/002a/original/catalogo/HBA574ES3_HBA574ES3_1/1000x1000/horno-de-empotrar-bosch-hba574es3-pirolitico-horno-de-empotrar-bosch-hba574es3-pirolitico.jpg,1,,
dr-hba574es3,,,,,,,,,,,,,,https://f.fcdn.app/imgs/0b1375/www.diaril.com.uy/diaruy/002a/original/catalogo/HBA574ES3_HBA574ES3_1/1500-1500/horno-de-empotrar-bosch-hba574es3-pirolitico-horno-de-empotrar-bosch-hba574es3-pirolitico.jpg,2,,
dr-hba574es3,,,,,,,,,,,,,,https://f.fcdn.app/imgs/78de50/www.diaril.com.uy/diaruy/002a/original/catalogo/HBA574ES3_HBA574ES3_1/1920-1200/horno-de-empotrar-bosch-hba574es3-pirolitico-horno-de-empotrar-bosch-hba574es3-pirolitico.jpg,3,,
dr-hba574es3,,,,,,,,,,,,,,https://f.fcdn.app/imgs/f1267d/www.diaril.com.uy/diaruy/53a6/original/catalogo/HBA574ES3_HBA574ES3_2/1500-1500/horno-de-empotrar-bosch-hba574es3-pirolitico-horno-de-empotrar-bosch-hba574es3-pirolitico.jpg,4,,
dr-hba574es3,,,,,,,,,,,,,,https://f.fcdn.app/imgs/be06f6/www.diaril.com.uy/diaruy/53a6/original/catalogo/HBA574ES3_HBA574ES3_2/1920-1200/horno-de-empotrar-bosch-hba574es3-pirolitico-horno-de-empotrar-bosch-hba574es3-pirolitico.jpg,5,,
dr-hba574es3,,,,,,,,,,,,,,https://f.fcdn.app/imgs/cd5254/www.diaril.com.uy/diaruy/53a6/original/catalogo/HBA574ES3_HBA574ES3_2/1000x1000/horno-de-empotrar-bosch-hba574es3-pirolitico-horno-de-empotrar-bosch-hba574es3-pirolitico.jpg,6,,
dr-hba574es3,,,,,,,,,,,,,,https://f.fcdn.app/imgs/04a9c6/www.diaril.com.uy/diaruy/9dbd/original/catalogo/HBA574ES3_HBA574ES3_3/1500-1500/horno-de-empotrar-bosch-hba574es3-pirolitico-horno-de-empotrar-bosch-hba574es3-pirolitico.jpg,7,,
dr-hba574es3,,,,,,,,,,,,,,https://f.fcdn.app/imgs/1050d6/www.diaril.com.uy/diaruy/9dbd/original/catalogo/HBA574ES3_HBA574ES3_3/1920-1200/horno-de-empotrar-bosch-hba574es3-pirolitico-horno-de-empotrar-bosch-hba574es3-pirolitico.jpg,8,,
dr-hbf011ba2,Horno de empotrar Bosch HBF011BA2 Multifunción Negro,<ul><li>• Diseño Premium en Cristal Negro: Estética moderna y minimalista para tu cocina</li><li>• Sistema de Calentamiento 3D Profesional: Resultados uniformes cocinando en hasta 3 niveles</li><li>• 5 Funciones de Cocción: Incluye Grill de amplia superficie y Grill con aire caliente</li><li>• Capacidad de 66 Litros: Cavidad espaciosa con iluminación halógena integrada</li><li>• Función Sprint: Precalentamiento ultra rápido para reducir los tiempos de espera</li><li>• Eficiencia Energética Clase A: Alto rendimiento con un consumo eléctrico responsable</li><li>• Easy-to-Clean: Interior de superficie lisa sin recovecos para una limpieza sin esfuerzo</li><li>• Apertura Abatible: Puerta robusta de apertura frontal para un acceso cómodo</li><li>• Accesorios Profesionales: Incluye bandeja profunda y parrilla de alta resistencia</li></ul>,Bosch,Electro,"Cocinas, Bosch",TRUE,Color,Horno de empotrar Bosch HBF011BA2 Multifunción Negro,HBF011BA2,37264.00,,0,deny,https://f.fcdn.app/imgs/1c3f33/www.diaril.com.uy/diaruy/1ba3/original/catalogo/HBF011BA2_HBF011BA2_1/1000x1000/horno-de-empotrar-bosch-hbf011ba2-multifuncion-negro-horno-de-empotrar-bosch-hbf011ba2-multifuncion-negro.jpg,1,,
dr-hbf011ba2,,,,,,,,,,,,,,https://f.fcdn.app/imgs/3ef77c/www.diaril.com.uy/diaruy/1ba3/original/catalogo/HBF011BA2_HBF011BA2_1/1500-1500/horno-de-empotrar-bosch-hbf011ba2-multifuncion-negro-horno-de-empotrar-bosch-hbf011ba2-multifuncion-negro.jpg,2,,
dr-hbf011ba2,,,,,,,,,,,,,,https://f.fcdn.app/imgs/f6a12b/www.diaril.com.uy/diaruy/1ba3/original/catalogo/HBF011BA2_HBF011BA2_1/1920-1200/horno-de-empotrar-bosch-hbf011ba2-multifuncion-negro-horno-de-empotrar-bosch-hbf011ba2-multifuncion-negro.jpg,3,,
dr-hbf011ba2,,,,,,,,,,,,,,https://f.fcdn.app/imgs/fc7714/www.diaril.com.uy/diaruy/ef9a/original/catalogo/HBF011BA2_HBF011BA2_2/1500-1500/horno-de-empotrar-bosch-hbf011ba2-multifuncion-negro-horno-de-empotrar-bosch-hbf011ba2-multifuncion-negro.jpg,4,,
dr-hbf011ba2,,,,,,,,,,,,,,https://f.fcdn.app/imgs/989a74/www.diaril.com.uy/diaruy/ef9a/original/catalogo/HBF011BA2_HBF011BA2_2/1920-1200/horno-de-empotrar-bosch-hbf011ba2-multifuncion-negro-horno-de-empotrar-bosch-hbf011ba2-multifuncion-negro.jpg,5,,
dr-hbf011ba2,,,,,,,,,,,,,,https://f.fcdn.app/imgs/e27c62/www.diaril.com.uy/diaruy/ef9a/original/catalogo/HBF011BA2_HBF011BA2_2/1000x1000/horno-de-empotrar-bosch-hbf011ba2-multifuncion-negro-horno-de-empotrar-bosch-hbf011ba2-multifuncion-negro.jpg,6,,
dr-hbf011ba2,,,,,,,,,,,,,,https://f.fcdn.app/imgs/49a19f/www.diaril.com.uy/diaruy/16dd/original/catalogo/HBF011BA2_HBF011BA2_3/1500-1500/horno-de-empotrar-bosch-hbf011ba2-multifuncion-negro-horno-de-empotrar-bosch-hbf011ba2-multifuncion-negro.jpg,7,,
dr-hbf011ba2,,,,,,,,,,,,,,https://f.fcdn.app/imgs/f128dc/www.diaril.com.uy/diaruy/16dd/original/catalogo/HBF011BA2_HBF011BA2_3/1920-1200/horno-de-empotrar-bosch-hbf011ba2-multifuncion-negro-horno-de-empotrar-bosch-hbf011ba2-multifuncion-negro.jpg,8,,
dr-hbg536es3,Horno de empotrar Bosch HBG536ES3 Autolimpiante,Horno de empotrar Bosch HBG536ES3 Autolimpiante,Bosch,Electro,"Cocinas, Bosch, stock-verificado",TRUE,Color,Horno de empotrar Bosch HBG536ES3 Autolimpiante,HBG536ES3,50942.00,,10,deny,https://f.fcdn.app/imgs/d24ae4/www.diaril.com.uy/diaruy/3044/original/catalogo/HBG536ES3_HBG536ES3_1/1000x1000/horno-de-empotrar-bosch-hbg536es3-autolimpiante-horno-de-empotrar-bosch-hbg536es3-autolimpiante.jpg,1,,
dr-hbg536es3,,,,,,,,,,,,,,https://f.fcdn.app/imgs/16bd67/www.diaril.com.uy/diaruy/3044/original/catalogo/HBG536ES3_HBG536ES3_1/1500-1500/horno-de-empotrar-bosch-hbg536es3-autolimpiante-horno-de-empotrar-bosch-hbg536es3-autolimpiante.jpg,2,,
dr-hbg536es3,,,,,,,,,,,,,,https://f.fcdn.app/imgs/e34570/www.diaril.com.uy/diaruy/3044/original/catalogo/HBG536ES3_HBG536ES3_1/1920-1200/horno-de-empotrar-bosch-hbg536es3-autolimpiante-horno-de-empotrar-bosch-hbg536es3-autolimpiante.jpg,3,,
dr-hbg536es3,,,,,,,,,,,,,,https://f.fcdn.app/imgs/3426ac/www.diaril.com.uy/diaruy/0457/original/catalogo/HBG536ES3_HBG536ES3_2/1500-1500/horno-de-empotrar-bosch-hbg536es3-autolimpiante-horno-de-empotrar-bosch-hbg536es3-autolimpiante.jpg,4,,
dr-hbg536es3,,,,,,,,,,,,,,https://f.fcdn.app/imgs/9c7c60/www.diaril.com.uy/diaruy/0457/original/catalogo/HBG536ES3_HBG536ES3_2/1920-1200/horno-de-empotrar-bosch-hbg536es3-autolimpiante-horno-de-empotrar-bosch-hbg536es3-autolimpiante.jpg,5,,
dr-hbg536es3,,,,,,,,,,,,,,https://f.fcdn.app/imgs/19d46d/www.diaril.com.uy/diaruy/0457/original/catalogo/HBG536ES3_HBG536ES3_2/1000x1000/horno-de-empotrar-bosch-hbg536es3-autolimpiante-horno-de-empotrar-bosch-hbg536es3-autolimpiante.jpg,6,,
dr-hbg536es3,,,,,,,,,,,,,,https://f.fcdn.app/imgs/3db397/www.diaril.com.uy/diaruy/5000/original/catalogo/HBG536ES3_HBG536ES3_3/1500-1500/horno-de-empotrar-bosch-hbg536es3-autolimpiante-horno-de-empotrar-bosch-hbg536es3-autolimpiante.jpg,7,,
dr-hbg536es3,,,,,,,,,,,,,,https://f.fcdn.app/imgs/d4c01c/www.diaril.com.uy/diaruy/5000/original/catalogo/HBG536ES3_HBG536ES3_3/1920-1200/horno-de-empotrar-bosch-hbg536es3-autolimpiante-horno-de-empotrar-bosch-hbg536es3-autolimpiante.jpg,8,,
dr-hbg536ew3,Horno de empotrar Bosch HBG536EW3 Autolimpiante,"<ul><li>• Recetas Gourmet: 10 programas automáticos que ajustan la cocción según el peso</li><li>• Sistema 3D Profesional: Resultados perfectos cocinando en hasta 3 niveles a la vez</li><li>• Panel Trasero Autolimpiante: Recubrimiento especial que descompone la grasa automáticamente</li><li>• ClipRails Intercambiables: Cambia la altura de los raíles fácilmente según tu receta</li><li>• Capacidad XL de 71 Litros: Espacio optimizado para grandes fuentes y piezas enteras</li><li>• Mandos Ocultables: Frontal liso para una estética elegante y una limpieza más sencilla</li><li>• 7 Funciones de Cocción: Incluye Función Pizza, Aire Caliente Suave y Grill Profesional</li><li>• Función Sprint: Precalentamiento ultra rápido para ahorrar tiempo en cada uso</li><li>• Seguridad Avanzada: Bloqueo para niños e indicación de calor residual</li><li>• Equipamiento Completo: Incluye parrilla profesional, bandeja universal y bandeja esmaltada</li></ul>",Bosch,Electro,"Cocinas, Bosch, stock-verificado",TRUE,Color,Horno de empotrar Bosch HBG536EW3 Autolimpiante,HBG536EW3,53471.00,,10,deny,https://f.fcdn.app/imgs/7f1b1d/www.diaril.com.uy/diaruy/339d/original/catalogo/HBG536EW3_HBG536EW3_1/1000x1000/horno-de-empotrar-bosch-hbg536ew3-autolimpiante-horno-de-empotrar-bosch-hbg536ew3-autolimpiante.jpg,1,,
dr-hbg536ew3,,,,,,,,,,,,,,https://f.fcdn.app/imgs/b31560/www.diaril.com.uy/diaruy/339d/original/catalogo/HBG536EW3_HBG536EW3_1/1500-1500/horno-de-empotrar-bosch-hbg536ew3-autolimpiante-horno-de-empotrar-bosch-hbg536ew3-autolimpiante.jpg,2,,
dr-hbg536ew3,,,,,,,,,,,,,,https://f.fcdn.app/imgs/49d7d1/www.diaril.com.uy/diaruy/339d/original/catalogo/HBG536EW3_HBG536EW3_1/1920-1200/horno-de-empotrar-bosch-hbg536ew3-autolimpiante-horno-de-empotrar-bosch-hbg536ew3-autolimpiante.jpg,3,,
dr-hbg536ew3,,,,,,,,,,,,,,https://f.fcdn.app/imgs/ee847c/www.diaril.com.uy/diaruy/fbf7/original/catalogo/HBG536EW3_HBG536EW3_2/1500-1500/horno-de-empotrar-bosch-hbg536ew3-autolimpiante-horno-de-empotrar-bosch-hbg536ew3-autolimpiante.jpg,4,,
dr-hbg536ew3,,,,,,,,,,,,,,https://f.fcdn.app/imgs/82a4b1/www.diaril.com.uy/diaruy/fbf7/original/catalogo/HBG536EW3_HBG536EW3_2/1920-1200/horno-de-empotrar-bosch-hbg536ew3-autolimpiante-horno-de-empotrar-bosch-hbg536ew3-autolimpiante.jpg,5,,
dr-hbg536ew3,,,,,,,,,,,,,,https://f.fcdn.app/imgs/430af6/www.diaril.com.uy/diaruy/fbf7/original/catalogo/HBG536EW3_HBG536EW3_2/1000x1000/horno-de-empotrar-bosch-hbg536ew3-autolimpiante-horno-de-empotrar-bosch-hbg536ew3-autolimpiante.jpg,6,,
dr-hbg536ew3,,,,,,,,,,,,,,https://f.fcdn.app/imgs/723b0a/www.diaril.com.uy/diaruy/8360/original/catalogo/HBG536EW3_HBG536EW3_3/1500-1500/horno-de-empotrar-bosch-hbg536ew3-autolimpiante-horno-de-empotrar-bosch-hbg536ew3-autolimpiante.jpg,7,,
dr-hbg536ew3,,,,,,,,,,,,,,https://f.fcdn.app/imgs/812adb/www.diaril.com.uy/diaruy/8360/original/catalogo/HBG536EW3_HBG536EW3_3/1920-1200/horno-de-empotrar-bosch-hbg536ew3-autolimpiante-horno-de-empotrar-bosch-hbg536ew3-autolimpiante.jpg,8,,
dr-hbg7764b1,Horno de empotrar Bosch HBG7764B1 Pirolítico Gourmet,"<ul><li>• Máxima Versatilidad: 14 métodos de cocción, incluyendo Air Fryer, Cocción suave y Función Pizza</li><li>• Autolimpieza Dual: Sistema Pirolítico (3 niveles) y Asistente Aqualisis por vapor</li><li>• Tecnología de Sensores: Termosonda y BakingSensor para resultados de precisión gourmet</li><li>• Sistema de Calentamiento 4D Profesional: Cocción uniforme en cualquier nivel del horno</li><li>• Control Inteligente: Panel Touch Control y Asistente de Control de Voz integrado</li><li>• Rango Térmico Extremo: De 30 °C para fermentar hasta 300 °C para sellados profesionales</li><li>• Capacidad XL de 71 Litros: 5 alturas de cocción con iluminación LED interior</li><li>• Asistente Assist: Recetas automáticas y recomendaciones de cocción inteligentes</li><li>• Eficiencia Superior A+: Máximo ahorro energético y respeto por el medio ambiente</li><li>• Equipamiento Premium: Incluye bandeja plana, profunda y parrilla profesional</li></ul>",Bosch,Electro,"Cocinas, Bosch",TRUE,Color,Horno de empotrar Bosch HBG7764B1 Pirolítico Gourmet,HBG7764B1,118962.00,,0,deny,https://f.fcdn.app/imgs/a4c8d2/www.diaril.com.uy/diaruy/25ce/original/catalogo/HBG7764B1_HBG7764B1_1/1000x1000/horno-de-empotrar-bosch-hbg7764b1-pirolitico-gourmet-horno-de-empotrar-bosch-hbg7764b1-pirolitico-gourmet.jpg,1,,
dr-hbg7764b1,,,,,,,,,,,,,,https://f.fcdn.app/imgs/32540e/www.diaril.com.uy/diaruy/25ce/original/catalogo/HBG7764B1_HBG7764B1_1/1500-1500/horno-de-empotrar-bosch-hbg7764b1-pirolitico-gourmet-horno-de-empotrar-bosch-hbg7764b1-pirolitico-gourmet.jpg,2,,
dr-hbg7764b1,,,,,,,,,,,,,,https://f.fcdn.app/imgs/1fd047/www.diaril.com.uy/diaruy/25ce/original/catalogo/HBG7764B1_HBG7764B1_1/1920-1200/horno-de-empotrar-bosch-hbg7764b1-pirolitico-gourmet-horno-de-empotrar-bosch-hbg7764b1-pirolitico-gourmet.jpg,3,,
dr-hbg7764b1,,,,,,,,,,,,,,https://f.fcdn.app/imgs/e0ed6f/www.diaril.com.uy/diaruy/df09/original/catalogo/HBG7764B1_HBG7764B1_2/1500-1500/horno-de-empotrar-bosch-hbg7764b1-pirolitico-gourmet-horno-de-empotrar-bosch-hbg7764b1-pirolitico-gourmet.jpg,4,,
dr-hbg7764b1,,,,,,,,,,,,,,https://f.fcdn.app/imgs/768da5/www.diaril.com.uy/diaruy/df09/original/catalogo/HBG7764B1_HBG7764B1_2/1920-1200/horno-de-empotrar-bosch-hbg7764b1-pirolitico-gourmet-horno-de-empotrar-bosch-hbg7764b1-pirolitico-gourmet.jpg,5,,
dr-hbg7764b1,,,,,,,,,,,,,,https://f.fcdn.app/imgs/b6cfbe/www.diaril.com.uy/diaruy/df09/original/catalogo/HBG7764B1_HBG7764B1_2/1000x1000/horno-de-empotrar-bosch-hbg7764b1-pirolitico-gourmet-horno-de-empotrar-bosch-hbg7764b1-pirolitico-gourmet.jpg,6,,
dr-hbg7764b1,,,,,,,,,,,,,,https://f.fcdn.app/imgs/dc4e78/www.diaril.com.uy/diaruy/de74/original/catalogo/HBG7764B1_HBG7764B1_3/1500-1500/horno-de-empotrar-bosch-hbg7764b1-pirolitico-gourmet-horno-de-empotrar-bosch-hbg7764b1-pirolitico-gourmet.jpg,7,,
dr-hbg7764b1,,,,,,,,,,,,,,https://f.fcdn.app/imgs/979f2f/www.diaril.com.uy/diaruy/de74/original/catalogo/HBG7764B1_HBG7764B1_3/1920-1200/horno-de-empotrar-bosch-hbg7764b1-pirolitico-gourmet-horno-de-empotrar-bosch-hbg7764b1-pirolitico-gourmet.jpg,8,,
dr-hrg572es3,Horno de empotrar Bosch HRG572ES3 Pirolítico Vapor,"<ul><li>• Tecnología de Vapor Añadido: Resultados jugosos por dentro y crujientes por fuera</li><li>• Función Air Fry Integrada: Alimentos perfectamente fritos usando el mínimo de aceite</li><li>• Autolimpieza Dual: Sistema Pirolítico (3 niveles) y Asistente Aqualisis por vapor</li><li>• 15 Recetas Gourmet: Programas automáticos que ajustan la cocción según el peso</li><li>• Panel Touch Control: Interfaz táctil moderna, intuitiva y fácil de limpiar</li><li>• Sistema 3D Hotair: Distribución de calor uniforme para cocinar en hasta 3 alturas</li><li>• 8 Funciones de Cocción: Incluye Modo Pizza, Turbo Hornear + Vapor y Aire Caliente Suave</li><li>• Función Sprint: Precalentamiento ultra rápido para optimizar tu tiempo</li><li>• Capacidad Profesional: Dimensiones estándar de 60 cm para una integración total</li><li>• Diseño Premium: Frontal liso y elegante que realza la estética de tu cocina</li></ul>",Bosch,Electro,"Cocinas, Bosch",TRUE,Color,Horno de empotrar Bosch HRG572ES3 Pirolítico Vapor,HRG572ES3,78340.00,,0,deny,https://f.fcdn.app/imgs/757951/www.diaril.com.uy/diaruy/6931/original/catalogo/HRG572ES3_HRG572ES3_1/1000x1000/horno-de-empotrar-bosch-hrg572es3-pirolitico-vapor-horno-de-empotrar-bosch-hrg572es3-pirolitico-vapor.jpg,1,,
dr-hrg572es3,,,,,,,,,,,,,,https://f.fcdn.app/imgs/2c9afd/www.diaril.com.uy/diaruy/6931/original/catalogo/HRG572ES3_HRG572ES3_1/1500-1500/horno-de-empotrar-bosch-hrg572es3-pirolitico-vapor-horno-de-empotrar-bosch-hrg572es3-pirolitico-vapor.jpg,2,,
dr-hrg572es3,,,,,,,,,,,,,,https://f.fcdn.app/imgs/58a220/www.diaril.com.uy/diaruy/6931/original/catalogo/HRG572ES3_HRG572ES3_1/1920-1200/horno-de-empotrar-bosch-hrg572es3-pirolitico-vapor-horno-de-empotrar-bosch-hrg572es3-pirolitico-vapor.jpg,3,,
dr-hrg572es3,,,,,,,,,,,,,,https://f.fcdn.app/imgs/f69509/www.diaril.com.uy/diaruy/e32e/original/catalogo/HRG572ES3_HRG572ES3_2/1500-1500/horno-de-empotrar-bosch-hrg572es3-pirolitico-vapor-horno-de-empotrar-bosch-hrg572es3-pirolitico-vapor.jpg,4,,
dr-hrg572es3,,,,,,,,,,,,,,https://f.fcdn.app/imgs/ac62ea/www.diaril.com.uy/diaruy/e32e/original/catalogo/HRG572ES3_HRG572ES3_2/1920-1200/horno-de-empotrar-bosch-hrg572es3-pirolitico-vapor-horno-de-empotrar-bosch-hrg572es3-pirolitico-vapor.jpg,5,,
dr-hrg572es3,,,,,,,,,,,,,,https://f.fcdn.app/imgs/91bd8b/www.diaril.com.uy/diaruy/e32e/original/catalogo/HRG572ES3_HRG572ES3_2/1000x1000/horno-de-empotrar-bosch-hrg572es3-pirolitico-vapor-horno-de-empotrar-bosch-hrg572es3-pirolitico-vapor.jpg,6,,
dr-hrg572es3,,,,,,,,,,,,,,https://f.fcdn.app/imgs/09d5fa/www.diaril.com.uy/diaruy/9089/original/catalogo/HRG572ES3_HRG572ES3_3/1500-1500/horno-de-empotrar-bosch-hrg572es3-pirolitico-vapor-horno-de-empotrar-bosch-hrg572es3-pirolitico-vapor.jpg,7,,
dr-hrg572es3,,,,,,,,,,,,,,https://f.fcdn.app/imgs/79dc07/www.diaril.com.uy/diaruy/9089/original/catalogo/HRG572ES3_HRG572ES3_3/1920-1200/horno-de-empotrar-bosch-hrg572es3-pirolitico-vapor-horno-de-empotrar-bosch-hrg572es3-pirolitico-vapor.jpg,8,,
dr-kgb86xiep,Heladera combinada Bosch KGB86XIEP 631 L,"<ul><li>• Capacidad XXL de 631 Litros: Espacio masivo ideal para grandes familias y compras mensuales</li><li>• Tecnología NoFrost: Olvídate de descongelar manualmente gracias al sistema automático</li><li>• Cajón VitaFresh XXL: Zona especial de gran capacidad para mantener frutas y verduras frescas por más tiempo</li><li>• Acabado Premium: Acero inoxidable cepillado con tratamiento antihuellas</li><li>• Control Inteligente: Pantalla LCD TouchControl integrada para un manejo preciso</li><li>• Eficiencia Superior: Consumo optimizado muy por debajo del promedio del mercado</li><li>• Zona EasyAccess: Estantes de cristal extraíbles para un acceso cómodo al fondo</li><li>• Refrigeración ""Súper"": Enfriamiento rápido de alimentos nuevos con desconexión automática</li><li>• Iluminación LED SoftStart: Luz progresiva y uniforme en todo el interior</li><li>• Flexibilidad de Instalación: Puertas reversibles y tiradores de aluminio exterior</li></ul>",Bosch,Electro,"Heladeras, Bosch",TRUE,Color,Heladera combinada Bosch KGB86XIEP 631 L,KGB86XIEP,136370.00,,0,deny,https://f.fcdn.app/imgs/97cdfe/www.diaril.com.uy/diaruy/73b2/original/catalogo/KGB86XIEP_KGB86XIEP_1/1000x1000/heladera-combinada-bosch-kgb86xiep-631-l-heladera-combinada-bosch-kgb86xiep-631-l.jpg,1,,
dr-kgb86xiep,,,,,,,,,,,,,,https://f.fcdn.app/imgs/37ec1f/www.diaril.com.uy/diaruy/73b2/original/catalogo/KGB86XIEP_KGB86XIEP_1/1500-1500/heladera-combinada-bosch-kgb86xiep-631-l-heladera-combinada-bosch-kgb86xiep-631-l.jpg,2,,
dr-kgb86xiep,,,,,,,,,,,,,,https://f.fcdn.app/imgs/9d5f9b/www.diaril.com.uy/diaruy/73b2/original/catalogo/KGB86XIEP_KGB86XIEP_1/1920-1200/heladera-combinada-bosch-kgb86xiep-631-l-heladera-combinada-bosch-kgb86xiep-631-l.jpg,3,,
dr-kgb86xiep,,,,,,,,,,,,,,https://f.fcdn.app/imgs/14657b/www.diaril.com.uy/diaruy/c75b/original/catalogo/KGB86XIEP_KGB86XIEP_2/1500-1500/heladera-combinada-bosch-kgb86xiep-631-l-heladera-combinada-bosch-kgb86xiep-631-l.jpg,4,,
dr-kgb86xiep,,,,,,,,,,,,,,https://f.fcdn.app/imgs/0504e5/www.diaril.com.uy/diaruy/c75b/original/catalogo/KGB86XIEP_KGB86XIEP_2/1920-1200/heladera-combinada-bosch-kgb86xiep-631-l-heladera-combinada-bosch-kgb86xiep-631-l.jpg,5,,
dr-kgb86xiep,,,,,,,,,,,,,,https://f.fcdn.app/imgs/a30a8b/www.diaril.com.uy/diaruy/c75b/original/catalogo/KGB86XIEP_KGB86XIEP_2/1000x1000/heladera-combinada-bosch-kgb86xiep-631-l-heladera-combinada-bosch-kgb86xiep-631-l.jpg,6,,
dr-kgb86xiep,,,,,,,,,,,,,,https://f.fcdn.app/imgs/99a71d/www.diaril.com.uy/diaruy/1e0e/original/catalogo/KGB86XIEP_KGB86XIEP_3/1500-1500/heladera-combinada-bosch-kgb86xiep-631-l-heladera-combinada-bosch-kgb86xiep-631-l.jpg,7,,
dr-kgb86xiep,,,,,,,,,,,,,,https://f.fcdn.app/imgs/46cba3/www.diaril.com.uy/diaruy/1e0e/original/catalogo/KGB86XIEP_KGB86XIEP_3/1920-1200/heladera-combinada-bosch-kgb86xiep-631-l-heladera-combinada-bosch-kgb86xiep-631-l.jpg,8,,
dr-kgn36viea,Heladera Bosch KGN36VIEA Frio Seco 326 L,"<ul><li>• Capacidad Neta de 237 Litros: Diseño optimizado para el hogar moderno</li><li>• Freezer Inferior: Mayor comodidad al tener los alimentos frescos a la altura de la vista</li><li>• Tecnología VitaFresh: Cajones especiales que mantienen la frescura y vitaminas por más tiempo</li><li>• Acabado en Acero Inoxidable: Tratamiento antihuellas para una estética siempre impecable</li><li>• Bandeja EasyAccess: Estantes de cristal extraíbles para alcanzar todo sin esfuerzo</li><li>• Función Refrigeración ""Súper"": Enfriamiento rápido para proteger los alimentos ya almacenados</li><li>• Congelación ""Súper"": Acelera el proceso de congelado para preservar texturas y nutrientes</li><li>• Iluminación LED Integrada: Luz clara, uniforme y de bajo consumo en todo el interior</li><li>• Dimensiones Estándar: 186 cm de alto y 60 cm de ancho para un encastre perfecto</li></ul>",Bosch,Electro,"Heladeras, Bosch",TRUE,Color,Heladera Bosch KGN36VIEA Frio Seco 326 L,KGN36VIEA,78340.00,,0,deny,https://f.fcdn.app/imgs/7a7fd0/www.diaril.com.uy/diaruy/2ae0/original/catalogo/KGN36VIEA_KGN36VIEA_1/1000x1000/heladera-bosch-kgn36viea-frio-seco-326-l-heladera-bosch-kgn36viea-frio-seco-326-l.jpg,1,,
dr-kgn36viea,,,,,,,,,,,,,,https://f.fcdn.app/imgs/f1049f/www.diaril.com.uy/diaruy/2ae0/original/catalogo/KGN36VIEA_KGN36VIEA_1/1500-1500/heladera-bosch-kgn36viea-frio-seco-326-l-heladera-bosch-kgn36viea-frio-seco-326-l.jpg,2,,
dr-kgn36viea,,,,,,,,,,,,,,https://f.fcdn.app/imgs/b14e56/www.diaril.com.uy/diaruy/2ae0/original/catalogo/KGN36VIEA_KGN36VIEA_1/1920-1200/heladera-bosch-kgn36viea-frio-seco-326-l-heladera-bosch-kgn36viea-frio-seco-326-l.jpg,3,,
dr-kgn36viea,,,,,,,,,,,,,,https://f.fcdn.app/imgs/a9d0d4/www.diaril.com.uy/diaruy/fe57/original/catalogo/KGN36VIEA_KGN36VIEA_2/1500-1500/heladera-bosch-kgn36viea-frio-seco-326-l-heladera-bosch-kgn36viea-frio-seco-326-l.jpg,4,,
dr-kgn36viea,,,,,,,,,,,,,,https://f.fcdn.app/imgs/17bc2a/www.diaril.com.uy/diaruy/fe57/original/catalogo/KGN36VIEA_KGN36VIEA_2/1920-1200/heladera-bosch-kgn36viea-frio-seco-326-l-heladera-bosch-kgn36viea-frio-seco-326-l.jpg,5,,
dr-kgn36viea,,,,,,,,,,,,,,https://f.fcdn.app/imgs/3c4880/www.diaril.com.uy/diaruy/fe57/original/catalogo/KGN36VIEA_KGN36VIEA_2/1000x1000/heladera-bosch-kgn36viea-frio-seco-326-l-heladera-bosch-kgn36viea-frio-seco-326-l.jpg,6,,
dr-kgn36viea,,,,,,,,,,,,,,https://f.fcdn.app/imgs/bf9271/www.diaril.com.uy/diaruy/1a5b/original/catalogo/KGN36VIEA_KGN36VIEA_3/1500-1500/heladera-bosch-kgn36viea-frio-seco-326-l-heladera-bosch-kgn36viea-frio-seco-326-l.jpg,7,,
dr-kgn36viea,,,,,,,,,,,,,,https://f.fcdn.app/imgs/1cddce/www.diaril.com.uy/diaruy/1a5b/original/catalogo/KGN36VIEA_KGN36VIEA_3/1920-1200/heladera-bosch-kgn36viea-frio-seco-326-l-heladera-bosch-kgn36viea-frio-seco-326-l.jpg,8,,
dr-kir81add0,Heladera Bosch Panelable KIR81ADD0 310 L,"<ul><li>• Capacidad Neta de 310 Litros: Espacio optimizado para una integración total en tu cocina</li><li>• Tecnología VitaFresh Plus: Conserva la frescura de tus alimentos hasta el doble de tiempo</li><li>• Eficiencia Energética Clase A: Consumo ultra bajo de solo 116 kWh al año</li><li>• Funcionamiento Extra Silencioso: Nivel sonoro de apenas 37 dB, imperceptible en el hogar</li><li>• Cajones con Guías Telescópicas: Apertura suave y cómoda incluso con carga máxima</li><li>• Bandeja Vario Deslizante: Flexibilidad total para alojar botellas altas o recipientes grandes</li><li>• Frío Dinámico (Ventilation Power System): Distribución de temperatura uniforme en todo el interior</li><li>• Control Electrónico Digital: Ajuste de temperatura preciso mediante display interior</li><li>• Iluminación LED con Perfiles Cromados: Estética premium y visibilidad clara en cada estante</li><li>• Seguridad Integrada: Alarma acústica de puerta abierta y bandejas de cristal de seguridad</li></ul>",Bosch,Electro,"Heladeras, Bosch, stock-verificado",TRUE,Color,Heladera Bosch Panelable KIR81ADD0 310 L,KIR81ADD0,94879.00,,10,deny,https://f.fcdn.app/imgs/bf9642/www.diaril.com.uy/diaruy/6cde/original/catalogo/KIR81ADD0_KIR81ADD0_1/1000x1000/heladera-bosch-panelable-kir81add0-310-l-heladera-bosch-panelable-kir81add0-310-l.jpg,1,,
dr-kir81add0,,,,,,,,,,,,,,https://f.fcdn.app/imgs/4b6bef/www.diaril.com.uy/diaruy/6cde/original/catalogo/KIR81ADD0_KIR81ADD0_1/1500-1500/heladera-bosch-panelable-kir81add0-310-l-heladera-bosch-panelable-kir81add0-310-l.jpg,2,,
dr-kir81add0,,,,,,,,,,,,,,https://f.fcdn.app/imgs/855f3c/www.diaril.com.uy/diaruy/6cde/original/catalogo/KIR81ADD0_KIR81ADD0_1/1920-1200/heladera-bosch-panelable-kir81add0-310-l-heladera-bosch-panelable-kir81add0-310-l.jpg,3,,
dr-kir81add0,,,,,,,,,,,,,,https://f.fcdn.app/imgs/0af3be/www.diaril.com.uy/diaruy/10b7/original/catalogo/KIR81ADD0_KIR81ADD0_2/1500-1500/heladera-bosch-panelable-kir81add0-310-l-heladera-bosch-panelable-kir81add0-310-l.jpg,4,,
dr-kir81add0,,,,,,,,,,,,,,https://f.fcdn.app/imgs/781524/www.diaril.com.uy/diaruy/10b7/original/catalogo/KIR81ADD0_KIR81ADD0_2/1920-1200/heladera-bosch-panelable-kir81add0-310-l-heladera-bosch-panelable-kir81add0-310-l.jpg,5,,
dr-kir81add0,,,,,,,,,,,,,,https://f.fcdn.app/imgs/1d763e/www.diaril.com.uy/diaruy/10b7/original/catalogo/KIR81ADD0_KIR81ADD0_2/1000x1000/heladera-bosch-panelable-kir81add0-310-l-heladera-bosch-panelable-kir81add0-310-l.jpg,6,,
dr-kir81add0,,,,,,,,,,,,,,https://f.fcdn.app/imgs/860176/www.diaril.com.uy/diaruy/cc23/original/catalogo/KIR81ADD0_KIR81ADD0_3/1500-1500/heladera-bosch-panelable-kir81add0-310-l-heladera-bosch-panelable-kir81add0-310-l.jpg,7,,
dr-kir81add0,,,,,,,,,,,,,,https://f.fcdn.app/imgs/b63080/www.diaril.com.uy/diaruy/cc23/original/catalogo/KIR81ADD0_KIR81ADD0_3/1920-1200/heladera-bosch-panelable-kir81add0-310-l-heladera-bosch-panelable-kir81add0-310-l.jpg,8,,
dr-kiv86vse0,Heladera panelable Bosch KIV86VSE0 267 L,"<ul><li>• Diseño de Encastre Total: Integración perfecta y estética dentro del mobiliario de tu cocina</li><li>• Cajón VitaFresh: Regulador de humedad específico para mantener frutas y vegetales frescos más tiempo</li><li>• Funcionamiento Ultra Silencioso: Solo 35 dB, ideal para ambientes de concepto abierto</li><li>• Eficiencia Energética Clase A: Consumo optimizado de 229 kWh al año</li><li>• Cajón BigBox: Espacio extra grande en el congelador para alimentos voluminosos</li><li>• Bandejas EasyAccess: Cristal de seguridad con topes antivuelco y fácil acceso al fondo</li><li>• Congelación «Súper»: Desconexión automática para proteger la cadena de frío</li><li>• Iluminación LED Interior: Luz uniforme, eficiente y de larga duración</li><li>• Seguridad Integrada: Señal acústica de puerta abierta para evitar pérdida de temperatura</li><li>• Puerta Reversible: Flexibilidad total para adaptarse a cualquier diseño de cocina</li></ul>",Bosch,Electro,"Heladeras, Bosch, stock-verificado",TRUE,Color,Heladera panelable Bosch KIV86VSE0 267 L,KIV86VSE0,91149.00,,10,deny,https://f.fcdn.app/imgs/6e8ca8/www.diaril.com.uy/diaruy/30cb/original/catalogo/KIV86VSE0_KIV86VSE0_1/1000x1000/heladera-panelable-bosch-kiv86vse0-267-l-heladera-panelable-bosch-kiv86vse0-267-l.jpg,1,,
dr-kiv86vse0,,,,,,,,,,,,,,https://f.fcdn.app/imgs/32e269/www.diaril.com.uy/diaruy/30cb/original/catalogo/KIV86VSE0_KIV86VSE0_1/1500-1500/heladera-panelable-bosch-kiv86vse0-267-l-heladera-panelable-bosch-kiv86vse0-267-l.jpg,2,,
dr-kiv86vse0,,,,,,,,,,,,,,https://f.fcdn.app/imgs/0c216c/www.diaril.com.uy/diaruy/30cb/original/catalogo/KIV86VSE0_KIV86VSE0_1/1920-1200/heladera-panelable-bosch-kiv86vse0-267-l-heladera-panelable-bosch-kiv86vse0-267-l.jpg,3,,
dr-kiv86vse0,,,,,,,,,,,,,,https://f.fcdn.app/imgs/cd581a/www.diaril.com.uy/diaruy/58e2/original/catalogo/KIV86VSE0_KIV86VSE0_2/1500-1500/heladera-panelable-bosch-kiv86vse0-267-l-heladera-panelable-bosch-kiv86vse0-267-l.jpg,4,,
dr-kiv86vse0,,,,,,,,,,,,,,https://f.fcdn.app/imgs/419478/www.diaril.com.uy/diaruy/58e2/original/catalogo/KIV86VSE0_KIV86VSE0_2/1920-1200/heladera-panelable-bosch-kiv86vse0-267-l-heladera-panelable-bosch-kiv86vse0-267-l.jpg,5,,
dr-kiv86vse0,,,,,,,,,,,,,,https://f.fcdn.app/imgs/df2c44/www.diaril.com.uy/diaruy/58e2/original/catalogo/KIV86VSE0_KIV86VSE0_2/1000x1000/heladera-panelable-bosch-kiv86vse0-267-l-heladera-panelable-bosch-kiv86vse0-267-l.jpg,6,,
dr-kiv86vse0,,,,,,,,,,,,,,https://f.fcdn.app/imgs/4ee536/www.diaril.com.uy/diaruy/b2b9/original/catalogo/KIV86VSE0_KIV86VSE0_3/1500-1500/heladera-panelable-bosch-kiv86vse0-267-l-heladera-panelable-bosch-kiv86vse0-267-l.jpg,7,,
dr-kiv86vse0,,,,,,,,,,,,,,https://f.fcdn.app/imgs/effe78/www.diaril.com.uy/diaruy/b2b9/original/catalogo/KIV86VSE0_KIV86VSE0_3/1920-1200/heladera-panelable-bosch-kiv86vse0-267-l-heladera-panelable-bosch-kiv86vse0-267-l.jpg,8,,
dr-kuw20vhf0,Vinoteca Bosch KUW20VHF0 21 botellas,"<ul><li>• Capacidad para 21 Botellas: Almacenamiento optimizado para botellas estándar de 75 cl</li><li>• Diseño Encastrable: Formato esbelto de 30 cm de ancho, ideal para integrar bajo mesada</li><li>• Rango Térmico de Precisión: Ajuste de temperatura ajustable entre 5°C y 20°C</li><li>• Triple Cristal con Filtro UV: Máxima protección contra la luz para preservar el aroma y sabor</li><li>• Estantes de Madera Natural: 3 estantes que aportan elegancia y evitan vibraciones</li><li>• Luz LED con Modo Presentación: Iluminación sofisticada para exhibir tu colección</li><li>• Seguridad Garantizada: Alarma de temperatura integrada para un control constante</li><li>• Puerta Reversible y Tirador de Aluminio: Adaptabilidad total al diseño de tu mobiliario</li><li>• Dimensiones Compactas: 818 mm de alto x 298 mm de ancho x 567 mm de profundidad</li></ul>",Bosch,Electro,"Heladeras, Bosch, stock-verificado",TRUE,Color,Vinoteca Bosch KUW20VHF0 21 botellas,KUW20VHF0,78340.00,,10,deny,https://f.fcdn.app/imgs/7c2865/www.diaril.com.uy/diaruy/e926/original/catalogo/KUW20VHF0_KUW20VHF0_1/1000x1000/vinoteca-bosch-kuw20vhf0-21-botellas-vinoteca-bosch-kuw20vhf0-21-botellas.jpg,1,,
dr-kuw20vhf0,,,,,,,,,,,,,,https://f.fcdn.app/imgs/063679/www.diaril.com.uy/diaruy/e926/original/catalogo/KUW20VHF0_KUW20VHF0_1/1500-1500/vinoteca-bosch-kuw20vhf0-21-botellas-vinoteca-bosch-kuw20vhf0-21-botellas.jpg,2,,
dr-kuw20vhf0,,,,,,,,,,,,,,https://f.fcdn.app/imgs/717dcc/www.diaril.com.uy/diaruy/e926/original/catalogo/KUW20VHF0_KUW20VHF0_1/1920-1200/vinoteca-bosch-kuw20vhf0-21-botellas-vinoteca-bosch-kuw20vhf0-21-botellas.jpg,3,,
dr-kuw20vhf0,,,,,,,,,,,,,,https://f.fcdn.app/imgs/05202f/www.diaril.com.uy/diaruy/f351/original/catalogo/KUW20VHF0_KUW20VHF0_2/1500-1500/vinoteca-bosch-kuw20vhf0-21-botellas-vinoteca-bosch-kuw20vhf0-21-botellas.jpg,4,,
dr-kuw20vhf0,,,,,,,,,,,,,,https://f.fcdn.app/imgs/f24431/www.diaril.com.uy/diaruy/f351/original/catalogo/KUW20VHF0_KUW20VHF0_2/1920-1200/vinoteca-bosch-kuw20vhf0-21-botellas-vinoteca-bosch-kuw20vhf0-21-botellas.jpg,5,,
dr-kuw20vhf0,,,,,,,,,,,,,,https://f.fcdn.app/imgs/ade510/www.diaril.com.uy/diaruy/f351/original/catalogo/KUW20VHF0_KUW20VHF0_2/1000x1000/vinoteca-bosch-kuw20vhf0-21-botellas-vinoteca-bosch-kuw20vhf0-21-botellas.jpg,6,,
dr-kuw20vhf0,,,,,,,,,,,,,,https://f.fcdn.app/imgs/058c49/www.diaril.com.uy/diaruy/4e3f/original/catalogo/KUW20VHF0_KUW20VHF0_3/1500-1500/vinoteca-bosch-kuw20vhf0-21-botellas-vinoteca-bosch-kuw20vhf0-21-botellas.jpg,7,,
dr-kuw20vhf0,,,,,,,,,,,,,,https://f.fcdn.app/imgs/88959b/www.diaril.com.uy/diaruy/4e3f/original/catalogo/KUW20VHF0_KUW20VHF0_3/1920-1200/vinoteca-bosch-kuw20vhf0-21-botellas-vinoteca-bosch-kuw20vhf0-21-botellas.jpg,8,,
dr-kuw21ahg0,Vinoteca Bosch KUW21AHG0 44 botellas,"<ul><li><ul> <li>Capacidad XL para 44 Botellas: Espacio optimizado para coleccionistas y amantes del vino</li> <li>Doble Zona de Temperatura: Regulación independiente (5°C a 20°C) para tintos y blancos</li> <li>Estantes de Roble con Guías Telescópicas: Extracción suave que evita vibraciones dañinas</li> <li>Diseño Encastrable: Formato de 60 cm de ancho, perfecto para integración bajo mesada</li> <li>Protección UV Avanzada: Puerta de triple cristal que preserva el aroma y la calidad del vino</li> <li>Luz LED con Modo Presentación: Iluminación elegante para lucir tu bodega personal</li> <li>Seguridad Térmica: Alarma de temperatura integrada para una guarda sin riesgos</li> <li>Adaptabilidad Total: Puerta reversible y tirador exterior de diseño profesional</li> <li>Dimensiones Estándar de Encastre: 818 mm de alto x 598 mm de ancho x 581 mm de fondo</li> </ul></li></ul>",Bosch,Electro,"Heladeras, Bosch, stock-verificado",TRUE,Color,Vinoteca Bosch KUW21AHG0 44 botellas,KUW21AHG0,122278.00,,10,deny,https://f.fcdn.app/imgs/184f79/www.diaril.com.uy/diaruy/8787/original/catalogo/KUW21AHG0_KUW21AHG0_1/1000x1000/vinoteca-bosch-kuw21ahg0-44-botellas-vinoteca-bosch-kuw21ahg0-44-botellas.jpg,1,,
dr-kuw21ahg0,,,,,,,,,,,,,,https://f.fcdn.app/imgs/fe144f/www.diaril.com.uy/diaruy/8787/original/catalogo/KUW21AHG0_KUW21AHG0_1/1500-1500/vinoteca-bosch-kuw21ahg0-44-botellas-vinoteca-bosch-kuw21ahg0-44-botellas.jpg,2,,
dr-kuw21ahg0,,,,,,,,,,,,,,https://f.fcdn.app/imgs/12294a/www.diaril.com.uy/diaruy/8787/original/catalogo/KUW21AHG0_KUW21AHG0_1/1920-1200/vinoteca-bosch-kuw21ahg0-44-botellas-vinoteca-bosch-kuw21ahg0-44-botellas.jpg,3,,
dr-kuw21ahg0,,,,,,,,,,,,,,https://f.fcdn.app/imgs/11852e/www.diaril.com.uy/diaruy/0c28/original/catalogo/KUW21AHG0_KUW21AHG0_2/1500-1500/vinoteca-bosch-kuw21ahg0-44-botellas-vinoteca-bosch-kuw21ahg0-44-botellas.jpg,4,,
dr-kuw21ahg0,,,,,,,,,,,,,,https://f.fcdn.app/imgs/0ac8b9/www.diaril.com.uy/diaruy/0c28/original/catalogo/KUW21AHG0_KUW21AHG0_2/1920-1200/vinoteca-bosch-kuw21ahg0-44-botellas-vinoteca-bosch-kuw21ahg0-44-botellas.jpg,5,,
dr-kuw21ahg0,,,,,,,,,,,,,,https://f.fcdn.app/imgs/25789b/www.diaril.com.uy/diaruy/0c28/original/catalogo/KUW21AHG0_KUW21AHG0_2/1000x1000/vinoteca-bosch-kuw21ahg0-44-botellas-vinoteca-bosch-kuw21ahg0-44-botellas.jpg,6,,
dr-kuw21ahg0,,,,,,,,,,,,,,https://f.fcdn.app/imgs/e35c0c/www.diaril.com.uy/diaruy/4279/original/catalogo/KUW21AHG0_KUW21AHG0_3/1500-1500/vinoteca-bosch-kuw21ahg0-44-botellas-vinoteca-bosch-kuw21ahg0-44-botellas.jpg,7,,
dr-kuw21ahg0,,,,,,,,,,,,,,https://f.fcdn.app/imgs/6e5076/www.diaril.com.uy/diaruy/4279/original/catalogo/KUW21AHG0_KUW21AHG0_3/1920-1200/vinoteca-bosch-kuw21ahg0-44-botellas-vinoteca-bosch-kuw21ahg0-44-botellas.jpg,8,,
dr-kwk36abga,Enfriadora de vino Bosch KWK36ABGA 199 botellas,<ul><li>• Capacidad Máxima de 199 Botellas: El espacio definitivo para grandes colecciones y guarda prolongada</li><li>• Doble Zona de Temperatura: Gestión independiente (5°C a 20°C) para conservar tintos y blancos</li><li>• Estantes de Roble con Guías Telescópicas: Protección superior contra vibraciones y fácil acceso</li><li>• Protección Ultravioleta: Puerta de cristal con filtro UV que preserva la estructura del vino</li><li>• Luz LED con Modo Presentación: Iluminación sofisticada para exhibir tus etiquetas favoritas</li><li>• Seguridad Avanzada: Alarma de temperatura integrada para garantizar la estabilidad térmica</li><li>• Diseño Vertical de Gran Formato: Estética profesional que realza cualquier ambiente o bodega</li><li>• Mantenimiento del Aroma y Sabor: Tecnología diseñada para una conservación de bodega profesional</li></ul>,Bosch,Electro,"Heladeras, Bosch",TRUE,Color,Enfriadora de vino Bosch KWK36ABGA 199 botellas,KWK36ABGA,221343.00,,0,deny,https://f.fcdn.app/imgs/ada0e0/www.diaril.com.uy/diaruy/1e4c/original/catalogo/KWK36ABGA_KWK36ABGA_1/1000x1000/enfriadora-de-vino-bosch-kwk36abga-199-botellas-enfriadora-de-vino-bosch-kwk36abga-199-botellas.jpg,1,,
dr-kwk36abga,,,,,,,,,,,,,,https://f.fcdn.app/imgs/941569/www.diaril.com.uy/diaruy/1e4c/original/catalogo/KWK36ABGA_KWK36ABGA_1/1500-1500/enfriadora-de-vino-bosch-kwk36abga-199-botellas-enfriadora-de-vino-bosch-kwk36abga-199-botellas.jpg,2,,
dr-kwk36abga,,,,,,,,,,,,,,https://f.fcdn.app/imgs/bd9e13/www.diaril.com.uy/diaruy/1e4c/original/catalogo/KWK36ABGA_KWK36ABGA_1/1920-1200/enfriadora-de-vino-bosch-kwk36abga-199-botellas-enfriadora-de-vino-bosch-kwk36abga-199-botellas.jpg,3,,
dr-kwk36abga,,,,,,,,,,,,,,https://f.fcdn.app/imgs/a49f63/www.diaril.com.uy/diaruy/f4cd/original/catalogo/KWK36ABGA_KWK36ABGA_2/1500-1500/enfriadora-de-vino-bosch-kwk36abga-199-botellas-enfriadora-de-vino-bosch-kwk36abga-199-botellas.jpg,4,,
dr-kwk36abga,,,,,,,,,,,,,,https://f.fcdn.app/imgs/629f3b/www.diaril.com.uy/diaruy/f4cd/original/catalogo/KWK36ABGA_KWK36ABGA_2/1920-1200/enfriadora-de-vino-bosch-kwk36abga-199-botellas-enfriadora-de-vino-bosch-kwk36abga-199-botellas.jpg,5,,
dr-kwk36abga,,,,,,,,,,,,,,https://f.fcdn.app/imgs/4c9273/www.diaril.com.uy/diaruy/f4cd/original/catalogo/KWK36ABGA_KWK36ABGA_2/1000x1000/enfriadora-de-vino-bosch-kwk36abga-199-botellas-enfriadora-de-vino-bosch-kwk36abga-199-botellas.jpg,6,,
dr-kwk36abga,,,,,,,,,,,,,,https://f.fcdn.app/imgs/bb0525/www.diaril.com.uy/diaruy/3f0c/original/catalogo/KWK36ABGA_KWK36ABGA_3/1500-1500/enfriadora-de-vino-bosch-kwk36abga-199-botellas-enfriadora-de-vino-bosch-kwk36abga-199-botellas.jpg,7,,
dr-kwk36abga,,,,,,,,,,,,,,https://f.fcdn.app/imgs/e49e13/www.diaril.com.uy/diaruy/3f0c/original/catalogo/KWK36ABGA_KWK36ABGA_3/1920-1200/enfriadora-de-vino-bosch-kwk36abga-199-botellas-enfriadora-de-vino-bosch-kwk36abga-199-botellas.jpg,8,,
dr-mc812m844,Procesador de alimentos Bosch MC812M844,"<ul><li>• Potencia Máxima de 1250W: Rendimiento profesional para las tareas más exigentes</li><li>• Identificación Inteligente de Accesorios: Ajuste automático de velocidad según el utensilio</li><li>• Capacidad XL: Recipiente de mezclas de 3,9 litros y jarra de alta resistencia de 1,5 litros</li><li>• Selector de Velocidad Continuo: Control total con funciones Turbo y Momento</li><li>• Acabados en Acero Inoxidable: Diseño robusto, elegante y de larga durabilidad</li><li>• Kit de Corte Profesional: Discos reversibles de acero inoxidable para rodajas, rallado y tiras</li><li>• Accesorios Multifunción: Incluye cuchilla mezcladora, varilla batidora y exprimidor</li><li>• Máxima Estabilidad: Pies con ventosas y tapas con sistema de cierre de seguridad</li><li>• Almacenamiento Práctico: Bolsa guarda accesorios y compartimento para el cable</li></ul>",Bosch,Electro,"Batidoras, Bosch, stock-verificado",TRUE,Color,Procesador de alimentos Bosch MC812M844,MC812M844,17616.00,,10,deny,https://f.fcdn.app/imgs/b9a44d/www.diaril.com.uy/diaruy/0de6/original/catalogo/MC812M844_MC812M844_1/1000x1000/procesador-de-alimentos-bosch-mc812m844-procesador-de-alimentos-bosch-mc812m844.jpg,1,,
dr-mc812m844,,,,,,,,,,,,,,https://f.fcdn.app/imgs/fe875d/www.diaril.com.uy/diaruy/0de6/original/catalogo/MC812M844_MC812M844_1/1500-1500/procesador-de-alimentos-bosch-mc812m844-procesador-de-alimentos-bosch-mc812m844.jpg,2,,
dr-mc812m844,,,,,,,,,,,,,,https://f.fcdn.app/imgs/53cfd1/www.diaril.com.uy/diaruy/0de6/original/catalogo/MC812M844_MC812M844_1/1920-1200/procesador-de-alimentos-bosch-mc812m844-procesador-de-alimentos-bosch-mc812m844.jpg,3,,
dr-mc812m844,,,,,,,,,,,,,,https://f.fcdn.app/imgs/b8f79a/www.diaril.com.uy/diaruy/3e34/original/catalogo/MC812M844_MC812M844_2/1500-1500/procesador-de-alimentos-bosch-mc812m844-procesador-de-alimentos-bosch-mc812m844.jpg,4,,
dr-mc812m844,,,,,,,,,,,,,,https://f.fcdn.app/imgs/74de60/www.diaril.com.uy/diaruy/3e34/original/catalogo/MC812M844_MC812M844_2/1920-1200/procesador-de-alimentos-bosch-mc812m844-procesador-de-alimentos-bosch-mc812m844.jpg,5,,
dr-mc812m844,,,,,,,,,,,,,,https://f.fcdn.app/imgs/46da8a/www.diaril.com.uy/diaruy/3e34/original/catalogo/MC812M844_MC812M844_2/1000x1000/procesador-de-alimentos-bosch-mc812m844-procesador-de-alimentos-bosch-mc812m844.jpg,6,,
dr-mc812m844,,,,,,,,,,,,,,https://f.fcdn.app/imgs/aaaed7/www.diaril.com.uy/diaruy/663e/original/catalogo/MC812M844_MC812M844_3/1500-1500/procesador-de-alimentos-bosch-mc812m844-procesador-de-alimentos-bosch-mc812m844.jpg,7,,
dr-mc812m844,,,,,,,,,,,,,,https://f.fcdn.app/imgs/95968f/www.diaril.com.uy/diaruy/663e/original/catalogo/MC812M844_MC812M844_3/1920-1200/procesador-de-alimentos-bosch-mc812m844-procesador-de-alimentos-bosch-mc812m844.jpg,8,,
dr-mums2er01,Robot de cocina Bosch MUMS2ER01 Rojo c/acc,"<ul><li>• Potencia de 700W: Motor eficiente con control de velocidad electrónico para un manejo suave</li><li>• Sistema MultiMotion Drive: Engranaje dinámico que garantiza un procesado y mezclado homogéneo</li><li>• Bol de Acero Inoxidable de 3,8L: Diseño interior optimizado para obtener los mejores resultados en masas</li><li>• Brazo Multifunción: Tres puntos de accionamiento que maximizan la fuerza según el accesorio utilizado</li><li>• Set de Repostería Incluido: Garfio amasador, varilla batidora y varilla mezcladora de alta calidad</li><li>• Procesador de Alimentos: Cortador-rallador con tres discos para diferentes tipos de corte</li><li>• Seguridad Avanzada: Protección contra sobrecalentamiento y pies con ventosas para máxima estabilidad</li><li>• Tapa Antisalpicaduras: Transparente y con boca de llenado para añadir ingredientes en marcha</li><li>• Fácil Mantenimiento: Superficies lisas y accesorios aptos para lavavajillas</li><li>• Diseño Inteligente: Compartimento integrado para el cable y posibilidad de añadir accesorios opcionales</li></ul>",Bosch,Electro,"Batidoras, Bosch, stock-verificado",TRUE,Color,Robot de cocina Bosch MUMS2ER01 Rojo c/acc,MUMS2ER01,14052.00,,10,deny,https://f.fcdn.app/imgs/f07328/www.diaril.com.uy/diaruy/2ce5/original/catalogo/MUMS2ER01_MUMS2ER01_1/1000x1000/robot-de-cocina-bosch-mums2er01-rojo-c-acc-robot-de-cocina-bosch-mums2er01-rojo-c-acc.jpg,1,,
dr-mums2er01,,,,,,,,,,,,,,https://f.fcdn.app/imgs/31f3f7/www.diaril.com.uy/diaruy/2ce5/original/catalogo/MUMS2ER01_MUMS2ER01_1/1500-1500/robot-de-cocina-bosch-mums2er01-rojo-c-acc-robot-de-cocina-bosch-mums2er01-rojo-c-acc.jpg,2,,
dr-mums2er01,,,,,,,,,,,,,,https://f.fcdn.app/imgs/f8c7b7/www.diaril.com.uy/diaruy/2ce5/original/catalogo/MUMS2ER01_MUMS2ER01_1/1920-1200/robot-de-cocina-bosch-mums2er01-rojo-c-acc-robot-de-cocina-bosch-mums2er01-rojo-c-acc.jpg,3,,
dr-mums2er01,,,,,,,,,,,,,,https://f.fcdn.app/imgs/92159f/www.diaril.com.uy/diaruy/bd00/original/catalogo/MUMS2ER01_MUMS2ER01_2/1500-1500/robot-de-cocina-bosch-mums2er01-rojo-c-acc-robot-de-cocina-bosch-mums2er01-rojo-c-acc.jpg,4,,
dr-mums2er01,,,,,,,,,,,,,,https://f.fcdn.app/imgs/62659b/www.diaril.com.uy/diaruy/bd00/original/catalogo/MUMS2ER01_MUMS2ER01_2/1920-1200/robot-de-cocina-bosch-mums2er01-rojo-c-acc-robot-de-cocina-bosch-mums2er01-rojo-c-acc.jpg,5,,
dr-mums2er01,,,,,,,,,,,,,,https://f.fcdn.app/imgs/a083d3/www.diaril.com.uy/diaruy/bd00/original/catalogo/MUMS2ER01_MUMS2ER01_2/1000x1000/robot-de-cocina-bosch-mums2er01-rojo-c-acc-robot-de-cocina-bosch-mums2er01-rojo-c-acc.jpg,6,,
dr-mums2er01,,,,,,,,,,,,,,https://f.fcdn.app/imgs/7d7625/www.diaril.com.uy/diaruy/6c48/original/catalogo/MUMS2ER01_MUMS2ER01_3/1500-1500/robot-de-cocina-bosch-mums2er01-rojo-c-acc-robot-de-cocina-bosch-mums2er01-rojo-c-acc.jpg,7,,
dr-mums2er01,,,,,,,,,,,,,,https://f.fcdn.app/imgs/a94824/www.diaril.com.uy/diaruy/6c48/original/catalogo/MUMS2ER01_MUMS2ER01_3/1920-1200/robot-de-cocina-bosch-mums2er01-rojo-c-acc-robot-de-cocina-bosch-mums2er01-rojo-c-acc.jpg,8,,
dr-mums2ew00,Robot de cocina Bosch MUMS2EW00 blanco 700W,"<ul><li>• Sistema MultiMotion Drive: Engranaje dinámico que garantiza un mezclado homogéneo y profesional</li><li>• Potencia de 700W: Motor eficiente con control electrónico para un manejo suave y preciso</li><li>• Bol de Acero Inoxidable (3,8L): Diseño interior optimizado para trabajar masas con resultados perfectos</li><li>• Brazo Multifunción: Tres puntos de accionamiento que maximizan la fuerza según el accesorio</li><li>• Set de Repostería Incluido: Incluye garfio amasador, varilla batidora y varilla mezcladora</li><li>• Seguridad Total: Protección contra sobrecalentamiento y pies con ventosas para máxima estabilidad</li><li>• Tapa Antisalpicaduras: Transparente y con boca de llenado para añadir ingredientes en marcha</li><li>• Fácil Limpieza: Superficies lisas y accesorios aptos para lavavajillas</li><li>• Diseño Compacto y Ordenado: Compartimento integrado para el cable y manejo sencillo</li><li>• Versatilidad Expandible: Compatible con una amplia gama de accesorios opcionales</li></ul>",Bosch,Electro,"Batidoras, Bosch, stock-verificado",TRUE,Color,Robot de cocina Bosch MUMS2EW00 blanco 700W,MUMS2EW00,11813.00,,10,deny,https://f.fcdn.app/imgs/930815/www.diaril.com.uy/diaruy/3027/original/catalogo/MUMS2EW00_MUMS2EW00_1/1000x1000/robot-de-cocina-bosch-mums2ew00-blanco-700w-robot-de-cocina-bosch-mums2ew00-blanco-700w.jpg,1,,
dr-mums2ew00,,,,,,,,,,,,,,https://f.fcdn.app/imgs/96504e/www.diaril.com.uy/diaruy/3027/original/catalogo/MUMS2EW00_MUMS2EW00_1/1500-1500/robot-de-cocina-bosch-mums2ew00-blanco-700w-robot-de-cocina-bosch-mums2ew00-blanco-700w.jpg,2,,
dr-mums2ew00,,,,,,,,,,,,,,https://f.fcdn.app/imgs/345d0e/www.diaril.com.uy/diaruy/3027/original/catalogo/MUMS2EW00_MUMS2EW00_1/1920-1200/robot-de-cocina-bosch-mums2ew00-blanco-700w-robot-de-cocina-bosch-mums2ew00-blanco-700w.jpg,3,,
dr-mums2ew00,,,,,,,,,,,,,,https://f.fcdn.app/imgs/3f44ec/www.diaril.com.uy/diaruy/b690/original/catalogo/MUMS2EW00_MUMS2EW00_2/1500-1500/robot-de-cocina-bosch-mums2ew00-blanco-700w-robot-de-cocina-bosch-mums2ew00-blanco-700w.jpg,4,,
dr-mums2ew00,,,,,,,,,,,,,,https://f.fcdn.app/imgs/543ffc/www.diaril.com.uy/diaruy/b690/original/catalogo/MUMS2EW00_MUMS2EW00_2/1920-1200/robot-de-cocina-bosch-mums2ew00-blanco-700w-robot-de-cocina-bosch-mums2ew00-blanco-700w.jpg,5,,
dr-mums2ew00,,,,,,,,,,,,,,https://f.fcdn.app/imgs/c6663d/www.diaril.com.uy/diaruy/b690/original/catalogo/MUMS2EW00_MUMS2EW00_2/1000x1000/robot-de-cocina-bosch-mums2ew00-blanco-700w-robot-de-cocina-bosch-mums2ew00-blanco-700w.jpg,6,,
dr-mums2ew00,,,,,,,,,,,,,,https://f.fcdn.app/imgs/159f8c/www.diaril.com.uy/diaruy/3efe/original/catalogo/MUMS2EW00_MUMS2EW00_3/1500-1500/robot-de-cocina-bosch-mums2ew00-blanco-700w-robot-de-cocina-bosch-mums2ew00-blanco-700w.jpg,7,,
dr-mums2ew00,,,,,,,,,,,,,,https://f.fcdn.app/imgs/6f2400/www.diaril.com.uy/diaruy/3efe/original/catalogo/MUMS2EW00_MUMS2EW00_3/1920-1200/robot-de-cocina-bosch-mums2ew00-blanco-700w-robot-de-cocina-bosch-mums2ew00-blanco-700w.jpg,8,,
dr-mums2ew40,Robot de cocina Bosch MUMS2EW40 Blanco c/acc,"<ul><li>• Sistema MultiMotion Drive: Engranaje dinámico para un mezclado homogéneo y profesional</li><li>• Potencia de 700W: Motor eficiente con control electrónico para un manejo preciso y suave</li><li>• Centro de Cocina Completo: Incluye picador de carne, exprimidor de cítricos y jarra batidora de 1,25L</li><li>• Bol de Acero Inoxidable (3,8L): Diseño interior optimizado para resultados perfectos en masas</li><li>• Procesador de Alimentos: Cortador-rallador con tres discos para cortes precisos en vegetales</li><li>• Set de Repostería Profesional: Garfio amasador, varilla batidora y varilla mezcladora</li><li>• Brazo Multifunción: Tres puntos de accionamiento para optimizar la fuerza según el accesorio</li><li>• Diseño Inteligente: Tapa antisalpicaduras con boca de llenado y compartimento para cable</li><li>• Limpieza Práctica: Accesorios aptos para lavavajillas y superficies lisas de fácil mantenimiento</li><li>• Versatilidad Expandible: Compatible con múltiples accesorios opcionales adicionales</li></ul>",Bosch,Electro,"Batidoras, Bosch, stock-verificado",TRUE,Color,Robot de cocina Bosch MUMS2EW40 Blanco c/acc,MUMS2EW40,18860.00,,10,deny,https://f.fcdn.app/imgs/a1f4d5/www.diaril.com.uy/diaruy/1107/original/catalogo/MUMS2EW40_MUMS2EW40_1/1000x1000/robot-de-cocina-bosch-mums2ew40-blanco-c-acc-robot-de-cocina-bosch-mums2ew40-blanco-c-acc.jpg,1,,
dr-mums2ew40,,,,,,,,,,,,,,https://f.fcdn.app/imgs/c63f24/www.diaril.com.uy/diaruy/1107/original/catalogo/MUMS2EW40_MUMS2EW40_1/1500-1500/robot-de-cocina-bosch-mums2ew40-blanco-c-acc-robot-de-cocina-bosch-mums2ew40-blanco-c-acc.jpg,2,,
dr-mums2ew40,,,,,,,,,,,,,,https://f.fcdn.app/imgs/6a2edf/www.diaril.com.uy/diaruy/1107/original/catalogo/MUMS2EW40_MUMS2EW40_1/1920-1200/robot-de-cocina-bosch-mums2ew40-blanco-c-acc-robot-de-cocina-bosch-mums2ew40-blanco-c-acc.jpg,3,,
dr-mums2ew40,,,,,,,,,,,,,,https://f.fcdn.app/imgs/993ebc/www.diaril.com.uy/diaruy/2b95/original/catalogo/MUMS2EW40_MUMS2EW40_2/1500-1500/robot-de-cocina-bosch-mums2ew40-blanco-c-acc-robot-de-cocina-bosch-mums2ew40-blanco-c-acc.jpg,4,,
dr-mums2ew40,,,,,,,,,,,,,,https://f.fcdn.app/imgs/9668d9/www.diaril.com.uy/diaruy/2b95/original/catalogo/MUMS2EW40_MUMS2EW40_2/1920-1200/robot-de-cocina-bosch-mums2ew40-blanco-c-acc-robot-de-cocina-bosch-mums2ew40-blanco-c-acc.jpg,5,,
dr-mums2ew40,,,,,,,,,,,,,,https://f.fcdn.app/imgs/fd0be5/www.diaril.com.uy/diaruy/2b95/original/catalogo/MUMS2EW40_MUMS2EW40_2/1000x1000/robot-de-cocina-bosch-mums2ew40-blanco-c-acc-robot-de-cocina-bosch-mums2ew40-blanco-c-acc.jpg,6,,
dr-mums2ew40,,,,,,,,,,,,,,https://f.fcdn.app/imgs/293851/www.diaril.com.uy/diaruy/b062/original/catalogo/MUMS2EW40_MUMS2EW40_3/1500-1500/robot-de-cocina-bosch-mums2ew40-blanco-c-acc-robot-de-cocina-bosch-mums2ew40-blanco-c-acc.jpg,7,,
dr-mums2ew40,,,,,,,,,,,,,,https://f.fcdn.app/imgs/8802d1/www.diaril.com.uy/diaruy/b062/original/catalogo/MUMS2EW40_MUMS2EW40_3/1920-1200/robot-de-cocina-bosch-mums2ew40-blanco-c-acc-robot-de-cocina-bosch-mums2ew40-blanco-c-acc.jpg,8,,
dr-pcs7a5b90,Anafe a gas Bosch PCS7A5B90 Inox 75 cm,"<ul><li>• Tecnología FlameSelect: Regulación precisa de la llama con 9 niveles de potencia definidos</li><li>• Mesada de Acero Inoxidable: Diseño elegante de alta calidad, resistente y fácil de limpiar</li><li>• 5 Quemadores de Gas: Versatilidad total para cocinar múltiples platos simultáneamente</li><li>• Quemador Wok Dual (5 kW): Doble regulación de llama para máxima potencia o fuego mínimo preciso</li><li>• Parrillas de Hierro Fundido: Estabilidad superior y robustez para todo tipo de recipientes</li><li>• Encendido Electrónico: Autoencendido integrado en los mandos para una operación con una sola mano</li><li>• Sistema Gas Stop: Seguridad termoeléctrica que corta el paso de gas si la llama se apaga accidentalmente</li><li>• Mandos Ergonómicos: Perillas diseñadas para un control cómodo, exacto y seguro</li><li>• Adaptabilidad de Gas: Preparada para gas natural con inyectores para gas butano incluidos</li><li>• Dimensiones de Encastre: Diseño extraplano de 750 mm de ancho para una integración perfecta</li></ul>",Bosch,Electro,"Cocinas, Bosch, stock-verificado",TRUE,Color,Anafe a gas Bosch PCS7A5B90 Inox 75 cm,PCS7A5B90,41409.00,,10,deny,https://f.fcdn.app/imgs/83f675/www.diaril.com.uy/diaruy/dc2d/original/catalogo/PCS7A5B90_PCS7A5B90_1/1000x1000/anafe-a-gas-bosch-pcs7a5b90-inox-75-cm-anafe-a-gas-bosch-pcs7a5b90-inox-75-cm.jpg,1,,
dr-pcs7a5b90,,,,,,,,,,,,,,https://f.fcdn.app/imgs/4c3c76/www.diaril.com.uy/diaruy/dc2d/original/catalogo/PCS7A5B90_PCS7A5B90_1/1500-1500/anafe-a-gas-bosch-pcs7a5b90-inox-75-cm-anafe-a-gas-bosch-pcs7a5b90-inox-75-cm.jpg,2,,
dr-pcs7a5b90,,,,,,,,,,,,,,https://f.fcdn.app/imgs/263cf9/www.diaril.com.uy/diaruy/dc2d/original/catalogo/PCS7A5B90_PCS7A5B90_1/1920-1200/anafe-a-gas-bosch-pcs7a5b90-inox-75-cm-anafe-a-gas-bosch-pcs7a5b90-inox-75-cm.jpg,3,,
dr-pcs7a5b90,,,,,,,,,,,,,,https://f.fcdn.app/imgs/dba3f5/www.diaril.com.uy/diaruy/b6aa/original/catalogo/PCS7A5B90_PCS7A5B90_2/1500-1500/anafe-a-gas-bosch-pcs7a5b90-inox-75-cm-anafe-a-gas-bosch-pcs7a5b90-inox-75-cm.jpg,4,,
dr-pcs7a5b90,,,,,,,,,,,,,,https://f.fcdn.app/imgs/182882/www.diaril.com.uy/diaruy/b6aa/original/catalogo/PCS7A5B90_PCS7A5B90_2/1920-1200/anafe-a-gas-bosch-pcs7a5b90-inox-75-cm-anafe-a-gas-bosch-pcs7a5b90-inox-75-cm.jpg,5,,
dr-pcs7a5b90,,,,,,,,,,,,,,https://f.fcdn.app/imgs/f699b4/www.diaril.com.uy/diaruy/b6aa/original/catalogo/PCS7A5B90_PCS7A5B90_2/1000x1000/anafe-a-gas-bosch-pcs7a5b90-inox-75-cm-anafe-a-gas-bosch-pcs7a5b90-inox-75-cm.jpg,6,,
dr-pcs7a5b90,,,,,,,,,,,,,,https://f.fcdn.app/imgs/338cbb/www.diaril.com.uy/diaruy/7d78/original/catalogo/PCS7A5B90_PCS7A5B90_3/1500-1500/anafe-a-gas-bosch-pcs7a5b90-inox-75-cm-anafe-a-gas-bosch-pcs7a5b90-inox-75-cm.jpg,7,,
dr-pcs7a5b90,,,,,,,,,,,,,,https://f.fcdn.app/imgs/a0820e/www.diaril.com.uy/diaruy/7d78/original/catalogo/PCS7A5B90_PCS7A5B90_3/1920-1200/anafe-a-gas-bosch-pcs7a5b90-inox-75-cm-anafe-a-gas-bosch-pcs7a5b90-inox-75-cm.jpg,8,,
dr-ppq7a6b90,Anafe a gas Bosch PPQ7A6B90 Vidrio 75 cm,<ul><li>• FlameSelect: Control de precisión absoluta con 9 niveles de potencia definidos</li><li>• Mesada de Cristal Templado Negro: Diseño vanguardista de alta resistencia y fácil limpieza</li><li>• 5 Quemadores de Gas: Máxima versatilidad con un potente quemador Wok central de 4 kW</li><li>• Quemador Wok de Doble Circuito: Potencia dual para sellados rápidos o cocciones a fuego lento</li><li>• Parrillas de Hierro Fundido Individuales: Estabilidad profesional y comodidad para el lavado</li><li>• Sistema de Seguridad Gas Stop: Corte automático de gas si la llama se extingue accidentalmente</li><li>• Mandos Frontales Ergonómicos: Perillas de control preciso para un manejo seguro y confortable</li><li>• Autoencendido Integrado: Activación inmediata con una sola mano desde el propio mando</li><li>• Versatilidad de Instalación: Apta para gas natural (incluye inyectores para gas butano)</li><li>• Dimensiones de 75 cm: Mayor espacio entre quemadores para utilizar recipientes grandes</li></ul>,Bosch,Electro,"Cocinas, Bosch, stock-verificado",TRUE,Color,Anafe a gas Bosch PPQ7A6B90 Vidrio 75 cm,PPQ7A6B90,41409.00,,10,deny,https://f.fcdn.app/imgs/99c7e5/www.diaril.com.uy/diaruy/880e/original/catalogo/PPQ7A6B90_PPQ7A6B90_1/1000x1000/anafe-a-gas-bosch-ppq7a6b90-vidrio-75-cm-anafe-a-gas-bosch-ppq7a6b90-vidrio-75-cm.jpg,1,,
dr-ppq7a6b90,,,,,,,,,,,,,,https://f.fcdn.app/imgs/1dee29/www.diaril.com.uy/diaruy/880e/original/catalogo/PPQ7A6B90_PPQ7A6B90_1/1500-1500/anafe-a-gas-bosch-ppq7a6b90-vidrio-75-cm-anafe-a-gas-bosch-ppq7a6b90-vidrio-75-cm.jpg,2,,
dr-ppq7a6b90,,,,,,,,,,,,,,https://f.fcdn.app/imgs/643658/www.diaril.com.uy/diaruy/880e/original/catalogo/PPQ7A6B90_PPQ7A6B90_1/1920-1200/anafe-a-gas-bosch-ppq7a6b90-vidrio-75-cm-anafe-a-gas-bosch-ppq7a6b90-vidrio-75-cm.jpg,3,,
dr-ppq7a6b90,,,,,,,,,,,,,,https://f.fcdn.app/imgs/422352/www.diaril.com.uy/diaruy/0f50/original/catalogo/PPQ7A6B90_PPQ7A6B90_2/1500-1500/anafe-a-gas-bosch-ppq7a6b90-vidrio-75-cm-anafe-a-gas-bosch-ppq7a6b90-vidrio-75-cm.jpg,4,,
dr-ppq7a6b90,,,,,,,,,,,,,,https://f.fcdn.app/imgs/66e8b4/www.diaril.com.uy/diaruy/0f50/original/catalogo/PPQ7A6B90_PPQ7A6B90_2/1920-1200/anafe-a-gas-bosch-ppq7a6b90-vidrio-75-cm-anafe-a-gas-bosch-ppq7a6b90-vidrio-75-cm.jpg,5,,
dr-ppq7a6b90,,,,,,,,,,,,,,https://f.fcdn.app/imgs/a6a2c8/www.diaril.com.uy/diaruy/0f50/original/catalogo/PPQ7A6B90_PPQ7A6B90_2/1000x1000/anafe-a-gas-bosch-ppq7a6b90-vidrio-75-cm-anafe-a-gas-bosch-ppq7a6b90-vidrio-75-cm.jpg,6,,
dr-ppq7a6b90,,,,,,,,,,,,,,https://f.fcdn.app/imgs/8834d7/www.diaril.com.uy/diaruy/564b/original/catalogo/PPQ7A6B90_PPQ7A6B90_3/1500-1500/anafe-a-gas-bosch-ppq7a6b90-vidrio-75-cm-anafe-a-gas-bosch-ppq7a6b90-vidrio-75-cm.jpg,7,,
dr-ppq7a6b90,,,,,,,,,,,,,,https://f.fcdn.app/imgs/741102/www.diaril.com.uy/diaruy/564b/original/catalogo/PPQ7A6B90_PPQ7A6B90_3/1920-1200/anafe-a-gas-bosch-ppq7a6b90-vidrio-75-cm-anafe-a-gas-bosch-ppq7a6b90-vidrio-75-cm.jpg,8,,
dr-pra3a6i10,Anafe a gas dominó Bosch PRA3A6I10 30 cm,<ul><li>•Cristal vitrocerámico negro.</li><li>•Parrillas individuales de hierro fundido: soporte firme y limpieza fácil.</li><li>•FlameSelect: regulación precisa de la llama con 9 niveles de potencia.</li><li>•Parrillas lavables en el lavavajilla: máxima comodidad a la hora de la limpieza</li><li>•Limpieza fácil: mandos extraíbles y parrillas que se pueden meter en el lavavajillas.</li><li>•Autoencendido integrado en el mando.</li><li>•Sistema de seguridad GasStop: corta el gas cuando se apaga la llama del quemador.</li><li>•Preparada para gas natural.</li><li>•Dimensiones del aparato (Alto x Ancho x Fondo): 47 x 306 x 527 mm.</li><li>•Dimensiones de encastre (ancho x fondo x alto): 270 x 490 x 45 mm.</li></ul>,Bosch,Electro,"Cocinas, Bosch, stock-verificado",TRUE,Color,Anafe a gas dominó Bosch PRA3A6I10 30 cm,PRA3A6I10,37264.00,,10,deny,https://f.fcdn.app/imgs/3b0c8d/www.diaril.com.uy/diaruy/7436/original/catalogo/PRA3A6I10_PRA3A6I10_1/1000x1000/anafe-a-gas-domino-bosch-pra3a6i10-30-cm-anafe-a-gas-domino-bosch-pra3a6i10-30-cm.jpg,1,,
dr-pra3a6i10,,,,,,,,,,,,,,https://f.fcdn.app/imgs/cf779a/www.diaril.com.uy/diaruy/7436/original/catalogo/PRA3A6I10_PRA3A6I10_1/1500-1500/anafe-a-gas-domino-bosch-pra3a6i10-30-cm-anafe-a-gas-domino-bosch-pra3a6i10-30-cm.jpg,2,,
dr-pra3a6i10,,,,,,,,,,,,,,https://f.fcdn.app/imgs/77ae44/www.diaril.com.uy/diaruy/7436/original/catalogo/PRA3A6I10_PRA3A6I10_1/1920-1200/anafe-a-gas-domino-bosch-pra3a6i10-30-cm-anafe-a-gas-domino-bosch-pra3a6i10-30-cm.jpg,3,,
dr-pra3a6i10,,,,,,,,,,,,,,https://f.fcdn.app/imgs/3bf14a/www.diaril.com.uy/diaruy/2011/original/catalogo/PRA3A6I10_PRA3A6I10_2/1500-1500/anafe-a-gas-domino-bosch-pra3a6i10-30-cm-anafe-a-gas-domino-bosch-pra3a6i10-30-cm.jpg,4,,
dr-pra3a6i10,,,,,,,,,,,,,,https://f.fcdn.app/imgs/052687/www.diaril.com.uy/diaruy/2011/original/catalogo/PRA3A6I10_PRA3A6I10_2/1920-1200/anafe-a-gas-domino-bosch-pra3a6i10-30-cm-anafe-a-gas-domino-bosch-pra3a6i10-30-cm.jpg,5,,
dr-pra3a6i10,,,,,,,,,,,,,,https://f.fcdn.app/imgs/39a3ce/www.diaril.com.uy/diaruy/2011/original/catalogo/PRA3A6I10_PRA3A6I10_2/1000x1000/anafe-a-gas-domino-bosch-pra3a6i10-30-cm-anafe-a-gas-domino-bosch-pra3a6i10-30-cm.jpg,6,,
dr-pra3a6i10,,,,,,,,,,,,,,https://f.fcdn.app/imgs/745ca2/www.diaril.com.uy/diaruy/aa92/original/catalogo/PRA3A6I10_PRA3A6I10_3/1500-1500/anafe-a-gas-domino-bosch-pra3a6i10-30-cm-anafe-a-gas-domino-bosch-pra3a6i10-30-cm.jpg,7,,
dr-pra3a6i10,,,,,,,,,,,,,,https://f.fcdn.app/imgs/b1f9e2/www.diaril.com.uy/diaruy/aa92/original/catalogo/PRA3A6I10_PRA3A6I10_3/1920-1200/anafe-a-gas-domino-bosch-pra3a6i10-30-cm-anafe-a-gas-domino-bosch-pra3a6i10-30-cm.jpg,8,,
dr-prb3a6b70,Anafe a gas Bosch PRB3A6B70 30 cm,<ul><li>• FlameSelect: Control de precisión absoluta con 9 niveles de potencia definidos</li><li>• Cristal Vitrocerámico Negro: Máxima resistencia térmica y elegancia de vanguardia</li><li>• Parrillas de Hierro Fundido Lavables: Robustez profesional y aptas para lavavajillas</li><li>• 2 Quemadores de Gas: Eficiencia y potencia optimizadas en formato modular</li><li>• Sistema de Seguridad Gas Stop: Corte automático de gas si la llama se apaga accidentalmente</li><li>• Parrillas Continuas: Diseño que permite desplazar recipientes con total estabilidad y seguridad</li><li>• Autoencendido Integrado: Activación rápida y cómoda desde el mando con una sola mano</li><li>• Terminación Premium: Perfiles laterales que permiten una combinación perfecta con otras placas</li><li>• Mandos Ergonómicos: Perillas diseñadas para un control exacto y un agarre confortable</li><li>• Diseño Dominó de 30 cm: Ideal para espacios selectos o estaciones de cocina personalizadas</li></ul>,Bosch,Electro,"Cocinas, Bosch",TRUE,Color,Anafe a gas Bosch PRB3A6B70 30 cm,PRB3A6B70,34777.00,,0,deny,https://f.fcdn.app/imgs/60340f/www.diaril.com.uy/diaruy/6784/original/catalogo/PRB3A6B70_PRB3A6B70_1/1000x1000/anafe-a-gas-bosch-prb3a6b70-30-cm-anafe-a-gas-bosch-prb3a6b70-30-cm.jpg,1,,
dr-prb3a6b70,,,,,,,,,,,,,,https://f.fcdn.app/imgs/58c57f/www.diaril.com.uy/diaruy/6784/original/catalogo/PRB3A6B70_PRB3A6B70_1/1500-1500/anafe-a-gas-bosch-prb3a6b70-30-cm-anafe-a-gas-bosch-prb3a6b70-30-cm.jpg,2,,
dr-prb3a6b70,,,,,,,,,,,,,,https://f.fcdn.app/imgs/4497fe/www.diaril.com.uy/diaruy/6784/original/catalogo/PRB3A6B70_PRB3A6B70_1/1920-1200/anafe-a-gas-bosch-prb3a6b70-30-cm-anafe-a-gas-bosch-prb3a6b70-30-cm.jpg,3,,
dr-prb3a6b70,,,,,,,,,,,,,,https://f.fcdn.app/imgs/264460/www.diaril.com.uy/diaruy/f430/original/catalogo/PRB3A6B70_PRB3A6B70_2/1500-1500/anafe-a-gas-bosch-prb3a6b70-30-cm-anafe-a-gas-bosch-prb3a6b70-30-cm.jpg,4,,
dr-prb3a6b70,,,,,,,,,,,,,,https://f.fcdn.app/imgs/08f4fb/www.diaril.com.uy/diaruy/f430/original/catalogo/PRB3A6B70_PRB3A6B70_2/1920-1200/anafe-a-gas-bosch-prb3a6b70-30-cm-anafe-a-gas-bosch-prb3a6b70-30-cm.jpg,5,,
dr-prb3a6b70,,,,,,,,,,,,,,https://f.fcdn.app/imgs/dcf0b8/www.diaril.com.uy/diaruy/f430/original/catalogo/PRB3A6B70_PRB3A6B70_2/1000x1000/anafe-a-gas-bosch-prb3a6b70-30-cm-anafe-a-gas-bosch-prb3a6b70-30-cm.jpg,6,,
dr-prb3a6b70,,,,,,,,,,,,,,https://f.fcdn.app/imgs/0a27db/www.diaril.com.uy/diaruy/7428/original/catalogo/PRB3A6B70_PRB3A6B70_3/1500-1500/anafe-a-gas-bosch-prb3a6b70-30-cm-anafe-a-gas-bosch-prb3a6b70-30-cm.jpg,7,,
dr-prb3a6b70,,,,,,,,,,,,,,https://f.fcdn.app/imgs/bca710/www.diaril.com.uy/diaruy/7428/original/catalogo/PRB3A6B70_PRB3A6B70_3/1920-1200/anafe-a-gas-bosch-prb3a6b70-30-cm-anafe-a-gas-bosch-prb3a6b70-30-cm.jpg,8,,
dr-pulsar800,Mixer Ufesa BP Pulsar 800,<ul><li>• Potencia de 800W: Motor de alto rendimiento para procesar todo tipo de alimentos</li><li>• Función Turbo: Máxima potencia inmediata para texturas ultra finas</li><li>• 4 Cuchillas de alta eficacia: Triturado rápido y homogéneo en segundos</li><li>• Pie desmontable de Acero Inoxidable: Máxima higiene y resistencia térmica</li><li>• Diseño Antisalpicaduras: Mantiene tu cocina limpia durante el uso</li><li>• Cuerpo Ergonómico: Agarre cómodo y seguro para un control total</li><li>• Vaso medidor de 600ml incluido: Libre de BPA para una cocina saludable</li><li>• Fácil limpieza: Accesorios desmontables aptos para un lavado rápido</li></ul>,Ufesa,Electro,"Licuadoras, Ufesa, stock-verificado",TRUE,Color,Mixer Ufesa BP Pulsar 800,PULSAR800,2653.00,,10,deny,https://f.fcdn.app/imgs/15c847/www.diaril.com.uy/diaruy/43a8/original/catalogo/PULSAR800_PULSAR800_1/1000x1000/mixer-ufesa-bp-pulsar-800-mixer-ufesa-bp-pulsar-800.jpg,1,,
dr-pulsar800,,,,,,,,,,,,,,https://f.fcdn.app/imgs/bc57f1/www.diaril.com.uy/diaruy/43a8/original/catalogo/PULSAR800_PULSAR800_1/1500-1500/mixer-ufesa-bp-pulsar-800-mixer-ufesa-bp-pulsar-800.jpg,2,,
dr-pulsar800,,,,,,,,,,,,,,https://f.fcdn.app/imgs/d737eb/www.diaril.com.uy/diaruy/43a8/original/catalogo/PULSAR800_PULSAR800_1/1920-1200/mixer-ufesa-bp-pulsar-800-mixer-ufesa-bp-pulsar-800.jpg,3,,
dr-pulsar800,,,,,,,,,,,,,,https://f.fcdn.app/imgs/f9f0f4/www.diaril.com.uy/diaruy/3dda/original/catalogo/PULSAR800_PULSAR800_2/1500-1500/mixer-ufesa-bp-pulsar-800-mixer-ufesa-bp-pulsar-800.jpg,4,,
dr-pulsar800,,,,,,,,,,,,,,https://f.fcdn.app/imgs/d92305/www.diaril.com.uy/diaruy/3dda/original/catalogo/PULSAR800_PULSAR800_2/1920-1200/mixer-ufesa-bp-pulsar-800-mixer-ufesa-bp-pulsar-800.jpg,5,,
dr-pulsar800,,,,,,,,,,,,,,https://f.fcdn.app/imgs/a31d07/www.diaril.com.uy/diaruy/3dda/original/catalogo/PULSAR800_PULSAR800_2/1000x1000/mixer-ufesa-bp-pulsar-800-mixer-ufesa-bp-pulsar-800.jpg,6,,
dr-pulsar800,,,,,,,,,,,,,,https://f.fcdn.app/imgs/9408e0/www.diaril.com.uy/diaruy/43a8/original/catalogo/PULSAR800_PULSAR800_1/2000-2000/mixer-ufesa-bp-pulsar-800-mixer-ufesa-bp-pulsar-800.jpg,7,,
dr-pulsar800,,,,,,,,,,,,,,https://f.fcdn.app/imgs/11af0f/www.diaril.com.uy/diaruy/43a8/original/catalogo/PULSAR800_PULSAR800_1/100x100/mixer-ufesa-bp-pulsar-800-mixer-ufesa-bp-pulsar-800.jpg,8,,
dr-si-cc60ev,Cocina combinada Siam SI-CC60EV,<ul><li>• 4 quemadores a gas / súper gas (1 quemador WOK - Triple llama)</li><li>• Horno eléctrico con resistencia superior e inferior con termostato</li><li>• Termocupla de seguridad</li><li>• Encendido electronico en total</li><li>• Parrillas de quemadores y tapas de quemadores en Hierro Fundido</li><li>• Timer digital programable</li><li>• Luz en horno</li><li>• Tapa superior de vidrio templado</li><li>• Puerta de horno con doble vidrio (COOL DOOR) con vidrio espejado</li><li>• Parrilla cromada y bandeja asadora</li><li>• Aislamiento térmico de lana de roca (excelente en altas temperaturas</li><li>• Medidas: (An. x Prof. x Al.) 600 x 600 x 850 mm</li></ul>,Siam,Electro,"Cocinas, Siam, stock-verificado",TRUE,Color,Cocina combinada Siam SI-CC60EV,SI-CC60EV,30259.00,,10,deny,https://f.fcdn.app/imgs/aaa8b0/www.diaril.com.uy/diaruy/768f/original/catalogo/SI-CC60EV_SI-CC60EV_1/1000x1000/cocina-combinada-siam-si-cc60ev-cocina-combinada-siam-si-cc60ev.jpg,1,,
dr-si-cc60ev,,,,,,,,,,,,,,https://f.fcdn.app/imgs/ef1c3e/www.diaril.com.uy/diaruy/768f/original/catalogo/SI-CC60EV_SI-CC60EV_1/1500-1500/cocina-combinada-siam-si-cc60ev-cocina-combinada-siam-si-cc60ev.jpg,2,,
dr-si-cc60ev,,,,,,,,,,,,,,https://f.fcdn.app/imgs/f990eb/www.diaril.com.uy/diaruy/768f/original/catalogo/SI-CC60EV_SI-CC60EV_1/1920-1200/cocina-combinada-siam-si-cc60ev-cocina-combinada-siam-si-cc60ev.jpg,3,,
dr-si-cc60ev,,,,,,,,,,,,,,https://f.fcdn.app/imgs/aa31ae/www.diaril.com.uy/diaruy/51f5/original/catalogo/SI-CC60EV_SI-CC60EV_2/1500-1500/cocina-combinada-siam-si-cc60ev-cocina-combinada-siam-si-cc60ev.jpg,4,,
dr-si-cc60ev,,,,,,,,,,,,,,https://f.fcdn.app/imgs/09e6fe/www.diaril.com.uy/diaruy/51f5/original/catalogo/SI-CC60EV_SI-CC60EV_2/1920-1200/cocina-combinada-siam-si-cc60ev-cocina-combinada-siam-si-cc60ev.jpg,5,,
dr-si-cc60ev,,,,,,,,,,,,,,https://f.fcdn.app/imgs/ac850a/www.diaril.com.uy/diaruy/51f5/original/catalogo/SI-CC60EV_SI-CC60EV_2/1000x1000/cocina-combinada-siam-si-cc60ev-cocina-combinada-siam-si-cc60ev.jpg,6,,
dr-si-cc60ev,,,,,,,,,,,,,,https://f.fcdn.app/imgs/a55e26/www.diaril.com.uy/diaruy/613a/original/catalogo/SI-CC60EV_SI-CC60EV_3/1500-1500/cocina-combinada-siam-si-cc60ev-cocina-combinada-siam-si-cc60ev.jpg,7,,
dr-si-cc60ev,,,,,,,,,,,,,,https://f.fcdn.app/imgs/1c2bfc/www.diaril.com.uy/diaruy/613a/original/catalogo/SI-CC60EV_SI-CC60EV_3/1920-1200/cocina-combinada-siam-si-cc60ev-cocina-combinada-siam-si-cc60ev.jpg,8,,
dr-tsm6a011w,Molinillo de café Bosch TSM6A011W Blanco,<ul><li>• Cuchillas de Acero Inoxidable: Molido fino y preciso para resaltar todo el aroma del café</li><li>• Capacidad de 75 g: Espacio ideal para moler la cantidad justa para una cafetera completa</li><li>• Potencia de 180 W: Motor eficiente que logra la consistencia deseada en pocos segundos</li><li>• Sistema de Seguridad: El molinillo solo funciona si la tapa está correctamente cerrada</li><li>• Bandeja de Acero Inoxidable: Material duradero e higiénico que facilita la extracción del café</li><li>• Diseño Compacto: Perfecto para cualquier rincón de la cocina sin ocupar espacio excesivo</li></ul>,Bosch,Electro,"Cafeteras, Bosch, stock-verificado",TRUE,Color,Molinillo de café Bosch TSM6A011W Blanco,TSM6A011W,2280.00,,10,deny,https://f.fcdn.app/imgs/3fca1c/www.diaril.com.uy/diaruy/5590/original/catalogo/TSM6A011W_TSM6A011W_1/1000x1000/molinillo-de-cafe-bosch-tsm6a011w-blanco-molinillo-de-cafe-bosch-tsm6a011w-blanco.jpg,1,,
dr-tsm6a011w,,,,,,,,,,,,,,https://f.fcdn.app/imgs/c7737b/www.diaril.com.uy/diaruy/5590/original/catalogo/TSM6A011W_TSM6A011W_1/1500-1500/molinillo-de-cafe-bosch-tsm6a011w-blanco-molinillo-de-cafe-bosch-tsm6a011w-blanco.jpg,2,,
dr-tsm6a011w,,,,,,,,,,,,,,https://f.fcdn.app/imgs/60e6e0/www.diaril.com.uy/diaruy/5590/original/catalogo/TSM6A011W_TSM6A011W_1/1920-1200/molinillo-de-cafe-bosch-tsm6a011w-blanco-molinillo-de-cafe-bosch-tsm6a011w-blanco.jpg,3,,
dr-tsm6a011w,,,,,,,,,,,,,,https://f.fcdn.app/imgs/38a309/www.diaril.com.uy/diaruy/731e/original/catalogo/TSM6A011W_TSM6A011W_2/1500-1500/molinillo-de-cafe-bosch-tsm6a011w-blanco-molinillo-de-cafe-bosch-tsm6a011w-blanco.jpg,4,,
dr-tsm6a011w,,,,,,,,,,,,,,https://f.fcdn.app/imgs/325b1b/www.diaril.com.uy/diaruy/731e/original/catalogo/TSM6A011W_TSM6A011W_2/1920-1200/molinillo-de-cafe-bosch-tsm6a011w-blanco-molinillo-de-cafe-bosch-tsm6a011w-blanco.jpg,5,,
dr-tsm6a011w,,,,,,,,,,,,,,https://f.fcdn.app/imgs/8b4a0c/www.diaril.com.uy/diaruy/731e/original/catalogo/TSM6A011W_TSM6A011W_2/1000x1000/molinillo-de-cafe-bosch-tsm6a011w-blanco-molinillo-de-cafe-bosch-tsm6a011w-blanco.jpg,6,,
dr-tsm6a011w,,,,,,,,,,,,,,https://f.fcdn.app/imgs/fc9433/www.diaril.com.uy/diaruy/8976/original/catalogo/TSM6A011W_TSM6A011W_3/1500-1500/molinillo-de-cafe-bosch-tsm6a011w-blanco-molinillo-de-cafe-bosch-tsm6a011w-blanco.jpg,7,,
dr-tsm6a011w,,,,,,,,,,,,,,https://f.fcdn.app/imgs/24d571/www.diaril.com.uy/diaruy/8976/original/catalogo/TSM6A011W_TSM6A011W_3/1920-1200/molinillo-de-cafe-bosch-tsm6a011w-blanco-molinillo-de-cafe-bosch-tsm6a011w-blanco.jpg,8,,
dr-tsm6a013b,Molinillo de café Bosch TSM6A013B Negro,"<ul><li>• Cuchillas de Acero Inoxidable: Diseñadas para un molido fino, preciso y duradero</li><li>• Potencia de 180 W: Motor eficiente que logra la molienda perfecta en pocos segundos</li><li>• Capacidad de 75 g: Ideal para moler la cantidad justa de granos para una cafetera completa</li><li>• Máxima Seguridad: Sistema de protección que solo permite el funcionamiento con la tapa cerrada</li><li>• Bandeja de Acero Inoxidable: Material higiénico que preserva el aroma y facilita la limpieza</li><li>• Diseño Compacto: Estética moderna y minimalista que ocupa el mínimo espacio en tu cocina</li></ul>",Bosch,Electro,"Cafeteras, Bosch, stock-verificado",TRUE,Color,Molinillo de café Bosch TSM6A013B Negro,TSM6A013B,2280.00,,10,deny,https://f.fcdn.app/imgs/718443/www.diaril.com.uy/diaruy/4d0e/original/catalogo/TSM6A013B_TSM6A013B_1/1000x1000/molinillo-de-cafe-bosch-tsm6a013b-negro-molinillo-de-cafe-bosch-tsm6a013b-negro.jpg,1,,
dr-tsm6a013b,,,,,,,,,,,,,,https://f.fcdn.app/imgs/be9b3c/www.diaril.com.uy/diaruy/4d0e/original/catalogo/TSM6A013B_TSM6A013B_1/1500-1500/molinillo-de-cafe-bosch-tsm6a013b-negro-molinillo-de-cafe-bosch-tsm6a013b-negro.jpg,2,,
dr-tsm6a013b,,,,,,,,,,,,,,https://f.fcdn.app/imgs/735cbb/www.diaril.com.uy/diaruy/4d0e/original/catalogo/TSM6A013B_TSM6A013B_1/1920-1200/molinillo-de-cafe-bosch-tsm6a013b-negro-molinillo-de-cafe-bosch-tsm6a013b-negro.jpg,3,,
dr-tsm6a013b,,,,,,,,,,,,,,https://f.fcdn.app/imgs/364a7c/www.diaril.com.uy/diaruy/2961/original/catalogo/TSM6A013B_TSM6A013B_2/1500-1500/molinillo-de-cafe-bosch-tsm6a013b-negro-molinillo-de-cafe-bosch-tsm6a013b-negro.jpg,4,,
dr-tsm6a013b,,,,,,,,,,,,,,https://f.fcdn.app/imgs/8f9104/www.diaril.com.uy/diaruy/2961/original/catalogo/TSM6A013B_TSM6A013B_2/1920-1200/molinillo-de-cafe-bosch-tsm6a013b-negro-molinillo-de-cafe-bosch-tsm6a013b-negro.jpg,5,,
dr-tsm6a013b,,,,,,,,,,,,,,https://f.fcdn.app/imgs/afbdd9/www.diaril.com.uy/diaruy/2961/original/catalogo/TSM6A013B_TSM6A013B_2/1000x1000/molinillo-de-cafe-bosch-tsm6a013b-negro-molinillo-de-cafe-bosch-tsm6a013b-negro.jpg,6,,
dr-tsm6a013b,,,,,,,,,,,,,,https://f.fcdn.app/imgs/b1ad03/www.diaril.com.uy/diaruy/7145/original/catalogo/TSM6A013B_TSM6A013B_3/1500-1500/molinillo-de-cafe-bosch-tsm6a013b-negro-molinillo-de-cafe-bosch-tsm6a013b-negro.jpg,7,,
dr-tsm6a013b,,,,,,,,,,,,,,https://f.fcdn.app/imgs/433143/www.diaril.com.uy/diaruy/7145/original/catalogo/TSM6A013B_TSM6A013B_3/1920-1200/molinillo-de-cafe-bosch-tsm6a013b-negro-molinillo-de-cafe-bosch-tsm6a013b-negro.jpg,8,,
dr-vbd5780s0,Horno de empotrar Bosch VBD5780S0 Pirolítico 90 cm,"<ul><li>• Capacidad Extra Grande (112 L): Cavidad de 90 cm ideal para cocinar grandes piezas o varios platos en simultáneo</li><li>• Autolimpieza Pirolítica: Sistema que desintegra la suciedad a alta temperatura con 3 niveles de intensidad</li><li>• 10 Funciones de Cocción: Incluye Sistema 3D Profesional, Función Pizza, Grill de amplia superficie y más</li><li>• Clip Rails: Raíles intercambiables en altura para una manipulación cómoda y segura de las bandejas</li><li>• Eficiencia Energética A+: Alto rendimiento con un consumo eléctrico optimizado</li><li>• Display LCD y Mandos Ocultables: Interfaz moderna con luz blanca y perillas que se guardan para una limpieza fácil del panel</li><li>• Precalentamiento Rápido: Alcanza la temperatura deseada en tiempo récord para ahorrar tiempo en la cocina</li><li>• Diseño Premium: Acabado en cristal negro con acero inoxidable, aportando elegancia a tu cocina Diaril</li><li>• Accesorios Profesionales: Incluye bandeja profunda, bandeja plana y parrilla de alta resistencia</li></ul>",Bosch,Electro,"Cocinas, Bosch",TRUE,Color,Horno de empotrar Bosch VBD5780S0 Pirolítico 90 cm,VBD5780S0,187354.00,,0,deny,https://f.fcdn.app/imgs/0ff8f6/www.diaril.com.uy/diaruy/7efe/original/catalogo/VBD5780S0_VBD5780S0_1/1000x1000/horno-de-empotrar-bosch-vbd5780s0-pirolitico-90-cm-horno-de-empotrar-bosch-vbd5780s0-pirolitico-90-cm.jpg,1,,
dr-vbd5780s0,,,,,,,,,,,,,,https://f.fcdn.app/imgs/96493b/www.diaril.com.uy/diaruy/7efe/original/catalogo/VBD5780S0_VBD5780S0_1/1500-1500/horno-de-empotrar-bosch-vbd5780s0-pirolitico-90-cm-horno-de-empotrar-bosch-vbd5780s0-pirolitico-90-cm.jpg,2,,
dr-vbd5780s0,,,,,,,,,,,,,,https://f.fcdn.app/imgs/4da0c9/www.diaril.com.uy/diaruy/7efe/original/catalogo/VBD5780S0_VBD5780S0_1/1920-1200/horno-de-empotrar-bosch-vbd5780s0-pirolitico-90-cm-horno-de-empotrar-bosch-vbd5780s0-pirolitico-90-cm.jpg,3,,
dr-vbd5780s0,,,,,,,,,,,,,,https://f.fcdn.app/imgs/6c6307/www.diaril.com.uy/diaruy/78f0/original/catalogo/VBD5780S0_VBD5780S0_2/1500-1500/horno-de-empotrar-bosch-vbd5780s0-pirolitico-90-cm-horno-de-empotrar-bosch-vbd5780s0-pirolitico-90-cm.jpg,4,,
dr-vbd5780s0,,,,,,,,,,,,,,https://f.fcdn.app/imgs/a28acd/www.diaril.com.uy/diaruy/78f0/original/catalogo/VBD5780S0_VBD5780S0_2/1920-1200/horno-de-empotrar-bosch-vbd5780s0-pirolitico-90-cm-horno-de-empotrar-bosch-vbd5780s0-pirolitico-90-cm.jpg,5,,
dr-vbd5780s0,,,,,,,,,,,,,,https://f.fcdn.app/imgs/dbc3f5/www.diaril.com.uy/diaruy/78f0/original/catalogo/VBD5780S0_VBD5780S0_2/1000x1000/horno-de-empotrar-bosch-vbd5780s0-pirolitico-90-cm-horno-de-empotrar-bosch-vbd5780s0-pirolitico-90-cm.jpg,6,,
dr-vbd5780s0,,,,,,,,,,,,,,https://f.fcdn.app/imgs/02b651/www.diaril.com.uy/diaruy/a9f9/original/catalogo/VBD5780S0_VBD5780S0_3/1500-1500/horno-de-empotrar-bosch-vbd5780s0-pirolitico-90-cm-horno-de-empotrar-bosch-vbd5780s0-pirolitico-90-cm.jpg,7,,
dr-vbd5780s0,,,,,,,,,,,,,,https://f.fcdn.app/imgs/f9f4e2/www.diaril.com.uy/diaruy/a9f9/original/catalogo/VBD5780S0_VBD5780S0_3/1920-1200/horno-de-empotrar-bosch-vbd5780s0-pirolitico-90-cm-horno-de-empotrar-bosch-vbd5780s0-pirolitico-90-cm.jpg,8,,
dr-bbz41fgall,Bolsa de aspiradora Bosch BBZ41FGALL,"<ul><li>• Tecnología PowerProtect: Mantiene la máxima potencia de succión incluso con la bolsa llena</li><li>• Rendimiento Superior: Hasta un 50% más de durabilidad para cambios menos frecuentes</li><li>• Filtrado de Alta Eficiencia: Retiene el 99,9% de las partículas de polvo fino</li><li>• Protección del Motor: Alarga la vida útil de tu aspiradora evitando obstrucciones</li><li>• Compatibilidad Universal: Diseñada para adaptarse a todos los modelos de la línea</li><li>• Diseño Multicapa: Material ultra resistente que evita roturas y fugas de suciedad</li></ul>",Bosch,Electro,"Aspiradoras, Bosch, stock-verificado",TRUE,Color,Bolsa de aspiradora Bosch BBZ41FGALL,BBZ41FGALL,705.00,,10,deny,https://f.fcdn.app/imgs/8c5594/www.diaril.com.uy/diaruy/b8be/original/catalogo/BBZ41FGALL_BBZ41FGALL_1/1000x1000/bolsa-de-aspiradora-bosch-bbz41fgall-bolsa-de-aspiradora-bosch-bbz41fgall.jpg,1,,
dr-bbz41fgall,,,,,,,,,,,,,,https://f.fcdn.app/imgs/3b679d/www.diaril.com.uy/diaruy/b8be/original/catalogo/BBZ41FGALL_BBZ41FGALL_1/1500-1500/bolsa-de-aspiradora-bosch-bbz41fgall-bolsa-de-aspiradora-bosch-bbz41fgall.jpg,2,,
dr-bbz41fgall,,,,,,,,,,,,,,https://f.fcdn.app/imgs/f14cd8/www.diaril.com.uy/diaruy/b8be/original/catalogo/BBZ41FGALL_BBZ41FGALL_1/1920-1200/bolsa-de-aspiradora-bosch-bbz41fgall-bolsa-de-aspiradora-bosch-bbz41fgall.jpg,3,,
dr-bbz41fgall,,,,,,,,,,,,,,https://f.fcdn.app/imgs/86c3c5/www.diaril.com.uy/diaruy/19ed/original/catalogo/BBZ41FGALL_BBZ41FGALL_2/1500-1500/bolsa-de-aspiradora-bosch-bbz41fgall-bolsa-de-aspiradora-bosch-bbz41fgall.jpg,4,,
dr-bbz41fgall,,,,,,,,,,,,,,https://f.fcdn.app/imgs/a6e669/www.diaril.com.uy/diaruy/19ed/original/catalogo/BBZ41FGALL_BBZ41FGALL_2/1920-1200/bolsa-de-aspiradora-bosch-bbz41fgall-bolsa-de-aspiradora-bosch-bbz41fgall.jpg,5,,
dr-bbz41fgall,,,,,,,,,,,,,,https://f.fcdn.app/imgs/2b9612/www.diaril.com.uy/diaruy/19ed/original/catalogo/BBZ41FGALL_BBZ41FGALL_2/1000x1000/bolsa-de-aspiradora-bosch-bbz41fgall-bolsa-de-aspiradora-bosch-bbz41fgall.jpg,6,,
dr-bbz41fgall,,,,,,,,,,,,,,https://f.fcdn.app/imgs/d18ff9/www.diaril.com.uy/diaruy/5fe1/original/catalogo/BBZ41FGALL_BBZ41FGALL_3/1500-1500/bolsa-de-aspiradora-bosch-bbz41fgall-bolsa-de-aspiradora-bosch-bbz41fgall.jpg,7,,
dr-bbz41fgall,,,,,,,,,,,,,,https://f.fcdn.app/imgs/c8b1fe/www.diaril.com.uy/diaruy/5fe1/original/catalogo/BBZ41FGALL_BBZ41FGALL_3/1920-1200/bolsa-de-aspiradora-bosch-bbz41fgall-bolsa-de-aspiradora-bosch-bbz41fgall.jpg,8,,
dr-bsnutrimix,Licuadora personal Ufesa Nutrimix,"<ul><li>• Potencia: 900 W</li><li>• Cuchillas extractoras de alta eficiencia</li><li>• Capacidad para triturar semillas, piel y tallos</li><li>• Tritura fruta congelada y hielo tipo cóctel</li><li>• Diseño de fácil desmontaje para limpieza</li><li>• Accesorios incluidos:</li><li>Tapa Sip & Seal (para llevar)</li><li>Cuchilla de batir y cuchilla de moler</li><li>Tapa de sellado para el vaso</li><li>Jarra de 0,5 L y jarra de 0,8 L</li></ul>",Ufesa,Electro,"Licuadoras, Ufesa, stock-verificado",TRUE,Color,Licuadora personal Ufesa Nutrimix,BS NUTRIMIX,4767.00,,10,deny,https://f.fcdn.app/imgs/c6ca8e/www.diaril.com.uy/diaruy/be57/original/catalogo/BSNUTRIMIX_BSNUTRIMIX_1/1000x1000/licuadora-personal-ufesa-nutrimix-licuadora-personal-ufesa-nutrimix.jpg,1,,
dr-bsnutrimix,,,,,,,,,,,,,,https://f.fcdn.app/imgs/845ffe/www.diaril.com.uy/diaruy/be57/original/catalogo/BSNUTRIMIX_BSNUTRIMIX_1/1500-1500/licuadora-personal-ufesa-nutrimix-licuadora-personal-ufesa-nutrimix.jpg,2,,
dr-bsnutrimix,,,,,,,,,,,,,,https://f.fcdn.app/imgs/2717ca/www.diaril.com.uy/diaruy/be57/original/catalogo/BSNUTRIMIX_BSNUTRIMIX_1/1920-1200/licuadora-personal-ufesa-nutrimix-licuadora-personal-ufesa-nutrimix.jpg,3,,
dr-bsnutrimix,,,,,,,,,,,,,,https://f.fcdn.app/imgs/41454c/www.diaril.com.uy/diaruy/78f0/original/catalogo/BSNUTRIMIX_BSNUTRIMIX_2/1500-1500/licuadora-personal-ufesa-nutrimix-licuadora-personal-ufesa-nutrimix.jpg,4,,
dr-bsnutrimix,,,,,,,,,,,,,,https://f.fcdn.app/imgs/c76450/www.diaril.com.uy/diaruy/78f0/original/catalogo/BSNUTRIMIX_BSNUTRIMIX_2/1920-1200/licuadora-personal-ufesa-nutrimix-licuadora-personal-ufesa-nutrimix.jpg,5,,
dr-bsnutrimix,,,,,,,,,,,,,,https://f.fcdn.app/imgs/4914cb/www.diaril.com.uy/diaruy/78f0/original/catalogo/BSNUTRIMIX_BSNUTRIMIX_2/1000x1000/licuadora-personal-ufesa-nutrimix-licuadora-personal-ufesa-nutrimix.jpg,6,,
dr-bsnutrimix,,,,,,,,,,,,,,https://f.fcdn.app/imgs/9b97d0/www.diaril.com.uy/diaruy/9c50/original/catalogo/BSNUTRIMIX_BSNUTRIMIX_3/1500-1500/licuadora-personal-ufesa-nutrimix-licuadora-personal-ufesa-nutrimix.jpg,7,,
dr-bsnutrimix,,,,,,,,,,,,,,https://f.fcdn.app/imgs/86102b/www.diaril.com.uy/diaruy/9c50/original/catalogo/BSNUTRIMIX_BSNUTRIMIX_3/1920-1200/licuadora-personal-ufesa-nutrimix-licuadora-personal-ufesa-nutrimix.jpg,8,,
dr-fut-30g-us,Ventilador de Mesa Futura FUT-30G-US,"<ul><li>• Diámetro: 30 cm (12 pulgadas), ideal para mesas o escritorios</li><li>• Potencia: 40 W para un flujo de aire refrescante y constante</li><li>• Parrilla de seguridad con diseño ""Panal de Abejas"" de trama cerrada</li><li>• 3 Aspas de alto rendimiento para una ventilación silenciosa</li><li>• Cabezal Oscilante 180° para una cobertura total del ambiente</li><li>• 3 Velocidades regulables para personalizar tu confort</li><li>• Diseño compacto y ligero, fácil de trasladar entre habitaciones</li></ul>",Futura,Electro,"Climatización, Futura, stock-verificado",TRUE,Color,Ventilador de Mesa Futura FUT-30G-US,FUT-30G-US,1244.00,,10,deny,https://f.fcdn.app/imgs/8c1b48/www.diaril.com.uy/diaruy/d2ff/original/catalogo/FUT-30G-US_FUT-30G-US_1/1000x1000/ventilador-de-mesa-futura-fut-30g-us-ventilador-de-mesa-futura-fut-30g-us.jpg,1,,
dr-fut-30g-us,,,,,,,,,,,,,,https://f.fcdn.app/imgs/639a30/www.diaril.com.uy/diaruy/d2ff/original/catalogo/FUT-30G-US_FUT-30G-US_1/1500-1500/ventilador-de-mesa-futura-fut-30g-us-ventilador-de-mesa-futura-fut-30g-us.jpg,2,,
dr-fut-30g-us,,,,,,,,,,,,,,https://f.fcdn.app/imgs/dc9dbe/www.diaril.com.uy/diaruy/d2ff/original/catalogo/FUT-30G-US_FUT-30G-US_1/1920-1200/ventilador-de-mesa-futura-fut-30g-us-ventilador-de-mesa-futura-fut-30g-us.jpg,3,,
dr-fut-30g-us,,,,,,,,,,,,,,https://f.fcdn.app/imgs/13a83b/www.diaril.com.uy/diaruy/d2ff/original/catalogo/FUT-30G-US_FUT-30G-US_1/2000-2000/ventilador-de-mesa-futura-fut-30g-us-ventilador-de-mesa-futura-fut-30g-us.jpg,4,,
dr-fut-30g-us,,,,,,,,,,,,,,https://f.fcdn.app/imgs/fcf35d/www.diaril.com.uy/diaruy/d2ff/original/catalogo/FUT-30G-US_FUT-30G-US_1/100x100/ventilador-de-mesa-futura-fut-30g-us-ventilador-de-mesa-futura-fut-30g-us.jpg,5,,
dr-fut-30g-us,,,,,,,,,,,,,,https://f.fcdn.app/imgs/2b90d3/www.diaril.com.uy/diaruy/d2ff/original/catalogo/FUT-30G-US_FUT-30G-US_1/1000_1000/ventilador-de-mesa-futura-fut-30g-us-ventilador-de-mesa-futura-fut-30g-us.jpg,6,,
dr-fut-510sbs,Heladera Side by Side Futura Plus FUT-510SBS 489 L,"<ul><li>• Frío seco. Eficiencia energética A</li><li>• Capacidad neta total: 489 litros</li><li>• Cap. neta del congelador: 156 litros</li><li>• Cap. neta del refrigerador: 333 litros</li><li>• Puertas de acero inoxidable</li><li>• Tiradores de aluminio</li><li>• Pantalla táctil de visualización y de control</li><li>• Control electrónico para obtener una temperatura más precisa</li><li>• Con dispensador de hielo (molido o en cubos) y agua</li><li>• Fabrica de hielo automática</li><li>• Luz LED</li><li>• Refrigerador: Botellero cromado / 3 estantes, vidrio templado anti-derrame / 2 cajones transparentes</li><li>• Congelador: 3 estantes, vidrio templado anti-derrame / 2 cajones transparentes</li><li>• Puertas con estantes transparentes</li><li>• Purificador de agua integrado con filtro de agua de carbón activo</li><li>• MULTI-AIR FLOW: Flujo de aire múltiple</li><li>• Alarma de puerta abierta</li><li>• Función de súper congelación y súper enfriamiento con desconexión automática</li><li>• Modo de bloqueo para niños / Modo vacaciones</li><li>• Medidas: (An. x Prof. x Al.) 89.5 x 74.5 x 179 cm</li></ul>",Futura,Electro,"Heladeras, Futura, stock-verificado",TRUE,Color,Heladera Side by Side Futura Plus FUT-510SBS 489 L,FUT-510SBS,69222.00,,10,deny,https://f.fcdn.app/imgs/92a191/www.diaril.com.uy/diaruy/9718/original/catalogo/FUT-510SBS_FUT-510SBS_1/1000x1000/heladera-side-by-side-futura-plus-fut-510sbs-489-l-heladera-side-by-side-futura-plus-fut-510sbs-489-l.jpg,1,,
dr-fut-510sbs,,,,,,,,,,,,,,https://f.fcdn.app/imgs/072a53/www.diaril.com.uy/diaruy/9718/original/catalogo/FUT-510SBS_FUT-510SBS_1/1500-1500/heladera-side-by-side-futura-plus-fut-510sbs-489-l-heladera-side-by-side-futura-plus-fut-510sbs-489-l.jpg,2,,
dr-fut-510sbs,,,,,,,,,,,,,,https://f.fcdn.app/imgs/ddcea5/www.diaril.com.uy/diaruy/9718/original/catalogo/FUT-510SBS_FUT-510SBS_1/1920-1200/heladera-side-by-side-futura-plus-fut-510sbs-489-l-heladera-side-by-side-futura-plus-fut-510sbs-489-l.jpg,3,,
dr-fut-510sbs,,,,,,,,,,,,,,https://f.fcdn.app/imgs/10b847/www.diaril.com.uy/diaruy/5c84/original/catalogo/FUT-510SBS_FUT-510SBS_2/1500-1500/heladera-side-by-side-futura-plus-fut-510sbs-489-l-heladera-side-by-side-futura-plus-fut-510sbs-489-l.jpg,4,,
dr-fut-510sbs,,,,,,,,,,,,,,https://f.fcdn.app/imgs/5da4a9/www.diaril.com.uy/diaruy/5c84/original/catalogo/FUT-510SBS_FUT-510SBS_2/1920-1200/heladera-side-by-side-futura-plus-fut-510sbs-489-l-heladera-side-by-side-futura-plus-fut-510sbs-489-l.jpg,5,,
dr-fut-510sbs,,,,,,,,,,,,,,https://f.fcdn.app/imgs/4cb462/www.diaril.com.uy/diaruy/5c84/original/catalogo/FUT-510SBS_FUT-510SBS_2/1000x1000/heladera-side-by-side-futura-plus-fut-510sbs-489-l-heladera-side-by-side-futura-plus-fut-510sbs-489-l.jpg,6,,
dr-fut-510sbs,,,,,,,,,,,,,,https://f.fcdn.app/imgs/cff858/www.diaril.com.uy/diaruy/8ef1/original/catalogo/FUT-510SBS_FUT-510SBS_3/1500-1500/heladera-side-by-side-futura-plus-fut-510sbs-489-l-heladera-side-by-side-futura-plus-fut-510sbs-489-l.jpg,7,,
dr-fut-510sbs,,,,,,,,,,,,,,https://f.fcdn.app/imgs/b0c5e5/www.diaril.com.uy/diaruy/8ef1/original/catalogo/FUT-510SBS_FUT-510SBS_3/1920-1200/heladera-side-by-side-futura-plus-fut-510sbs-489-l-heladera-side-by-side-futura-plus-fut-510sbs-489-l.jpg,8,,
dr-fut-60cm4x,Cocina combinada Futura Plus FUT-60CM4X Barcelona,<ul><li>• Sistema Mixto: Mesada a gas y Horno Eléctrico de alto rendimiento</li><li>• 4 Quemadores Euro Type: Incluye 1 quemador WOK de triple llama</li><li>• Horno Eléctrico con Convección: Capacidad de 65 Litros</li><li>• Eficiencia Energética Clase A: Consumo optimizado</li><li>• Timer Digital Programable para un control exacto de los tiempos</li><li>• Mesada de Acero Inoxidable con elegante tapa de vidrio protectora</li><li>• Seguridad Total: Válvula de seguridad (termocupla) y encendido electrónico</li><li>• Puerta Fría con doble vidrio desmontable y visor panorámico</li><li>• Compartimiento Calientaplatos inferior</li><li>• Aislamiento térmico de alta densidad en lana mineral</li><li>• Medidas estándar: 60 x 60 x 85 cm</li></ul>,Futura,Electro,"Cocinas, Futura",TRUE,Color,Cocina combinada Futura Plus FUT-60CM4X Barcelona,FUT-60CM4X,31502.00,,0,deny,https://f.fcdn.app/imgs/7b60bf/www.diaril.com.uy/diaruy/0d3e/original/catalogo/FUT-60CM4X_FUT-60CM4X_1/1000x1000/cocina-combinada-futura-plus-fut-60cm4x-barcelona-cocina-combinada-futura-plus-fut-60cm4x-barcelona.jpg,1,,
dr-fut-60cm4x,,,,,,,,,,,,,,https://f.fcdn.app/imgs/b8aa1d/www.diaril.com.uy/diaruy/0d3e/original/catalogo/FUT-60CM4X_FUT-60CM4X_1/1500-1500/cocina-combinada-futura-plus-fut-60cm4x-barcelona-cocina-combinada-futura-plus-fut-60cm4x-barcelona.jpg,2,,
dr-fut-60cm4x,,,,,,,,,,,,,,https://f.fcdn.app/imgs/4c9a65/www.diaril.com.uy/diaruy/0d3e/original/catalogo/FUT-60CM4X_FUT-60CM4X_1/1920-1200/cocina-combinada-futura-plus-fut-60cm4x-barcelona-cocina-combinada-futura-plus-fut-60cm4x-barcelona.jpg,3,,
dr-fut-60cm4x,,,,,,,,,,,,,,https://f.fcdn.app/imgs/e3db07/www.diaril.com.uy/diaruy/6186/original/catalogo/FUT-60CM4X_FUT-60CM4X_2/1500-1500/cocina-combinada-futura-plus-fut-60cm4x-barcelona-cocina-combinada-futura-plus-fut-60cm4x-barcelona.jpg,4,,
dr-fut-60cm4x,,,,,,,,,,,,,,https://f.fcdn.app/imgs/94f842/www.diaril.com.uy/diaruy/6186/original/catalogo/FUT-60CM4X_FUT-60CM4X_2/1920-1200/cocina-combinada-futura-plus-fut-60cm4x-barcelona-cocina-combinada-futura-plus-fut-60cm4x-barcelona.jpg,5,,
dr-fut-60cm4x,,,,,,,,,,,,,,https://f.fcdn.app/imgs/eb59e3/www.diaril.com.uy/diaruy/6186/original/catalogo/FUT-60CM4X_FUT-60CM4X_2/1000x1000/cocina-combinada-futura-plus-fut-60cm4x-barcelona-cocina-combinada-futura-plus-fut-60cm4x-barcelona.jpg,6,,
dr-fut-60cm4x,,,,,,,,,,,,,,https://f.fcdn.app/imgs/80237f/www.diaril.com.uy/diaruy/2915/original/catalogo/FUT-60CM4X_FUT-60CM4X_3/1500-1500/cocina-combinada-futura-plus-fut-60cm4x-barcelona-cocina-combinada-futura-plus-fut-60cm4x-barcelona.jpg,7,,
dr-fut-60cm4x,,,,,,,,,,,,,,https://f.fcdn.app/imgs/6b9715/www.diaril.com.uy/diaruy/2915/original/catalogo/FUT-60CM4X_FUT-60CM4X_3/1920-1200/cocina-combinada-futura-plus-fut-60cm4x-barcelona-cocina-combinada-futura-plus-fut-60cm4x-barcelona.jpg,8,,
dr-fut-60vc4g,Cocina vitrocerámica Futura Plus FUT-60VC4G Vitoria,"<ul><li>• Calidad Premium: Producto de fabricación europea</li><li>• Mesada Vitrocerámica de 4 zonas de alta eficiencia</li><li>• Horno de gran capacidad: 65 Litros con sistema de Convección</li><li>• Eficiencia Energética Clase A: Rendimiento superior con bajo consumo</li><li>• Diseño Minimalista: Panel de mandos y panel inferior en vidrio negro</li><li>• Puerta Fría con doble vidrio desmontable y visor total</li><li>• Termostato ajustable para un control exacto de la temperatura</li><li>• Aislamiento térmico en lana mineral de alta densidad</li><li>• Timer mecánico con alerta de finalización</li><li>• Equipamiento completo: Luz en horno, bandeja esmaltada y rejilla cromada</li><li>• Medidas estándar: 60 x 60 x 85 cm con patas ajustables</li></ul>",Futura,Electro,"Cocinas, Futura, stock-verificado",TRUE,Color,Cocina vitrocerámica Futura Plus FUT-60VC4G Vitoria,FUT-60VC4G,32331.00,,10,deny,https://f.fcdn.app/imgs/418ce3/www.diaril.com.uy/diaruy/d4e1/original/catalogo/FUT-60VC4G_FUT-60VC4G_1/1000x1000/cocina-vitroceramica-futura-plus-fut-60vc4g-vitoria-cocina-vitroceramica-futura-plus-fut-60vc4g-vitoria.jpg,1,,
dr-fut-60vc4g,,,,,,,,,,,,,,https://f.fcdn.app/imgs/6ee303/www.diaril.com.uy/diaruy/d4e1/original/catalogo/FUT-60VC4G_FUT-60VC4G_1/1500-1500/cocina-vitroceramica-futura-plus-fut-60vc4g-vitoria-cocina-vitroceramica-futura-plus-fut-60vc4g-vitoria.jpg,2,,
dr-fut-60vc4g,,,,,,,,,,,,,,https://f.fcdn.app/imgs/c6cf19/www.diaril.com.uy/diaruy/d4e1/original/catalogo/FUT-60VC4G_FUT-60VC4G_1/1920-1200/cocina-vitroceramica-futura-plus-fut-60vc4g-vitoria-cocina-vitroceramica-futura-plus-fut-60vc4g-vitoria.jpg,3,,
dr-fut-60vc4g,,,,,,,,,,,,,,https://f.fcdn.app/imgs/723781/www.diaril.com.uy/diaruy/16a2/original/catalogo/FUT-60VC4G_FUT-60VC4G_2/1500-1500/cocina-vitroceramica-futura-plus-fut-60vc4g-vitoria-cocina-vitroceramica-futura-plus-fut-60vc4g-vitoria.jpg,4,,
dr-fut-60vc4g,,,,,,,,,,,,,,https://f.fcdn.app/imgs/0ffbc6/www.diaril.com.uy/diaruy/16a2/original/catalogo/FUT-60VC4G_FUT-60VC4G_2/1920-1200/cocina-vitroceramica-futura-plus-fut-60vc4g-vitoria-cocina-vitroceramica-futura-plus-fut-60vc4g-vitoria.jpg,5,,
dr-fut-60vc4g,,,,,,,,,,,,,,https://f.fcdn.app/imgs/a6b491/www.diaril.com.uy/diaruy/16a2/original/catalogo/FUT-60VC4G_FUT-60VC4G_2/1000x1000/cocina-vitroceramica-futura-plus-fut-60vc4g-vitoria-cocina-vitroceramica-futura-plus-fut-60vc4g-vitoria.jpg,6,,
dr-fut-60vc4g,,,,,,,,,,,,,,https://f.fcdn.app/imgs/3606e3/www.diaril.com.uy/diaruy/e213/original/catalogo/FUT-60VC4G_FUT-60VC4G_3/1500-1500/cocina-vitroceramica-futura-plus-fut-60vc4g-vitoria-cocina-vitroceramica-futura-plus-fut-60vc4g-vitoria.jpg,7,,
dr-fut-60vc4g,,,,,,,,,,,,,,https://f.fcdn.app/imgs/ddbc5f/www.diaril.com.uy/diaruy/e213/original/catalogo/FUT-60VC4G_FUT-60VC4G_3/1920-1200/cocina-vitroceramica-futura-plus-fut-60vc4g-vitoria-cocina-vitroceramica-futura-plus-fut-60vc4g-vitoria.jpg,8,,
dr-fut-af42mb,Freidora de aire Futura FUT-AF42MB 4.2 L,<ul><li>• Cubeta Panorámica: Ventana de visualización y luz interior integrada</li><li>• Capacidad: 4.2 Litros (Ideal para parejas o familias pequeñas)</li><li>• Potencia: 1200 W para un consumo energético eficiente</li><li>• Mandos Manuales: Control intuitivo de alta durabilidad</li><li>• Temporizador Extendido: Programable hasta 60 minutos</li><li>• Rango Térmico: Control de temperatura de 80°C a 200°C</li><li>• Higiene Facilitada: Cesta y rejilla antiadherente totalmente desmontables</li><li>• Tecnología de Aire Circular: Resultados crujientes con mínimo aceite</li></ul>,Futura,Electro,"Freidoras, Futura, stock-verificado",TRUE,Color,Freidora de aire Futura FUT-AF42MB 4.2 L,FUT-AF42MB,3689.00,,10,deny,https://f.fcdn.app/imgs/bbacb5/www.diaril.com.uy/diaruy/eb81/original/catalogo/FUT-AF42MB_FUT-AF42MB_1/1000x1000/freidora-de-aire-futura-fut-af42mb-4-2-l-freidora-de-aire-futura-fut-af42mb-4-2-l.jpg,1,,
dr-fut-af42mb,,,,,,,,,,,,,,https://f.fcdn.app/imgs/d95855/www.diaril.com.uy/diaruy/eb81/original/catalogo/FUT-AF42MB_FUT-AF42MB_1/1500-1500/freidora-de-aire-futura-fut-af42mb-4-2-l-freidora-de-aire-futura-fut-af42mb-4-2-l.jpg,2,,
dr-fut-af42mb,,,,,,,,,,,,,,https://f.fcdn.app/imgs/5408d5/www.diaril.com.uy/diaruy/eb81/original/catalogo/FUT-AF42MB_FUT-AF42MB_1/1920-1200/freidora-de-aire-futura-fut-af42mb-4-2-l-freidora-de-aire-futura-fut-af42mb-4-2-l.jpg,3,,
dr-fut-af42mb,,,,,,,,,,,,,,https://f.fcdn.app/imgs/db04e4/www.diaril.com.uy/diaruy/57cc/original/catalogo/FUT-AF42MB_FUT-AF42MB_2/1500-1500/freidora-de-aire-futura-fut-af42mb-4-2-l-freidora-de-aire-futura-fut-af42mb-4-2-l.jpg,4,,
dr-fut-af42mb,,,,,,,,,,,,,,https://f.fcdn.app/imgs/d9adc7/www.diaril.com.uy/diaruy/57cc/original/catalogo/FUT-AF42MB_FUT-AF42MB_2/1920-1200/freidora-de-aire-futura-fut-af42mb-4-2-l-freidora-de-aire-futura-fut-af42mb-4-2-l.jpg,5,,
dr-fut-af42mb,,,,,,,,,,,,,,https://f.fcdn.app/imgs/de3331/www.diaril.com.uy/diaruy/57cc/original/catalogo/FUT-AF42MB_FUT-AF42MB_2/1000x1000/freidora-de-aire-futura-fut-af42mb-4-2-l-freidora-de-aire-futura-fut-af42mb-4-2-l.jpg,6,,
dr-fut-af42mb,,,,,,,,,,,,,,https://f.fcdn.app/imgs/bbdbe4/www.diaril.com.uy/diaruy/07c6/original/catalogo/FUT-AF42MB_FUT-AF42MB_3/1500-1500/freidora-de-aire-futura-fut-af42mb-4-2-l-freidora-de-aire-futura-fut-af42mb-4-2-l.jpg,7,,
dr-fut-af42mb,,,,,,,,,,,,,,https://f.fcdn.app/imgs/a18a4d/www.diaril.com.uy/diaruy/07c6/original/catalogo/FUT-AF42MB_FUT-AF42MB_3/1920-1200/freidora-de-aire-futura-fut-af42mb-4-2-l-freidora-de-aire-futura-fut-af42mb-4-2-l.jpg,8,,
dr-fut-af45mb,Freidora de aire Futura FUT-AF45MB 4.5 L,<ul><li>• Capacidad: 4.5 Litros (Ideal para raciones familiares diarias)</li><li>• Potencia: 1350 W para una cocción rápida y uniforme</li><li>• Motor de Cobre: Alta durabilidad y mejor rendimiento térmico</li><li>• Mandos Manuales de alta resistencia y uso intuitivo</li><li>• Rango de Temperatura: Ajustable de 80ºC a 200ºC</li><li>• Timer programable hasta 30 minutos con alerta</li><li>• Seguridad Total: Protección contra sobrecalentamiento y patas antideslizantes</li><li>• Cesta desmontable con recubrimiento antiadherente de fácil limpieza</li><li>• Diseño Compacto: Dimensiones de 23.5 x 23.5 x 30 cm</li><li>• Luz indicadora de funcionamiento integrada</li></ul>,Futura,Electro,"Freidoras, Futura, stock-verificado",TRUE,Color,Freidora de aire Futura FUT-AF45MB 4.5 L,FUT-AF45MB,3689.00,,10,deny,https://f.fcdn.app/imgs/16af9e/www.diaril.com.uy/diaruy/829f/original/catalogo/FUT-AF45MB_FUT-AF45MB_1/1000x1000/freidora-de-aire-futura-fut-af45mb-4-5-l-freidora-de-aire-futura-fut-af45mb-4-5-l.jpg,1,,
dr-fut-af45mb,,,,,,,,,,,,,,https://f.fcdn.app/imgs/300c4a/www.diaril.com.uy/diaruy/829f/original/catalogo/FUT-AF45MB_FUT-AF45MB_1/1500-1500/freidora-de-aire-futura-fut-af45mb-4-5-l-freidora-de-aire-futura-fut-af45mb-4-5-l.jpg,2,,
dr-fut-af45mb,,,,,,,,,,,,,,https://f.fcdn.app/imgs/54f547/www.diaril.com.uy/diaruy/829f/original/catalogo/FUT-AF45MB_FUT-AF45MB_1/1920-1200/freidora-de-aire-futura-fut-af45mb-4-5-l-freidora-de-aire-futura-fut-af45mb-4-5-l.jpg,3,,
dr-fut-af45mb,,,,,,,,,,,,,,https://f.fcdn.app/imgs/d2fdae/www.diaril.com.uy/diaruy/829f/original/catalogo/FUT-AF45MB_FUT-AF45MB_1/2000-2000/freidora-de-aire-futura-fut-af45mb-4-5-l-freidora-de-aire-futura-fut-af45mb-4-5-l.jpg,4,,
dr-fut-af45mb,,,,,,,,,,,,,,https://f.fcdn.app/imgs/5a3458/www.diaril.com.uy/diaruy/829f/original/catalogo/FUT-AF45MB_FUT-AF45MB_1/100x100/freidora-de-aire-futura-fut-af45mb-4-5-l-freidora-de-aire-futura-fut-af45mb-4-5-l.jpg,5,,
dr-fut-af45mb,,,,,,,,,,,,,,https://f.fcdn.app/imgs/d8f981/www.diaril.com.uy/diaruy/829f/original/catalogo/FUT-AF45MB_FUT-AF45MB_1/1000_1000/freidora-de-aire-futura-fut-af45mb-4-5-l-freidora-de-aire-futura-fut-af45mb-4-5-l.jpg,6,,
dr-fut-af45mi,Freidora de Aire Futura FUT-AF45MI 4.5 L Marfil,<ul><li>• Elegante diseño en color Marfil con acabados premium</li><li>• Ventana Visual: Controla el dorado de tus alimentos sin abrir la cubeta</li><li>• Capacidad: 4.5 Litros (Ideal para 3 a 4 personas)</li><li>• Potencia: 1350 W para una cocción rápida y crujiente</li><li>• Panel de mandos manual de alta durabilidad y uso intuitivo</li><li>• Temporizador ajustable hasta 60 minutos</li><li>• Control de Temperatura: Regulable entre 80°C y 200°C</li><li>• Cesta y rejilla con recubrimiento antiadherente desmontables</li><li>• Tecnología de circulación de aire 360° para frituras sin aceite</li></ul>,Futura,Electro,"Freidoras, Futura, stock-verificado",TRUE,Color,Freidora de Aire Futura FUT-AF45MI 4.5 L Marfil,FUT-AF45MI,3938.00,,10,deny,https://f.fcdn.app/imgs/8664f1/www.diaril.com.uy/diaruy/52a1/original/catalogo/FUT-AF45MI_FUT-AF45MI_1/1000x1000/freidora-de-aire-futura-fut-af45mi-4-5-l-marfil-freidora-de-aire-futura-fut-af45mi-4-5-l-marfil.jpg,1,,
dr-fut-af45mi,,,,,,,,,,,,,,https://f.fcdn.app/imgs/f24257/www.diaril.com.uy/diaruy/52a1/original/catalogo/FUT-AF45MI_FUT-AF45MI_1/1500-1500/freidora-de-aire-futura-fut-af45mi-4-5-l-marfil-freidora-de-aire-futura-fut-af45mi-4-5-l-marfil.jpg,2,,
dr-fut-af45mi,,,,,,,,,,,,,,https://f.fcdn.app/imgs/7acbf9/www.diaril.com.uy/diaruy/52a1/original/catalogo/FUT-AF45MI_FUT-AF45MI_1/1920-1200/freidora-de-aire-futura-fut-af45mi-4-5-l-marfil-freidora-de-aire-futura-fut-af45mi-4-5-l-marfil.jpg,3,,
dr-fut-af45mi,,,,,,,,,,,,,,https://f.fcdn.app/imgs/b43d92/www.diaril.com.uy/diaruy/a7eb/original/catalogo/FUT-AF45MI_FUT-AF45MI_2/1500-1500/freidora-de-aire-futura-fut-af45mi-4-5-l-marfil-freidora-de-aire-futura-fut-af45mi-4-5-l-marfil.jpg,4,,
dr-fut-af45mi,,,,,,,,,,,,,,https://f.fcdn.app/imgs/0d6ba1/www.diaril.com.uy/diaruy/a7eb/original/catalogo/FUT-AF45MI_FUT-AF45MI_2/1920-1200/freidora-de-aire-futura-fut-af45mi-4-5-l-marfil-freidora-de-aire-futura-fut-af45mi-4-5-l-marfil.jpg,5,,
dr-fut-af45mi,,,,,,,,,,,,,,https://f.fcdn.app/imgs/112bd4/www.diaril.com.uy/diaruy/a7eb/original/catalogo/FUT-AF45MI_FUT-AF45MI_2/1000x1000/freidora-de-aire-futura-fut-af45mi-4-5-l-marfil-freidora-de-aire-futura-fut-af45mi-4-5-l-marfil.jpg,6,,
dr-fut-af45mi,,,,,,,,,,,,,,https://f.fcdn.app/imgs/619ac3/www.diaril.com.uy/diaruy/52a1/original/catalogo/FUT-AF45MI_FUT-AF45MI_1/2000-2000/freidora-de-aire-futura-fut-af45mi-4-5-l-marfil-freidora-de-aire-futura-fut-af45mi-4-5-l-marfil.jpg,7,,
dr-fut-af45mi,,,,,,,,,,,,,,https://f.fcdn.app/imgs/8ee52d/www.diaril.com.uy/diaruy/52a1/original/catalogo/FUT-AF45MI_FUT-AF45MI_1/100x100/freidora-de-aire-futura-fut-af45mi-4-5-l-marfil-freidora-de-aire-futura-fut-af45mi-4-5-l-marfil.jpg,8,,
dr-fut-af50di,Freidora de Aire Futura Digital FUT-AF50DI Marfil,<ul><li>• Capacidad: 5 Litros (Tamaño ideal para el uso diario)</li><li>• Potencia: 1350 W para una cocción eficiente</li><li>• Mando Digital con Display LED: Control preciso de tiempo y temperatura</li><li>• Elegante Diseño en color Marfil con acabados modernos</li><li>• Motor de Cobre: Mayor vida útil y rendimiento estable</li><li>• 6 Programas preseleccionados para cocinar con un solo toque</li><li>• Rango de Temperatura: 80°C a 200°C ajustable</li><li>• Timer programable hasta 30 minutos</li><li>• Cesta desmontable con recubrimiento antiadherente de fácil limpieza</li><li>• Luz indicadora de funcionamiento integrada</li></ul>,Futura,Electro,"Freidoras, Futura, stock-verificado",TRUE,Color,Freidora de Aire Futura Digital FUT-AF50DI Marfil,FUT-AF50DI,4518.00,,10,deny,https://f.fcdn.app/imgs/b3fbad/www.diaril.com.uy/diaruy/b9f2/original/catalogo/FUT-AF50DI_FUT-AF50DI_1/1000x1000/freidora-de-aire-futura-digital-fut-af50di-marfil-freidora-de-aire-futura-digital-fut-af50di-marfil.jpg,1,,
dr-fut-af50di,,,,,,,,,,,,,,https://f.fcdn.app/imgs/4cddf7/www.diaril.com.uy/diaruy/b9f2/original/catalogo/FUT-AF50DI_FUT-AF50DI_1/1500-1500/freidora-de-aire-futura-digital-fut-af50di-marfil-freidora-de-aire-futura-digital-fut-af50di-marfil.jpg,2,,
dr-fut-af50di,,,,,,,,,,,,,,https://f.fcdn.app/imgs/f079a3/www.diaril.com.uy/diaruy/b9f2/original/catalogo/FUT-AF50DI_FUT-AF50DI_1/1920-1200/freidora-de-aire-futura-digital-fut-af50di-marfil-freidora-de-aire-futura-digital-fut-af50di-marfil.jpg,3,,
dr-fut-af50di,,,,,,,,,,,,,,https://f.fcdn.app/imgs/19cec6/www.diaril.com.uy/diaruy/b9f2/original/catalogo/FUT-AF50DI_FUT-AF50DI_1/2000-2000/freidora-de-aire-futura-digital-fut-af50di-marfil-freidora-de-aire-futura-digital-fut-af50di-marfil.jpg,4,,
dr-fut-af50di,,,,,,,,,,,,,,https://f.fcdn.app/imgs/e62292/www.diaril.com.uy/diaruy/b9f2/original/catalogo/FUT-AF50DI_FUT-AF50DI_1/100x100/freidora-de-aire-futura-digital-fut-af50di-marfil-freidora-de-aire-futura-digital-fut-af50di-marfil.jpg,5,,
dr-fut-af50di,,,,,,,,,,,,,,https://f.fcdn.app/imgs/bba4ec/www.diaril.com.uy/diaruy/b9f2/original/catalogo/FUT-AF50DI_FUT-AF50DI_1/1000_1000/freidora-de-aire-futura-digital-fut-af50di-marfil-freidora-de-aire-futura-digital-fut-af50di-marfil.jpg,6,,
dr-fut-af55db,Freidora de aire Digital Futura FUT-AF55DB 5.5 L,"<ul><li>• Capacidad Versátil: 5.5 Litros (Ideal para familias medianas)</li><li>• Potencia: 1400 W para una cocción eficiente y saludable</li><li>• Panel de Mandos Digital con Display LED de alta visibilidad</li><li>• 7 Programas automáticos: Papas fritas, cerdo, camarones, pollo, carne, pasteles y pescado</li><li>• Cubeta con Ventana Panorámica y Luz Interior para control visual sin abrir</li><li>• Control de Temperatura ajustable: Desde 80°C hasta 200°C</li><li>• Temporizador programable de hasta 60 minutos</li><li>• Limpieza Rápida: Cesta y rejilla con revestimiento antiadherente desmontable</li><li>• Sistema de cocción por aire caliente (Hasta 85% menos de grasa)</li></ul>",Futura,Electro,"Freidoras, Futura, stock-verificado",TRUE,Color,Freidora de aire Digital Futura FUT-AF55DB 5.5 L,FUT-AF55DB,4104.00,,10,deny,https://f.fcdn.app/imgs/3b2219/www.diaril.com.uy/diaruy/c37b/original/catalogo/FUT-AF55DB_FUT-AF55DB_1/1000x1000/freidora-de-aire-digital-futura-fut-af55db-5-5-l-freidora-de-aire-digital-futura-fut-af55db-5-5-l.jpg,1,,
dr-fut-af55db,,,,,,,,,,,,,,https://f.fcdn.app/imgs/004982/www.diaril.com.uy/diaruy/c37b/original/catalogo/FUT-AF55DB_FUT-AF55DB_1/1500-1500/freidora-de-aire-digital-futura-fut-af55db-5-5-l-freidora-de-aire-digital-futura-fut-af55db-5-5-l.jpg,2,,
dr-fut-af55db,,,,,,,,,,,,,,https://f.fcdn.app/imgs/4f82ad/www.diaril.com.uy/diaruy/c37b/original/catalogo/FUT-AF55DB_FUT-AF55DB_1/1920-1200/freidora-de-aire-digital-futura-fut-af55db-5-5-l-freidora-de-aire-digital-futura-fut-af55db-5-5-l.jpg,3,,
dr-fut-af55db,,,,,,,,,,,,,,https://f.fcdn.app/imgs/1c801c/www.diaril.com.uy/diaruy/fd24/original/catalogo/FUT-AF55DB_FUT-AF55DB_2/1500-1500/freidora-de-aire-digital-futura-fut-af55db-5-5-l-freidora-de-aire-digital-futura-fut-af55db-5-5-l.jpg,4,,
dr-fut-af55db,,,,,,,,,,,,,,https://f.fcdn.app/imgs/b08de4/www.diaril.com.uy/diaruy/fd24/original/catalogo/FUT-AF55DB_FUT-AF55DB_2/1920-1200/freidora-de-aire-digital-futura-fut-af55db-5-5-l-freidora-de-aire-digital-futura-fut-af55db-5-5-l.jpg,5,,
dr-fut-af55db,,,,,,,,,,,,,,https://f.fcdn.app/imgs/02e6d4/www.diaril.com.uy/diaruy/fd24/original/catalogo/FUT-AF55DB_FUT-AF55DB_2/1000x1000/freidora-de-aire-digital-futura-fut-af55db-5-5-l-freidora-de-aire-digital-futura-fut-af55db-5-5-l.jpg,6,,
dr-fut-af55db,,,,,,,,,,,,,,https://f.fcdn.app/imgs/c7e690/www.diaril.com.uy/diaruy/d9d5/original/catalogo/FUT-AF55DB_FUT-AF55DB_3/1500-1500/freidora-de-aire-digital-futura-fut-af55db-5-5-l-freidora-de-aire-digital-futura-fut-af55db-5-5-l.jpg,7,,
dr-fut-af55db,,,,,,,,,,,,,,https://f.fcdn.app/imgs/270a5b/www.diaril.com.uy/diaruy/d9d5/original/catalogo/FUT-AF55DB_FUT-AF55DB_3/1920-1200/freidora-de-aire-digital-futura-fut-af55db-5-5-l-freidora-de-aire-digital-futura-fut-af55db-5-5-l.jpg,8,,
dr-fut-af80db,Freidora de Aire Digital Futura FUT-AF80DB 8 L,"<ul><li>• Capacidad Extra Grande: 8 Litros (Ideal para familias o porciones grandes)</li><li>• Potencia: 1700 W para una cocción rápida y uniforme</li><li>• Panel Digital con Display LED a Color: Indicador de tiempo y temperatura</li><li>• 7 Programas automáticos: Papas fritas, cerdo, camarones, pollo, carne, pasteles y pescado</li><li>• Cubeta Panorámica: Ventana de visualización y luz interior para controlar la cocción</li><li>• Control Térmico de precisión: Ajustable de 80°C a 200°C</li><li>• Temporizador programable hasta 60 minutos con alerta</li><li>• Limpieza sencilla: Cesta y rejilla con recubrimiento antiadherente desmontables</li><li>• Cocción Saludable: Resultados crujientes con hasta un 85% menos de aceite</li></ul>",Futura,Electro,"Freidoras, Futura, stock-verificado",TRUE,Color,Freidora de Aire Digital Futura FUT-AF80DB 8 L,FUT-AF80DB,5347.00,,10,deny,https://f.fcdn.app/imgs/69c833/www.diaril.com.uy/diaruy/9b30/original/catalogo/FUT-AF80DB_FUT-AF80DB_1/1000x1000/freidora-de-aire-digital-futura-fut-af80db-8-l-freidora-de-aire-digital-futura-fut-af80db-8-l.jpg,1,,
dr-fut-af80db,,,,,,,,,,,,,,https://f.fcdn.app/imgs/eea0dd/www.diaril.com.uy/diaruy/9b30/original/catalogo/FUT-AF80DB_FUT-AF80DB_1/1500-1500/freidora-de-aire-digital-futura-fut-af80db-8-l-freidora-de-aire-digital-futura-fut-af80db-8-l.jpg,2,,
dr-fut-af80db,,,,,,,,,,,,,,https://f.fcdn.app/imgs/6363f6/www.diaril.com.uy/diaruy/9b30/original/catalogo/FUT-AF80DB_FUT-AF80DB_1/1920-1200/freidora-de-aire-digital-futura-fut-af80db-8-l-freidora-de-aire-digital-futura-fut-af80db-8-l.jpg,3,,
dr-fut-af80db,,,,,,,,,,,,,,https://f.fcdn.app/imgs/999688/www.diaril.com.uy/diaruy/e092/original/catalogo/FUT-AF80DB_FUT-AF80DB_2/1500-1500/freidora-de-aire-digital-futura-fut-af80db-8-l-freidora-de-aire-digital-futura-fut-af80db-8-l.jpg,4,,
dr-fut-af80db,,,,,,,,,,,,,,https://f.fcdn.app/imgs/7e8ea0/www.diaril.com.uy/diaruy/e092/original/catalogo/FUT-AF80DB_FUT-AF80DB_2/1920-1200/freidora-de-aire-digital-futura-fut-af80db-8-l-freidora-de-aire-digital-futura-fut-af80db-8-l.jpg,5,,
dr-fut-af80db,,,,,,,,,,,,,,https://f.fcdn.app/imgs/4527dd/www.diaril.com.uy/diaruy/e092/original/catalogo/FUT-AF80DB_FUT-AF80DB_2/1000x1000/freidora-de-aire-digital-futura-fut-af80db-8-l-freidora-de-aire-digital-futura-fut-af80db-8-l.jpg,6,,
dr-fut-af80db,,,,,,,,,,,,,,https://f.fcdn.app/imgs/1ad4dd/www.diaril.com.uy/diaruy/e132/original/catalogo/FUT-AF80DB_FUT-AF80DB_3/1500-1500/freidora-de-aire-digital-futura-fut-af80db-8-l-freidora-de-aire-digital-futura-fut-af80db-8-l.jpg,7,,
dr-fut-af80db,,,,,,,,,,,,,,https://f.fcdn.app/imgs/ef361c/www.diaril.com.uy/diaruy/e132/original/catalogo/FUT-AF80DB_FUT-AF80DB_3/1920-1200/freidora-de-aire-digital-futura-fut-af80db-8-l-freidora-de-aire-digital-futura-fut-af80db-8-l.jpg,8,,
dr-fut-ap12fc,Aire Acondicionado Portátil Futura FUT-AP12FC 12000 BTU,"<ul><li>•</li><li>12000 BTU.</li><li>•</li><li>Gas ecológico R410A.</li><li>•</li><li>4 Funciones: Frío/Calor/Deshumidificador/Ventilador.</li><li>•</li><li>Capacidad de enfriamiento: 3500 W.</li><li>•</li><li>Capacidad de calefacción: 2560 W.</li><li>•</li><li>Capacidad de deshumidificación: 1,3 Lt/H.</li><li>•</li><li>Nivel de ruido: 64 dB.</li><li>•</li><li>Área de cobertura: 22-25 m3.</li><li>•</li><li>Timer.</li><li>•</li><li>3 velocidades.</li><li>•</li><li>Función Auto-Swing.</li><li>•</li><li>Display LED.</li><li>•</li><li>Ruedas de transporte con giro de 360°.</li><li>•</li><li>Control remoto.</li><li>•</li><li>Dimensiones: 345x370x714 mm.</li></ul>",Futura,Electro,"Climatización, Futura, stock-verificado",TRUE,Color,Aire Acondicionado Portátil Futura FUT-AP12FC 12000 BTU,FUT-AP12FC,20269.00,,10,deny,https://f.fcdn.app/imgs/03eaf3/www.diaril.com.uy/diaruy/f25b/original/catalogo/FUT-AP12FC_FUT-AP12FC_1/1000x1000/aire-acondicionado-portatil-futura-fut-ap12fc-12000-btu-aire-acondicionado-portatil-futura-fut-ap12fc-12000-btu.jpg,1,,
dr-fut-ap12fc,,,,,,,,,,,,,,https://f.fcdn.app/imgs/872c0a/www.diaril.com.uy/diaruy/f25b/original/catalogo/FUT-AP12FC_FUT-AP12FC_1/1500-1500/aire-acondicionado-portatil-futura-fut-ap12fc-12000-btu-aire-acondicionado-portatil-futura-fut-ap12fc-12000-btu.jpg,2,,
dr-fut-ap12fc,,,,,,,,,,,,,,https://f.fcdn.app/imgs/bd3157/www.diaril.com.uy/diaruy/f25b/original/catalogo/FUT-AP12FC_FUT-AP12FC_1/1920-1200/aire-acondicionado-portatil-futura-fut-ap12fc-12000-btu-aire-acondicionado-portatil-futura-fut-ap12fc-12000-btu.jpg,3,,
dr-fut-ap12fc,,,,,,,,,,,,,,https://f.fcdn.app/imgs/e66c6a/www.diaril.com.uy/diaruy/84ea/original/catalogo/FUT-AP12FC_FUT-AP12FC_2/1500-1500/aire-acondicionado-portatil-futura-fut-ap12fc-12000-btu-aire-acondicionado-portatil-futura-fut-ap12fc-12000-btu.jpg,4,,
dr-fut-ap12fc,,,,,,,,,,,,,,https://f.fcdn.app/imgs/15d8cf/www.diaril.com.uy/diaruy/84ea/original/catalogo/FUT-AP12FC_FUT-AP12FC_2/1920-1200/aire-acondicionado-portatil-futura-fut-ap12fc-12000-btu-aire-acondicionado-portatil-futura-fut-ap12fc-12000-btu.jpg,5,,
dr-fut-ap12fc,,,,,,,,,,,,,,https://f.fcdn.app/imgs/279b75/www.diaril.com.uy/diaruy/84ea/original/catalogo/FUT-AP12FC_FUT-AP12FC_2/1000x1000/aire-acondicionado-portatil-futura-fut-ap12fc-12000-btu-aire-acondicionado-portatil-futura-fut-ap12fc-12000-btu.jpg,6,,
dr-fut-ap12fc,,,,,,,,,,,,,,https://f.fcdn.app/imgs/1b6702/www.diaril.com.uy/diaruy/7875/original/catalogo/FUT-AP12FC_FUT-AP12FC_3/1500-1500/aire-acondicionado-portatil-futura-fut-ap12fc-12000-btu-aire-acondicionado-portatil-futura-fut-ap12fc-12000-btu.jpg,7,,
dr-fut-ap12fc,,,,,,,,,,,,,,https://f.fcdn.app/imgs/0f178d/www.diaril.com.uy/diaruy/7875/original/catalogo/FUT-AP12FC_FUT-AP12FC_3/1920-1200/aire-acondicionado-portatil-futura-fut-ap12fc-12000-btu-aire-acondicionado-portatil-futura-fut-ap12fc-12000-btu.jpg,8,,
dr-fut-bp1533,Batidora planetaria Futura FUT-BP1533,"<ul><li>• Sistema de Mezcla Planetario para preparaciones homogéneas</li><li>• Potente Motor de 1300 W (Ideal para masas pesadas)</li><li>• Bowl de Acero Inoxidable de gran capacidad: 5.5 Litros</li><li>• Control de precisión: Selector giratorio con 10 niveles de velocidad</li><li>• Función Pulse para un control total de la textura</li><li>• Iluminación LED integrada en el selector de velocidades</li><li>• Incluye Kit de accesorios: Gancho amasador, batidor plano y batidor de alambre</li><li>• Tapa transparente antisalpicaduras con ventana de llenado</li></ul>",Futura,Electro,"Batidoras, Futura, stock-verificado",TRUE,Color,Batidora planetaria Futura FUT-BP1533,FUT-BP1533,5347.00,,10,deny,https://f.fcdn.app/imgs/013e61/www.diaril.com.uy/diaruy/b574/original/catalogo/FUT-BP1533_FUT-BP1533_1/1000x1000/batidora-planetaria-futura-fut-bp1533-batidora-planetaria-futura-fut-bp1533.jpg,1,,
dr-fut-bp1533,,,,,,,,,,,,,,https://f.fcdn.app/imgs/05548a/www.diaril.com.uy/diaruy/b574/original/catalogo/FUT-BP1533_FUT-BP1533_1/1500-1500/batidora-planetaria-futura-fut-bp1533-batidora-planetaria-futura-fut-bp1533.jpg,2,,
dr-fut-bp1533,,,,,,,,,,,,,,https://f.fcdn.app/imgs/f075b8/www.diaril.com.uy/diaruy/b574/original/catalogo/FUT-BP1533_FUT-BP1533_1/1920-1200/batidora-planetaria-futura-fut-bp1533-batidora-planetaria-futura-fut-bp1533.jpg,3,,
dr-fut-bp1533,,,,,,,,,,,,,,https://f.fcdn.app/imgs/fbd1ff/www.diaril.com.uy/diaruy/1ee5/original/catalogo/FUT-BP1533_FUT-BP1533_2/1500-1500/batidora-planetaria-futura-fut-bp1533-batidora-planetaria-futura-fut-bp1533.jpg,4,,
dr-fut-bp1533,,,,,,,,,,,,,,https://f.fcdn.app/imgs/4d485c/www.diaril.com.uy/diaruy/1ee5/original/catalogo/FUT-BP1533_FUT-BP1533_2/1920-1200/batidora-planetaria-futura-fut-bp1533-batidora-planetaria-futura-fut-bp1533.jpg,5,,
dr-fut-bp1533,,,,,,,,,,,,,,https://f.fcdn.app/imgs/a50ab5/www.diaril.com.uy/diaruy/1ee5/original/catalogo/FUT-BP1533_FUT-BP1533_2/1000x1000/batidora-planetaria-futura-fut-bp1533-batidora-planetaria-futura-fut-bp1533.jpg,6,,
dr-fut-bp1533,,,,,,,,,,,,,,https://f.fcdn.app/imgs/5ebdc9/www.diaril.com.uy/diaruy/2af2/original/catalogo/FUT-BP1533_FUT-BP1533_3/1500-1500/batidora-planetaria-futura-fut-bp1533-batidora-planetaria-futura-fut-bp1533.jpg,7,,
dr-fut-bp1533,,,,,,,,,,,,,,https://f.fcdn.app/imgs/3b309e/www.diaril.com.uy/diaruy/2af2/original/catalogo/FUT-BP1533_FUT-BP1533_3/1920-1200/batidora-planetaria-futura-fut-bp1533-batidora-planetaria-futura-fut-bp1533.jpg,8,,
dr-fut-c360cr,Calentador cerámico Futura FUT-C360CR 360°,<ul><li>• Salida de aire caliente 360°: Calor envolvente en toda la habitación</li><li>• 2 niveles de potencia: 1000 W y 2000 W</li><li>• Control Digital: Pantalla LED con visualización de funciones</li><li>• Regulación de temperatura precisa: Ajustable de 10° a 49°C</li><li>• Termostato inteligente para mantenimiento de clima</li><li>• Control Remoto incluido para máxima comodidad</li><li>• Timer programable para apagado automático</li><li>• Sistema de seguridad con protección contra sobrecalentamiento</li><li>• Diseño compacto: 30 cm de alto y 23 cm de diámetro</li></ul>,Futura,Electro,"Climatización, Futura, stock-verificado",TRUE,Color,Calentador cerámico Futura FUT-C360CR 360°,FUT-C360CR,2860.00,,10,deny,https://f.fcdn.app/imgs/0ffc36/www.diaril.com.uy/diaruy/4cd4/original/catalogo/FUT-C360CR_FUT-C360CR_1/1000x1000/calentador-ceramico-futura-fut-c360cr-360-calentador-ceramico-futura-fut-c360cr-360.jpg,1,,
dr-fut-c360cr,,,,,,,,,,,,,,https://f.fcdn.app/imgs/98d6b1/www.diaril.com.uy/diaruy/4cd4/original/catalogo/FUT-C360CR_FUT-C360CR_1/1500-1500/calentador-ceramico-futura-fut-c360cr-360-calentador-ceramico-futura-fut-c360cr-360.jpg,2,,
dr-fut-c360cr,,,,,,,,,,,,,,https://f.fcdn.app/imgs/ec5bc6/www.diaril.com.uy/diaruy/4cd4/original/catalogo/FUT-C360CR_FUT-C360CR_1/1920-1200/calentador-ceramico-futura-fut-c360cr-360-calentador-ceramico-futura-fut-c360cr-360.jpg,3,,
dr-fut-c360cr,,,,,,,,,,,,,,https://f.fcdn.app/imgs/68a013/www.diaril.com.uy/diaruy/b126/original/catalogo/FUT-C360CR_FUT-C360CR_2/1500-1500/calentador-ceramico-futura-fut-c360cr-360-calentador-ceramico-futura-fut-c360cr-360.jpg,4,,
dr-fut-c360cr,,,,,,,,,,,,,,https://f.fcdn.app/imgs/686f86/www.diaril.com.uy/diaruy/b126/original/catalogo/FUT-C360CR_FUT-C360CR_2/1920-1200/calentador-ceramico-futura-fut-c360cr-360-calentador-ceramico-futura-fut-c360cr-360.jpg,5,,
dr-fut-c360cr,,,,,,,,,,,,,,https://f.fcdn.app/imgs/93d202/www.diaril.com.uy/diaruy/b126/original/catalogo/FUT-C360CR_FUT-C360CR_2/1000x1000/calentador-ceramico-futura-fut-c360cr-360-calentador-ceramico-futura-fut-c360cr-360.jpg,6,,
dr-fut-c360cr,,,,,,,,,,,,,,https://f.fcdn.app/imgs/046c0e/www.diaril.com.uy/diaruy/4cd4/original/catalogo/FUT-C360CR_FUT-C360CR_1/2000-2000/calentador-ceramico-futura-fut-c360cr-360-calentador-ceramico-futura-fut-c360cr-360.jpg,7,,
dr-fut-c360cr,,,,,,,,,,,,,,https://f.fcdn.app/imgs/d1e111/www.diaril.com.uy/diaruy/4cd4/original/catalogo/FUT-C360CR_FUT-C360CR_1/100x100/calentador-ceramico-futura-fut-c360cr-360-calentador-ceramico-futura-fut-c360cr-360.jpg,8,,
dr-fut-c420tl,Campana telescópica Futura Plus FUT-C420TL 60 cm,<ul><li>• Sistema de Doble Motor: Mayor eficiencia en la extracción</li><li>• Diseño Telescópico Extraplano: Ideal para integrar bajo muebles</li><li>• Fabricación Europea: Calidad de construcción y durabilidad garantizada</li><li>• Potencia de Extracción: 420 m³/h</li><li>• 3 niveles de potencia ajustables según la cocción</li><li>• Iluminación LED de bajo consumo integrada</li><li>• Filtros dobles de aluminio lavables de fácil extracción</li><li>• Acabado Premium en Acero Inoxidable</li><li>• Medidas compactas: Ancho 60 cm | Profundidad ajustable 30 - 45.7 cm | Altura 17.2 cm</li></ul>,Futura,Electro,"Campanas, Futura, stock-verificado",TRUE,Color,Campana telescópica Futura Plus FUT-C420TL 60 cm,FUT-C420TL,4974.00,,10,deny,https://f.fcdn.app/imgs/1e6cad/www.diaril.com.uy/diaruy/59f4/original/catalogo/FUT-C420TL_FUT-C420TL_1/1000x1000/campana-telescopica-futura-plus-fut-c420tl-60-cm-campana-telescopica-futura-plus-fut-c420tl-60-cm.jpg,1,,
dr-fut-c420tl,,,,,,,,,,,,,,https://f.fcdn.app/imgs/0cc35c/www.diaril.com.uy/diaruy/59f4/original/catalogo/FUT-C420TL_FUT-C420TL_1/1500-1500/campana-telescopica-futura-plus-fut-c420tl-60-cm-campana-telescopica-futura-plus-fut-c420tl-60-cm.jpg,2,,
dr-fut-c420tl,,,,,,,,,,,,,,https://f.fcdn.app/imgs/2cc655/www.diaril.com.uy/diaruy/59f4/original/catalogo/FUT-C420TL_FUT-C420TL_1/1920-1200/campana-telescopica-futura-plus-fut-c420tl-60-cm-campana-telescopica-futura-plus-fut-c420tl-60-cm.jpg,3,,
dr-fut-c420tl,,,,,,,,,,,,,,https://f.fcdn.app/imgs/d3a729/www.diaril.com.uy/diaruy/00b0/original/catalogo/FUT-C420TL_FUT-C420TL_2/1500-1500/campana-telescopica-futura-plus-fut-c420tl-60-cm-campana-telescopica-futura-plus-fut-c420tl-60-cm.jpg,4,,
dr-fut-c420tl,,,,,,,,,,,,,,https://f.fcdn.app/imgs/36cc75/www.diaril.com.uy/diaruy/00b0/original/catalogo/FUT-C420TL_FUT-C420TL_2/1920-1200/campana-telescopica-futura-plus-fut-c420tl-60-cm-campana-telescopica-futura-plus-fut-c420tl-60-cm.jpg,5,,
dr-fut-c420tl,,,,,,,,,,,,,,https://f.fcdn.app/imgs/e658ef/www.diaril.com.uy/diaruy/00b0/original/catalogo/FUT-C420TL_FUT-C420TL_2/1000x1000/campana-telescopica-futura-plus-fut-c420tl-60-cm-campana-telescopica-futura-plus-fut-c420tl-60-cm.jpg,6,,
dr-fut-c420tl,,,,,,,,,,,,,,https://f.fcdn.app/imgs/94129b/www.diaril.com.uy/diaruy/283f/original/catalogo/FUT-C420TL_FUT-C420TL_3/1500-1500/campana-telescopica-futura-plus-fut-c420tl-60-cm-campana-telescopica-futura-plus-fut-c420tl-60-cm.jpg,7,,
dr-fut-c420tl,,,,,,,,,,,,,,https://f.fcdn.app/imgs/313005/www.diaril.com.uy/diaruy/283f/original/catalogo/FUT-C420TL_FUT-C420TL_3/1920-1200/campana-telescopica-futura-plus-fut-c420tl-60-cm-campana-telescopica-futura-plus-fut-c420tl-60-cm.jpg,8,,
dr-fut-c600pl,Campana de pared Futura Plus FUT-C600PL Plana 60 cm,<ul><li>• Calidad Premium: Producto de fabricación europea</li><li>• Potencia de Extracción: 600 m³/h (Eliminación eficaz de humos y olores)</li><li>• Acabado Elegante: Acero Inoxidable de alta durabilidad</li><li>• 3 Niveles de potencia para diferentes tipos de cocción</li><li>• Iluminación LED de bajo consumo para una zona de trabajo clara</li><li>• Filtros de Aluminio lavables de fácil mantenimiento</li><li>• Chimenea telescópica ajustable: Altura de 50 a 80 cm</li><li>• Panel de mandos con botones de control intuitivos</li><li>• Medidas: Ancho 60 cm | Profundidad 40 cm</li></ul>,Futura,Electro,"Campanas, Futura, stock-verificado",TRUE,Color,Campana de pared Futura Plus FUT-C600PL Plana 60 cm,FUT-C600PL,11979.00,,10,deny,https://f.fcdn.app/imgs/722d83/www.diaril.com.uy/diaruy/3dbd/original/catalogo/FUT-C600PL_FUT-C600PL_1/1000x1000/campana-de-pared-futura-plus-fut-c600pl-plana-60-cm-campana-de-pared-futura-plus-fut-c600pl-plana-60-cm.jpg,1,,
dr-fut-c600pl,,,,,,,,,,,,,,https://f.fcdn.app/imgs/0abf78/www.diaril.com.uy/diaruy/3dbd/original/catalogo/FUT-C600PL_FUT-C600PL_1/1500-1500/campana-de-pared-futura-plus-fut-c600pl-plana-60-cm-campana-de-pared-futura-plus-fut-c600pl-plana-60-cm.jpg,2,,
dr-fut-c600pl,,,,,,,,,,,,,,https://f.fcdn.app/imgs/78e73c/www.diaril.com.uy/diaruy/3dbd/original/catalogo/FUT-C600PL_FUT-C600PL_1/1920-1200/campana-de-pared-futura-plus-fut-c600pl-plana-60-cm-campana-de-pared-futura-plus-fut-c600pl-plana-60-cm.jpg,3,,
dr-fut-c600pl,,,,,,,,,,,,,,https://f.fcdn.app/imgs/52ebb5/www.diaril.com.uy/diaruy/3dbd/original/catalogo/FUT-C600PL_FUT-C600PL_1/2000-2000/campana-de-pared-futura-plus-fut-c600pl-plana-60-cm-campana-de-pared-futura-plus-fut-c600pl-plana-60-cm.jpg,4,,
dr-fut-c600pl,,,,,,,,,,,,,,https://f.fcdn.app/imgs/f73a5c/www.diaril.com.uy/diaruy/3dbd/original/catalogo/FUT-C600PL_FUT-C600PL_1/100x100/campana-de-pared-futura-plus-fut-c600pl-plana-60-cm-campana-de-pared-futura-plus-fut-c600pl-plana-60-cm.jpg,5,,
dr-fut-c600pl,,,,,,,,,,,,,,https://f.fcdn.app/imgs/022936/www.diaril.com.uy/diaruy/3dbd/original/catalogo/FUT-C600PL_FUT-C600PL_1/1000_1000/campana-de-pared-futura-plus-fut-c600pl-plana-60-cm-campana-de-pared-futura-plus-fut-c600pl-plana-60-cm.jpg,6,,
dr-fut-cb2007,Calentador para Baño Futura FUT-CB2007,"<ul><li>• Doble Función: Caloventor de pared con Toallero integrado</li><li>• Potencia regulable: 1000 W / 2000 W</li><li>• Apto para baños: Certificación IP22 (Resistente a humedad y goteo)</li><li>• Temporizador Semanal: Programación personalizada para cada día de la semana</li><li>• Control inteligente: Display Digital y Control Remoto incluidos</li><li>• Función ""Ventana Abierta"": Apagado automático para ahorro de energía</li><li>• Termostato ajustable para un control climático preciso</li><li>• Seguridad total: Protección contra sobrecalentamiento</li><li>• Diseño optimizado para montaje en pared</li></ul>",Futura,Electro,"Climatización, Futura, stock-verificado",TRUE,Color,Calentador para Baño Futura FUT-CB2007,FUT-CB2007,2487.00,,10,deny,https://f.fcdn.app/imgs/80ef26/www.diaril.com.uy/diaruy/ef13/original/catalogo/FUT-CB2007_FUT-CB2007_1/1000x1000/calentador-para-bano-futura-fut-cb2007-calentador-para-bano-futura-fut-cb2007.jpg,1,,
dr-fut-cb2007,,,,,,,,,,,,,,https://f.fcdn.app/imgs/553715/www.diaril.com.uy/diaruy/ef13/original/catalogo/FUT-CB2007_FUT-CB2007_1/1500-1500/calentador-para-bano-futura-fut-cb2007-calentador-para-bano-futura-fut-cb2007.jpg,2,,
dr-fut-cb2007,,,,,,,,,,,,,,https://f.fcdn.app/imgs/eea5f7/www.diaril.com.uy/diaruy/ef13/original/catalogo/FUT-CB2007_FUT-CB2007_1/1920-1200/calentador-para-bano-futura-fut-cb2007-calentador-para-bano-futura-fut-cb2007.jpg,3,,
dr-fut-cb2007,,,,,,,,,,,,,,https://f.fcdn.app/imgs/103fbd/www.diaril.com.uy/diaruy/50b9/original/catalogo/FUT-CB2007_FUT-CB2007_2/1500-1500/calentador-para-bano-futura-fut-cb2007-calentador-para-bano-futura-fut-cb2007.jpg,4,,
dr-fut-cb2007,,,,,,,,,,,,,,https://f.fcdn.app/imgs/d040b9/www.diaril.com.uy/diaruy/50b9/original/catalogo/FUT-CB2007_FUT-CB2007_2/1920-1200/calentador-para-bano-futura-fut-cb2007-calentador-para-bano-futura-fut-cb2007.jpg,5,,
dr-fut-cb2007,,,,,,,,,,,,,,https://f.fcdn.app/imgs/a13ae8/www.diaril.com.uy/diaruy/50b9/original/catalogo/FUT-CB2007_FUT-CB2007_2/1000x1000/calentador-para-bano-futura-fut-cb2007-calentador-para-bano-futura-fut-cb2007.jpg,6,,
dr-fut-cb2007,,,,,,,,,,,,,,https://f.fcdn.app/imgs/4e9360/www.diaril.com.uy/diaruy/ef13/original/catalogo/FUT-CB2007_FUT-CB2007_1/2000-2000/calentador-para-bano-futura-fut-cb2007-calentador-para-bano-futura-fut-cb2007.jpg,7,,
dr-fut-cb2007,,,,,,,,,,,,,,https://f.fcdn.app/imgs/5b53f8/www.diaril.com.uy/diaruy/ef13/original/catalogo/FUT-CB2007_FUT-CB2007_1/100x100/calentador-para-bano-futura-fut-cb2007-calentador-para-bano-futura-fut-cb2007.jpg,8,,
dr-fut-ce6821,Cafetera express Futura FUT-CE6821,<ul><li>• Potencia: 850 W con Bomba de presión de 15 bares (Calidad Espresso)</li><li>• Tanque de agua desmontable de 1.6 Litros de gran capacidad</li><li>• Vaporizador regulable con boquilla de espuma desmontable</li><li>• Caldera de aleación de aluminio fundido a presión de alta durabilidad</li><li>• Portafiltro de aleación de aluminio con doble filtro de Acero Inoxidable</li><li>• Parrilla superior de Acero Inoxidable para precalentamiento de tazas</li><li>• Válvula de seguridad con liberación automática de presión</li><li>• Doble protección: Contra sobrecalentamiento y sobrepresión</li><li>• Bandeja de goteo extraíble para una limpieza rápida y sencilla</li></ul>,Futura,Electro,"Cafeteras, Futura, stock-verificado",TRUE,Color,Cafetera express Futura FUT-CE6821,FUT-CE6821,5347.00,,10,deny,https://f.fcdn.app/imgs/5e6921/www.diaril.com.uy/diaruy/a9ae/original/catalogo/FUT-CE6821_FUT-CE6821_1/1000x1000/cafetera-express-futura-fut-ce6821-cafetera-express-futura-fut-ce6821.jpg,1,,
dr-fut-ce6821,,,,,,,,,,,,,,https://f.fcdn.app/imgs/a51b35/www.diaril.com.uy/diaruy/a9ae/original/catalogo/FUT-CE6821_FUT-CE6821_1/1500-1500/cafetera-express-futura-fut-ce6821-cafetera-express-futura-fut-ce6821.jpg,2,,
dr-fut-ce6821,,,,,,,,,,,,,,https://f.fcdn.app/imgs/543eb6/www.diaril.com.uy/diaruy/a9ae/original/catalogo/FUT-CE6821_FUT-CE6821_1/1920-1200/cafetera-express-futura-fut-ce6821-cafetera-express-futura-fut-ce6821.jpg,3,,
dr-fut-ce6821,,,,,,,,,,,,,,https://f.fcdn.app/imgs/b05254/www.diaril.com.uy/diaruy/a9ae/original/catalogo/FUT-CE6821_FUT-CE6821_1/2000-2000/cafetera-express-futura-fut-ce6821-cafetera-express-futura-fut-ce6821.jpg,4,,
dr-fut-ce6821,,,,,,,,,,,,,,https://f.fcdn.app/imgs/3979c7/www.diaril.com.uy/diaruy/a9ae/original/catalogo/FUT-CE6821_FUT-CE6821_1/100x100/cafetera-express-futura-fut-ce6821-cafetera-express-futura-fut-ce6821.jpg,5,,
dr-fut-ce6821,,,,,,,,,,,,,,https://f.fcdn.app/imgs/4f360c/www.diaril.com.uy/diaruy/a9ae/original/catalogo/FUT-CE6821_FUT-CE6821_1/1000_1000/cafetera-express-futura-fut-ce6821-cafetera-express-futura-fut-ce6821.jpg,6,,
dr-fut-cg12bx,Cafetera de goteo Futura FUT-CG12BX,<ul><li>• Potencia: 1000 W (Preparación rápida)</li><li>• Gran capacidad: 1.5 Litros (Hasta 12 Tazas)</li><li>• Filtro permanente lavable: Ecológico y económico</li><li>• Válvula antigoteo para servir café durante la preparación</li><li>• Placa calefactora con función de mantener caliente</li><li>• Depósito de agua con visor de nivel transparente</li><li>• Sistema de seguridad: Desconexión automática por falta de agua</li><li>• Diseño elegante: Color Negro con detalles en Acero Inoxidable</li><li>• Interruptor luminoso de encendido/apagado</li></ul>,Futura,Electro,"Cafeteras, Futura, stock-verificado",TRUE,Color,Cafetera de goteo Futura FUT-CG12BX,FUT-CG12BX,1451.00,,10,deny,https://f.fcdn.app/imgs/f64f22/www.diaril.com.uy/diaruy/6029/original/catalogo/FUT-CG12BX_FUT-CG12BX_1/1000x1000/cafetera-de-goteo-futura-fut-cg12bx-cafetera-de-goteo-futura-fut-cg12bx.jpg,1,,
dr-fut-cg12bx,,,,,,,,,,,,,,https://f.fcdn.app/imgs/4df717/www.diaril.com.uy/diaruy/6029/original/catalogo/FUT-CG12BX_FUT-CG12BX_1/1500-1500/cafetera-de-goteo-futura-fut-cg12bx-cafetera-de-goteo-futura-fut-cg12bx.jpg,2,,
dr-fut-cg12bx,,,,,,,,,,,,,,https://f.fcdn.app/imgs/745c36/www.diaril.com.uy/diaruy/6029/original/catalogo/FUT-CG12BX_FUT-CG12BX_1/1920-1200/cafetera-de-goteo-futura-fut-cg12bx-cafetera-de-goteo-futura-fut-cg12bx.jpg,3,,
dr-fut-cg12bx,,,,,,,,,,,,,,https://f.fcdn.app/imgs/5bfe1c/www.diaril.com.uy/diaruy/6029/original/catalogo/FUT-CG12BX_FUT-CG12BX_1/2000-2000/cafetera-de-goteo-futura-fut-cg12bx-cafetera-de-goteo-futura-fut-cg12bx.jpg,4,,
dr-fut-cg12bx,,,,,,,,,,,,,,https://f.fcdn.app/imgs/4757ac/www.diaril.com.uy/diaruy/6029/original/catalogo/FUT-CG12BX_FUT-CG12BX_1/100x100/cafetera-de-goteo-futura-fut-cg12bx-cafetera-de-goteo-futura-fut-cg12bx.jpg,5,,
dr-fut-cg12bx,,,,,,,,,,,,,,https://f.fcdn.app/imgs/cced85/www.diaril.com.uy/diaruy/6029/original/catalogo/FUT-CG12BX_FUT-CG12BX_1/1000_1000/cafetera-de-goteo-futura-fut-cg12bx-cafetera-de-goteo-futura-fut-cg12bx.jpg,6,,
dr-fut-cv2001,Caloventilador vertical Futura FUT-CV2001,"<ul><li>• 3 Funciones en 1: Selección de aire Frío, Cálido y Caliente</li><li>• 2 niveles de potencia ajustables: 1000 W / 2000 W</li><li>• Termostato regulable para mantener el clima deseado</li><li>• Sistema de seguridad con protección contra sobrecalentamiento</li><li>• Diseño compacto y portátil para cualquier ambiente</li></ul>",Futura,Electro,"Climatización, Futura, stock-verificado",TRUE,Color,Caloventilador vertical Futura FUT-CV2001,FUT-CV2001,580.00,,10,deny,https://f.fcdn.app/imgs/562682/www.diaril.com.uy/diaruy/99d6/original/catalogo/FUT-CV2001_FUT-CV2001_1/1000x1000/caloventilador-vertical-futura-fut-cv2001-caloventilador-vertical-futura-fut-cv2001.jpg,1,,
dr-fut-cv2001,,,,,,,,,,,,,,https://f.fcdn.app/imgs/41c60f/www.diaril.com.uy/diaruy/99d6/original/catalogo/FUT-CV2001_FUT-CV2001_1/1500-1500/caloventilador-vertical-futura-fut-cv2001-caloventilador-vertical-futura-fut-cv2001.jpg,2,,
dr-fut-cv2001,,,,,,,,,,,,,,https://f.fcdn.app/imgs/089498/www.diaril.com.uy/diaruy/99d6/original/catalogo/FUT-CV2001_FUT-CV2001_1/1920-1200/caloventilador-vertical-futura-fut-cv2001-caloventilador-vertical-futura-fut-cv2001.jpg,3,,
dr-fut-cv2001,,,,,,,,,,,,,,https://f.fcdn.app/imgs/7868f1/www.diaril.com.uy/diaruy/99d6/original/catalogo/FUT-CV2001_FUT-CV2001_1/2000-2000/caloventilador-vertical-futura-fut-cv2001-caloventilador-vertical-futura-fut-cv2001.jpg,4,,
dr-fut-cv2001,,,,,,,,,,,,,,https://f.fcdn.app/imgs/298458/www.diaril.com.uy/diaruy/99d6/original/catalogo/FUT-CV2001_FUT-CV2001_1/100x100/caloventilador-vertical-futura-fut-cv2001-caloventilador-vertical-futura-fut-cv2001.jpg,5,,
dr-fut-cv2001,,,,,,,,,,,,,,https://f.fcdn.app/imgs/8f4168/www.diaril.com.uy/diaruy/99d6/original/catalogo/FUT-CV2001_FUT-CV2001_1/1000_1000/caloventilador-vertical-futura-fut-cv2001-caloventilador-vertical-futura-fut-cv2001.jpg,6,,
dr-fut-ec0806,Calentador de cuarzo Futura FUT-EC0806,<ul><li>• Calentador de Cuarzo de alta eficiencia</li><li>• 2 niveles de potencia seleccionables: 400 W / 800 W</li><li>• Interruptor de seguridad (Sistema anti-vuelco)</li><li>• Luz indicadora de potencia integrada</li><li>• Diseño con gran ángulo de reflexión para una mejor distribución del calor</li><li>• Medidas compactas: Ancho 29.5 cm | Profundidad 14.5 cm | Altura 37 cm</li></ul>,Futura,Electro,"Climatización, Futura, stock-verificado",TRUE,Color,Calentador de cuarzo Futura FUT-EC0806,FUT-EC0806,539.00,,10,deny,https://f.fcdn.app/imgs/816612/www.diaril.com.uy/diaruy/4c77/original/catalogo/FUT-EC0806_FUT-EC0806_1/1000x1000/calentador-de-cuarzo-futura-fut-ec0806-calentador-de-cuarzo-futura-fut-ec0806.jpg,1,,
dr-fut-ec0806,,,,,,,,,,,,,,https://f.fcdn.app/imgs/35b3dd/www.diaril.com.uy/diaruy/4c77/original/catalogo/FUT-EC0806_FUT-EC0806_1/1500-1500/calentador-de-cuarzo-futura-fut-ec0806-calentador-de-cuarzo-futura-fut-ec0806.jpg,2,,
dr-fut-ec0806,,,,,,,,,,,,,,https://f.fcdn.app/imgs/535d6f/www.diaril.com.uy/diaruy/4c77/original/catalogo/FUT-EC0806_FUT-EC0806_1/1920-1200/calentador-de-cuarzo-futura-fut-ec0806-calentador-de-cuarzo-futura-fut-ec0806.jpg,3,,
dr-fut-ec0806,,,,,,,,,,,,,,https://f.fcdn.app/imgs/41c9dc/www.diaril.com.uy/diaruy/4c77/original/catalogo/FUT-EC0806_FUT-EC0806_1/2000-2000/calentador-de-cuarzo-futura-fut-ec0806-calentador-de-cuarzo-futura-fut-ec0806.jpg,4,,
dr-fut-ec0806,,,,,,,,,,,,,,https://f.fcdn.app/imgs/7adaa3/www.diaril.com.uy/diaruy/4c77/original/catalogo/FUT-EC0806_FUT-EC0806_1/100x100/calentador-de-cuarzo-futura-fut-ec0806-calentador-de-cuarzo-futura-fut-ec0806.jpg,5,,
dr-fut-ec0806,,,,,,,,,,,,,,https://f.fcdn.app/imgs/27550d/www.diaril.com.uy/diaruy/4c77/original/catalogo/FUT-EC0806_FUT-EC0806_1/1000_1000/calentador-de-cuarzo-futura-fut-ec0806-calentador-de-cuarzo-futura-fut-ec0806.jpg,6,,
dr-fut-ev110x,Enfriadora de vino Futura FUT-EV110X Ac. Inox,"<ul><li>• Capacidad XL: 110 botellas (Volumen neto: 312 litros)</li><li>• Doble Zona de Temperatura Independiente: 5-10 °C / 10-18 °C</li><li>• Tecnología de Frío Seco con Compresor (Refrigerante ecológico R600a)</li><li>• Puerta de vidrio negro LOW-E: Protección UV de baja emisividad</li><li>• Humedad controlada (>65% RH) para la salud del corcho</li><li>• Estética ""Full Black"": Gabinete y marco de puerta en color negro</li><li>• Estantes de madera premium para amortiguación de vibraciones</li><li>• Display LED táctil e iluminación interior LED azul</li><li>• Puertas reversibles con manija metálica ergonómica</li><li>• Dimensiones: Ancho 59.5 cm | Alto 139 cm | Profundidad 66.7 cm</li></ul>",Futura,Electro,"Heladeras, Futura",TRUE,Color,Enfriadora de vino Futura FUT-EV110X Ac. Inox,FUT-EV110X,80828.00,,0,deny,https://f.fcdn.app/imgs/ef9046/www.diaril.com.uy/diaruy/90ae/original/catalogo/FUT-EV110X_FUT-EV110X_1/1000x1000/enfriadora-de-vino-futura-fut-ev110x-ac-inox-enfriadora-de-vino-futura-fut-ev110x-ac-inox.jpg,1,,
dr-fut-ev110x,,,,,,,,,,,,,,https://f.fcdn.app/imgs/c5d6ec/www.diaril.com.uy/diaruy/90ae/original/catalogo/FUT-EV110X_FUT-EV110X_1/1500-1500/enfriadora-de-vino-futura-fut-ev110x-ac-inox-enfriadora-de-vino-futura-fut-ev110x-ac-inox.jpg,2,,
dr-fut-ev110x,,,,,,,,,,,,,,https://f.fcdn.app/imgs/594d14/www.diaril.com.uy/diaruy/90ae/original/catalogo/FUT-EV110X_FUT-EV110X_1/1920-1200/enfriadora-de-vino-futura-fut-ev110x-ac-inox-enfriadora-de-vino-futura-fut-ev110x-ac-inox.jpg,3,,
dr-fut-ev110x,,,,,,,,,,,,,,https://f.fcdn.app/imgs/cb0b99/www.diaril.com.uy/diaruy/90ae/original/catalogo/FUT-EV110X_FUT-EV110X_1/2000-2000/enfriadora-de-vino-futura-fut-ev110x-ac-inox-enfriadora-de-vino-futura-fut-ev110x-ac-inox.jpg,4,,
dr-fut-ev110x,,,,,,,,,,,,,,https://f.fcdn.app/imgs/93d58c/www.diaril.com.uy/diaruy/90ae/original/catalogo/FUT-EV110X_FUT-EV110X_1/100x100/enfriadora-de-vino-futura-fut-ev110x-ac-inox-enfriadora-de-vino-futura-fut-ev110x-ac-inox.jpg,5,,
dr-fut-ev110x,,,,,,,,,,,,,,https://f.fcdn.app/imgs/c3ad3f/www.diaril.com.uy/diaruy/90ae/original/catalogo/FUT-EV110X_FUT-EV110X_1/1000_1000/enfriadora-de-vino-futura-fut-ev110x-ac-inox-enfriadora-de-vino-futura-fut-ev110x-ac-inox.jpg,6,,
dr-fut-eve22x,Enfriadora de vino Futura FUT-EVE22X Inox,<ul><li>• Capacidad: 22 botellas (Volumen neto: 54 litros)</li><li>• Rango de temperatura ajustable: 5°C a 18°C</li><li>• Puerta de vidrio LOW-E: Protección contra rayos UV y eficiencia térmica</li><li>• Tecnología de Frío Seco con Compresor (Refrigerante ecológico R600a)</li><li>• Control de humedad óptimo: >65% RH (Protege el corcho)</li><li>• Diseño Premium: Gabinete negro con marco de puerta en Acero Inoxidable</li><li>• Estantes de madera: Estética clásica y reducción de vibraciones</li><li>• Iluminación interior LED azul (No daña el vino) y Display Digital</li><li>• Puertas reversibles y manija de metal robusta</li><li>• Dimensiones compactas: Ancho 55.5 cm | Alto 44.1 cm | Prof. 55.7 cm</li></ul>,Futura,Electro,"Heladeras, Futura, stock-verificado",TRUE,Color,Enfriadora de vino Futura FUT-EVE22X Inox,FUT-EVE22X,47668.00,,10,deny,https://f.fcdn.app/imgs/437446/www.diaril.com.uy/diaruy/e0b5/original/catalogo/FUT-EVE22X_FUT-EVE22X_1/1000x1000/enfriadora-de-vino-futura-fut-eve22x-inox-enfriadora-de-vino-futura-fut-eve22x-inox.jpg,1,,
dr-fut-eve22x,,,,,,,,,,,,,,https://f.fcdn.app/imgs/e08388/www.diaril.com.uy/diaruy/e0b5/original/catalogo/FUT-EVE22X_FUT-EVE22X_1/1500-1500/enfriadora-de-vino-futura-fut-eve22x-inox-enfriadora-de-vino-futura-fut-eve22x-inox.jpg,2,,
dr-fut-eve22x,,,,,,,,,,,,,,https://f.fcdn.app/imgs/f74d5e/www.diaril.com.uy/diaruy/e0b5/original/catalogo/FUT-EVE22X_FUT-EVE22X_1/1920-1200/enfriadora-de-vino-futura-fut-eve22x-inox-enfriadora-de-vino-futura-fut-eve22x-inox.jpg,3,,
dr-fut-eve22x,,,,,,,,,,,,,,https://f.fcdn.app/imgs/82d746/www.diaril.com.uy/diaruy/e0b5/original/catalogo/FUT-EVE22X_FUT-EVE22X_1/2000-2000/enfriadora-de-vino-futura-fut-eve22x-inox-enfriadora-de-vino-futura-fut-eve22x-inox.jpg,4,,
dr-fut-eve22x,,,,,,,,,,,,,,https://f.fcdn.app/imgs/82764e/www.diaril.com.uy/diaruy/e0b5/original/catalogo/FUT-EVE22X_FUT-EVE22X_1/100x100/enfriadora-de-vino-futura-fut-eve22x-inox-enfriadora-de-vino-futura-fut-eve22x-inox.jpg,5,,
dr-fut-eve22x,,,,,,,,,,,,,,https://f.fcdn.app/imgs/8e7eb7/www.diaril.com.uy/diaruy/e0b5/original/catalogo/FUT-EVE22X_FUT-EVE22X_1/1000_1000/enfriadora-de-vino-futura-fut-eve22x-inox-enfriadora-de-vino-futura-fut-eve22x-inox.jpg,6,,
dr-fut-frh100,Freezer Futura FUT-FRH100 98 L,<ul><li>• Capacidad neta total: 98 Litros (Diseño ultra compacto)</li><li>• Doble Acción: Úsalo como Freezer o Heladera según necesites</li><li>• Congelador de 4 estrellas: Temperatura profesional de hasta -18 °C</li><li>• Gas refrigerante ecológico R600a: Alta eficiencia y cuidado ambiental</li><li>• Cavidad interior recubierta en metal (PCM) para mayor durabilidad</li><li>• Control mecánico de temperatura frontal con luces indicadoras</li><li>• Manija de puerta integrada para un diseño limpio y minimalista</li><li>• Descongelación manual con práctico desagüe frontal</li><li>• Movilidad y estabilidad: Ruedas y patas regulables incluidas</li><li>• Eficiencia energética: Clase B</li><li>• Medidas compactas: Ancho 55 cm | Profundidad 55 cm | Altura 85 cm</li></ul>,Futura,Electro,"Heladeras, Futura, stock-verificado",TRUE,Color,Freezer Futura FUT-FRH100 98 L,FUT-FRH100,10321.00,,10,deny,https://f.fcdn.app/imgs/26d2ab/www.diaril.com.uy/diaruy/5249/original/catalogo/FUT-FRH100_FUT-FRH100_1/1000x1000/freezer-futura-fut-frh100-98-l-freezer-futura-fut-frh100-98-l.jpg,1,,
dr-fut-frh100,,,,,,,,,,,,,,https://f.fcdn.app/imgs/3fc684/www.diaril.com.uy/diaruy/5249/original/catalogo/FUT-FRH100_FUT-FRH100_1/1500-1500/freezer-futura-fut-frh100-98-l-freezer-futura-fut-frh100-98-l.jpg,2,,
dr-fut-frh100,,,,,,,,,,,,,,https://f.fcdn.app/imgs/a931d2/www.diaril.com.uy/diaruy/5249/original/catalogo/FUT-FRH100_FUT-FRH100_1/1920-1200/freezer-futura-fut-frh100-98-l-freezer-futura-fut-frh100-98-l.jpg,3,,
dr-fut-frh100,,,,,,,,,,,,,,https://f.fcdn.app/imgs/144be8/www.diaril.com.uy/diaruy/170d/original/catalogo/FUT-FRH100_FUT-FRH100_2/1500-1500/freezer-futura-fut-frh100-98-l-freezer-futura-fut-frh100-98-l.jpg,4,,
dr-fut-frh100,,,,,,,,,,,,,,https://f.fcdn.app/imgs/ac9113/www.diaril.com.uy/diaruy/170d/original/catalogo/FUT-FRH100_FUT-FRH100_2/1920-1200/freezer-futura-fut-frh100-98-l-freezer-futura-fut-frh100-98-l.jpg,5,,
dr-fut-frh100,,,,,,,,,,,,,,https://f.fcdn.app/imgs/2a6142/www.diaril.com.uy/diaruy/170d/original/catalogo/FUT-FRH100_FUT-FRH100_2/1000x1000/freezer-futura-fut-frh100-98-l-freezer-futura-fut-frh100-98-l.jpg,6,,
dr-fut-frh100,,,,,,,,,,,,,,https://f.fcdn.app/imgs/c5ecdb/www.diaril.com.uy/diaruy/f90a/original/catalogo/FUT-FRH100_FUT-FRH100_3/1500-1500/freezer-futura-fut-frh100-98-l-freezer-futura-fut-frh100-98-l.jpg,7,,
dr-fut-frh100,,,,,,,,,,,,,,https://f.fcdn.app/imgs/ebee64/www.diaril.com.uy/diaruy/f90a/original/catalogo/FUT-FRH100_FUT-FRH100_3/1920-1200/freezer-futura-fut-frh100-98-l-freezer-futura-fut-frh100-98-l.jpg,8,,
dr-fut-frh200,Freezer Futura FUT-FRH200 200 L,<ul><li>• Capacidad neta total: 198 litros</li><li>• Eficiencia energética: A</li><li>• Doble Acción: Freezer y heladera</li><li>• Congelador de 4 estrellas: -18 °C</li><li>• Cavidad interior recubierta en metal (PCM)</li><li>• Patas regulables y ruedas</li><li>• Control mecánico de temperatura frontal</li><li>• Luces indicadoras de conexión a la red y de funcionamiento</li><li>• Descongelación manual con desagüe frontal</li><li>• Manija de puerta exterior (sin cerradura)</li><li>• Cesto metálico interior</li><li>• Gas refrigerante ecológico: R600a</li><li>• Medidas: (An. x Prof. x Al.) 91 x 55 x 85 cm</li></ul>,Futura,Electro,"Heladeras, Futura, stock-verificado",TRUE,Color,Freezer Futura FUT-FRH200 200 L,FUT-FRH200,13637.00,,10,deny,https://f.fcdn.app/imgs/420acc/www.diaril.com.uy/diaruy/40d0/original/catalogo/FUT-FRH200_FUT-FRH200_1/1000x1000/freezer-futura-fut-frh200-200-l-freezer-futura-fut-frh200-200-l.jpg,1,,
dr-fut-frh200,,,,,,,,,,,,,,https://f.fcdn.app/imgs/047db7/www.diaril.com.uy/diaruy/40d0/original/catalogo/FUT-FRH200_FUT-FRH200_1/1500-1500/freezer-futura-fut-frh200-200-l-freezer-futura-fut-frh200-200-l.jpg,2,,
dr-fut-frh200,,,,,,,,,,,,,,https://f.fcdn.app/imgs/ec9cc1/www.diaril.com.uy/diaruy/40d0/original/catalogo/FUT-FRH200_FUT-FRH200_1/1920-1200/freezer-futura-fut-frh200-200-l-freezer-futura-fut-frh200-200-l.jpg,3,,
dr-fut-frh200,,,,,,,,,,,,,,https://f.fcdn.app/imgs/d0ee21/www.diaril.com.uy/diaruy/058d/original/catalogo/FUT-FRH200_FUT-FRH200_2/1500-1500/freezer-futura-fut-frh200-200-l-freezer-futura-fut-frh200-200-l.jpg,4,,
dr-fut-frh200,,,,,,,,,,,,,,https://f.fcdn.app/imgs/e7ff7d/www.diaril.com.uy/diaruy/058d/original/catalogo/FUT-FRH200_FUT-FRH200_2/1920-1200/freezer-futura-fut-frh200-200-l-freezer-futura-fut-frh200-200-l.jpg,5,,
dr-fut-frh200,,,,,,,,,,,,,,https://f.fcdn.app/imgs/89840e/www.diaril.com.uy/diaruy/058d/original/catalogo/FUT-FRH200_FUT-FRH200_2/1000x1000/freezer-futura-fut-frh200-200-l-freezer-futura-fut-frh200-200-l.jpg,6,,
dr-fut-frh200,,,,,,,,,,,,,,https://f.fcdn.app/imgs/2bc0ea/www.diaril.com.uy/diaruy/4d1d/original/catalogo/FUT-FRH200_FUT-FRH200_3/1500-1500/freezer-futura-fut-frh200-200-l-freezer-futura-fut-frh200-200-l.jpg,7,,
dr-fut-frh200,,,,,,,,,,,,,,https://f.fcdn.app/imgs/d16e4b/www.diaril.com.uy/diaruy/4d1d/original/catalogo/FUT-FRH200_FUT-FRH200_3/1920-1200/freezer-futura-fut-frh200-200-l-freezer-futura-fut-frh200-200-l.jpg,8,,
dr-fut-frh290,Freezer Futura FUT-FRH290 287 L,<ul><li>• Capacidad neta total: 287 Litros</li><li>• Eficiencia Energética: Clase A (Bajo consumo eléctrico)</li><li>• Doble Acción: Modo Freezer o Heladera seleccionable</li><li>• Congelador de 4 estrellas: Temperatura garantizada de -18 °C</li><li>• Cavidad interior recubierta en metal (PCM) de alta durabilidad</li><li>• Panel de control mecánico frontal con luces indicadoras</li><li>• Descongelación manual con desagüe frontal de fácil acceso</li><li>• Equipamiento: Cesto metálico interior y ruedas para traslado</li><li>• Estabilidad: Patas regulables integradas</li><li>• Medidas: Ancho 109 cm | Profundidad 61 cm | Altura 85 cm</li></ul>,Futura,Electro,"Heladeras, Futura, stock-verificado",TRUE,Color,Freezer Futura FUT-FRH290 287 L,FUT-FRH290,20684.00,,10,deny,https://f.fcdn.app/imgs/9d29f1/www.diaril.com.uy/diaruy/1031/original/catalogo/FUT-FRH290_FUT-FRH290_1/1000x1000/freezer-futura-fut-frh290-287-l-freezer-futura-fut-frh290-287-l.jpg,1,,
dr-fut-frh290,,,,,,,,,,,,,,https://f.fcdn.app/imgs/21d96a/www.diaril.com.uy/diaruy/1031/original/catalogo/FUT-FRH290_FUT-FRH290_1/1500-1500/freezer-futura-fut-frh290-287-l-freezer-futura-fut-frh290-287-l.jpg,2,,
dr-fut-frh290,,,,,,,,,,,,,,https://f.fcdn.app/imgs/7f025c/www.diaril.com.uy/diaruy/1031/original/catalogo/FUT-FRH290_FUT-FRH290_1/1920-1200/freezer-futura-fut-frh290-287-l-freezer-futura-fut-frh290-287-l.jpg,3,,
dr-fut-frh290,,,,,,,,,,,,,,https://f.fcdn.app/imgs/7ffaf7/www.diaril.com.uy/diaruy/b924/original/catalogo/FUT-FRH290_FUT-FRH290_2/1500-1500/freezer-futura-fut-frh290-287-l-freezer-futura-fut-frh290-287-l.jpg,4,,
dr-fut-frh290,,,,,,,,,,,,,,https://f.fcdn.app/imgs/b942ca/www.diaril.com.uy/diaruy/b924/original/catalogo/FUT-FRH290_FUT-FRH290_2/1920-1200/freezer-futura-fut-frh290-287-l-freezer-futura-fut-frh290-287-l.jpg,5,,
dr-fut-frh290,,,,,,,,,,,,,,https://f.fcdn.app/imgs/e44ae8/www.diaril.com.uy/diaruy/b924/original/catalogo/FUT-FRH290_FUT-FRH290_2/1000x1000/freezer-futura-fut-frh290-287-l-freezer-futura-fut-frh290-287-l.jpg,6,,
dr-fut-frh290,,,,,,,,,,,,,,https://f.fcdn.app/imgs/1a2308/www.diaril.com.uy/diaruy/e1ea/original/catalogo/FUT-FRH290_FUT-FRH290_3/1500-1500/freezer-futura-fut-frh290-287-l-freezer-futura-fut-frh290-287-l.jpg,7,,
dr-fut-frh290,,,,,,,,,,,,,,https://f.fcdn.app/imgs/332335/www.diaril.com.uy/diaruy/e1ea/original/catalogo/FUT-FRH290_FUT-FRH290_3/1920-1200/freezer-futura-fut-frh290-287-l-freezer-futura-fut-frh290-287-l.jpg,8,,
dr-fut-frh380,Freezer Futura FUT-FRH380 371 L,<ul><li>• Capacidad neta total: 371 Litros</li><li>• Doble Acción: Funciona como Freezer o Heladera según tu necesidad</li><li>• Congelador de 4 estrellas: Alcanza temperaturas de hasta -18 °C</li><li>• Cavidad interior recubierta en metal (PCM) de alta resistencia</li><li>• Control mecánico de temperatura frontal de fácil acceso</li><li>• Luces indicadoras de conexión a la red y funcionamiento</li><li>• Sistema de descongelación manual con práctico desagüe frontal</li><li>• Movilidad práctica: Incluye patas regulables y ruedas</li><li>• Equipamiento: Cesto metálico interior incluido</li><li>• Eficiencia energética: Clase B</li><li>• Medidas: Ancho 130 cm | Profundidad 70 cm | Altura 85 cm</li></ul>,Futura,Electro,"Heladeras, Futura, stock-verificado",TRUE,Color,Freezer Futura FUT-FRH380 371 L,FUT-FRH380,24829.00,,10,deny,https://f.fcdn.app/imgs/ccfc40/www.diaril.com.uy/diaruy/d4c1/original/catalogo/FUT-FRH380_FUT-FRH380_1/1000x1000/freezer-futura-fut-frh380-371-l-freezer-futura-fut-frh380-371-l.jpg,1,,
dr-fut-frh380,,,,,,,,,,,,,,https://f.fcdn.app/imgs/2bf341/www.diaril.com.uy/diaruy/d4c1/original/catalogo/FUT-FRH380_FUT-FRH380_1/1500-1500/freezer-futura-fut-frh380-371-l-freezer-futura-fut-frh380-371-l.jpg,2,,
dr-fut-frh380,,,,,,,,,,,,,,https://f.fcdn.app/imgs/2d9269/www.diaril.com.uy/diaruy/d4c1/original/catalogo/FUT-FRH380_FUT-FRH380_1/1920-1200/freezer-futura-fut-frh380-371-l-freezer-futura-fut-frh380-371-l.jpg,3,,
dr-fut-frh380,,,,,,,,,,,,,,https://f.fcdn.app/imgs/00b63d/www.diaril.com.uy/diaruy/32c7/original/catalogo/FUT-FRH380_FUT-FRH380_2/1500-1500/freezer-futura-fut-frh380-371-l-freezer-futura-fut-frh380-371-l.jpg,4,,
dr-fut-frh380,,,,,,,,,,,,,,https://f.fcdn.app/imgs/98ee67/www.diaril.com.uy/diaruy/32c7/original/catalogo/FUT-FRH380_FUT-FRH380_2/1920-1200/freezer-futura-fut-frh380-371-l-freezer-futura-fut-frh380-371-l.jpg,5,,
dr-fut-frh380,,,,,,,,,,,,,,https://f.fcdn.app/imgs/ae27cf/www.diaril.com.uy/diaruy/32c7/original/catalogo/FUT-FRH380_FUT-FRH380_2/1000x1000/freezer-futura-fut-frh380-371-l-freezer-futura-fut-frh380-371-l.jpg,6,,
dr-fut-frh380,,,,,,,,,,,,,,https://f.fcdn.app/imgs/54d26a/www.diaril.com.uy/diaruy/58db/original/catalogo/FUT-FRH380_FUT-FRH380_3/1500-1500/freezer-futura-fut-frh380-371-l-freezer-futura-fut-frh380-371-l.jpg,7,,
dr-fut-frh380,,,,,,,,,,,,,,https://f.fcdn.app/imgs/c141b3/www.diaril.com.uy/diaruy/58db/original/catalogo/FUT-FRH380_FUT-FRH380_3/1920-1200/freezer-futura-fut-frh380-371-l-freezer-futura-fut-frh380-371-l.jpg,8,,
dr-fut-h60gas,Horno de empotrar a gas Futura FUT-H60GAS,<ul><li>• Origen: Producto de fabricación Europea</li><li>• Capacidad: 60 Litros con sistema de CONVECCIÓN</li><li>• Panel de control en Acero Inoxidable de alta calidad</li><li>• Doble cocción a gas: Horno inferior y Grill superior a gas</li><li>• Seguridad garantizada: Válvula de seguridad (Termocupla)</li><li>• Encendido automático integrado en las perillas</li><li>• Timer mecánico con aviso sonoro y Termostato de precisión</li><li>• Puerta de doble vidrio templado extraíble para limpieza profunda</li><li>• Cavidad interior esmaltada con guías laterales de rejilla</li><li>• Accesorios incluidos: 1 Bandeja y 1 Parrilla</li><li>• Conexión: Cable de alimentación tipo Euro con enchufe</li><li>• Medidas exteriores: 59.5 x 57.7 x 59.5 cm</li><li>• Medidas de encastre: 56 x 56 x 60 cm</li></ul>,Futura,Electro,"Cocinas, Futura, stock-verificado",TRUE,Color,Horno de empotrar a gas Futura FUT-H60GAS,FUT-H60GAS,19855.00,,10,deny,https://f.fcdn.app/imgs/20b839/www.diaril.com.uy/diaruy/0b44/original/catalogo/FUT-H60GAS_FUT-H60GAS_1/1000x1000/horno-de-empotrar-a-gas-futura-fut-h60gas-horno-de-empotrar-a-gas-futura-fut-h60gas.jpg,1,,
dr-fut-h60gas,,,,,,,,,,,,,,https://f.fcdn.app/imgs/1744b4/www.diaril.com.uy/diaruy/0b44/original/catalogo/FUT-H60GAS_FUT-H60GAS_1/1500-1500/horno-de-empotrar-a-gas-futura-fut-h60gas-horno-de-empotrar-a-gas-futura-fut-h60gas.jpg,2,,
dr-fut-h60gas,,,,,,,,,,,,,,https://f.fcdn.app/imgs/c1d2d3/www.diaril.com.uy/diaruy/0b44/original/catalogo/FUT-H60GAS_FUT-H60GAS_1/1920-1200/horno-de-empotrar-a-gas-futura-fut-h60gas-horno-de-empotrar-a-gas-futura-fut-h60gas.jpg,3,,
dr-fut-h60gas,,,,,,,,,,,,,,https://f.fcdn.app/imgs/94d060/www.diaril.com.uy/diaruy/0b44/original/catalogo/FUT-H60GAS_FUT-H60GAS_1/2000-2000/horno-de-empotrar-a-gas-futura-fut-h60gas-horno-de-empotrar-a-gas-futura-fut-h60gas.jpg,4,,
dr-fut-h60gas,,,,,,,,,,,,,,https://f.fcdn.app/imgs/b1555b/www.diaril.com.uy/diaruy/0b44/original/catalogo/FUT-H60GAS_FUT-H60GAS_1/100x100/horno-de-empotrar-a-gas-futura-fut-h60gas-horno-de-empotrar-a-gas-futura-fut-h60gas.jpg,5,,
dr-fut-h60gas,,,,,,,,,,,,,,https://f.fcdn.app/imgs/b5f729/www.diaril.com.uy/diaruy/0b44/original/catalogo/FUT-H60GAS_FUT-H60GAS_1/1000_1000/horno-de-empotrar-a-gas-futura-fut-h60gas-horno-de-empotrar-a-gas-futura-fut-h60gas.jpg,6,,
dr-fut-in24-a,Aire Acondicionado Inverter Futura FUT-IN24-A 24000 BTU,<ul><li>• Tecnología Smart INVERTER: Hasta un 60% de ahorro de energía</li><li>• Eficiencia Energética Clase A</li><li>• Sistema Frío / Calor para confort durante todo el año</li><li>• Gas refrigerante ecológico R32 (Alto rendimiento y bajo impacto ambiental)</li><li>• Conectividad WI-FI: Control y programación total desde la App</li><li>• Esterilización UVC Pro: Purificación certificada que elimina virus y bacterias</li><li>• Función CleanXpress: Alerta de mantenimiento y limpieza simplificada</li><li>• Caja electrónica refrigerada por aire para un rendimiento continuo y estable</li><li>• Timer programable de encendido y apagado</li><li>• Incluye Kit de instalación completo</li><li>• Garantía extendida de 4 años en el motor</li></ul>,Futura,Electro,"Climatización, Futura, stock-verificado",TRUE,Color,Aire Acondicionado Inverter Futura FUT-IN24-A 24000 BTU,FUT-IN24-A,41409.00,,10,deny,https://f.fcdn.app/imgs/c3d32b/www.diaril.com.uy/diaruy/b535/original/catalogo/FUT-IN24-A_FUT-IN24-A_1/1000x1000/aire-acondicionado-inverter-futura-fut-in24-a-24000-btu-aire-acondicionado-inverter-futura-fut-in24-a-24000-btu.jpg,1,,
dr-fut-in24-a,,,,,,,,,,,,,,https://f.fcdn.app/imgs/7089f8/www.diaril.com.uy/diaruy/b535/original/catalogo/FUT-IN24-A_FUT-IN24-A_1/1500-1500/aire-acondicionado-inverter-futura-fut-in24-a-24000-btu-aire-acondicionado-inverter-futura-fut-in24-a-24000-btu.jpg,2,,
dr-fut-in24-a,,,,,,,,,,,,,,https://f.fcdn.app/imgs/d83d64/www.diaril.com.uy/diaruy/b535/original/catalogo/FUT-IN24-A_FUT-IN24-A_1/1920-1200/aire-acondicionado-inverter-futura-fut-in24-a-24000-btu-aire-acondicionado-inverter-futura-fut-in24-a-24000-btu.jpg,3,,
dr-fut-in24-a,,,,,,,,,,,,,,https://f.fcdn.app/imgs/4b91bf/www.diaril.com.uy/diaruy/477b/original/catalogo/FUT-IN24-A_FUT-IN24-A_2/1500-1500/aire-acondicionado-inverter-futura-fut-in24-a-24000-btu-aire-acondicionado-inverter-futura-fut-in24-a-24000-btu.jpg,4,,
dr-fut-in24-a,,,,,,,,,,,,,,https://f.fcdn.app/imgs/672f03/www.diaril.com.uy/diaruy/477b/original/catalogo/FUT-IN24-A_FUT-IN24-A_2/1920-1200/aire-acondicionado-inverter-futura-fut-in24-a-24000-btu-aire-acondicionado-inverter-futura-fut-in24-a-24000-btu.jpg,5,,
dr-fut-in24-a,,,,,,,,,,,,,,https://f.fcdn.app/imgs/1094dc/www.diaril.com.uy/diaruy/477b/original/catalogo/FUT-IN24-A_FUT-IN24-A_2/1000x1000/aire-acondicionado-inverter-futura-fut-in24-a-24000-btu-aire-acondicionado-inverter-futura-fut-in24-a-24000-btu.jpg,6,,
dr-fut-in24-a,,,,,,,,,,,,,,https://f.fcdn.app/imgs/400f90/www.diaril.com.uy/diaruy/09bc/original/catalogo/FUT-IN24-A_FUT-IN24-A_3/1500-1500/aire-acondicionado-inverter-futura-fut-in24-a-24000-btu-aire-acondicionado-inverter-futura-fut-in24-a-24000-btu.jpg,7,,
dr-fut-in24-a,,,,,,,,,,,,,,https://f.fcdn.app/imgs/5afb6e/www.diaril.com.uy/diaruy/09bc/original/catalogo/FUT-IN24-A_FUT-IN24-A_3/1920-1200/aire-acondicionado-inverter-futura-fut-in24-a-24000-btu-aire-acondicionado-inverter-futura-fut-in24-a-24000-btu.jpg,8,,
dr-fut-mt203a,Manta eléctrica Futura FUT-MT203A (Auto Off),<ul><li>• Potencia: 120 W (220-240V)</li><li>• Medidas amplias: 180 cm x 130 cm</li><li>• Material premium: Polar de franela ultra suave</li><li>• Control inteligente desmontable con 10 niveles de temperatura</li><li>• Temporizador programable de 1 a 10 horas con indicador de nivel</li><li>• Sistema de seguridad: Apagado automático de cortesía a las 3 horas</li><li>• Tecnología de calentamiento rápido (PTC + NTC) con temperatura constante</li><li>• Protección integral contra sobrecalentamiento</li><li>• Apta para lavado (comando extraíble)</li></ul>,Futura,Electro,"Climatización, Futura, stock-verificado",TRUE,Color,Manta eléctrica Futura FUT-MT203A (Auto Off),FUT-MT203A,2611.00,,10,deny,https://f.fcdn.app/imgs/730cea/www.diaril.com.uy/diaruy/17d6/original/catalogo/FUT-MT203A_FUT-MT203A_1/1000x1000/manta-electrica-futura-fut-mt203a-auto-off-manta-electrica-futura-fut-mt203a-auto-off.jpg,1,,
dr-fut-mt203a,,,,,,,,,,,,,,https://f.fcdn.app/imgs/d215b6/www.diaril.com.uy/diaruy/17d6/original/catalogo/FUT-MT203A_FUT-MT203A_1/1500-1500/manta-electrica-futura-fut-mt203a-auto-off-manta-electrica-futura-fut-mt203a-auto-off.jpg,2,,
dr-fut-mt203a,,,,,,,,,,,,,,https://f.fcdn.app/imgs/faa884/www.diaril.com.uy/diaruy/17d6/original/catalogo/FUT-MT203A_FUT-MT203A_1/1920-1200/manta-electrica-futura-fut-mt203a-auto-off-manta-electrica-futura-fut-mt203a-auto-off.jpg,3,,
dr-fut-mt203a,,,,,,,,,,,,,,https://f.fcdn.app/imgs/66820b/www.diaril.com.uy/diaruy/b170/original/catalogo/FUT-MT203A_FUT-MT203A_2/1500-1500/manta-electrica-futura-fut-mt203a-auto-off-manta-electrica-futura-fut-mt203a-auto-off.jpg,4,,
dr-fut-mt203a,,,,,,,,,,,,,,https://f.fcdn.app/imgs/c26240/www.diaril.com.uy/diaruy/b170/original/catalogo/FUT-MT203A_FUT-MT203A_2/1920-1200/manta-electrica-futura-fut-mt203a-auto-off-manta-electrica-futura-fut-mt203a-auto-off.jpg,5,,
dr-fut-mt203a,,,,,,,,,,,,,,https://f.fcdn.app/imgs/d40dc4/www.diaril.com.uy/diaruy/b170/original/catalogo/FUT-MT203A_FUT-MT203A_2/1000x1000/manta-electrica-futura-fut-mt203a-auto-off-manta-electrica-futura-fut-mt203a-auto-off.jpg,6,,
dr-fut-mt203a,,,,,,,,,,,,,,https://f.fcdn.app/imgs/c37af2/www.diaril.com.uy/diaruy/17d6/original/catalogo/FUT-MT203A_FUT-MT203A_1/2000-2000/manta-electrica-futura-fut-mt203a-auto-off-manta-electrica-futura-fut-mt203a-auto-off.jpg,7,,
dr-fut-mt203a,,,,,,,,,,,,,,https://f.fcdn.app/imgs/8a2a30/www.diaril.com.uy/diaruy/17d6/original/catalogo/FUT-MT203A_FUT-MT203A_1/100x100/manta-electrica-futura-fut-mt203a-auto-off-manta-electrica-futura-fut-mt203a-auto-off.jpg,8,,
dr-fut-mwe20x,Microondas de empotrar Futura FUT-MWE20X Inox 20 L,<ul><li>• Capacidad: 20 Litros</li><li>• Potencia de cocción: 800 W</li><li>• 10 niveles de potencia ajustables</li><li>• Panel de mandos digitales con display LED</li><li>• Temporizador programable</li><li>• Función de descongelamiento automático (por peso) y por tiempo</li><li>• Función de inicio rápido</li><li>• Sistema de bloqueo de seguridad para niños</li><li>• Plato giratorio e iluminación interior</li><li>• Dimensiones exteriores: Ancho 59.5 cm | Profundidad 34.4 cm | Altura 38.8 cm</li><li>• Dimensiones interiores: Ancho 29.5 cm | Profundidad 31.4 cm | Altura 21.8 cm</li></ul>,Futura,Electro,"Cocinas, Futura, stock-verificado",TRUE,Color,Microondas de empotrar Futura FUT-MWE20X Inox 20 L,FUT-MWE20X,16539.00,,10,deny,https://f.fcdn.app/imgs/211269/www.diaril.com.uy/diaruy/9978/original/catalogo/FUT-MWE20X_FUT-MWE20X_1/1000x1000/microondas-de-empotrar-futura-fut-mwe20x-inox-20-l-microondas-de-empotrar-futura-fut-mwe20x-inox-20-l.jpg,1,,
dr-fut-mwe20x,,,,,,,,,,,,,,https://f.fcdn.app/imgs/b84b71/www.diaril.com.uy/diaruy/9978/original/catalogo/FUT-MWE20X_FUT-MWE20X_1/1500-1500/microondas-de-empotrar-futura-fut-mwe20x-inox-20-l-microondas-de-empotrar-futura-fut-mwe20x-inox-20-l.jpg,2,,
dr-fut-mwe20x,,,,,,,,,,,,,,https://f.fcdn.app/imgs/25b752/www.diaril.com.uy/diaruy/9978/original/catalogo/FUT-MWE20X_FUT-MWE20X_1/1920-1200/microondas-de-empotrar-futura-fut-mwe20x-inox-20-l-microondas-de-empotrar-futura-fut-mwe20x-inox-20-l.jpg,3,,
dr-fut-mwe20x,,,,,,,,,,,,,,https://f.fcdn.app/imgs/a8c23f/www.diaril.com.uy/diaruy/9978/original/catalogo/FUT-MWE20X_FUT-MWE20X_1/2000-2000/microondas-de-empotrar-futura-fut-mwe20x-inox-20-l-microondas-de-empotrar-futura-fut-mwe20x-inox-20-l.jpg,4,,
dr-fut-mwe20x,,,,,,,,,,,,,,https://f.fcdn.app/imgs/d1de54/www.diaril.com.uy/diaruy/9978/original/catalogo/FUT-MWE20X_FUT-MWE20X_1/100x100/microondas-de-empotrar-futura-fut-mwe20x-inox-20-l-microondas-de-empotrar-futura-fut-mwe20x-inox-20-l.jpg,5,,
dr-fut-mwe20x,,,,,,,,,,,,,,https://f.fcdn.app/imgs/de8b86/www.diaril.com.uy/diaruy/9978/original/catalogo/FUT-MWE20X_FUT-MWE20X_1/1000_1000/microondas-de-empotrar-futura-fut-mwe20x-inox-20-l-microondas-de-empotrar-futura-fut-mwe20x-inox-20-l.jpg,6,,
dr-fut-r210df,Heladera Futura FUT-R210DF Frio húmedo 205 L,<ul><li>• Capacidad neta total: 207 litros (Refrigerador: 166 L / Freezer: 41 L)</li><li>• Diseño de 2 puertas con Freezer superior</li><li>• Eficiencia energética Clase A para un bajo consumo eléctrico</li><li>• Estantes de vidrio templado con tecnología antiderrames</li><li>• Cajón transparente de gran capacidad para frutas y verduras</li><li>• Puertas reversibles que se adaptan a la disposición de tu cocina</li><li>• Organización interna con estantes transparentes en contrapuerta</li><li>• Control mecánico de temperatura ajustable</li><li>• Medidas compactas: Ancho 55 cm | Profundidad 55 cm | Altura 143 cm</li></ul>,Futura,Electro,"Heladeras, Futura",TRUE,Color,Heladera Futura FUT-R210DF Frio húmedo 205 L,FUT-R210DF,12808.00,,0,deny,https://f.fcdn.app/imgs/a4010b/www.diaril.com.uy/diaruy/864f/original/catalogo/FUT-R210DF_FUT-R210DF_1/1000x1000/heladera-futura-fut-r210df-frio-humedo-205-l-heladera-futura-fut-r210df-frio-humedo-205-l.jpg,1,,
dr-fut-r210df,,,,,,,,,,,,,,https://f.fcdn.app/imgs/c2c663/www.diaril.com.uy/diaruy/864f/original/catalogo/FUT-R210DF_FUT-R210DF_1/1500-1500/heladera-futura-fut-r210df-frio-humedo-205-l-heladera-futura-fut-r210df-frio-humedo-205-l.jpg,2,,
dr-fut-r210df,,,,,,,,,,,,,,https://f.fcdn.app/imgs/d79262/www.diaril.com.uy/diaruy/864f/original/catalogo/FUT-R210DF_FUT-R210DF_1/1920-1200/heladera-futura-fut-r210df-frio-humedo-205-l-heladera-futura-fut-r210df-frio-humedo-205-l.jpg,3,,
dr-fut-r210df,,,,,,,,,,,,,,https://f.fcdn.app/imgs/e7df3f/www.diaril.com.uy/diaruy/8789/original/catalogo/FUT-R210DF_FUT-R210DF_2/1500-1500/heladera-futura-fut-r210df-frio-humedo-205-l-heladera-futura-fut-r210df-frio-humedo-205-l.jpg,4,,
dr-fut-r210df,,,,,,,,,,,,,,https://f.fcdn.app/imgs/93bbd3/www.diaril.com.uy/diaruy/8789/original/catalogo/FUT-R210DF_FUT-R210DF_2/1920-1200/heladera-futura-fut-r210df-frio-humedo-205-l-heladera-futura-fut-r210df-frio-humedo-205-l.jpg,5,,
dr-fut-r210df,,,,,,,,,,,,,,https://f.fcdn.app/imgs/fbfc93/www.diaril.com.uy/diaruy/8789/original/catalogo/FUT-R210DF_FUT-R210DF_2/1000x1000/heladera-futura-fut-r210df-frio-humedo-205-l-heladera-futura-fut-r210df-frio-humedo-205-l.jpg,6,,
dr-fut-r210df,,,,,,,,,,,,,,https://f.fcdn.app/imgs/937888/www.diaril.com.uy/diaruy/b846/original/catalogo/FUT-R210DF_FUT-R210DF_3/1500-1500/heladera-futura-fut-r210df-frio-humedo-205-l-heladera-futura-fut-r210df-frio-humedo-205-l.jpg,7,,
dr-fut-r210df,,,,,,,,,,,,,,https://f.fcdn.app/imgs/ce955c/www.diaril.com.uy/diaruy/b846/original/catalogo/FUT-R210DF_FUT-R210DF_3/1920-1200/heladera-futura-fut-r210df-frio-humedo-205-l-heladera-futura-fut-r210df-frio-humedo-205-l.jpg,8,,
dr-fut-sf70ev,Secarropas por evacuación Futura FUT-SF70EV 7 kg,"<ul><li>• Capacidad de carga: 7 kg</li><li>• Clase de eficiencia energética: C</li><li>• Sistema de secado por evacuación</li><li>• Tambor fabricado en acero galvanizado de alta resistencia</li><li>• Programación digital con display LED intuitivo</li><li>• 15 Programas especializados: ECO, Anti-bacterias, Seda, Refrescar, Aire seco y más</li><li>• Ajustes de humedad: Extra seco, Para guardar, Para planchar y Húmedo</li><li>• Opciones de tiempo: Ciclos de 30, 60 y 90 minutos</li><li>• Funciones adicionales: Secado rápido, Delicado y Anti-arrugas</li><li>• Inicio diferido programable (1 a 12 horas)</li><li>• Puerta transparente para supervisar el proceso</li><li>• Patas delanteras regulables para una perfecta nivelación</li><li>• Medidas: Ancho 59,5 cm | Profundidad 55,5 cm | Altura 85 cm</li></ul>",Futura,Electro,"Lavarropas, Futura",TRUE,Color,Secarropas por evacuación Futura FUT-SF70EV 7 kg,FUT-SF70EV,15710.00,,0,deny,https://f.fcdn.app/imgs/0883be/www.diaril.com.uy/diaruy/8c10/original/catalogo/FUT-SF70EV_FUT-SF70EV_1/1000x1000/secarropas-por-evacuacion-futura-fut-sf70ev-7-kg-secarropas-por-evacuacion-futura-fut-sf70ev-7-kg.jpg,1,,
dr-fut-sf70ev,,,,,,,,,,,,,,https://f.fcdn.app/imgs/c168f1/www.diaril.com.uy/diaruy/8c10/original/catalogo/FUT-SF70EV_FUT-SF70EV_1/1500-1500/secarropas-por-evacuacion-futura-fut-sf70ev-7-kg-secarropas-por-evacuacion-futura-fut-sf70ev-7-kg.jpg,2,,
dr-fut-sf70ev,,,,,,,,,,,,,,https://f.fcdn.app/imgs/2dee22/www.diaril.com.uy/diaruy/8c10/original/catalogo/FUT-SF70EV_FUT-SF70EV_1/1920-1200/secarropas-por-evacuacion-futura-fut-sf70ev-7-kg-secarropas-por-evacuacion-futura-fut-sf70ev-7-kg.jpg,3,,
dr-fut-sf70ev,,,,,,,,,,,,,,https://f.fcdn.app/imgs/c859c9/www.diaril.com.uy/diaruy/8c10/original/catalogo/FUT-SF70EV_FUT-SF70EV_1/2000-2000/secarropas-por-evacuacion-futura-fut-sf70ev-7-kg-secarropas-por-evacuacion-futura-fut-sf70ev-7-kg.jpg,4,,
dr-fut-sf70ev,,,,,,,,,,,,,,https://f.fcdn.app/imgs/f210f0/www.diaril.com.uy/diaruy/8c10/original/catalogo/FUT-SF70EV_FUT-SF70EV_1/100x100/secarropas-por-evacuacion-futura-fut-sf70ev-7-kg-secarropas-por-evacuacion-futura-fut-sf70ev-7-kg.jpg,5,,
dr-fut-sf70ev,,,,,,,,,,,,,,https://f.fcdn.app/imgs/27c560/www.diaril.com.uy/diaruy/8c10/original/catalogo/FUT-SF70EV_FUT-SF70EV_1/1000_1000/secarropas-por-evacuacion-futura-fut-sf70ev-7-kg-secarropas-por-evacuacion-futura-fut-sf70ev-7-kg.jpg,6,,
dr-fut-tt818w,Tostadora Futura FUT-TT818W Blanca,<ul><li>• Potencia: 700 W</li><li>• Capacidad para 2 rebanadas</li><li>• Paredes frías al tacto para mayor seguridad</li><li>• Selector de tostado ajustable con múltiples niveles</li><li>• Función de cancelación inmediata</li><li>• Sistema de apagado automático</li><li>• Base con patas de goma antideslizantes</li><li>• Compartimento integrado para almacenamiento de cable</li><li>• Medidas ultra-compactas: 23.5 x 13.5 x 15.8 cm</li></ul>,Futura,Electro,"Tostadoras, Futura",TRUE,Color,Tostadora Futura FUT-TT818W Blanca,FUT-TT818W,1036.00,,0,deny,https://f.fcdn.app/imgs/17e56f/www.diaril.com.uy/diaruy/d991/original/catalogo/FUT-TT818W_FUT-TT818W_1/1000x1000/tostadora-futura-fut-tt818w-blanca-tostadora-futura-fut-tt818w-blanca.jpg,1,,
dr-fut-tt818w,,,,,,,,,,,,,,https://f.fcdn.app/imgs/375662/www.diaril.com.uy/diaruy/d991/original/catalogo/FUT-TT818W_FUT-TT818W_1/1500-1500/tostadora-futura-fut-tt818w-blanca-tostadora-futura-fut-tt818w-blanca.jpg,2,,
dr-fut-tt818w,,,,,,,,,,,,,,https://f.fcdn.app/imgs/715aab/www.diaril.com.uy/diaruy/d991/original/catalogo/FUT-TT818W_FUT-TT818W_1/1920-1200/tostadora-futura-fut-tt818w-blanca-tostadora-futura-fut-tt818w-blanca.jpg,3,,
dr-fut-tt818w,,,,,,,,,,,,,,https://f.fcdn.app/imgs/3b4160/www.diaril.com.uy/diaruy/d991/original/catalogo/FUT-TT818W_FUT-TT818W_1/2000-2000/tostadora-futura-fut-tt818w-blanca-tostadora-futura-fut-tt818w-blanca.jpg,4,,
dr-fut-tt818w,,,,,,,,,,,,,,https://f.fcdn.app/imgs/bd9b68/www.diaril.com.uy/diaruy/d991/original/catalogo/FUT-TT818W_FUT-TT818W_1/100x100/tostadora-futura-fut-tt818w-blanca-tostadora-futura-fut-tt818w-blanca.jpg,5,,
dr-fut-tt818w,,,,,,,,,,,,,,https://f.fcdn.app/imgs/502cef/www.diaril.com.uy/diaruy/d991/original/catalogo/FUT-TT818W_FUT-TT818W_1/1000_1000/tostadora-futura-fut-tt818w-blanca-tostadora-futura-fut-tt818w-blanca.jpg,6,,
dr-fut-tt829x,Tostadora Futura FUT-TT829X Acero inox,<ul><li>• Potencia: 700 W</li><li>• Capacidad para 2 rebanadas de pan</li><li>• Cuerpo robusto de acero inoxidable</li><li>• Paredes frías al tacto para evitar quemaduras</li><li>• Selector electrónico de tostado (múltiples niveles)</li><li>• Funciones especiales: Descongelado y Cancelación inmediata</li><li>• Sistema de seguridad con apagado automático</li><li>• Base con patas de goma antideslizantes</li><li>• Compartimento integrado para almacenamiento de cable</li><li>• Dimensiones compactas: 26.6 x 14.6 x 16.8 cm</li></ul>,Futura,Electro,"Tostadoras, Futura, stock-verificado",TRUE,Color,Tostadora Futura FUT-TT829X Acero inox,FUT-TT829X,1948.00,,10,deny,https://f.fcdn.app/imgs/c1e009/www.diaril.com.uy/diaruy/b2f0/original/catalogo/FUT-TT829X_FUT-TT829X_1/1000x1000/tostadora-futura-fut-tt829x-acero-inox-tostadora-futura-fut-tt829x-acero-inox.jpg,1,,
dr-fut-tt829x,,,,,,,,,,,,,,https://f.fcdn.app/imgs/8c71f3/www.diaril.com.uy/diaruy/b2f0/original/catalogo/FUT-TT829X_FUT-TT829X_1/1500-1500/tostadora-futura-fut-tt829x-acero-inox-tostadora-futura-fut-tt829x-acero-inox.jpg,2,,
dr-fut-tt829x,,,,,,,,,,,,,,https://f.fcdn.app/imgs/479c94/www.diaril.com.uy/diaruy/b2f0/original/catalogo/FUT-TT829X_FUT-TT829X_1/1920-1200/tostadora-futura-fut-tt829x-acero-inox-tostadora-futura-fut-tt829x-acero-inox.jpg,3,,
dr-fut-tt829x,,,,,,,,,,,,,,https://f.fcdn.app/imgs/8d76db/www.diaril.com.uy/diaruy/b2f0/original/catalogo/FUT-TT829X_FUT-TT829X_1/2000-2000/tostadora-futura-fut-tt829x-acero-inox-tostadora-futura-fut-tt829x-acero-inox.jpg,4,,
dr-fut-tt829x,,,,,,,,,,,,,,https://f.fcdn.app/imgs/a291ac/www.diaril.com.uy/diaruy/b2f0/original/catalogo/FUT-TT829X_FUT-TT829X_1/100x100/tostadora-futura-fut-tt829x-acero-inox-tostadora-futura-fut-tt829x-acero-inox.jpg,5,,
dr-fut-tt829x,,,,,,,,,,,,,,https://f.fcdn.app/imgs/04199c/www.diaril.com.uy/diaruy/b2f0/original/catalogo/FUT-TT829X_FUT-TT829X_1/1000_1000/tostadora-futura-fut-tt829x-acero-inox-tostadora-futura-fut-tt829x-acero-inox.jpg,6,,
dr-fut-vp2000,Panel vitro calefactor Futura Plus FUT-VP2000,"<ul><li>• Potencia regulable: 1000 W / 2000 W</li><li>• Frente de vidrio templado con certificación IP24 (apto para baños)</li><li>• Elemento calefactor de aluminio de alto rendimiento en forma de ""X""</li><li>• Pantalla LED táctil y Control Remoto incluido</li><li>• Doble sistema de seguridad: protector térmico, corte térmico y fusible</li><li>• Instalación versátil: incluye pies de apoyo o kit para amurar a la pared</li><li>• Programación avanzada: Temporizador digital de 7 días y 24 horas</li><li>• Función inteligente de ""Ventana Abierta"" para ahorro de energía</li><li>• Sistema ecológico de consumo eficiente</li></ul>",Futura,Electro,"Climatización, Futura, stock-verificado",TRUE,Color,Panel vitro calefactor Futura Plus FUT-VP2000,FUT-VP2000,4228.00,,10,deny,https://f.fcdn.app/imgs/27f8d4/www.diaril.com.uy/diaruy/8e5a/original/catalogo/FUT-VP2000_FUT-VP2000_1/1000x1000/panel-vitro-calefactor-futura-plus-fut-vp2000-panel-vitro-calefactor-futura-plus-fut-vp2000.jpg,1,,
dr-fut-vp2000,,,,,,,,,,,,,,https://f.fcdn.app/imgs/e611a9/www.diaril.com.uy/diaruy/8e5a/original/catalogo/FUT-VP2000_FUT-VP2000_1/1500-1500/panel-vitro-calefactor-futura-plus-fut-vp2000-panel-vitro-calefactor-futura-plus-fut-vp2000.jpg,2,,
dr-fut-vp2000,,,,,,,,,,,,,,https://f.fcdn.app/imgs/32cd92/www.diaril.com.uy/diaruy/8e5a/original/catalogo/FUT-VP2000_FUT-VP2000_1/1920-1200/panel-vitro-calefactor-futura-plus-fut-vp2000-panel-vitro-calefactor-futura-plus-fut-vp2000.jpg,3,,
dr-fut-vp2000,,,,,,,,,,,,,,https://f.fcdn.app/imgs/4f22ec/www.diaril.com.uy/diaruy/8e5a/original/catalogo/FUT-VP2000_FUT-VP2000_1/2000-2000/panel-vitro-calefactor-futura-plus-fut-vp2000-panel-vitro-calefactor-futura-plus-fut-vp2000.jpg,4,,
dr-fut-vp2000,,,,,,,,,,,,,,https://f.fcdn.app/imgs/97d5d3/www.diaril.com.uy/diaruy/8e5a/original/catalogo/FUT-VP2000_FUT-VP2000_1/100x100/panel-vitro-calefactor-futura-plus-fut-vp2000-panel-vitro-calefactor-futura-plus-fut-vp2000.jpg,5,,
dr-fut-vp2000,,,,,,,,,,,,,,https://f.fcdn.app/imgs/94cc33/www.diaril.com.uy/diaruy/8e5a/original/catalogo/FUT-VP2000_FUT-VP2000_1/1000_1000/panel-vitro-calefactor-futura-plus-fut-vp2000-panel-vitro-calefactor-futura-plus-fut-vp2000.jpg,6,,
dr-mum9yx5s12,Robot de cocina Bosch MUM9YX5S12 OptiMUM,"<ul><li>• Potencia Profesional de 1500W: Motor de alto rendimiento diseñado para masas densas y grandes volúmenes</li><li>• SensorControl Plus: El robot se detiene automáticamente cuando la nata, claras o masas están en su punto perfecto</li><li>• Báscula Integrada: Pesá los ingredientes directamente en el bol mientras los añadís, ahorrando tiempo y vajilla</li><li>• 3D PlanetaryMixing: Sistema de mezclado tridimensional para una integración total de ingredientes</li><li>• SmartSensor para Masas: Mantiene una velocidad constante incluso con mezclas pesadas de hasta 3,5 kg</li><li>• Bol de 5,5L con Asas: Gran capacidad de acero inoxidable pulido para preparaciones familiares o profesionales</li><li>• Temporizador Integrado: Programá el tiempo de batido y el robot se apagará automáticamente al finalizar</li><li>• Identificación Automática de Accesorios: Ajusta la velocidad máxima según el accesorio conectado para mayor seguridad</li><li>• Construcción Premium en Aluminio: Cuerpo sólido, duradero y elegante con detalles en acero inoxidable</li><li>• Set de Repostería Profesional: Incluye varilla con silicona, varilla metálica ajustable y garfio amasador de alto nivel</li><li>• Máximo Confort: Sistema EasyArmLift para elevar el brazo sin esfuerzo y recogecables automático</li></ul>",Bosch,Electro,"Batidoras, Bosch, stock-verificado",TRUE,Color,Robot de cocina Bosch MUM9YX5S12 OptiMUM,MUM9YX5S12,55543.00,,10,deny,https://f.fcdn.app/imgs/0414bd/www.diaril.com.uy/diaruy/5516/original/catalogo/MUM9YX5S12_MUM9YX5S12_1/1000x1000/robot-de-cocina-bosch-mum9yx5s12-optimum-robot-de-cocina-bosch-mum9yx5s12-optimum.jpg,1,,
dr-mum9yx5s12,,,,,,,,,,,,,,https://f.fcdn.app/imgs/d964a8/www.diaril.com.uy/diaruy/5516/original/catalogo/MUM9YX5S12_MUM9YX5S12_1/1500-1500/robot-de-cocina-bosch-mum9yx5s12-optimum-robot-de-cocina-bosch-mum9yx5s12-optimum.jpg,2,,
dr-mum9yx5s12,,,,,,,,,,,,,,https://f.fcdn.app/imgs/83bad1/www.diaril.com.uy/diaruy/5516/original/catalogo/MUM9YX5S12_MUM9YX5S12_1/1920-1200/robot-de-cocina-bosch-mum9yx5s12-optimum-robot-de-cocina-bosch-mum9yx5s12-optimum.jpg,3,,
dr-mum9yx5s12,,,,,,,,,,,,,,https://f.fcdn.app/imgs/0b1985/www.diaril.com.uy/diaruy/ac19/original/catalogo/MUM9YX5S12_MUM9YX5S12_2/1500-1500/robot-de-cocina-bosch-mum9yx5s12-optimum-robot-de-cocina-bosch-mum9yx5s12-optimum.jpg,4,,
dr-mum9yx5s12,,,,,,,,,,,,,,https://f.fcdn.app/imgs/0a11ba/www.diaril.com.uy/diaruy/ac19/original/catalogo/MUM9YX5S12_MUM9YX5S12_2/1920-1200/robot-de-cocina-bosch-mum9yx5s12-optimum-robot-de-cocina-bosch-mum9yx5s12-optimum.jpg,5,,
dr-mum9yx5s12,,,,,,,,,,,,,,https://f.fcdn.app/imgs/14d123/www.diaril.com.uy/diaruy/ac19/original/catalogo/MUM9YX5S12_MUM9YX5S12_2/1000x1000/robot-de-cocina-bosch-mum9yx5s12-optimum-robot-de-cocina-bosch-mum9yx5s12-optimum.jpg,6,,
dr-mum9yx5s12,,,,,,,,,,,,,,https://f.fcdn.app/imgs/05fd62/www.diaril.com.uy/diaruy/0830/original/catalogo/MUM9YX5S12_MUM9YX5S12_3/1500-1500/robot-de-cocina-bosch-mum9yx5s12-optimum-robot-de-cocina-bosch-mum9yx5s12-optimum.jpg,7,,
dr-mum9yx5s12,,,,,,,,,,,,,,https://f.fcdn.app/imgs/a11695/www.diaril.com.uy/diaruy/0830/original/catalogo/MUM9YX5S12_MUM9YX5S12_3/1920-1200/robot-de-cocina-bosch-mum9yx5s12-optimum-robot-de-cocina-bosch-mum9yx5s12-optimum.jpg,8,,
dr-pib375fb1e,Placa de inducción Bosch PIB375FB1E 30 cm,"<ul><li>• Tecnología de Inducción: Cocción rápida, segura, extremadamente limpia y de alta eficiencia energética</li><li>• Control DirectSelect: Selección intuitiva de zonas, potencias (17 niveles) y funciones con un solo toque</li><li>• Zonas de Cocción Versátiles: Incluye una zona de 21 cm y una de 15 cm para diferentes tamaños de recipientes</li><li>• Función Sprint (Boost): Reduce hasta en un 50% el tiempo de calentamiento de líquidos y grandes volúmenes</li><li>• Gestión de Energía ""Mi Consumo"": Visualizá el gasto eléctrico real al finalizar cada proceso de cocción</li><li>• Programación con Apagado Automático: Temporizador individual por zona con avisador acústico integrado</li><li>• Terminación Premium: Diseño elegante con perfiles laterales en acero inoxidable y acabado biselado</li><li>• Seguridad Total: Bloqueo para niños, desconexión automática y protección contra sobrecalentamiento</li><li>• Funciones Inteligentes: Inicio Automático, Memoria y Cronómetro para un control preciso de tus recetas</li><li>• Indicador de Calor Residual Dual: Señalización (H/h) para prevenir quemaduras y aprovechar el calor remanente</li></ul>",Bosch,Electro,"Cocinas, Bosch, stock-verificado",TRUE,Color,Placa de inducción Bosch PIB375FB1E 30 cm,PIB375FB1E,33119.00,,10,deny,https://f.fcdn.app/imgs/8d1e15/www.diaril.com.uy/diaruy/b161/original/catalogo/PIB375FB1E_PIB375FB1E_1/1000x1000/placa-de-induccion-bosch-pib375fb1e-30-cm-placa-de-induccion-bosch-pib375fb1e-30-cm.jpg,1,,
dr-pib375fb1e,,,,,,,,,,,,,,https://f.fcdn.app/imgs/d35cff/www.diaril.com.uy/diaruy/b161/original/catalogo/PIB375FB1E_PIB375FB1E_1/1500-1500/placa-de-induccion-bosch-pib375fb1e-30-cm-placa-de-induccion-bosch-pib375fb1e-30-cm.jpg,2,,
dr-pib375fb1e,,,,,,,,,,,,,,https://f.fcdn.app/imgs/ab727b/www.diaril.com.uy/diaruy/b161/original/catalogo/PIB375FB1E_PIB375FB1E_1/1920-1200/placa-de-induccion-bosch-pib375fb1e-30-cm-placa-de-induccion-bosch-pib375fb1e-30-cm.jpg,3,,
dr-pib375fb1e,,,,,,,,,,,,,,https://f.fcdn.app/imgs/fb820a/www.diaril.com.uy/diaruy/6695/original/catalogo/PIB375FB1E_PIB375FB1E_2/1500-1500/placa-de-induccion-bosch-pib375fb1e-30-cm-placa-de-induccion-bosch-pib375fb1e-30-cm.jpg,4,,
dr-pib375fb1e,,,,,,,,,,,,,,https://f.fcdn.app/imgs/9c8283/www.diaril.com.uy/diaruy/6695/original/catalogo/PIB375FB1E_PIB375FB1E_2/1920-1200/placa-de-induccion-bosch-pib375fb1e-30-cm-placa-de-induccion-bosch-pib375fb1e-30-cm.jpg,5,,
dr-pib375fb1e,,,,,,,,,,,,,,https://f.fcdn.app/imgs/891c95/www.diaril.com.uy/diaruy/6695/original/catalogo/PIB375FB1E_PIB375FB1E_2/1000x1000/placa-de-induccion-bosch-pib375fb1e-30-cm-placa-de-induccion-bosch-pib375fb1e-30-cm.jpg,6,,
dr-pib375fb1e,,,,,,,,,,,,,,https://f.fcdn.app/imgs/db63ec/www.diaril.com.uy/diaruy/8272/original/catalogo/PIB375FB1E_PIB375FB1E_3/1500-1500/placa-de-induccion-bosch-pib375fb1e-30-cm-placa-de-induccion-bosch-pib375fb1e-30-cm.jpg,7,,
dr-pib375fb1e,,,,,,,,,,,,,,https://f.fcdn.app/imgs/9324e1/www.diaril.com.uy/diaruy/8272/original/catalogo/PIB375FB1E_PIB375FB1E_3/1920-1200/placa-de-induccion-bosch-pib375fb1e-30-cm-placa-de-induccion-bosch-pib375fb1e-30-cm.jpg,8,,
dr-pid612bb1e,Anafe de Inducción Bosch PID612BB1E,"<ul><li>• Control TouchSelect: Interfaz táctil intuitiva con 17 niveles de potencia para un control total</li><li>• Zona Triple de 32 cm: El quemador más versátil para utilizar desde cafeteras hasta paelleras gigantes</li><li>• 3 Zonas de Inducción con Sprint: Máxima rapidez en todas las zonas para hervir agua un 50% más rápido</li><li>• Programación Inteligente: Temporizador con apagado automático y avisador acústico para cada zona</li><li>• Funciones de Memoria e Inicio Automático: Recuperá tus ajustes preferidos al encender la placa</li><li>• Seguridad Integral: Bloqueo para niños, desconexión automática y protección contra sobrecalentamiento</li><li>• Gestión de Potencia: Función que permite limitar la potencia total de la placa según la instalación eléctrica</li><li>• Indicador de Calor Residual (H/h): Visualizá de forma segura si la zona sigue caliente después de cocinar</li><li>• Diseño de Encastre Estándar: Dimensiones de 60 cm que se adaptan perfectamente a cualquier cocina moderna</li></ul>",Bosch,Electro,"Cocinas, Bosch, stock-verificado",TRUE,Color,Anafe de Inducción Bosch PID612BB1E,PID612BB1E,53471.00,,10,deny,https://f.fcdn.app/imgs/f17d39/www.diaril.com.uy/diaruy/9183/original/catalogo/PID612BB1E_PID612BB1E_1/1000x1000/anafe-de-induccion-bosch-pid612bb1e-anafe-de-induccion-bosch-pid612bb1e.jpg,1,,
dr-pid612bb1e,,,,,,,,,,,,,,https://f.fcdn.app/imgs/da2876/www.diaril.com.uy/diaruy/9183/original/catalogo/PID612BB1E_PID612BB1E_1/1500-1500/anafe-de-induccion-bosch-pid612bb1e-anafe-de-induccion-bosch-pid612bb1e.jpg,2,,
dr-pid612bb1e,,,,,,,,,,,,,,https://f.fcdn.app/imgs/f85d0a/www.diaril.com.uy/diaruy/9183/original/catalogo/PID612BB1E_PID612BB1E_1/1920-1200/anafe-de-induccion-bosch-pid612bb1e-anafe-de-induccion-bosch-pid612bb1e.jpg,3,,
dr-pid612bb1e,,,,,,,,,,,,,,https://f.fcdn.app/imgs/7d24f6/www.diaril.com.uy/diaruy/f2e6/original/catalogo/PID612BB1E_PID612BB1E_2/1500-1500/anafe-de-induccion-bosch-pid612bb1e-anafe-de-induccion-bosch-pid612bb1e.jpg,4,,
dr-pid612bb1e,,,,,,,,,,,,,,https://f.fcdn.app/imgs/747dbe/www.diaril.com.uy/diaruy/f2e6/original/catalogo/PID612BB1E_PID612BB1E_2/1920-1200/anafe-de-induccion-bosch-pid612bb1e-anafe-de-induccion-bosch-pid612bb1e.jpg,5,,
dr-pid612bb1e,,,,,,,,,,,,,,https://f.fcdn.app/imgs/1e8f30/www.diaril.com.uy/diaruy/f2e6/original/catalogo/PID612BB1E_PID612BB1E_2/1000x1000/anafe-de-induccion-bosch-pid612bb1e-anafe-de-induccion-bosch-pid612bb1e.jpg,6,,
dr-pid612bb1e,,,,,,,,,,,,,,https://f.fcdn.app/imgs/f95799/www.diaril.com.uy/diaruy/0fc2/original/catalogo/PID612BB1E_PID612BB1E_3/1500-1500/anafe-de-induccion-bosch-pid612bb1e-anafe-de-induccion-bosch-pid612bb1e.jpg,7,,
dr-pid612bb1e,,,,,,,,,,,,,,https://f.fcdn.app/imgs/f1d917/www.diaril.com.uy/diaruy/0fc2/original/catalogo/PID612BB1E_PID612BB1E_3/1920-1200/anafe-de-induccion-bosch-pid612bb1e-anafe-de-induccion-bosch-pid612bb1e.jpg,8,,
dr-pkf375fp2e,Anafe vitrocerámico Bosch PKF375FP2E 30 cm,"<ul><li>• Diseño Modular de 30 cm: Espacio optimizado para 2 recipientes, ideal para cocinas compactas</li><li>• 17 Niveles de Potencia: Control electrónico de alta precisión para adaptar el calor a cada receta</li><li>• Programación con Apagado Automático: Temporizador individual por zona con avisador acústico</li><li>• Función Mi Consumo: Visualizá el gasto energético real al finalizar cada proceso de cocción</li><li>• Terminación Premium: Diseño elegante y minimalista que se integra perfectamente a cualquier mesada</li><li>• Seguridad Total: Bloqueo para niños (manual/automático) y desconexión automática de seguridad</li><li>• Indicador de Calor Residual (H/h): Doble nivel de alerta para evitar quemaduras accidentales</li><li>• Funciones Inteligentes: Cronómetro, alarma con duración ajustable y función Memoria integrada</li><li>• Dimensiones de Encastre Estándar: Medidas de 270 x 490 mm para una instalación rápida y sencilla</li></ul>",Bosch,Electro,"Cocinas, Bosch, stock-verificado",TRUE,Color,Anafe vitrocerámico Bosch PKF375FP2E 30 cm,PKF375FP2E,24829.00,,10,deny,https://f.fcdn.app/imgs/e0f159/www.diaril.com.uy/diaruy/67bc/original/catalogo/PKF375FP2E_PKF375FP2E_1/1000x1000/anafe-vitroceramico-bosch-pkf375fp2e-30-cm-anafe-vitroceramico-bosch-pkf375fp2e-30-cm.jpg,1,,
dr-pkf375fp2e,,,,,,,,,,,,,,https://f.fcdn.app/imgs/a62377/www.diaril.com.uy/diaruy/67bc/original/catalogo/PKF375FP2E_PKF375FP2E_1/1500-1500/anafe-vitroceramico-bosch-pkf375fp2e-30-cm-anafe-vitroceramico-bosch-pkf375fp2e-30-cm.jpg,2,,
dr-pkf375fp2e,,,,,,,,,,,,,,https://f.fcdn.app/imgs/ca8900/www.diaril.com.uy/diaruy/67bc/original/catalogo/PKF375FP2E_PKF375FP2E_1/1920-1200/anafe-vitroceramico-bosch-pkf375fp2e-30-cm-anafe-vitroceramico-bosch-pkf375fp2e-30-cm.jpg,3,,
dr-pkf375fp2e,,,,,,,,,,,,,,https://f.fcdn.app/imgs/a86b21/www.diaril.com.uy/diaruy/cc4f/original/catalogo/PKF375FP2E_PKF375FP2E_2/1500-1500/anafe-vitroceramico-bosch-pkf375fp2e-30-cm-anafe-vitroceramico-bosch-pkf375fp2e-30-cm.jpg,4,,
dr-pkf375fp2e,,,,,,,,,,,,,,https://f.fcdn.app/imgs/3fad23/www.diaril.com.uy/diaruy/cc4f/original/catalogo/PKF375FP2E_PKF375FP2E_2/1920-1200/anafe-vitroceramico-bosch-pkf375fp2e-30-cm-anafe-vitroceramico-bosch-pkf375fp2e-30-cm.jpg,5,,
dr-pkf375fp2e,,,,,,,,,,,,,,https://f.fcdn.app/imgs/fd0cb6/www.diaril.com.uy/diaruy/cc4f/original/catalogo/PKF375FP2E_PKF375FP2E_2/1000x1000/anafe-vitroceramico-bosch-pkf375fp2e-30-cm-anafe-vitroceramico-bosch-pkf375fp2e-30-cm.jpg,6,,
dr-pkf375fp2e,,,,,,,,,,,,,,https://f.fcdn.app/imgs/959402/www.diaril.com.uy/diaruy/9170/original/catalogo/PKF375FP2E_PKF375FP2E_3/1500-1500/anafe-vitroceramico-bosch-pkf375fp2e-30-cm-anafe-vitroceramico-bosch-pkf375fp2e-30-cm.jpg,7,,
dr-pkf375fp2e,,,,,,,,,,,,,,https://f.fcdn.app/imgs/156ab7/www.diaril.com.uy/diaruy/9170/original/catalogo/PKF375FP2E_PKF375FP2E_3/1920-1200/anafe-vitroceramico-bosch-pkf375fp2e-30-cm-anafe-vitroceramico-bosch-pkf375fp2e-30-cm.jpg,8,,
dr-pkm61raa8e,Anafe vitrocerámico Bosch PKM61RAA8E 60 cm,"<ul><li>• Capacidad para 3 Recipientes: Distribución inteligente de zonas en 60 cm para mayor comodidad</li><li>• Potencia Máxima de 5700 W: Alto rendimiento para cocciones rápidas y eficientes</li><li>• Seguridad Total: Bloqueo para niños (automático o manual) que impide encendidos accidentales</li><li>• Desconexión Automática: Sistema de seguridad que apaga la placa tras un periodo de inactividad</li><li>• Diseño Extraplano: Con solo 45 mm de altura para una integración estética y moderna</li><li>• Instalación Versátil: Compatible con encimeras de espesor mínimo de 16 mm</li><li>• Dimensiones de Encastre Estándar: Medidas de 560 x 490 mm, ideales para reposición sencilla</li><li>• Superficie Vitrocerámica: Alta resistencia y facilidad de limpieza tras cada uso</li></ul>",Bosch,Electro,"Cocinas, Bosch, stock-verificado",TRUE,Color,Anafe vitrocerámico Bosch PKM61RAA8E 60 cm,PKM61RAA8E,20310.00,,10,deny,https://f.fcdn.app/imgs/32f4c8/www.diaril.com.uy/diaruy/9952/original/catalogo/PKM61RAA8E_PKM61RAA8E_1/1000x1000/anafe-vitroceramico-bosch-pkm61raa8e-60-cm-anafe-vitroceramico-bosch-pkm61raa8e-60-cm.jpg,1,,
dr-pkm61raa8e,,,,,,,,,,,,,,https://f.fcdn.app/imgs/498a2d/www.diaril.com.uy/diaruy/9952/original/catalogo/PKM61RAA8E_PKM61RAA8E_1/1500-1500/anafe-vitroceramico-bosch-pkm61raa8e-60-cm-anafe-vitroceramico-bosch-pkm61raa8e-60-cm.jpg,2,,
dr-pkm61raa8e,,,,,,,,,,,,,,https://f.fcdn.app/imgs/663cd8/www.diaril.com.uy/diaruy/9952/original/catalogo/PKM61RAA8E_PKM61RAA8E_1/1920-1200/anafe-vitroceramico-bosch-pkm61raa8e-60-cm-anafe-vitroceramico-bosch-pkm61raa8e-60-cm.jpg,3,,
dr-pkm61raa8e,,,,,,,,,,,,,,https://f.fcdn.app/imgs/4fb146/www.diaril.com.uy/diaruy/ed16/original/catalogo/PKM61RAA8E_PKM61RAA8E_2/1500-1500/anafe-vitroceramico-bosch-pkm61raa8e-60-cm-anafe-vitroceramico-bosch-pkm61raa8e-60-cm.jpg,4,,
dr-pkm61raa8e,,,,,,,,,,,,,,https://f.fcdn.app/imgs/ef695e/www.diaril.com.uy/diaruy/ed16/original/catalogo/PKM61RAA8E_PKM61RAA8E_2/1920-1200/anafe-vitroceramico-bosch-pkm61raa8e-60-cm-anafe-vitroceramico-bosch-pkm61raa8e-60-cm.jpg,5,,
dr-pkm61raa8e,,,,,,,,,,,,,,https://f.fcdn.app/imgs/4d53b2/www.diaril.com.uy/diaruy/ed16/original/catalogo/PKM61RAA8E_PKM61RAA8E_2/1000x1000/anafe-vitroceramico-bosch-pkm61raa8e-60-cm-anafe-vitroceramico-bosch-pkm61raa8e-60-cm.jpg,6,,
dr-pkm61raa8e,,,,,,,,,,,,,,https://f.fcdn.app/imgs/ebc80f/www.diaril.com.uy/diaruy/d3be/original/catalogo/PKM61RAA8E_PKM61RAA8E_3/1500-1500/anafe-vitroceramico-bosch-pkm61raa8e-60-cm-anafe-vitroceramico-bosch-pkm61raa8e-60-cm.jpg,7,,
dr-pkm61raa8e,,,,,,,,,,,,,,https://f.fcdn.app/imgs/ab53da/www.diaril.com.uy/diaruy/d3be/original/catalogo/PKM61RAA8E_PKM61RAA8E_3/1920-1200/anafe-vitroceramico-bosch-pkm61raa8e-60-cm-anafe-vitroceramico-bosch-pkm61raa8e-60-cm.jpg,8,,
dr-pue611bb5e,Anafe de Inducción Bosch PUE611BB5E 60 cm,<ul><li>• Tecnología de Inducción de 60 cm: Espacio optimizado para cocinar con hasta 4 recipientes en simultáneo</li><li>• 17 Niveles de Potencia: Control electrónico de alta precisión para un ajuste exacto del calor</li><li>• Función Boost (Sprint): Incrementa la potencia puntualmente para un calentamiento ultra rápido</li><li>• Gestión de Potencia: Función que permite limitar la potencia total de la placa según la instalación eléctrica</li><li>• Funciones Inteligentes: Inicio Automático y Memoria para retomar tus ajustes preferidos al instante</li><li>• Seguridad Total: Bloqueo para niños (automático/manual) y desconexión automática de seguridad</li><li>• Indicador de Calor Residual (H/h): Doble nivel de alerta para identificar zonas calientes tras el uso</li><li>• Eficiencia Energética: Potencia máxima de 4600W con aprovechamiento inteligente del calor</li><li>• Diseño de Encastre Estándar: Medidas de 560 x 490 mm para una integración perfecta en tu mesada</li></ul>,Bosch,Electro,"Cocinas, Bosch, stock-verificado",TRUE,Color,Anafe de Inducción Bosch PUE611BB5E 60 cm,PUE611BB5E,33119.00,,10,deny,https://f.fcdn.app/imgs/a68cc6/www.diaril.com.uy/diaruy/0973/original/catalogo/PUE611BB5E_PUE611BB5E_1/1000x1000/anafe-de-induccion-bosch-pue611bb5e-60-cm-anafe-de-induccion-bosch-pue611bb5e-60-cm.jpg,1,,
dr-pue611bb5e,,,,,,,,,,,,,,https://f.fcdn.app/imgs/6fb261/www.diaril.com.uy/diaruy/0973/original/catalogo/PUE611BB5E_PUE611BB5E_1/1500-1500/anafe-de-induccion-bosch-pue611bb5e-60-cm-anafe-de-induccion-bosch-pue611bb5e-60-cm.jpg,2,,
dr-pue611bb5e,,,,,,,,,,,,,,https://f.fcdn.app/imgs/a7d7e2/www.diaril.com.uy/diaruy/0973/original/catalogo/PUE611BB5E_PUE611BB5E_1/1920-1200/anafe-de-induccion-bosch-pue611bb5e-60-cm-anafe-de-induccion-bosch-pue611bb5e-60-cm.jpg,3,,
dr-pue611bb5e,,,,,,,,,,,,,,https://f.fcdn.app/imgs/5ef2a0/www.diaril.com.uy/diaruy/2e2a/original/catalogo/PUE611BB5E_PUE611BB5E_2/1500-1500/anafe-de-induccion-bosch-pue611bb5e-60-cm-anafe-de-induccion-bosch-pue611bb5e-60-cm.jpg,4,,
dr-pue611bb5e,,,,,,,,,,,,,,https://f.fcdn.app/imgs/dcbf60/www.diaril.com.uy/diaruy/2e2a/original/catalogo/PUE611BB5E_PUE611BB5E_2/1920-1200/anafe-de-induccion-bosch-pue611bb5e-60-cm-anafe-de-induccion-bosch-pue611bb5e-60-cm.jpg,5,,
dr-pue611bb5e,,,,,,,,,,,,,,https://f.fcdn.app/imgs/6cc11f/www.diaril.com.uy/diaruy/2e2a/original/catalogo/PUE611BB5E_PUE611BB5E_2/1000x1000/anafe-de-induccion-bosch-pue611bb5e-60-cm-anafe-de-induccion-bosch-pue611bb5e-60-cm.jpg,6,,
dr-pue611bb5e,,,,,,,,,,,,,,https://f.fcdn.app/imgs/3b9a79/www.diaril.com.uy/diaruy/5cc8/original/catalogo/PUE611BB5E_PUE611BB5E_3/1500-1500/anafe-de-induccion-bosch-pue611bb5e-60-cm-anafe-de-induccion-bosch-pue611bb5e-60-cm.jpg,7,,
dr-pue611bb5e,,,,,,,,,,,,,,https://f.fcdn.app/imgs/9c249c/www.diaril.com.uy/diaruy/5cc8/original/catalogo/PUE611BB5E_PUE611BB5E_3/1920-1200/anafe-de-induccion-bosch-pue611bb5e-60-cm-anafe-de-induccion-bosch-pue611bb5e-60-cm.jpg,8,,
dr-pvq731h26e,Anafe de Induccion Bosch PVQ731H26E c/extractor,"<ul><li>• Tecnología 2 en 1: Placa de inducción con extractor de aire integrado para una cocina sin humos ni olores</li><li>• Función AutoOn: El extractor se activa y ajusta automáticamente al encender cualquier zona de cocción</li><li>• CombiInducción: Vinculá dos zonas para calentar recipientes rectangulares o de gran tamaño uniformemente</li><li>• PerfectFry Plus: Sensor que controla la temperatura del aceite para frituras perfectas y saludables</li><li>• Motor iQdrive: Máximo rendimiento de extracción con 10 años de garantía y funcionamiento silencioso</li><li>• Potencia de Extracción (622 m³/h): Capacidad profesional para mantener el aire limpio en segundos</li><li>• Control DirectSelect: 17 niveles de potencia con interfaz táctil para una precisión quirúrgica</li><li>• Mantenimiento Sencillo: Filtros antigrasa y depósitos de líquidos aptos para lavavajillas</li><li>• Sistema de Seguridad de Líquidos: Incluye dos recolectores para derrames accidentales de fácil acceso</li><li>• Dimensiones de Encastre Estándar: Diseñado para huecos de 560 x 490 mm, optimizando el espacio bajo mesada</li></ul>",Bosch,Electro,"Cocinas, Bosch, stock-verificado",TRUE,Color,Anafe de Induccion Bosch PVQ731H26E c/extractor,PVQ731H26E,123936.00,,10,deny,https://f.fcdn.app/imgs/d49d68/www.diaril.com.uy/diaruy/ccaa/original/catalogo/PVQ731H26E_PVQ731H26E_1/1000x1000/anafe-de-induccion-bosch-pvq731h26e-c-extractor-anafe-de-induccion-bosch-pvq731h26e-c-extractor.jpg,1,,
dr-pvq731h26e,,,,,,,,,,,,,,https://f.fcdn.app/imgs/af316d/www.diaril.com.uy/diaruy/ccaa/original/catalogo/PVQ731H26E_PVQ731H26E_1/1500-1500/anafe-de-induccion-bosch-pvq731h26e-c-extractor-anafe-de-induccion-bosch-pvq731h26e-c-extractor.jpg,2,,
dr-pvq731h26e,,,,,,,,,,,,,,https://f.fcdn.app/imgs/3d7243/www.diaril.com.uy/diaruy/ccaa/original/catalogo/PVQ731H26E_PVQ731H26E_1/1920-1200/anafe-de-induccion-bosch-pvq731h26e-c-extractor-anafe-de-induccion-bosch-pvq731h26e-c-extractor.jpg,3,,
dr-pvq731h26e,,,,,,,,,,,,,,https://f.fcdn.app/imgs/5a630e/www.diaril.com.uy/diaruy/b18f/original/catalogo/PVQ731H26E_PVQ731H26E_2/1500-1500/anafe-de-induccion-bosch-pvq731h26e-c-extractor-anafe-de-induccion-bosch-pvq731h26e-c-extractor.jpg,4,,
dr-pvq731h26e,,,,,,,,,,,,,,https://f.fcdn.app/imgs/e9f980/www.diaril.com.uy/diaruy/b18f/original/catalogo/PVQ731H26E_PVQ731H26E_2/1920-1200/anafe-de-induccion-bosch-pvq731h26e-c-extractor-anafe-de-induccion-bosch-pvq731h26e-c-extractor.jpg,5,,
dr-pvq731h26e,,,,,,,,,,,,,,https://f.fcdn.app/imgs/14371f/www.diaril.com.uy/diaruy/b18f/original/catalogo/PVQ731H26E_PVQ731H26E_2/1000x1000/anafe-de-induccion-bosch-pvq731h26e-c-extractor-anafe-de-induccion-bosch-pvq731h26e-c-extractor.jpg,6,,
dr-pvq731h26e,,,,,,,,,,,,,,https://f.fcdn.app/imgs/36fe5a/www.diaril.com.uy/diaruy/0844/original/catalogo/PVQ731H26E_PVQ731H26E_3/1500-1500/anafe-de-induccion-bosch-pvq731h26e-c-extractor-anafe-de-induccion-bosch-pvq731h26e-c-extractor.jpg,7,,
dr-pvq731h26e,,,,,,,,,,,,,,https://f.fcdn.app/imgs/dcff9b/www.diaril.com.uy/diaruy/0844/original/catalogo/PVQ731H26E_PVQ731H26E_3/1920-1200/anafe-de-induccion-bosch-pvq731h26e-c-extractor-anafe-de-induccion-bosch-pvq731h26e-c-extractor.jpg,8,,
dr-pxj675hc1e,Anafe de Inducción Bosch PXJ675HC1E 60 cm,"<ul><li>• Tecnología FlexInducción: Máxima libertad para colocar recipientes de cualquier forma, tamaño o posición</li><li>• Terminación Premium: Diseño sofisticado con perfiles laterales en acero inoxidable y acabado biselado</li><li>• Control DirectSelect: Interfaz intuitiva con 17 niveles de potencia para una precisión absoluta</li><li>• Zona de Gran Tamaño (28 cm): Espacio dedicado para ollas y sartenes de gran diámetro</li><li>• Control de Temperatura de Fritura: 11 niveles especializados para lograr el dorado perfecto sin quemar el aceite</li><li>• Función Sprint (Boost): Calentamiento ultra rápido que incrementa la potencia hasta un 50%</li><li>• Función Transfer: Mové tus recipientes entre zonas manteniendo todos los ajustes automáticamente</li><li>• Inteligencia de Cocción: Selección automática de zona al apoyar el recipiente y función ""Mantener Caliente""</li><li>• Seguridad Avanzada: Bloqueo para niños, desconexión automática y potencia total limitable por el usuario</li><li>• Programación Individual: Temporizador con apagado automático y avisador acústico para cada zona</li></ul>",Bosch,Electro,"Cocinas, Bosch, stock-verificado",TRUE,Color,Anafe de Inducción Bosch PXJ675HC1E 60 cm,PXJ675HC1E,54673.00,,10,deny,https://f.fcdn.app/imgs/87ad55/www.diaril.com.uy/diaruy/f4b7/original/catalogo/PXJ675HC1E_PXJ675HC1E_1/1000x1000/anafe-de-induccion-bosch-pxj675hc1e-60-cm-anafe-de-induccion-bosch-pxj675hc1e-60-cm.jpg,1,,
dr-pxj675hc1e,,,,,,,,,,,,,,https://f.fcdn.app/imgs/31127e/www.diaril.com.uy/diaruy/f4b7/original/catalogo/PXJ675HC1E_PXJ675HC1E_1/1500-1500/anafe-de-induccion-bosch-pxj675hc1e-60-cm-anafe-de-induccion-bosch-pxj675hc1e-60-cm.jpg,2,,
dr-pxj675hc1e,,,,,,,,,,,,,,https://f.fcdn.app/imgs/63dbef/www.diaril.com.uy/diaruy/f4b7/original/catalogo/PXJ675HC1E_PXJ675HC1E_1/1920-1200/anafe-de-induccion-bosch-pxj675hc1e-60-cm-anafe-de-induccion-bosch-pxj675hc1e-60-cm.jpg,3,,
dr-pxj675hc1e,,,,,,,,,,,,,,https://f.fcdn.app/imgs/9c5f0a/www.diaril.com.uy/diaruy/b576/original/catalogo/PXJ675HC1E_PXJ675HC1E_2/1500-1500/anafe-de-induccion-bosch-pxj675hc1e-60-cm-anafe-de-induccion-bosch-pxj675hc1e-60-cm.jpg,4,,
dr-pxj675hc1e,,,,,,,,,,,,,,https://f.fcdn.app/imgs/361f9c/www.diaril.com.uy/diaruy/b576/original/catalogo/PXJ675HC1E_PXJ675HC1E_2/1920-1200/anafe-de-induccion-bosch-pxj675hc1e-60-cm-anafe-de-induccion-bosch-pxj675hc1e-60-cm.jpg,5,,
dr-pxj675hc1e,,,,,,,,,,,,,,https://f.fcdn.app/imgs/90681d/www.diaril.com.uy/diaruy/b576/original/catalogo/PXJ675HC1E_PXJ675HC1E_2/1000x1000/anafe-de-induccion-bosch-pxj675hc1e-60-cm-anafe-de-induccion-bosch-pxj675hc1e-60-cm.jpg,6,,
dr-pxj675hc1e,,,,,,,,,,,,,,https://f.fcdn.app/imgs/de0c3b/www.diaril.com.uy/diaruy/f0ae/original/catalogo/PXJ675HC1E_PXJ675HC1E_3/1500-1500/anafe-de-induccion-bosch-pxj675hc1e-60-cm-anafe-de-induccion-bosch-pxj675hc1e-60-cm.jpg,7,,
dr-pxj675hc1e,,,,,,,,,,,,,,https://f.fcdn.app/imgs/9c1d7d/www.diaril.com.uy/diaruy/f0ae/original/catalogo/PXJ675HC1E_PXJ675HC1E_3/1920-1200/anafe-de-induccion-bosch-pxj675hc1e-60-cm-anafe-de-induccion-bosch-pxj675hc1e-60-cm.jpg,8,,
dr-pxv875dv1e,Anafe de Inducción Bosch PXV875DV1E 80 cm,"<ul><li>• Control DirectSelect Premium: Panel táctil de 30 cm para una selección intuitiva de potencia y funciones</li><li>• Flex Zone de 40 cm: Libertad total para usar recipientes de cualquier forma o tamaño en la zona flexible</li><li>• 5 Zonas de Cocción: Incluye zona central de 24 cm y Flex Zone para una versatilidad máxima</li><li>• Control de Temperatura del Aceite: 5 niveles con sensor automático para dorados perfectos y saludables</li><li>• Función Power Move: 3 niveles de potencia preseleccionados que se activan al desplazar el recipiente</li><li>• Terminación Premium: Diseño biselado con perfiles laterales en acero inoxidable de alta calidad</li><li>• Funciones Sprint y ShortBoost: Calentamiento ultra rápido para líquidos y protección para sartenes</li><li>• Función Clean: Bloqueo temporal del panel para limpiar derrames sin alterar la configuración</li><li>• Gestión Inteligente: Funciones de Memoria, Inicio Automático, Mantener Caliente y Monitor de Consumo</li><li>• Seguridad Superior: Bloqueo para niños, desconexión automática e indicador de calor residual dual</li></ul>",Bosch,Electro,"Cocinas, Bosch",TRUE,Color,Anafe de Inducción Bosch PXV875DV1E 80 cm,PXV875DV1E,72911.00,,0,deny,https://f.fcdn.app/imgs/c33ed9/www.diaril.com.uy/diaruy/4510/original/catalogo/PXV875DV1E_PXV875DV1E_1/1000x1000/anafe-de-induccion-bosch-pxv875dv1e-80-cm-anafe-de-induccion-bosch-pxv875dv1e-80-cm.jpg,1,,
dr-pxv875dv1e,,,,,,,,,,,,,,https://f.fcdn.app/imgs/a62cc8/www.diaril.com.uy/diaruy/4510/original/catalogo/PXV875DV1E_PXV875DV1E_1/1500-1500/anafe-de-induccion-bosch-pxv875dv1e-80-cm-anafe-de-induccion-bosch-pxv875dv1e-80-cm.jpg,2,,
dr-pxv875dv1e,,,,,,,,,,,,,,https://f.fcdn.app/imgs/fa8f44/www.diaril.com.uy/diaruy/4510/original/catalogo/PXV875DV1E_PXV875DV1E_1/1920-1200/anafe-de-induccion-bosch-pxv875dv1e-80-cm-anafe-de-induccion-bosch-pxv875dv1e-80-cm.jpg,3,,
dr-pxv875dv1e,,,,,,,,,,,,,,https://f.fcdn.app/imgs/292410/www.diaril.com.uy/diaruy/5786/original/catalogo/PXV875DV1E_PXV875DV1E_2/1500-1500/anafe-de-induccion-bosch-pxv875dv1e-80-cm-anafe-de-induccion-bosch-pxv875dv1e-80-cm.jpg,4,,
dr-pxv875dv1e,,,,,,,,,,,,,,https://f.fcdn.app/imgs/895508/www.diaril.com.uy/diaruy/5786/original/catalogo/PXV875DV1E_PXV875DV1E_2/1920-1200/anafe-de-induccion-bosch-pxv875dv1e-80-cm-anafe-de-induccion-bosch-pxv875dv1e-80-cm.jpg,5,,
dr-pxv875dv1e,,,,,,,,,,,,,,https://f.fcdn.app/imgs/b08636/www.diaril.com.uy/diaruy/5786/original/catalogo/PXV875DV1E_PXV875DV1E_2/1000x1000/anafe-de-induccion-bosch-pxv875dv1e-80-cm-anafe-de-induccion-bosch-pxv875dv1e-80-cm.jpg,6,,
dr-pxv875dv1e,,,,,,,,,,,,,,https://f.fcdn.app/imgs/91b187/www.diaril.com.uy/diaruy/8e03/original/catalogo/PXV875DV1E_PXV875DV1E_3/1500-1500/anafe-de-induccion-bosch-pxv875dv1e-80-cm-anafe-de-induccion-bosch-pxv875dv1e-80-cm.jpg,7,,
dr-pxv875dv1e,,,,,,,,,,,,,,https://f.fcdn.app/imgs/bfbd6e/www.diaril.com.uy/diaruy/8e03/original/catalogo/PXV875DV1E_PXV875DV1E_3/1920-1200/anafe-de-induccion-bosch-pxv875dv1e-80-cm-anafe-de-induccion-bosch-pxv875dv1e-80-cm.jpg,8,,
dr-si-cp600ev,Campana Plana Siam SI-CP600EV 60 cm,Campana Plana Siam SI-CP600EV 60 cm,Siam,Electro,"Campanas, Siam, stock-verificado",TRUE,Color,Campana Plana Siam SI-CP600EV 60 cm,SI-CP600EV,17824.00,,10,deny,https://f.fcdn.app/imgs/3442ba/www.diaril.com.uy/diaruy/acc0/original/catalogo/SI-CP600EV_SI-CP600EV_1/1000x1000/campana-plana-siam-si-cp600ev-60-cm-campana-plana-siam-si-cp600ev-60-cm.jpg,1,,
dr-si-cp600ev,,,,,,,,,,,,,,https://f.fcdn.app/imgs/79f923/www.diaril.com.uy/diaruy/acc0/original/catalogo/SI-CP600EV_SI-CP600EV_1/1500-1500/campana-plana-siam-si-cp600ev-60-cm-campana-plana-siam-si-cp600ev-60-cm.jpg,2,,
dr-si-cp600ev,,,,,,,,,,,,,,https://f.fcdn.app/imgs/d47155/www.diaril.com.uy/diaruy/acc0/original/catalogo/SI-CP600EV_SI-CP600EV_1/1920-1200/campana-plana-siam-si-cp600ev-60-cm-campana-plana-siam-si-cp600ev-60-cm.jpg,3,,
dr-si-cp600ev,,,,,,,,,,,,,,https://f.fcdn.app/imgs/33f65e/www.diaril.com.uy/diaruy/acc0/original/catalogo/SI-CP600EV_SI-CP600EV_1/2000-2000/campana-plana-siam-si-cp600ev-60-cm-campana-plana-siam-si-cp600ev-60-cm.jpg,4,,
dr-si-cp600ev,,,,,,,,,,,,,,https://f.fcdn.app/imgs/6c4a2e/www.diaril.com.uy/diaruy/acc0/original/catalogo/SI-CP600EV_SI-CP600EV_1/100x100/campana-plana-siam-si-cp600ev-60-cm-campana-plana-siam-si-cp600ev-60-cm.jpg,5,,
dr-si-cp600ev,,,,,,,,,,,,,,https://f.fcdn.app/imgs/e36348/www.diaril.com.uy/diaruy/acc0/original/catalogo/SI-CP600EV_SI-CP600EV_1/1000_1000/campana-plana-siam-si-cp600ev-60-cm-campana-plana-siam-si-cp600ev-60-cm.jpg,6,,
dr-smh4ecx28e,Lavavajillas panelable Bosch SMH4ECX28E 14 Servicios Puerta deslizante,"<ul><li>• Motor EcoSilence (INVERTER): Funcionamiento ultra silencioso, eficiente y de larga vida útil</li><li>• Capacidad para 14 Servicios: Amplio espacio interior diseñado para familias numerosas</li><li>• Secado Eficiente: Apertura automática de la puerta al finalizar el ciclo para un secado perfecto</li><li>• 3ª Bandeja VarioDrawer: Espacio dedicado para cubiertos y utensilios pequeños, optimizando el espacio</li><li>• StatusLight: Práctica proyección de luz lateral para indicar que el ciclo sigue en marcha</li><li>• Cesta RackMatic: Regulable en 3 niveles de altura para acomodar piezas de gran tamaño</li><li>• Máxima Flexibilidad: Cestas Flex y varillas abatibles para una carga fácil y adaptada</li><li>• AquaStop y GlassProtect: Protección total contra fugas y cuidado extremo para copas delicadas</li><li>• Silencio Plus (42 dB): Tan silencioso que ni notarás que está funcionando</li><li>• Higiene Garantizada: Programa especial de limpieza de cuba y cuba de acero inoxidable</li><li>• Funciones Especiales: SpeedPerfect+ para lavados rápidos y Extra Secado para plásticos</li></ul>",Bosch,Electro,"Lavavajillas, Bosch, stock-verificado",TRUE,Color,Lavavajillas panelable Bosch SMH4ECX28E 14 Servicios Puerta deslizante,SMH4ECX28E,82444.00,,10,deny,https://f.fcdn.app/imgs/e42104/www.diaril.com.uy/diaruy/9966/original/catalogo/SMH4ECX28E_SMH4ECX28E_1/1000x1000/lavavajillas-panelable-bosch-smh4ecx28e-14-servicios-puerta-deslizante-lavavajillas-panelable-bosch-smh4ecx28e-14-servicios-puerta-deslizante.jpg,1,,
dr-smh4ecx28e,,,,,,,,,,,,,,https://f.fcdn.app/imgs/b1c425/www.diaril.com.uy/diaruy/9966/original/catalogo/SMH4ECX28E_SMH4ECX28E_1/1500-1500/lavavajillas-panelable-bosch-smh4ecx28e-14-servicios-puerta-deslizante-lavavajillas-panelable-bosch-smh4ecx28e-14-servicios-puerta-deslizante.jpg,2,,
dr-smh4ecx28e,,,,,,,,,,,,,,https://f.fcdn.app/imgs/92d6b8/www.diaril.com.uy/diaruy/9966/original/catalogo/SMH4ECX28E_SMH4ECX28E_1/1920-1200/lavavajillas-panelable-bosch-smh4ecx28e-14-servicios-puerta-deslizante-lavavajillas-panelable-bosch-smh4ecx28e-14-servicios-puerta-deslizante.jpg,3,,
dr-smh4ecx28e,,,,,,,,,,,,,,https://f.fcdn.app/imgs/267972/www.diaril.com.uy/diaruy/a361/original/catalogo/SMH4ECX28E_SMH4ECX28E_2/1500-1500/lavavajillas-panelable-bosch-smh4ecx28e-14-servicios-puerta-deslizante-lavavajillas-panelable-bosch-smh4ecx28e-14-servicios-puerta-deslizante.jpg,4,,
dr-smh4ecx28e,,,,,,,,,,,,,,https://f.fcdn.app/imgs/b1e940/www.diaril.com.uy/diaruy/a361/original/catalogo/SMH4ECX28E_SMH4ECX28E_2/1920-1200/lavavajillas-panelable-bosch-smh4ecx28e-14-servicios-puerta-deslizante-lavavajillas-panelable-bosch-smh4ecx28e-14-servicios-puerta-deslizante.jpg,5,,
dr-smh4ecx28e,,,,,,,,,,,,,,https://f.fcdn.app/imgs/154e8f/www.diaril.com.uy/diaruy/a361/original/catalogo/SMH4ECX28E_SMH4ECX28E_2/1000x1000/lavavajillas-panelable-bosch-smh4ecx28e-14-servicios-puerta-deslizante-lavavajillas-panelable-bosch-smh4ecx28e-14-servicios-puerta-deslizante.jpg,6,,
dr-smh4ecx28e,,,,,,,,,,,,,,https://f.fcdn.app/imgs/e84d96/www.diaril.com.uy/diaruy/1b76/original/catalogo/SMH4ECX28E_SMH4ECX28E_3/1500-1500/lavavajillas-panelable-bosch-smh4ecx28e-14-servicios-puerta-deslizante-lavavajillas-panelable-bosch-smh4ecx28e-14-servicios-puerta-deslizante.jpg,7,,
dr-smh4ecx28e,,,,,,,,,,,,,,https://f.fcdn.app/imgs/d19acc/www.diaril.com.uy/diaruy/1b76/original/catalogo/SMH4ECX28E_SMH4ECX28E_3/1920-1200/lavavajillas-panelable-bosch-smh4ecx28e-14-servicios-puerta-deslizante-lavavajillas-panelable-bosch-smh4ecx28e-14-servicios-puerta-deslizante.jpg,8,,
dr-sms25ai05e,Lavavajillas Bosch Inverter SMS25AI05E 12 servicios,"<ul><li>• Motor EcoSilence Inverter: Tecnología sin escobillas, ultra silenciosa y eficiente con 10 años de garantía</li><li>• Capacidad para 12 Servicios: Ideal para el uso diario de familias medianas y grandes</li><li>• Sistema VarioSpeed: Reduce el tiempo de lavado a la mitad manteniendo resultados impecables</li><li>• GlassProtect: Tecnología de protección de cristal y gestión de agua para el cuidado de piezas delicadas</li><li>• Programación Diferida (24h): Configurá el inicio del ciclo según tu conveniencia y horarios de tarifa eléctrica</li><li>• AquaStop de por vida: Sistema de protección antifugas que garantiza seguridad total en tu cocina</li><li>• 5 Programas Especializados: Desde lavado intensivo a 70°C hasta un programa rápido de 1 hora</li><li>• Función Media Carga: Ahorrá agua y energía cuando necesites lavar menos cantidad de vajilla</li><li>• Display Digital: Control total con indicación de tiempo restante y alertas de sal y abrillantador</li><li>• Detección de Detergente: Optimiza el ciclo automáticamente según el tipo de pastilla o jabón utilizado</li></ul>",Bosch,Electro,"Lavavajillas, Bosch, stock-verificado",TRUE,Color,Lavavajillas Bosch Inverter SMS25AI05E 12 servicios,SMS25AI05E,49284.00,,10,deny,https://f.fcdn.app/imgs/fc4f10/www.diaril.com.uy/diaruy/20fd/original/catalogo/SMS25AI05E_SMS25AI05E_1/1000x1000/lavavajillas-bosch-inverter-sms25ai05e-12-servicios-lavavajillas-bosch-inverter-sms25ai05e-12-servicios.jpg,1,,
dr-sms25ai05e,,,,,,,,,,,,,,https://f.fcdn.app/imgs/6e3b6d/www.diaril.com.uy/diaruy/20fd/original/catalogo/SMS25AI05E_SMS25AI05E_1/1500-1500/lavavajillas-bosch-inverter-sms25ai05e-12-servicios-lavavajillas-bosch-inverter-sms25ai05e-12-servicios.jpg,2,,
dr-sms25ai05e,,,,,,,,,,,,,,https://f.fcdn.app/imgs/fa847d/www.diaril.com.uy/diaruy/20fd/original/catalogo/SMS25AI05E_SMS25AI05E_1/1920-1200/lavavajillas-bosch-inverter-sms25ai05e-12-servicios-lavavajillas-bosch-inverter-sms25ai05e-12-servicios.jpg,3,,
dr-sms25ai05e,,,,,,,,,,,,,,https://f.fcdn.app/imgs/dbe53f/www.diaril.com.uy/diaruy/8c13/original/catalogo/SMS25AI05E_SMS25AI05E_2/1500-1500/lavavajillas-bosch-inverter-sms25ai05e-12-servicios-lavavajillas-bosch-inverter-sms25ai05e-12-servicios.jpg,4,,
dr-sms25ai05e,,,,,,,,,,,,,,https://f.fcdn.app/imgs/9bef54/www.diaril.com.uy/diaruy/8c13/original/catalogo/SMS25AI05E_SMS25AI05E_2/1920-1200/lavavajillas-bosch-inverter-sms25ai05e-12-servicios-lavavajillas-bosch-inverter-sms25ai05e-12-servicios.jpg,5,,
dr-sms25ai05e,,,,,,,,,,,,,,https://f.fcdn.app/imgs/347649/www.diaril.com.uy/diaruy/8c13/original/catalogo/SMS25AI05E_SMS25AI05E_2/1000x1000/lavavajillas-bosch-inverter-sms25ai05e-12-servicios-lavavajillas-bosch-inverter-sms25ai05e-12-servicios.jpg,6,,
dr-sms25ai05e,,,,,,,,,,,,,,https://f.fcdn.app/imgs/0f62a6/www.diaril.com.uy/diaruy/06d8/original/catalogo/SMS25AI05E_SMS25AI05E_3/1500-1500/lavavajillas-bosch-inverter-sms25ai05e-12-servicios-lavavajillas-bosch-inverter-sms25ai05e-12-servicios.jpg,7,,
dr-sms25ai05e,,,,,,,,,,,,,,https://f.fcdn.app/imgs/79b6fc/www.diaril.com.uy/diaruy/06d8/original/catalogo/SMS25AI05E_SMS25AI05E_3/1920-1200/lavavajillas-bosch-inverter-sms25ai05e-12-servicios-lavavajillas-bosch-inverter-sms25ai05e-12-servicios.jpg,8,,
dr-sms25aw05e,Lavavajillas Bosch Inverter SMS25AW05E 12 servicios,"<ul><li>• Motor EcoSilence: Tecnología Inverter sin escobillas, extremadamente eficiente, silencioso y duradero</li><li>• Capacidad para 12 Servicios: El tamaño ideal para organizar la vajilla diaria de toda la familia</li><li>• Eficiencia de Consumo: Ciclo optimizado con solo 9.5 litros de agua y 0.9 kWh por lavado</li><li>• VarioSpeed: Función especial que reduce el tiempo de lavado manteniendo resultados impecables</li><li>• GlassProtect: Cuidado extremo para tu cristalería gracias al intercambiador de calor y sistema AquaVario</li><li>• AquaStop: Protección total contra fugas de agua con garantía durante toda la vida útil del aparato</li><li>• Display Digital: Información clara del tiempo restante y alertas de mantenimiento (sal y abrillantador)</li><li>• 5 Programas de Lavado: Versatilidad total desde prelavado hasta limpieza intensiva a 70 °C</li><li>• Programación Diferida: Planificá el inicio del lavado hasta con 24 horas de antelación</li><li>• Detección Automática de Detergentes: Ajusta el ciclo según el tipo de pastilla ""Todo en 1"" utilizada</li></ul>",Bosch,Electro,"Lavavajillas, Bosch, stock-verificado",TRUE,Color,Lavavajillas Bosch Inverter SMS25AW05E 12 servicios,SMS25AW05E,44725.00,,10,deny,https://f.fcdn.app/imgs/c17296/www.diaril.com.uy/diaruy/6d6f/original/catalogo/SMS25AW05E_SMS25AW05E_1/1000x1000/lavavajillas-bosch-inverter-sms25aw05e-12-servicios-lavavajillas-bosch-inverter-sms25aw05e-12-servicios.jpg,1,,
dr-sms25aw05e,,,,,,,,,,,,,,https://f.fcdn.app/imgs/812639/www.diaril.com.uy/diaruy/6d6f/original/catalogo/SMS25AW05E_SMS25AW05E_1/1500-1500/lavavajillas-bosch-inverter-sms25aw05e-12-servicios-lavavajillas-bosch-inverter-sms25aw05e-12-servicios.jpg,2,,
dr-sms25aw05e,,,,,,,,,,,,,,https://f.fcdn.app/imgs/acdd55/www.diaril.com.uy/diaruy/6d6f/original/catalogo/SMS25AW05E_SMS25AW05E_1/1920-1200/lavavajillas-bosch-inverter-sms25aw05e-12-servicios-lavavajillas-bosch-inverter-sms25aw05e-12-servicios.jpg,3,,
dr-sms25aw05e,,,,,,,,,,,,,,https://f.fcdn.app/imgs/9d520b/www.diaril.com.uy/diaruy/815e/original/catalogo/SMS25AW05E_SMS25AW05E_2/1500-1500/lavavajillas-bosch-inverter-sms25aw05e-12-servicios-lavavajillas-bosch-inverter-sms25aw05e-12-servicios.jpg,4,,
dr-sms25aw05e,,,,,,,,,,,,,,https://f.fcdn.app/imgs/ded1a7/www.diaril.com.uy/diaruy/815e/original/catalogo/SMS25AW05E_SMS25AW05E_2/1920-1200/lavavajillas-bosch-inverter-sms25aw05e-12-servicios-lavavajillas-bosch-inverter-sms25aw05e-12-servicios.jpg,5,,
dr-sms25aw05e,,,,,,,,,,,,,,https://f.fcdn.app/imgs/dbd4bc/www.diaril.com.uy/diaruy/815e/original/catalogo/SMS25AW05E_SMS25AW05E_2/1000x1000/lavavajillas-bosch-inverter-sms25aw05e-12-servicios-lavavajillas-bosch-inverter-sms25aw05e-12-servicios.jpg,6,,
dr-sms25aw05e,,,,,,,,,,,,,,https://f.fcdn.app/imgs/98c517/www.diaril.com.uy/diaruy/4571/original/catalogo/SMS25AW05E_SMS25AW05E_3/1500-1500/lavavajillas-bosch-inverter-sms25aw05e-12-servicios-lavavajillas-bosch-inverter-sms25aw05e-12-servicios.jpg,7,,
dr-sms25aw05e,,,,,,,,,,,,,,https://f.fcdn.app/imgs/1ab85b/www.diaril.com.uy/diaruy/4571/original/catalogo/SMS25AW05E_SMS25AW05E_3/1920-1200/lavavajillas-bosch-inverter-sms25aw05e-12-servicios-lavavajillas-bosch-inverter-sms25aw05e-12-servicios.jpg,8,,
dr-smv2itx09e,Lavavajillas panelable Bosch SMV2ITX09E 13 servicios,"<ul><li>• InfoLight: Proyección de luz roja en el suelo que te indica si el lavavajillas sigue en funcionamiento</li><li>• Capacidad para 13 Servicios: Espacio versátil para organizar la vajilla diaria de forma eficiente</li><li>• Cesta Superior Regulable: Ajustá la altura para ganar espacio y lavar platos de gran diámetro sin esfuerzo</li><li>• Sistema de Freno en Cesta Inferior: Evitá descarrilamientos accidentales al cargar o descargar piezas pesadas</li><li>• Función VarioSpeed: Resultados de limpieza perfectos en una fracción del tiempo habitual</li><li>• Protección AquaStop: Seguridad total antifugas con garantía de por vida para tu tranquilidad</li><li>• Eficiencia Hídrica: Consumo optimizado de solo 9.5 litros de agua por ciclo de lavado</li><li>• Funcionamiento Silencioso (46 dB): Diseñado para mantener el confort acústico en tu hogar</li><li>• Personalización ""Favorito"": Configurá tus programas habituales, como el prelavado, en un solo toque</li><li>• Higiene Superior: Programa especial de limpieza de cuba para un mantenimiento óptimo del equipo</li></ul>",Bosch,Electro,"Lavavajillas, Bosch, stock-verificado",TRUE,Color,Lavavajillas panelable Bosch SMV2ITX09E 13 servicios,SMV2ITX09E,60890.00,,10,deny,https://f.fcdn.app/imgs/198a9e/www.diaril.com.uy/diaruy/148d/original/catalogo/SMV2ITX09E_SMV2ITX09E_1/1000x1000/lavavajillas-panelable-bosch-smv2itx09e-13-servicios-lavavajillas-panelable-bosch-smv2itx09e-13-servicios.jpg,1,,
dr-smv2itx09e,,,,,,,,,,,,,,https://f.fcdn.app/imgs/0a6cf7/www.diaril.com.uy/diaruy/148d/original/catalogo/SMV2ITX09E_SMV2ITX09E_1/1500-1500/lavavajillas-panelable-bosch-smv2itx09e-13-servicios-lavavajillas-panelable-bosch-smv2itx09e-13-servicios.jpg,2,,
dr-smv2itx09e,,,,,,,,,,,,,,https://f.fcdn.app/imgs/d91d18/www.diaril.com.uy/diaruy/148d/original/catalogo/SMV2ITX09E_SMV2ITX09E_1/1920-1200/lavavajillas-panelable-bosch-smv2itx09e-13-servicios-lavavajillas-panelable-bosch-smv2itx09e-13-servicios.jpg,3,,
dr-smv2itx09e,,,,,,,,,,,,,,https://f.fcdn.app/imgs/b41b9c/www.diaril.com.uy/diaruy/c7e2/original/catalogo/SMV2ITX09E_SMV2ITX09E_2/1500-1500/lavavajillas-panelable-bosch-smv2itx09e-13-servicios-lavavajillas-panelable-bosch-smv2itx09e-13-servicios.jpg,4,,
dr-smv2itx09e,,,,,,,,,,,,,,https://f.fcdn.app/imgs/d12754/www.diaril.com.uy/diaruy/c7e2/original/catalogo/SMV2ITX09E_SMV2ITX09E_2/1920-1200/lavavajillas-panelable-bosch-smv2itx09e-13-servicios-lavavajillas-panelable-bosch-smv2itx09e-13-servicios.jpg,5,,
dr-smv2itx09e,,,,,,,,,,,,,,https://f.fcdn.app/imgs/afa08a/www.diaril.com.uy/diaruy/c7e2/original/catalogo/SMV2ITX09E_SMV2ITX09E_2/1000x1000/lavavajillas-panelable-bosch-smv2itx09e-13-servicios-lavavajillas-panelable-bosch-smv2itx09e-13-servicios.jpg,6,,
dr-smv2itx09e,,,,,,,,,,,,,,https://f.fcdn.app/imgs/3837ce/www.diaril.com.uy/diaruy/566f/original/catalogo/SMV2ITX09E_SMV2ITX09E_3/1500-1500/lavavajillas-panelable-bosch-smv2itx09e-13-servicios-lavavajillas-panelable-bosch-smv2itx09e-13-servicios.jpg,7,,
dr-smv2itx09e,,,,,,,,,,,,,,https://f.fcdn.app/imgs/a37639/www.diaril.com.uy/diaruy/566f/original/catalogo/SMV2ITX09E_SMV2ITX09E_3/1920-1200/lavavajillas-panelable-bosch-smv2itx09e-13-servicios-lavavajillas-panelable-bosch-smv2itx09e-13-servicios.jpg,8,,
dr-smv4ecx28e,Lavavajillas panelable Bosch SMV4ECX28E 14 servicios,"<ul><li>• Motor EcoSilence (INVERTER): Máxima eficiencia, silencio y durabilidad con tecnología sin escobillas</li><li>• Capacidad para 14 Servicios: Amplio espacio interior para cubrir las necesidades de familias numerosas</li><li>• InfoLight: Proyección de haz de luz en el suelo para indicar que el ciclo de lavado está en marcha</li><li>• 3ª Bandeja VarioDrawer: Nivel superior dedicado para cubiertos y loza pequeña, optimizando el espacio</li><li>• Cesta RackMatic: Regulable en 3 alturas para acomodar fácilmente ollas o copas de gran tamaño</li><li>• SpeedPerfect: Función especial que reduce el tiempo de lavado manteniendo resultados impecables</li><li>• GlassProtect: Tecnología de cuidado extremo para proteger el brillo de tu cristalería más delicada</li><li>• Higiene y Protección: Cuba de acero inoxidable con 10 años de garantía y sistema antifugas AquaStop</li><li>• 6 Programas Especializados: Versatilidad total, incluyendo programa específico de limpieza de cuba</li><li>• Flexibilidad de Carga: Varillas abatibles que permiten adaptar el interior a cualquier tipo de vajilla</li></ul>",Bosch,Electro,"Lavavajillas, Bosch, stock-verificado",TRUE,Color,Lavavajillas panelable Bosch SMV4ECX28E 14 servicios,SMV4ECX28E,70424.00,,10,deny,https://f.fcdn.app/imgs/4ff148/www.diaril.com.uy/diaruy/0432/original/catalogo/SMV4ECX28E_SMV4ECX28E_1/1000x1000/lavavajillas-panelable-bosch-smv4ecx28e-14-servicios-lavavajillas-panelable-bosch-smv4ecx28e-14-servicios.jpg,1,,
dr-smv4ecx28e,,,,,,,,,,,,,,https://f.fcdn.app/imgs/86edc4/www.diaril.com.uy/diaruy/0432/original/catalogo/SMV4ECX28E_SMV4ECX28E_1/1500-1500/lavavajillas-panelable-bosch-smv4ecx28e-14-servicios-lavavajillas-panelable-bosch-smv4ecx28e-14-servicios.jpg,2,,
dr-smv4ecx28e,,,,,,,,,,,,,,https://f.fcdn.app/imgs/cd5c57/www.diaril.com.uy/diaruy/0432/original/catalogo/SMV4ECX28E_SMV4ECX28E_1/1920-1200/lavavajillas-panelable-bosch-smv4ecx28e-14-servicios-lavavajillas-panelable-bosch-smv4ecx28e-14-servicios.jpg,3,,
dr-smv4ecx28e,,,,,,,,,,,,,,https://f.fcdn.app/imgs/946551/www.diaril.com.uy/diaruy/6b2b/original/catalogo/SMV4ECX28E_SMV4ECX28E_2/1500-1500/lavavajillas-panelable-bosch-smv4ecx28e-14-servicios-lavavajillas-panelable-bosch-smv4ecx28e-14-servicios.jpg,4,,
dr-smv4ecx28e,,,,,,,,,,,,,,https://f.fcdn.app/imgs/b4b559/www.diaril.com.uy/diaruy/6b2b/original/catalogo/SMV4ECX28E_SMV4ECX28E_2/1920-1200/lavavajillas-panelable-bosch-smv4ecx28e-14-servicios-lavavajillas-panelable-bosch-smv4ecx28e-14-servicios.jpg,5,,
dr-smv4ecx28e,,,,,,,,,,,,,,https://f.fcdn.app/imgs/63f1e9/www.diaril.com.uy/diaruy/6b2b/original/catalogo/SMV4ECX28E_SMV4ECX28E_2/1000x1000/lavavajillas-panelable-bosch-smv4ecx28e-14-servicios-lavavajillas-panelable-bosch-smv4ecx28e-14-servicios.jpg,6,,
dr-smv4ecx28e,,,,,,,,,,,,,,https://f.fcdn.app/imgs/bb2555/www.diaril.com.uy/diaruy/92ed/original/catalogo/SMV4ECX28E_SMV4ECX28E_3/1500-1500/lavavajillas-panelable-bosch-smv4ecx28e-14-servicios-lavavajillas-panelable-bosch-smv4ecx28e-14-servicios.jpg,7,,
dr-smv4ecx28e,,,,,,,,,,,,,,https://f.fcdn.app/imgs/836291/www.diaril.com.uy/diaruy/92ed/original/catalogo/SMV4ECX28E_SMV4ECX28E_3/1920-1200/lavavajillas-panelable-bosch-smv4ecx28e-14-servicios-lavavajillas-panelable-bosch-smv4ecx28e-14-servicios.jpg,8,,
dr-sps2hki58e,Lavavajillas Bosch Inverter SPS2HKI58E 10 servicios,<ul><li>• Diseño Slim de 45 cm: Capacidad para 10 servicios en un formato compacto ideal para cocinas pequeñas</li><li>• Motor EcoSilence INVERTER: Tecnología ultra silenciosa y eficiente con 10 años de garantía</li><li>• Cuerpo de Acero Inoxidable Antihuellas: Estética premium que se mantiene impecable por más tiempo</li><li>• Tecnología ActiveWater: Gestión inteligente para un consumo respetuoso de agua y energía</li><li>• Programa Automático: Ajusta temperatura y presión según la suciedad detectada para un cuidado total</li><li>• Función Extra Secado: Resultados perfectos incluso en recipientes plásticos y materiales difíciles</li><li>• Consumo ECO de 8.9 Litros: Máximo ahorro de agua en cada ciclo de lavado</li><li>• AquaStop: Sistema de protección antifugas con garantía de seguridad para toda la vida</li><li>• Cesta Superior Regulable: Flexibilidad en altura para acomodar platos o copas de gran tamaño</li><li>• Display Digital: Control total con indicación de tiempo restante y alertas de mantenimiento</li></ul>,Bosch,Electro,"Lavavajillas, Bosch, stock-verificado",TRUE,Color,Lavavajillas Bosch Inverter SPS2HKI58E 10 servicios,SPS2HKI58E,51812.00,,10,deny,https://f.fcdn.app/imgs/ac2b86/www.diaril.com.uy/diaruy/d34f/original/catalogo/SPS2HKI58E_SPS2HKI58E_1/1000x1000/lavavajillas-bosch-inverter-sps2hki58e-10-servicios-lavavajillas-bosch-inverter-sps2hki58e-10-servicios.jpg,1,,
dr-sps2hki58e,,,,,,,,,,,,,,https://f.fcdn.app/imgs/66f238/www.diaril.com.uy/diaruy/d34f/original/catalogo/SPS2HKI58E_SPS2HKI58E_1/1500-1500/lavavajillas-bosch-inverter-sps2hki58e-10-servicios-lavavajillas-bosch-inverter-sps2hki58e-10-servicios.jpg,2,,
dr-sps2hki58e,,,,,,,,,,,,,,https://f.fcdn.app/imgs/e8b07f/www.diaril.com.uy/diaruy/d34f/original/catalogo/SPS2HKI58E_SPS2HKI58E_1/1920-1200/lavavajillas-bosch-inverter-sps2hki58e-10-servicios-lavavajillas-bosch-inverter-sps2hki58e-10-servicios.jpg,3,,
dr-sps2hki58e,,,,,,,,,,,,,,https://f.fcdn.app/imgs/541701/www.diaril.com.uy/diaruy/a702/original/catalogo/SPS2HKI58E_SPS2HKI58E_2/1500-1500/lavavajillas-bosch-inverter-sps2hki58e-10-servicios-lavavajillas-bosch-inverter-sps2hki58e-10-servicios.jpg,4,,
dr-sps2hki58e,,,,,,,,,,,,,,https://f.fcdn.app/imgs/6cc792/www.diaril.com.uy/diaruy/a702/original/catalogo/SPS2HKI58E_SPS2HKI58E_2/1920-1200/lavavajillas-bosch-inverter-sps2hki58e-10-servicios-lavavajillas-bosch-inverter-sps2hki58e-10-servicios.jpg,5,,
dr-sps2hki58e,,,,,,,,,,,,,,https://f.fcdn.app/imgs/e4a885/www.diaril.com.uy/diaruy/a702/original/catalogo/SPS2HKI58E_SPS2HKI58E_2/1000x1000/lavavajillas-bosch-inverter-sps2hki58e-10-servicios-lavavajillas-bosch-inverter-sps2hki58e-10-servicios.jpg,6,,
dr-sps2hki58e,,,,,,,,,,,,,,https://f.fcdn.app/imgs/41eecd/www.diaril.com.uy/diaruy/fa90/original/catalogo/SPS2HKI58E_SPS2HKI58E_3/1500-1500/lavavajillas-bosch-inverter-sps2hki58e-10-servicios-lavavajillas-bosch-inverter-sps2hki58e-10-servicios.jpg,7,,
dr-sps2hki58e,,,,,,,,,,,,,,https://f.fcdn.app/imgs/6fc549/www.diaril.com.uy/diaruy/fa90/original/catalogo/SPS2HKI58E_SPS2HKI58E_3/1920-1200/lavavajillas-bosch-inverter-sps2hki58e-10-servicios-lavavajillas-bosch-inverter-sps2hki58e-10-servicios.jpg,8,,
dr-wan24272es,Lavarropas Bosch Inverter WAN24272ES Carga frontal 8 kg,"<ul><li>• Capacidad de 8 kg: Volumen ideal para el lavado diario de familias medianas</li><li>• Motor EcoSilence Drive™: Tecnología Inverter silenciosa, eficiente y con 10 años de garantía</li><li>• Velocidad de 1200 RPM: Centrifugado de alto rendimiento para prendas con menos humedad</li><li>• SpeedPerfect: Resultados de lavado perfectos hasta un 65% más rápido</li><li>• ActiveWater Plus: Sensores que ajustan el consumo de agua exacto según la carga</li><li>• Función Pausa+Carga: Permite añadir prendas olvidadas una vez iniciado el ciclo</li><li>• Diseño Antivibración: Paneles laterales que proporcionan mayor estabilidad y reducen el ruido</li><li>• Display LED Inteligente: Interfaz clara con recomendación de carga y gestión de programas</li><li>• Dimensiones Estándar: (Al x An x Pr) 848 x 598 x 550 mm, ideal para encastre o libre instalación</li></ul>",Bosch,Electro,"Lavarropas, Bosch, stock-verificado",TRUE,Color,Lavarropas Bosch Inverter WAN24272ES Carga frontal 8 kg,WAN24272ES,60517.00,,10,deny,https://f.fcdn.app/imgs/d27b37/www.diaril.com.uy/diaruy/ddb4/original/catalogo/WAN24272ES_WAN24272ES_1/1000x1000/lavarropas-bosch-inverter-wan24272es-carga-frontal-8-kg-lavarropas-bosch-inverter-wan24272es-carga-frontal-8-kg.jpg,1,,
dr-wan24272es,,,,,,,,,,,,,,https://f.fcdn.app/imgs/75950e/www.diaril.com.uy/diaruy/ddb4/original/catalogo/WAN24272ES_WAN24272ES_1/1500-1500/lavarropas-bosch-inverter-wan24272es-carga-frontal-8-kg-lavarropas-bosch-inverter-wan24272es-carga-frontal-8-kg.jpg,2,,
dr-wan24272es,,,,,,,,,,,,,,https://f.fcdn.app/imgs/dbbbbc/www.diaril.com.uy/diaruy/ddb4/original/catalogo/WAN24272ES_WAN24272ES_1/1920-1200/lavarropas-bosch-inverter-wan24272es-carga-frontal-8-kg-lavarropas-bosch-inverter-wan24272es-carga-frontal-8-kg.jpg,3,,
dr-wan24272es,,,,,,,,,,,,,,https://f.fcdn.app/imgs/325c61/www.diaril.com.uy/diaruy/57e1/original/catalogo/WAN24272ES_WAN24272ES_2/1500-1500/lavarropas-bosch-inverter-wan24272es-carga-frontal-8-kg-lavarropas-bosch-inverter-wan24272es-carga-frontal-8-kg.jpg,4,,
dr-wan24272es,,,,,,,,,,,,,,https://f.fcdn.app/imgs/38cea1/www.diaril.com.uy/diaruy/57e1/original/catalogo/WAN24272ES_WAN24272ES_2/1920-1200/lavarropas-bosch-inverter-wan24272es-carga-frontal-8-kg-lavarropas-bosch-inverter-wan24272es-carga-frontal-8-kg.jpg,5,,
dr-wan24272es,,,,,,,,,,,,,,https://f.fcdn.app/imgs/98833c/www.diaril.com.uy/diaruy/57e1/original/catalogo/WAN24272ES_WAN24272ES_2/1000x1000/lavarropas-bosch-inverter-wan24272es-carga-frontal-8-kg-lavarropas-bosch-inverter-wan24272es-carga-frontal-8-kg.jpg,6,,
dr-wan24272es,,,,,,,,,,,,,,https://f.fcdn.app/imgs/8cdb19/www.diaril.com.uy/diaruy/dd96/original/catalogo/WAN24272ES_WAN24272ES_3/1500-1500/lavarropas-bosch-inverter-wan24272es-carga-frontal-8-kg-lavarropas-bosch-inverter-wan24272es-carga-frontal-8-kg.jpg,7,,
dr-wan24272es,,,,,,,,,,,,,,https://f.fcdn.app/imgs/ca2463/www.diaril.com.uy/diaruy/dd96/original/catalogo/WAN24272ES_WAN24272ES_3/1920-1200/lavarropas-bosch-inverter-wan24272es-carga-frontal-8-kg-lavarropas-bosch-inverter-wan24272es-carga-frontal-8-kg.jpg,8,,
dr-wge03200es,Lavarropas Bosch Inverter WGE03200ES 8 kg,"<ul><li>• Capacidad de 8 kg: Ideal para el cuidado de la ropa de toda la familia</li><li>• Motor EcoSilence Drive™: Tecnología Inverter ultra silenciosa y eficiente con 10 años de garantía</li><li>• Velocidad de 1200 RPM: Centrifugado de alto rendimiento para que la ropa salga con menos humedad</li><li>• SpeedPerfect: Resultados de lavado impecables hasta un 65% más rápido</li><li>• ActiveWater Plus: Sensores inteligentes que ajustan el consumo exacto de agua según la carga</li><li>• Función Pausa+Carga: Permite añadir prendas olvidadas una vez iniciado el ciclo de lavado</li><li>• Diseño Antivibración: Paneles laterales que ofrecen mayor estabilidad y reducen el nivel de ruido</li><li>• Display LED Moderno: Interfaz intuitiva con recomendación de carga y gestión de programas</li><li>• Dimensiones: (Al x An x Pr) 848 x 598 x 588 mm, diseñado para un encastre perfecto</li></ul>",Bosch,Electro,"Lavarropas, Bosch, stock-verificado",TRUE,Color,Lavarropas Bosch Inverter WGE03200ES 8 kg,WGE03200ES,49699.00,,10,deny,https://f.fcdn.app/imgs/2e1e00/www.diaril.com.uy/diaruy/e9ab/original/catalogo/WGE03200ES_WGE03200ES_1/1000x1000/lavarropas-bosch-inverter-wge03200es-8-kg-lavarropas-bosch-inverter-wge03200es-8-kg.jpg,1,,
dr-wge03200es,,,,,,,,,,,,,,https://f.fcdn.app/imgs/878e0c/www.diaril.com.uy/diaruy/e9ab/original/catalogo/WGE03200ES_WGE03200ES_1/1500-1500/lavarropas-bosch-inverter-wge03200es-8-kg-lavarropas-bosch-inverter-wge03200es-8-kg.jpg,2,,
dr-wge03200es,,,,,,,,,,,,,,https://f.fcdn.app/imgs/3df6dc/www.diaril.com.uy/diaruy/e9ab/original/catalogo/WGE03200ES_WGE03200ES_1/1920-1200/lavarropas-bosch-inverter-wge03200es-8-kg-lavarropas-bosch-inverter-wge03200es-8-kg.jpg,3,,
dr-wge03200es,,,,,,,,,,,,,,https://f.fcdn.app/imgs/e90bf3/www.diaril.com.uy/diaruy/da49/original/catalogo/WGE03200ES_WGE03200ES_2/1500-1500/lavarropas-bosch-inverter-wge03200es-8-kg-lavarropas-bosch-inverter-wge03200es-8-kg.jpg,4,,
dr-wge03200es,,,,,,,,,,,,,,https://f.fcdn.app/imgs/571710/www.diaril.com.uy/diaruy/da49/original/catalogo/WGE03200ES_WGE03200ES_2/1920-1200/lavarropas-bosch-inverter-wge03200es-8-kg-lavarropas-bosch-inverter-wge03200es-8-kg.jpg,5,,
dr-wge03200es,,,,,,,,,,,,,,https://f.fcdn.app/imgs/79179e/www.diaril.com.uy/diaruy/da49/original/catalogo/WGE03200ES_WGE03200ES_2/1000x1000/lavarropas-bosch-inverter-wge03200es-8-kg-lavarropas-bosch-inverter-wge03200es-8-kg.jpg,6,,
dr-wge03200es,,,,,,,,,,,,,,https://f.fcdn.app/imgs/ec07e4/www.diaril.com.uy/diaruy/b8b4/original/catalogo/WGE03200ES_WGE03200ES_3/1500-1500/lavarropas-bosch-inverter-wge03200es-8-kg-lavarropas-bosch-inverter-wge03200es-8-kg.jpg,7,,
dr-wge03200es,,,,,,,,,,,,,,https://f.fcdn.app/imgs/9b38c8/www.diaril.com.uy/diaruy/b8b4/original/catalogo/WGE03200ES_WGE03200ES_3/1920-1200/lavarropas-bosch-inverter-wge03200es-8-kg-lavarropas-bosch-inverter-wge03200es-8-kg.jpg,8,,
dr-wgg244f1es,Lavarropas Bosch Inverter i-DOS WGG244F1ES 9 kg,"<ul><li>• Sistema i-DOS: Dosificación automática inteligente de detergente y agua para un ahorro total</li><li>• Capacidad de 9 kg: Volumen extra grande ideal para acolchados y cargas familiares pesadas</li><li>• Iron Assist: Tratamiento de vapor que reduce las arrugas hasta un 50%, facilitando el planchado</li><li>• Motor EcoSilence Drive™: Tecnología Inverter ultra silenciosa con 10 años de garantía</li><li>• Máxima Eficiencia Clase A: El mejor rendimiento energético para un ahorro real en cada factura</li><li>• Velocidad de 1400 RPM: Centrifugado de alta potencia que extrae el máximo de humedad</li><li>• Función AntiManchas: Sistema específico para eliminar eficazmente los 4 tipos de manchas más comunes</li><li>• SpeedPerfect: Resultados de lavado impecables hasta en la mitad de tiempo</li><li>• ActiveWater Plus: Sensores de precisión que optimizan el agua incluso en cargas pequeñas</li><li>• Función Pausa+Carga: Añadí cualquier prenda olvidada aunque el ciclo ya haya comenzado</li><li>• Programas Especiales: Incluye Rápido 15/30 min, Automático Delicado y Limpieza de Tambor</li><li>• Dimensiones: (Al x An x Pr) 845 x 598 x 590 mm</li></ul>",Bosch,Electro,"Lavarropas, Bosch, stock-verificado",TRUE,Color,Lavarropas Bosch Inverter i-DOS WGG244F1ES 9 kg,WGG244F1ES,70424.00,,10,deny,https://f.fcdn.app/imgs/c162d4/www.diaril.com.uy/diaruy/d440/original/catalogo/WGG244F1ES_WGG244F1ES_1/1000x1000/lavarropas-bosch-inverter-i-dos-wgg244f1es-9-kg-lavarropas-bosch-inverter-i-dos-wgg244f1es-9-kg.jpg,1,,
dr-wgg244f1es,,,,,,,,,,,,,,https://f.fcdn.app/imgs/51f3fb/www.diaril.com.uy/diaruy/d440/original/catalogo/WGG244F1ES_WGG244F1ES_1/1500-1500/lavarropas-bosch-inverter-i-dos-wgg244f1es-9-kg-lavarropas-bosch-inverter-i-dos-wgg244f1es-9-kg.jpg,2,,
dr-wgg244f1es,,,,,,,,,,,,,,https://f.fcdn.app/imgs/fc5968/www.diaril.com.uy/diaruy/d440/original/catalogo/WGG244F1ES_WGG244F1ES_1/1920-1200/lavarropas-bosch-inverter-i-dos-wgg244f1es-9-kg-lavarropas-bosch-inverter-i-dos-wgg244f1es-9-kg.jpg,3,,
dr-wgg244f1es,,,,,,,,,,,,,,https://f.fcdn.app/imgs/e54d66/www.diaril.com.uy/diaruy/0920/original/catalogo/WGG244F1ES_WGG244F1ES_2/1500-1500/lavarropas-bosch-inverter-i-dos-wgg244f1es-9-kg-lavarropas-bosch-inverter-i-dos-wgg244f1es-9-kg.jpg,4,,
dr-wgg244f1es,,,,,,,,,,,,,,https://f.fcdn.app/imgs/ddb630/www.diaril.com.uy/diaruy/0920/original/catalogo/WGG244F1ES_WGG244F1ES_2/1920-1200/lavarropas-bosch-inverter-i-dos-wgg244f1es-9-kg-lavarropas-bosch-inverter-i-dos-wgg244f1es-9-kg.jpg,5,,
dr-wgg244f1es,,,,,,,,,,,,,,https://f.fcdn.app/imgs/42a9cf/www.diaril.com.uy/diaruy/0920/original/catalogo/WGG244F1ES_WGG244F1ES_2/1000x1000/lavarropas-bosch-inverter-i-dos-wgg244f1es-9-kg-lavarropas-bosch-inverter-i-dos-wgg244f1es-9-kg.jpg,6,,
dr-wgg244f1es,,,,,,,,,,,,,,https://f.fcdn.app/imgs/dc3572/www.diaril.com.uy/diaruy/1202/original/catalogo/WGG244F1ES_WGG244F1ES_3/1500-1500/lavarropas-bosch-inverter-i-dos-wgg244f1es-9-kg-lavarropas-bosch-inverter-i-dos-wgg244f1es-9-kg.jpg,7,,
dr-wgg244f1es,,,,,,,,,,,,,,https://f.fcdn.app/imgs/2b6f09/www.diaril.com.uy/diaruy/1202/original/catalogo/WGG244F1ES_WGG244F1ES_3/1920-1200/lavarropas-bosch-inverter-i-dos-wgg244f1es-9-kg-lavarropas-bosch-inverter-i-dos-wgg244f1es-9-kg.jpg,8,,
dr-wnc254a0es,"Lavasecarropas Bosch Inverter WNC254A0ES 10,5/6kg","<ul><li>• i-DOS: Dosificación automática e inteligente de detergente y agua para un ahorro total</li><li>• Capacidad XL: Lava hasta 10,5 kg y seca hasta 6 kg en un solo equipo compacto</li><li>• Iron Assist: Tratamiento de vapor que alisa la ropa seca y reduce las arrugas visiblemente</li><li>• Motor EcoSilence Drive™: Tecnología Inverter ultra silenciosa con 10 años de garantía</li><li>• Función Auto Dry: Sensores de precisión que secan la ropa exactamente hasta el nivel deseado</li><li>• Programa NonStop: Lavá y secá hasta 6 kg de ropa de corrido, sin interrupciones</li><li>• Lavar y Secar en 45 min: Solución ultra rápida para tener tus prendas listas en menos de una hora</li><li>• Sistema AntiManchas: Elimina eficazmente 3 tipos de manchas difíciles sin pre-tratamiento manual</li><li>• ActiveWater: Gestión inteligente que utiliza solo el agua necesaria según el tamaño de la carga</li><li>• Seguridad y Estabilidad: Paneles antivibración y sistema 3G para una distribución perfecta de la ropa</li><li>• Dimensiones: (Al x An x Pr) 84.8 x 59.8 x 62.2 cm</li></ul>",Bosch,Electro,"Lavarropas, Bosch, stock-verificado",TRUE,Color,"Lavasecarropas Bosch Inverter WNC254A0ES 10,5/6kg",WNC254A0ES,120164.00,,10,deny,https://f.fcdn.app/imgs/51f5ee/www.diaril.com.uy/diaruy/c608/original/catalogo/WNC254A0ES_WNC254A0ES_1/1000x1000/lavasecarropas-bosch-inverter-wnc254a0es-10-5-6kg-lavasecarropas-bosch-inverter-wnc254a0es-10-5-6kg.jpg,1,,
dr-wnc254a0es,,,,,,,,,,,,,,https://f.fcdn.app/imgs/06887f/www.diaril.com.uy/diaruy/c608/original/catalogo/WNC254A0ES_WNC254A0ES_1/1500-1500/lavasecarropas-bosch-inverter-wnc254a0es-10-5-6kg-lavasecarropas-bosch-inverter-wnc254a0es-10-5-6kg.jpg,2,,
dr-wnc254a0es,,,,,,,,,,,,,,https://f.fcdn.app/imgs/f96499/www.diaril.com.uy/diaruy/c608/original/catalogo/WNC254A0ES_WNC254A0ES_1/1920-1200/lavasecarropas-bosch-inverter-wnc254a0es-10-5-6kg-lavasecarropas-bosch-inverter-wnc254a0es-10-5-6kg.jpg,3,,
dr-wnc254a0es,,,,,,,,,,,,,,https://f.fcdn.app/imgs/aaef1b/www.diaril.com.uy/diaruy/484e/original/catalogo/WNC254A0ES_WNC254A0ES_2/1500-1500/lavasecarropas-bosch-inverter-wnc254a0es-10-5-6kg-lavasecarropas-bosch-inverter-wnc254a0es-10-5-6kg.jpg,4,,
dr-wnc254a0es,,,,,,,,,,,,,,https://f.fcdn.app/imgs/29ae0e/www.diaril.com.uy/diaruy/484e/original/catalogo/WNC254A0ES_WNC254A0ES_2/1920-1200/lavasecarropas-bosch-inverter-wnc254a0es-10-5-6kg-lavasecarropas-bosch-inverter-wnc254a0es-10-5-6kg.jpg,5,,
dr-wnc254a0es,,,,,,,,,,,,,,https://f.fcdn.app/imgs/960b0b/www.diaril.com.uy/diaruy/484e/original/catalogo/WNC254A0ES_WNC254A0ES_2/1000x1000/lavasecarropas-bosch-inverter-wnc254a0es-10-5-6kg-lavasecarropas-bosch-inverter-wnc254a0es-10-5-6kg.jpg,6,,
dr-wnc254a0es,,,,,,,,,,,,,,https://f.fcdn.app/imgs/baec0f/www.diaril.com.uy/diaruy/4e1c/original/catalogo/WNC254A0ES_WNC254A0ES_3/1500-1500/lavasecarropas-bosch-inverter-wnc254a0es-10-5-6kg-lavasecarropas-bosch-inverter-wnc254a0es-10-5-6kg.jpg,7,,
dr-wnc254a0es,,,,,,,,,,,,,,https://f.fcdn.app/imgs/93bea7/www.diaril.com.uy/diaruy/4e1c/original/catalogo/WNC254A0ES_WNC254A0ES_3/1920-1200/lavasecarropas-bosch-inverter-wnc254a0es-10-5-6kg-lavasecarropas-bosch-inverter-wnc254a0es-10-5-6kg.jpg,8,,
dr-wtr83200es,Secarropas Bosch con bomba de calor WTR83200ES 8 kg,"<ul><li>• Capacidad de 8 kg: Volumen ideal para el secado eficiente de cargas familiares</li><li>• Función AutoDry: Sensores de precisión que secan la ropa exactamente hasta el nivel deseado, evitando el encogimiento</li><li>• Secado Electrónico Inteligente: Ajuste automático del tiempo y la temperatura según la humedad residual</li><li>• Ciclo Antiarrugas: Movimiento especial al finalizar el programa que facilita el planchado y cuida los tejidos</li><li>• Paneles Antivibración: Diseño lateral que proporciona mayor estabilidad y un funcionamiento más silencioso</li><li>• Gran Display LED: Interfaz clara e intuitiva para controlar programas de tiempo y funciones especiales</li><li>• Programas Personalizados: Control electrónico versátil para adaptarse a distintos tipos de tejidos y necesidades</li><li>• Dimensiones: (Al x An x Pr) 842 x 598 x 613 mm, diseñada para un encastre perfecto</li></ul>",Bosch,Electro,"Lavarropas, Bosch, stock-verificado",TRUE,Color,Secarropas Bosch con bomba de calor WTR83200ES 8 kg,WTR83200ES,64621.00,,10,deny,https://f.fcdn.app/imgs/7b84a5/www.diaril.com.uy/diaruy/9799/original/catalogo/WTR83200ES_WTR83200ES_1/1000x1000/secarropas-bosch-con-bomba-de-calor-wtr83200es-8-kg-secarropas-bosch-con-bomba-de-calor-wtr83200es-8-kg.jpg,1,,
dr-wtr83200es,,,,,,,,,,,,,,https://f.fcdn.app/imgs/dc5a21/www.diaril.com.uy/diaruy/9799/original/catalogo/WTR83200ES_WTR83200ES_1/1500-1500/secarropas-bosch-con-bomba-de-calor-wtr83200es-8-kg-secarropas-bosch-con-bomba-de-calor-wtr83200es-8-kg.jpg,2,,
dr-wtr83200es,,,,,,,,,,,,,,https://f.fcdn.app/imgs/f7b3eb/www.diaril.com.uy/diaruy/9799/original/catalogo/WTR83200ES_WTR83200ES_1/1920-1200/secarropas-bosch-con-bomba-de-calor-wtr83200es-8-kg-secarropas-bosch-con-bomba-de-calor-wtr83200es-8-kg.jpg,3,,
dr-wtr83200es,,,,,,,,,,,,,,https://f.fcdn.app/imgs/4892a9/www.diaril.com.uy/diaruy/b94d/original/catalogo/WTR83200ES_WTR83200ES_2/1500-1500/secarropas-bosch-con-bomba-de-calor-wtr83200es-8-kg-secarropas-bosch-con-bomba-de-calor-wtr83200es-8-kg.jpg,4,,
dr-wtr83200es,,,,,,,,,,,,,,https://f.fcdn.app/imgs/f70fa1/www.diaril.com.uy/diaruy/b94d/original/catalogo/WTR83200ES_WTR83200ES_2/1920-1200/secarropas-bosch-con-bomba-de-calor-wtr83200es-8-kg-secarropas-bosch-con-bomba-de-calor-wtr83200es-8-kg.jpg,5,,
dr-wtr83200es,,,,,,,,,,,,,,https://f.fcdn.app/imgs/7f0e2b/www.diaril.com.uy/diaruy/b94d/original/catalogo/WTR83200ES_WTR83200ES_2/1000x1000/secarropas-bosch-con-bomba-de-calor-wtr83200es-8-kg-secarropas-bosch-con-bomba-de-calor-wtr83200es-8-kg.jpg,6,,
dr-wtr83200es,,,,,,,,,,,,,,https://f.fcdn.app/imgs/045838/www.diaril.com.uy/diaruy/9f6f/original/catalogo/WTR83200ES_WTR83200ES_3/1500-1500/secarropas-bosch-con-bomba-de-calor-wtr83200es-8-kg-secarropas-bosch-con-bomba-de-calor-wtr83200es-8-kg.jpg,7,,
dr-wtr83200es,,,,,,,,,,,,,,https://f.fcdn.app/imgs/975c7f/www.diaril.com.uy/diaruy/9f6f/original/catalogo/WTR83200ES_WTR83200ES_3/1920-1200/secarropas-bosch-con-bomba-de-calor-wtr83200es-8-kg-secarropas-bosch-con-bomba-de-calor-wtr83200es-8-kg.jpg,8,,
dr-blackpowell,Hervidor de agua Ufesa Black Powell,"<ul><li>• Potencia: 2200 W</li><li>• Capacidad: 1,7 litros</li><li>• Indicador de nivel de agua visible en ambos lados</li><li>• Interruptor de encendido/apagado con piloto luminoso</li><li>• Triple sistema de seguridad: desconexión automática al hervir, por falta de agua o al levantar la jarra</li><li>• Resistencia oculta para una limpieza más fácil</li><li>• Uso sin cables: base con giro de 360º</li><li>• Base con práctico recogecables</li></ul>",Ufesa,Electro,"Jarras, Ufesa, stock-verificado",TRUE,Color,Hervidor de agua Ufesa Black Powell,BLACK POWELL,1824.00,,10,deny,https://f.fcdn.app/imgs/c95074/www.diaril.com.uy/diaruy/0d2a/original/catalogo/BLACKPOWELL_BLACKPOWELL_1/1000x1000/hervidor-de-agua-ufesa-black-powell-hervidor-de-agua-ufesa-black-powell.jpg,1,,
dr-blackpowell,,,,,,,,,,,,,,https://f.fcdn.app/imgs/27bd8c/www.diaril.com.uy/diaruy/0d2a/original/catalogo/BLACKPOWELL_BLACKPOWELL_1/1500-1500/hervidor-de-agua-ufesa-black-powell-hervidor-de-agua-ufesa-black-powell.jpg,2,,
dr-blackpowell,,,,,,,,,,,,,,https://f.fcdn.app/imgs/7d95ee/www.diaril.com.uy/diaruy/0d2a/original/catalogo/BLACKPOWELL_BLACKPOWELL_1/1920-1200/hervidor-de-agua-ufesa-black-powell-hervidor-de-agua-ufesa-black-powell.jpg,3,,
dr-blackpowell,,,,,,,,,,,,,,https://f.fcdn.app/imgs/542f6e/www.diaril.com.uy/diaruy/7eb4/original/catalogo/BLACKPOWELL_BLACKPOWELL_2/1500-1500/hervidor-de-agua-ufesa-black-powell-hervidor-de-agua-ufesa-black-powell.jpg,4,,
dr-blackpowell,,,,,,,,,,,,,,https://f.fcdn.app/imgs/ee8df1/www.diaril.com.uy/diaruy/7eb4/original/catalogo/BLACKPOWELL_BLACKPOWELL_2/1920-1200/hervidor-de-agua-ufesa-black-powell-hervidor-de-agua-ufesa-black-powell.jpg,5,,
dr-blackpowell,,,,,,,,,,,,,,https://f.fcdn.app/imgs/cdc261/www.diaril.com.uy/diaruy/7eb4/original/catalogo/BLACKPOWELL_BLACKPOWELL_2/1000x1000/hervidor-de-agua-ufesa-black-powell-hervidor-de-agua-ufesa-black-powell.jpg,6,,
dr-blackpowell,,,,,,,,,,,,,,https://f.fcdn.app/imgs/c6a0cc/www.diaril.com.uy/diaruy/0d2a/original/catalogo/BLACKPOWELL_BLACKPOWELL_1/2000-2000/hervidor-de-agua-ufesa-black-powell-hervidor-de-agua-ufesa-black-powell.jpg,7,,
dr-blackpowell,,,,,,,,,,,,,,https://f.fcdn.app/imgs/889963/www.diaril.com.uy/diaruy/0d2a/original/catalogo/BLACKPOWELL_BLACKPOWELL_1/100x100/hervidor-de-agua-ufesa-black-powell-hervidor-de-agua-ufesa-black-powell.jpg,8,,
dr-bppulsar600,Mixer Ufesa PULSAR600,<ul><li>• Potencia: 600 W</li><li>• Función Turbo para máxima velocidad</li><li>• Pie desmontable de plástico de alta resistencia</li><li>• 2 cuchillas de alta eficiencia en acero inoxidable</li><li>• Diseño ergonómico para un manejo ligero</li><li>• Campana con sistema antisalpicaduras</li></ul>,Ufesa,Electro,"Licuadoras, Ufesa, stock-verificado",TRUE,Color,Mixer Ufesa PULSAR600,BP PULSAR600,2031.00,,10,deny,https://f.fcdn.app/imgs/65fe8e/www.diaril.com.uy/diaruy/7306/original/catalogo/BPPULSAR600_BPPULSAR600_1/1000x1000/mixer-ufesa-pulsar600-mixer-ufesa-pulsar600.jpg,1,,
dr-bppulsar600,,,,,,,,,,,,,,https://f.fcdn.app/imgs/4a6c25/www.diaril.com.uy/diaruy/7306/original/catalogo/BPPULSAR600_BPPULSAR600_1/1500-1500/mixer-ufesa-pulsar600-mixer-ufesa-pulsar600.jpg,2,,
dr-bppulsar600,,,,,,,,,,,,,,https://f.fcdn.app/imgs/e9b9b4/www.diaril.com.uy/diaruy/7306/original/catalogo/BPPULSAR600_BPPULSAR600_1/1920-1200/mixer-ufesa-pulsar600-mixer-ufesa-pulsar600.jpg,3,,
dr-bppulsar600,,,,,,,,,,,,,,https://f.fcdn.app/imgs/c0477b/www.diaril.com.uy/diaruy/b0eb/original/catalogo/BPPULSAR600_BPPULSAR600_2/1500-1500/mixer-ufesa-pulsar600-mixer-ufesa-pulsar600.jpg,4,,
dr-bppulsar600,,,,,,,,,,,,,,https://f.fcdn.app/imgs/26c03f/www.diaril.com.uy/diaruy/b0eb/original/catalogo/BPPULSAR600_BPPULSAR600_2/1920-1200/mixer-ufesa-pulsar600-mixer-ufesa-pulsar600.jpg,5,,
dr-bppulsar600,,,,,,,,,,,,,,https://f.fcdn.app/imgs/e52ba4/www.diaril.com.uy/diaruy/b0eb/original/catalogo/BPPULSAR600_BPPULSAR600_2/1000x1000/mixer-ufesa-pulsar600-mixer-ufesa-pulsar600.jpg,6,,
dr-bppulsar600,,,,,,,,,,,,,,https://f.fcdn.app/imgs/25e381/www.diaril.com.uy/diaruy/7306/original/catalogo/BPPULSAR600_BPPULSAR600_1/2000-2000/mixer-ufesa-pulsar600-mixer-ufesa-pulsar600.jpg,7,,
dr-bppulsar600,,,,,,,,,,,,,,https://f.fcdn.app/imgs/df6d5c/www.diaril.com.uy/diaruy/7306/original/catalogo/BPPULSAR600_BPPULSAR600_1/100x100/mixer-ufesa-pulsar600-mixer-ufesa-pulsar600.jpg,8,,
dr-bsmoonstone,Licuadora Ufesa Bs Moonstone,"<ul><li>•1500W de potencia.</li><li>•Jarra de cristal de 1,5L.</li><li>•Tapa con cierre hermético con apertura para introducir alimentos.</li><li>•Regulador de velocidad con luz LED.</li><li>•2 velocidades + Turbo.</li><li>•6 cuchillas extraíbles de titanio, adecuadas para picar hielo.</li><li>•Bloqueo de seguridad.</li><li>•Jarra apta para lavavajillas.</li><li>•Pies antideslizantes.</li></ul>",Ufesa,Electro,"Licuadoras, Ufesa, stock-verificado",TRUE,Color,Licuadora Ufesa Bs Moonstone,BS MOONSTONE,3275.00,,10,deny,https://f.fcdn.app/imgs/84bb9b/www.diaril.com.uy/diaruy/2988/original/catalogo/BSMOONSTONE_BSMOONSTONE_1/1000x1000/licuadora-ufesa-bs-moonstone-licuadora-ufesa-bs-moonstone.jpg,1,,
dr-bsmoonstone,,,,,,,,,,,,,,https://f.fcdn.app/imgs/6598bd/www.diaril.com.uy/diaruy/2988/original/catalogo/BSMOONSTONE_BSMOONSTONE_1/1500-1500/licuadora-ufesa-bs-moonstone-licuadora-ufesa-bs-moonstone.jpg,2,,
dr-bsmoonstone,,,,,,,,,,,,,,https://f.fcdn.app/imgs/199ef4/www.diaril.com.uy/diaruy/2988/original/catalogo/BSMOONSTONE_BSMOONSTONE_1/1920-1200/licuadora-ufesa-bs-moonstone-licuadora-ufesa-bs-moonstone.jpg,3,,
dr-bsmoonstone,,,,,,,,,,,,,,https://f.fcdn.app/imgs/f095f5/www.diaril.com.uy/diaruy/cd01/original/catalogo/BSMOONSTONE_BSMOONSTONE_2/1500-1500/licuadora-ufesa-bs-moonstone-licuadora-ufesa-bs-moonstone.jpg,4,,
dr-bsmoonstone,,,,,,,,,,,,,,https://f.fcdn.app/imgs/ee3190/www.diaril.com.uy/diaruy/cd01/original/catalogo/BSMOONSTONE_BSMOONSTONE_2/1920-1200/licuadora-ufesa-bs-moonstone-licuadora-ufesa-bs-moonstone.jpg,5,,
dr-bsmoonstone,,,,,,,,,,,,,,https://f.fcdn.app/imgs/185400/www.diaril.com.uy/diaruy/cd01/original/catalogo/BSMOONSTONE_BSMOONSTONE_2/1000x1000/licuadora-ufesa-bs-moonstone-licuadora-ufesa-bs-moonstone.jpg,6,,
dr-bsmoonstone,,,,,,,,,,,,,,https://f.fcdn.app/imgs/8daac6/www.diaril.com.uy/diaruy/648a/original/catalogo/BSMOONSTONE_BSMOONSTONE_3/1500-1500/licuadora-ufesa-bs-moonstone-licuadora-ufesa-bs-moonstone.jpg,7,,
dr-bsmoonstone,,,,,,,,,,,,,,https://f.fcdn.app/imgs/e27530/www.diaril.com.uy/diaruy/648a/original/catalogo/BSMOONSTONE_BSMOONSTONE_3/1920-1200/licuadora-ufesa-bs-moonstone-licuadora-ufesa-bs-moonstone.jpg,8,,
dr-fut-270nf-w,Heladera Futura FUT-270NF-W frio seco 251 L Blanca,<ul><li>• Capacidad Neta Total: 251 Litros (Refrigerador 198L / Freezer 53L)</li><li>• Eficiencia Energética Clase A: Bajo consumo y ahorro garantizado</li><li>• Color Blanco Clásico con acabado de alta durabilidad</li><li>• Control Electrónico de Temperatura para una frescura constante</li><li>• Estantes de Vidrio Templado Antiderrame de gran resistencia</li><li>• Fabricadora de hielo manual integrada en el congelador</li><li>• Iluminación interior LED: Mayor claridad sin generar calor</li><li>• Diseño Adaptable: Puertas reversibles para cualquier espacio</li><li>• Formato Slim: Medidas optimizadas (55 x 60 x 167 cm)</li><li>• Organización Inteligente: Cajón para vegetales y estantes en puerta</li></ul>,Futura,Electro,"Heladeras, Futura",TRUE,Color,Heladera Futura FUT-270NF-W frio seco 251 L Blanca,FUT-270NF-W,23212.00,,0,deny,https://f.fcdn.app/imgs/d9a06e/www.diaril.com.uy/diaruy/bfc3/original/catalogo/FUT-270NF-W_FUT-270NF-W_1/1000x1000/heladera-futura-fut-270nf-w-frio-seco-251-l-blanca-heladera-futura-fut-270nf-w-frio-seco-251-l-blanca.jpg,1,,
dr-fut-270nf-w,,,,,,,,,,,,,,https://f.fcdn.app/imgs/de09ad/www.diaril.com.uy/diaruy/bfc3/original/catalogo/FUT-270NF-W_FUT-270NF-W_1/1500-1500/heladera-futura-fut-270nf-w-frio-seco-251-l-blanca-heladera-futura-fut-270nf-w-frio-seco-251-l-blanca.jpg,2,,
dr-fut-270nf-w,,,,,,,,,,,,,,https://f.fcdn.app/imgs/00ba49/www.diaril.com.uy/diaruy/bfc3/original/catalogo/FUT-270NF-W_FUT-270NF-W_1/1920-1200/heladera-futura-fut-270nf-w-frio-seco-251-l-blanca-heladera-futura-fut-270nf-w-frio-seco-251-l-blanca.jpg,3,,
dr-fut-270nf-w,,,,,,,,,,,,,,https://f.fcdn.app/imgs/e076ea/www.diaril.com.uy/diaruy/85e4/original/catalogo/FUT-270NF-W_FUT-270NF-W_2/1500-1500/heladera-futura-fut-270nf-w-frio-seco-251-l-blanca-heladera-futura-fut-270nf-w-frio-seco-251-l-blanca.jpg,4,,
dr-fut-270nf-w,,,,,,,,,,,,,,https://f.fcdn.app/imgs/460b22/www.diaril.com.uy/diaruy/85e4/original/catalogo/FUT-270NF-W_FUT-270NF-W_2/1920-1200/heladera-futura-fut-270nf-w-frio-seco-251-l-blanca-heladera-futura-fut-270nf-w-frio-seco-251-l-blanca.jpg,5,,
dr-fut-270nf-w,,,,,,,,,,,,,,https://f.fcdn.app/imgs/c71b25/www.diaril.com.uy/diaruy/85e4/original/catalogo/FUT-270NF-W_FUT-270NF-W_2/1000x1000/heladera-futura-fut-270nf-w-frio-seco-251-l-blanca-heladera-futura-fut-270nf-w-frio-seco-251-l-blanca.jpg,6,,
dr-fut-270nf-w,,,,,,,,,,,,,,https://f.fcdn.app/imgs/b4da79/www.diaril.com.uy/diaruy/ec6a/original/catalogo/FUT-270NF-W_FUT-270NF-W_3/1500-1500/heladera-futura-fut-270nf-w-frio-seco-251-l-blanca-heladera-futura-fut-270nf-w-frio-seco-251-l-blanca.jpg,7,,
dr-fut-270nf-w,,,,,,,,,,,,,,https://f.fcdn.app/imgs/66e0f3/www.diaril.com.uy/diaruy/ec6a/original/catalogo/FUT-270NF-W_FUT-270NF-W_3/1920-1200/heladera-futura-fut-270nf-w-frio-seco-251-l-blanca-heladera-futura-fut-270nf-w-frio-seco-251-l-blanca.jpg,8,,
dr-fut-270nf-x,Heladera Futura FUT-270NF-X frío seco 251 L Inox,<ul><li>• Capacidad Neta Total: 251 Litros (Refrigerador 198L / Freezer 53L)</li><li>• Eficiencia Energética Clase A: Consumo optimizado y sustentable</li><li>• Acabado Premium: Puertas en Acero Inoxidable con diseño moderno</li><li>• Control Electrónico de Temperatura para una conservación precisa</li><li>• Estantes de Vidrio Templado Antiderrame de alta resistencia</li><li>• Fabricadora de hielo manual integrada en el freezer</li><li>• Iluminación interior LED: Mayor visibilidad y ahorro de energía</li><li>• Puertas Reversibles: Adaptabilidad total a la disposición de tu cocina</li><li>• Diseño Slim: Medidas ideales de 55 x 60 x 167 cm</li><li>• Organización: Cajón transparente para vegetales y estantes en puerta</li></ul>,Futura,Electro,"Heladeras, Futura, stock-verificado",TRUE,Color,Heladera Futura FUT-270NF-X frío seco 251 L Inox,FUT-270NF-X,24829.00,,10,deny,https://f.fcdn.app/imgs/7df139/www.diaril.com.uy/diaruy/3673/original/catalogo/FUT-270NF-X_FUT-270NF-X_1/1000x1000/heladera-futura-fut-270nf-x-frio-seco-251-l-inox-heladera-futura-fut-270nf-x-frio-seco-251-l-inox.jpg,1,,
dr-fut-270nf-x,,,,,,,,,,,,,,https://f.fcdn.app/imgs/750e59/www.diaril.com.uy/diaruy/3673/original/catalogo/FUT-270NF-X_FUT-270NF-X_1/1500-1500/heladera-futura-fut-270nf-x-frio-seco-251-l-inox-heladera-futura-fut-270nf-x-frio-seco-251-l-inox.jpg,2,,
dr-fut-270nf-x,,,,,,,,,,,,,,https://f.fcdn.app/imgs/cc195e/www.diaril.com.uy/diaruy/3673/original/catalogo/FUT-270NF-X_FUT-270NF-X_1/1920-1200/heladera-futura-fut-270nf-x-frio-seco-251-l-inox-heladera-futura-fut-270nf-x-frio-seco-251-l-inox.jpg,3,,
dr-fut-270nf-x,,,,,,,,,,,,,,https://f.fcdn.app/imgs/b3867d/www.diaril.com.uy/diaruy/2635/original/catalogo/FUT-270NF-X_FUT-270NF-X_2/1500-1500/heladera-futura-fut-270nf-x-frio-seco-251-l-inox-heladera-futura-fut-270nf-x-frio-seco-251-l-inox.jpg,4,,
dr-fut-270nf-x,,,,,,,,,,,,,,https://f.fcdn.app/imgs/a1cea3/www.diaril.com.uy/diaruy/2635/original/catalogo/FUT-270NF-X_FUT-270NF-X_2/1920-1200/heladera-futura-fut-270nf-x-frio-seco-251-l-inox-heladera-futura-fut-270nf-x-frio-seco-251-l-inox.jpg,5,,
dr-fut-270nf-x,,,,,,,,,,,,,,https://f.fcdn.app/imgs/419ef8/www.diaril.com.uy/diaruy/2635/original/catalogo/FUT-270NF-X_FUT-270NF-X_2/1000x1000/heladera-futura-fut-270nf-x-frio-seco-251-l-inox-heladera-futura-fut-270nf-x-frio-seco-251-l-inox.jpg,6,,
dr-fut-270nf-x,,,,,,,,,,,,,,https://f.fcdn.app/imgs/5f8175/www.diaril.com.uy/diaruy/67df/original/catalogo/FUT-270NF-X_FUT-270NF-X_3/1500-1500/heladera-futura-fut-270nf-x-frio-seco-251-l-inox-heladera-futura-fut-270nf-x-frio-seco-251-l-inox.jpg,7,,
dr-fut-270nf-x,,,,,,,,,,,,,,https://f.fcdn.app/imgs/c28223/www.diaril.com.uy/diaruy/67df/original/catalogo/FUT-270NF-X_FUT-270NF-X_3/1920-1200/heladera-futura-fut-270nf-x-frio-seco-251-l-inox-heladera-futura-fut-270nf-x-frio-seco-251-l-inox.jpg,8,,
dr-fut-4532-us,Ventilador 3 en 1 Futura FUT-4532-US 45 cm,"<ul><li>• Sistema 3 en 1: Ventilador de Pie, de Pared o de Piso (Turbo)</li><li>• Potencia: 50 W de alto rendimiento</li><li>• Diámetro: 50 cm (20 pulgadas) para un gran caudal de aire</li><li>• 3 Aspas Metálicas: Mayor durabilidad y empuje de aire que las de plástico</li><li>• Cabezal Oscilante 180° con inclinación ajustable para cobertura total</li><li>• 3 Velocidades regulables según la necesidad de confort</li><li>• Altura ajustable hasta 130 cm con base redonda de gran estabilidad</li><li>• Rejilla protectora metálica para máxima seguridad</li><li>• Diseño versátil apto para hogar, oficinas o talleres</li></ul>",Futura,Electro,"Climatización, Futura, stock-verificado",TRUE,Color,Ventilador 3 en 1 Futura FUT-4532-US 45 cm,FUT-4532-US,1617.00,,10,deny,https://f.fcdn.app/imgs/a072dd/www.diaril.com.uy/diaruy/291b/original/catalogo/FUT-4532-US_FUT-4532-US_1/1000x1000/ventilador-3-en-1-futura-fut-4532-us-45-cm-ventilador-3-en-1-futura-fut-4532-us-45-cm.jpg,1,,
dr-fut-4532-us,,,,,,,,,,,,,,https://f.fcdn.app/imgs/0913ac/www.diaril.com.uy/diaruy/291b/original/catalogo/FUT-4532-US_FUT-4532-US_1/1500-1500/ventilador-3-en-1-futura-fut-4532-us-45-cm-ventilador-3-en-1-futura-fut-4532-us-45-cm.jpg,2,,
dr-fut-4532-us,,,,,,,,,,,,,,https://f.fcdn.app/imgs/960b8d/www.diaril.com.uy/diaruy/291b/original/catalogo/FUT-4532-US_FUT-4532-US_1/1920-1200/ventilador-3-en-1-futura-fut-4532-us-45-cm-ventilador-3-en-1-futura-fut-4532-us-45-cm.jpg,3,,
dr-fut-4532-us,,,,,,,,,,,,,,https://f.fcdn.app/imgs/524bc0/www.diaril.com.uy/diaruy/800e/original/catalogo/FUT-4532-US_FUT-4532-US_2/1500-1500/ventilador-3-en-1-futura-fut-4532-us-45-cm-ventilador-3-en-1-futura-fut-4532-us-45-cm.jpg,4,,
dr-fut-4532-us,,,,,,,,,,,,,,https://f.fcdn.app/imgs/a91b36/www.diaril.com.uy/diaruy/800e/original/catalogo/FUT-4532-US_FUT-4532-US_2/1920-1200/ventilador-3-en-1-futura-fut-4532-us-45-cm-ventilador-3-en-1-futura-fut-4532-us-45-cm.jpg,5,,
dr-fut-4532-us,,,,,,,,,,,,,,https://f.fcdn.app/imgs/23671e/www.diaril.com.uy/diaruy/800e/original/catalogo/FUT-4532-US_FUT-4532-US_2/1000x1000/ventilador-3-en-1-futura-fut-4532-us-45-cm-ventilador-3-en-1-futura-fut-4532-us-45-cm.jpg,6,,
dr-fut-4532-us,,,,,,,,,,,,,,https://f.fcdn.app/imgs/01f183/www.diaril.com.uy/diaruy/eeaa/original/catalogo/FUT-4532-US_FUT-4532-US_3/1500-1500/ventilador-3-en-1-futura-fut-4532-us-45-cm-ventilador-3-en-1-futura-fut-4532-us-45-cm.jpg,7,,
dr-fut-4532-us,,,,,,,,,,,,,,https://f.fcdn.app/imgs/719ad3/www.diaril.com.uy/diaruy/eeaa/original/catalogo/FUT-4532-US_FUT-4532-US_3/1920-1200/ventilador-3-en-1-futura-fut-4532-us-45-cm-ventilador-3-en-1-futura-fut-4532-us-45-cm.jpg,8,,
dr-fut-50-c31b,Cocina combinada Futura Plus FUT-50-C31B Girona,"<ul><li>• Calidad Premium: Producto de fabricación europea</li><li>• Sistema Híbrido: 3 Quemadores a gas + 1 Disco eléctrico ultra rápido</li><li>• Horno de 52 Litros con Eficiencia Energética Clase A</li><li>• Seguridad Total: Válvula de seguridad (termocupla) en cada quemador</li><li>• Mesada esmaltada blanca de fácil limpieza con tapa de vidrio protectora</li><li>• Encendido electrónico integrado para una mayor comodidad</li><li>• Termostato ajustable para un control preciso de la temperatura</li><li>• Aislamiento térmico en lana mineral de alta densidad</li><li>• Puerta con doble vidrio y visor panorámico</li><li>• Medidas compactas: Ancho 50 cm | Profundidad 60 cm | Alto 85 cm</li><li>• Equipamiento: Luz en horno, bandeja esmaltada y rejilla cromada</li></ul>",Futura,Electro,"Cocinas, Futura",TRUE,Color,Cocina combinada Futura Plus FUT-50-C31B Girona,FUT-50-C31B,18652.00,,0,deny,https://f.fcdn.app/imgs/9f9f1a/www.diaril.com.uy/diaruy/2f8c/original/catalogo/FUT-50-C31B_FUT-50-C31B_1/1000x1000/cocina-combinada-futura-plus-fut-50-c31b-girona-cocina-combinada-futura-plus-fut-50-c31b-girona.jpg,1,,
dr-fut-50-c31b,,,,,,,,,,,,,,https://f.fcdn.app/imgs/55e072/www.diaril.com.uy/diaruy/2f8c/original/catalogo/FUT-50-C31B_FUT-50-C31B_1/1500-1500/cocina-combinada-futura-plus-fut-50-c31b-girona-cocina-combinada-futura-plus-fut-50-c31b-girona.jpg,2,,
dr-fut-50-c31b,,,,,,,,,,,,,,https://f.fcdn.app/imgs/831813/www.diaril.com.uy/diaruy/2f8c/original/catalogo/FUT-50-C31B_FUT-50-C31B_1/1920-1200/cocina-combinada-futura-plus-fut-50-c31b-girona-cocina-combinada-futura-plus-fut-50-c31b-girona.jpg,3,,
dr-fut-50-c31b,,,,,,,,,,,,,,https://f.fcdn.app/imgs/e9545d/www.diaril.com.uy/diaruy/2f8c/original/catalogo/FUT-50-C31B_FUT-50-C31B_1/2000-2000/cocina-combinada-futura-plus-fut-50-c31b-girona-cocina-combinada-futura-plus-fut-50-c31b-girona.jpg,4,,
dr-fut-50-c31b,,,,,,,,,,,,,,https://f.fcdn.app/imgs/a40086/www.diaril.com.uy/diaruy/2f8c/original/catalogo/FUT-50-C31B_FUT-50-C31B_1/100x100/cocina-combinada-futura-plus-fut-50-c31b-girona-cocina-combinada-futura-plus-fut-50-c31b-girona.jpg,5,,
dr-fut-50-c31b,,,,,,,,,,,,,,https://f.fcdn.app/imgs/a47e04/www.diaril.com.uy/diaruy/2f8c/original/catalogo/FUT-50-C31B_FUT-50-C31B_1/1000_1000/cocina-combinada-futura-plus-fut-50-c31b-girona-cocina-combinada-futura-plus-fut-50-c31b-girona.jpg,6,,
dr-fut-50-c31x,Cocina combinada Futura Plus FUT-50-C31X Ibiza,"<ul><li>• Calidad Premium: Producto de fabricación europea</li><li>• Sistema Híbrido: 3 Quemadores a gas + 1 Disco eléctrico ultra rápido</li><li>• Horno de 52 Litros con Eficiencia Energética Clase A</li><li>• Seguridad Total: Válvula de seguridad (termocupla) en cada quemador</li><li>• Encendido electrónico integrado para mayor comodidad</li><li>• Mesada de Acero Inoxidable duradera con tapa de vidrio protectora</li><li>• Termostato ajustable para un control preciso de la temperatura del horno</li><li>• Aislamiento en lana mineral: Mantiene el calor y protege tus muebles</li><li>• Puerta con doble vidrio y visor panorámico para un control total</li><li>• Medidas compactas: Ancho 50 cm | Profundidad 60 cm | Alto 85 cm</li><li>• Equipamiento completo: Luz en horno, bandeja esmaltada y rejilla cromada</li></ul>",Futura,Electro,"Cocinas, Futura, stock-verificado",TRUE,Color,Cocina combinada Futura Plus FUT-50-C31X Ibiza,FUT-50-C31X,19482.00,,10,deny,https://f.fcdn.app/imgs/f47b8c/www.diaril.com.uy/diaruy/261c/original/catalogo/FUT-50-C31X_FUT-50-C31X_1/1000x1000/cocina-combinada-futura-plus-fut-50-c31x-ibiza-cocina-combinada-futura-plus-fut-50-c31x-ibiza.jpg,1,,
dr-fut-50-c31x,,,,,,,,,,,,,,https://f.fcdn.app/imgs/fb63ed/www.diaril.com.uy/diaruy/261c/original/catalogo/FUT-50-C31X_FUT-50-C31X_1/1500-1500/cocina-combinada-futura-plus-fut-50-c31x-ibiza-cocina-combinada-futura-plus-fut-50-c31x-ibiza.jpg,2,,
dr-fut-50-c31x,,,,,,,,,,,,,,https://f.fcdn.app/imgs/09eb84/www.diaril.com.uy/diaruy/261c/original/catalogo/FUT-50-C31X_FUT-50-C31X_1/1920-1200/cocina-combinada-futura-plus-fut-50-c31x-ibiza-cocina-combinada-futura-plus-fut-50-c31x-ibiza.jpg,3,,
dr-fut-50-c31x,,,,,,,,,,,,,,https://f.fcdn.app/imgs/eca32b/www.diaril.com.uy/diaruy/261c/original/catalogo/FUT-50-C31X_FUT-50-C31X_1/2000-2000/cocina-combinada-futura-plus-fut-50-c31x-ibiza-cocina-combinada-futura-plus-fut-50-c31x-ibiza.jpg,4,,
dr-fut-50-c31x,,,,,,,,,,,,,,https://f.fcdn.app/imgs/9141bf/www.diaril.com.uy/diaruy/261c/original/catalogo/FUT-50-C31X_FUT-50-C31X_1/100x100/cocina-combinada-futura-plus-fut-50-c31x-ibiza-cocina-combinada-futura-plus-fut-50-c31x-ibiza.jpg,5,,
dr-fut-50-c31x,,,,,,,,,,,,,,https://f.fcdn.app/imgs/a18885/www.diaril.com.uy/diaruy/261c/original/catalogo/FUT-50-C31X_FUT-50-C31X_1/1000_1000/cocina-combinada-futura-plus-fut-50-c31x-ibiza-cocina-combinada-futura-plus-fut-50-c31x-ibiza.jpg,6,,
dr-fut-c650pir,Campana de pared Futura Plus FUT-C650PIR Piramidal,<ul><li>• Potencia de Extracción: 650 m³/h (Ideal para cocinas de uso intensivo)</li><li>• Fabricación Europea: Garantía de calidad y durabilidad</li><li>• Acabado Premium: Acero Inoxidable de alta resistencia</li><li>• 3 Niveles de potencia seleccionables</li><li>• Iluminación LED de alta eficiencia y bajo consumo</li><li>• Filtros de Aluminio lavables de fácil mantenimiento</li><li>• Panel de mandos con botones de control directo</li><li>• Chimenea telescópica ajustable: Altura de 35 a 60 cm</li><li>• Medidas compactas: Ancho 60 cm | Profundidad 47.5 cm</li></ul>,Futura,Electro,"Campanas, Futura, stock-verificado",TRUE,Color,Campana de pared Futura Plus FUT-C650PIR Piramidal,FUT-C650PIR,7005.00,,10,deny,https://f.fcdn.app/imgs/75dacf/www.diaril.com.uy/diaruy/85b2/original/catalogo/FUT-C650PIR_FUT-C650PIR_1/1000x1000/campana-de-pared-futura-plus-fut-c650pir-piramidal-campana-de-pared-futura-plus-fut-c650pir-piramidal.jpg,1,,
dr-fut-c650pir,,,,,,,,,,,,,,https://f.fcdn.app/imgs/1663f1/www.diaril.com.uy/diaruy/85b2/original/catalogo/FUT-C650PIR_FUT-C650PIR_1/1500-1500/campana-de-pared-futura-plus-fut-c650pir-piramidal-campana-de-pared-futura-plus-fut-c650pir-piramidal.jpg,2,,
dr-fut-c650pir,,,,,,,,,,,,,,https://f.fcdn.app/imgs/11eac0/www.diaril.com.uy/diaruy/85b2/original/catalogo/FUT-C650PIR_FUT-C650PIR_1/1920-1200/campana-de-pared-futura-plus-fut-c650pir-piramidal-campana-de-pared-futura-plus-fut-c650pir-piramidal.jpg,3,,
dr-fut-c650pir,,,,,,,,,,,,,,https://f.fcdn.app/imgs/de7447/www.diaril.com.uy/diaruy/35f1/original/catalogo/FUT-C650PIR_FUT-C650PIR_2/1500-1500/campana-de-pared-futura-plus-fut-c650pir-piramidal-campana-de-pared-futura-plus-fut-c650pir-piramidal.jpg,4,,
dr-fut-c650pir,,,,,,,,,,,,,,https://f.fcdn.app/imgs/3f7db7/www.diaril.com.uy/diaruy/35f1/original/catalogo/FUT-C650PIR_FUT-C650PIR_2/1920-1200/campana-de-pared-futura-plus-fut-c650pir-piramidal-campana-de-pared-futura-plus-fut-c650pir-piramidal.jpg,5,,
dr-fut-c650pir,,,,,,,,,,,,,,https://f.fcdn.app/imgs/7acbca/www.diaril.com.uy/diaruy/35f1/original/catalogo/FUT-C650PIR_FUT-C650PIR_2/1000x1000/campana-de-pared-futura-plus-fut-c650pir-piramidal-campana-de-pared-futura-plus-fut-c650pir-piramidal.jpg,6,,
dr-fut-c650pir,,,,,,,,,,,,,,https://f.fcdn.app/imgs/9a9579/www.diaril.com.uy/diaruy/aa7f/original/catalogo/FUT-C650PIR_FUT-C650PIR_3/1500-1500/campana-de-pared-futura-plus-fut-c650pir-piramidal-campana-de-pared-futura-plus-fut-c650pir-piramidal.jpg,7,,
dr-fut-c650pir,,,,,,,,,,,,,,https://f.fcdn.app/imgs/988e2a/www.diaril.com.uy/diaruy/aa7f/original/catalogo/FUT-C650PIR_FUT-C650PIR_3/1920-1200/campana-de-pared-futura-plus-fut-c650pir-piramidal-campana-de-pared-futura-plus-fut-c650pir-piramidal.jpg,8,,
dr-fut-c90isla,Campana de isla Futura FUT-C90ISLA 90 cm,<ul><li>• Potencia de Extracción Industrial: 850 m³/h</li><li>• Diseño Premium en Acero Inoxidable para montaje en isla</li><li>• Control Electrónico de doble cara (Accesible desde ambos lados)</li><li>• 5 Niveles de potencia para una extracción personalizada</li><li>• Iluminación LED de alta visibilidad (4 luces en total)</li><li>• Temporizador de apagado automático programable</li><li>• Filtros de aluminio lavables de alta eficiencia</li><li>• Chimenea telescópica ajustable: Altura de 50 a 80 cm</li><li>• Medidas: Ancho 90 cm | Profundidad 50 cm</li></ul>,Futura,Electro,"Campanas, Futura, stock-verificado",TRUE,Color,Campana de isla Futura FUT-C90ISLA 90 cm,FUT-C90ISLA,45180.00,,10,deny,https://f.fcdn.app/imgs/c120be/www.diaril.com.uy/diaruy/b670/original/catalogo/FUT-C90ISLA_FUT-C90ISLA_1/1000x1000/campana-de-isla-futura-fut-c90isla-90-cm-campana-de-isla-futura-fut-c90isla-90-cm.jpg,1,,
dr-fut-c90isla,,,,,,,,,,,,,,https://f.fcdn.app/imgs/cfff4c/www.diaril.com.uy/diaruy/b670/original/catalogo/FUT-C90ISLA_FUT-C90ISLA_1/1500-1500/campana-de-isla-futura-fut-c90isla-90-cm-campana-de-isla-futura-fut-c90isla-90-cm.jpg,2,,
dr-fut-c90isla,,,,,,,,,,,,,,https://f.fcdn.app/imgs/d49296/www.diaril.com.uy/diaruy/b670/original/catalogo/FUT-C90ISLA_FUT-C90ISLA_1/1920-1200/campana-de-isla-futura-fut-c90isla-90-cm-campana-de-isla-futura-fut-c90isla-90-cm.jpg,3,,
dr-fut-c90isla,,,,,,,,,,,,,,https://f.fcdn.app/imgs/057491/www.diaril.com.uy/diaruy/b670/original/catalogo/FUT-C90ISLA_FUT-C90ISLA_1/2000-2000/campana-de-isla-futura-fut-c90isla-90-cm-campana-de-isla-futura-fut-c90isla-90-cm.jpg,4,,
dr-fut-c90isla,,,,,,,,,,,,,,https://f.fcdn.app/imgs/d3fac1/www.diaril.com.uy/diaruy/b670/original/catalogo/FUT-C90ISLA_FUT-C90ISLA_1/100x100/campana-de-isla-futura-fut-c90isla-90-cm-campana-de-isla-futura-fut-c90isla-90-cm.jpg,5,,
dr-fut-c90isla,,,,,,,,,,,,,,https://f.fcdn.app/imgs/693cbd/www.diaril.com.uy/diaruy/b670/original/catalogo/FUT-C90ISLA_FUT-C90ISLA_1/1000_1000/campana-de-isla-futura-fut-c90isla-90-cm-campana-de-isla-futura-fut-c90isla-90-cm.jpg,6,,
dr-fut-cfc1500,Calentador fibra d/carbono Futura FUT-CFC1500,"<ul><li>• Potencia de alto rendimiento: 1500 W</li><li>• Ángulo de calentamiento 360°: Calor envolvente y uniforme</li><li>• Diseño Colgante: Ideal para pérgolas, quinchos y terrazas</li><li>• Apto para uso exterior: Norma IP34 (Resistente al agua y polvo)</li><li>• Seguridad garantizada: Interruptor de seguridad integrado</li><li>• Resistente a salpicaduras: Mayor durabilidad a la intemperie</li><li>• Instalación sencilla: Incluye cadena de 50 cm de longitud</li></ul>",Futura,Electro,"Climatización, Futura, stock-verificado",TRUE,Color,Calentador fibra d/carbono Futura FUT-CFC1500,FUT-CFC1500,3233.00,,10,deny,https://f.fcdn.app/imgs/579d2e/www.diaril.com.uy/diaruy/b86f/original/catalogo/FUT-CFC1500_FUT-CFC1500_1/1000x1000/calentador-fibra-d-carbono-futura-fut-cfc1500-calentador-fibra-d-carbono-futura-fut-cfc1500.jpg,1,,
dr-fut-cfc1500,,,,,,,,,,,,,,https://f.fcdn.app/imgs/f01562/www.diaril.com.uy/diaruy/b86f/original/catalogo/FUT-CFC1500_FUT-CFC1500_1/1500-1500/calentador-fibra-d-carbono-futura-fut-cfc1500-calentador-fibra-d-carbono-futura-fut-cfc1500.jpg,2,,
dr-fut-cfc1500,,,,,,,,,,,,,,https://f.fcdn.app/imgs/2bcb1a/www.diaril.com.uy/diaruy/b86f/original/catalogo/FUT-CFC1500_FUT-CFC1500_1/1920-1200/calentador-fibra-d-carbono-futura-fut-cfc1500-calentador-fibra-d-carbono-futura-fut-cfc1500.jpg,3,,
dr-fut-cfc1500,,,,,,,,,,,,,,https://f.fcdn.app/imgs/38f278/www.diaril.com.uy/diaruy/b86f/original/catalogo/FUT-CFC1500_FUT-CFC1500_1/2000-2000/calentador-fibra-d-carbono-futura-fut-cfc1500-calentador-fibra-d-carbono-futura-fut-cfc1500.jpg,4,,
dr-fut-cfc1500,,,,,,,,,,,,,,https://f.fcdn.app/imgs/25b460/www.diaril.com.uy/diaruy/b86f/original/catalogo/FUT-CFC1500_FUT-CFC1500_1/100x100/calentador-fibra-d-carbono-futura-fut-cfc1500-calentador-fibra-d-carbono-futura-fut-cfc1500.jpg,5,,
dr-fut-cfc1500,,,,,,,,,,,,,,https://f.fcdn.app/imgs/d1fc8d/www.diaril.com.uy/diaruy/b86f/original/catalogo/FUT-CFC1500_FUT-CFC1500_1/1000_1000/calentador-fibra-d-carbono-futura-fut-cfc1500-calentador-fibra-d-carbono-futura-fut-cfc1500.jpg,6,,
dr-fut-cfc1504,Calentador fibra de carbono Futura Plus FUT-CFC150,<ul><li>• Calentador de torre con Ángulo de calentamiento de 360º</li><li>• 2 niveles de potencia seleccionables: 450 W / 900 W</li><li>• Resistente a salpicaduras (Protección ideal para exteriores techados o baños)</li><li>• Interruptor de seguridad integrado (Sistema anti-vuelco)</li><li>• Diseño compacto y vertical: Altura de 55 cm</li><li>• Calor inmediato y multidireccional</li></ul>,Futura,Electro,"Climatización, Futura, stock-verificado",TRUE,Color,Calentador fibra de carbono Futura Plus FUT-CFC150,FUT-CFC1504,3109.00,,10,deny,https://f.fcdn.app/imgs/d5f257/www.diaril.com.uy/diaruy/5890/original/catalogo/FUT-CFC1504_FUT-CFC1504_1/1000x1000/calentador-fibra-de-carbono-futura-plus-fut-cfc150-calentador-fibra-de-carbono-futura-plus-fut-cfc150.jpg,1,,
dr-fut-cfc1504,,,,,,,,,,,,,,https://f.fcdn.app/imgs/86704e/www.diaril.com.uy/diaruy/5890/original/catalogo/FUT-CFC1504_FUT-CFC1504_1/1500-1500/calentador-fibra-de-carbono-futura-plus-fut-cfc150-calentador-fibra-de-carbono-futura-plus-fut-cfc150.jpg,2,,
dr-fut-cfc1504,,,,,,,,,,,,,,https://f.fcdn.app/imgs/64fab5/www.diaril.com.uy/diaruy/5890/original/catalogo/FUT-CFC1504_FUT-CFC1504_1/1920-1200/calentador-fibra-de-carbono-futura-plus-fut-cfc150-calentador-fibra-de-carbono-futura-plus-fut-cfc150.jpg,3,,
dr-fut-cfc1504,,,,,,,,,,,,,,https://f.fcdn.app/imgs/ab4371/www.diaril.com.uy/diaruy/5890/original/catalogo/FUT-CFC1504_FUT-CFC1504_1/2000-2000/calentador-fibra-de-carbono-futura-plus-fut-cfc150-calentador-fibra-de-carbono-futura-plus-fut-cfc150.jpg,4,,
dr-fut-cfc1504,,,,,,,,,,,,,,https://f.fcdn.app/imgs/8853ff/www.diaril.com.uy/diaruy/5890/original/catalogo/FUT-CFC1504_FUT-CFC1504_1/100x100/calentador-fibra-de-carbono-futura-plus-fut-cfc150-calentador-fibra-de-carbono-futura-plus-fut-cfc150.jpg,5,,
dr-fut-cfc1504,,,,,,,,,,,,,,https://f.fcdn.app/imgs/9a53f6/www.diaril.com.uy/diaruy/5890/original/catalogo/FUT-CFC1504_FUT-CFC1504_1/1000_1000/calentador-fibra-de-carbono-futura-plus-fut-cfc150-calentador-fibra-de-carbono-futura-plus-fut-cfc150.jpg,6,,
dr-fut-cvc0587,Caloventilador ceramico Futura Plus FUT-CVC0587,<ul><li>• Caloventor con 2 niveles de potencia: 750 W / 1500 W</li><li>• Función Oscilante para una distribución uniforme del calor</li><li>• Termostato ajustable para un control preciso de la temperatura</li><li>• Seguridad garantizada: Fabricado con materiales anti-llama</li><li>• Sistema de protección contra sobrecalentamiento</li><li>• Luz indicadora de encendido y potencia</li></ul>,Futura,Electro,"Climatización, Futura",TRUE,Color,Caloventilador ceramico Futura Plus FUT-CVC0587,FUT-CVC0587,1907.00,,0,deny,https://f.fcdn.app/imgs/8abf15/www.diaril.com.uy/diaruy/258f/original/catalogo/FUT-CVC0587_FUT-CVC0587_1/1000x1000/caloventilador-ceramico-futura-plus-fut-cvc0587-caloventilador-ceramico-futura-plus-fut-cvc0587.jpg,1,,
dr-fut-cvc0587,,,,,,,,,,,,,,https://f.fcdn.app/imgs/cdc4a7/www.diaril.com.uy/diaruy/258f/original/catalogo/FUT-CVC0587_FUT-CVC0587_1/1500-1500/caloventilador-ceramico-futura-plus-fut-cvc0587-caloventilador-ceramico-futura-plus-fut-cvc0587.jpg,2,,
dr-fut-cvc0587,,,,,,,,,,,,,,https://f.fcdn.app/imgs/b10e72/www.diaril.com.uy/diaruy/258f/original/catalogo/FUT-CVC0587_FUT-CVC0587_1/1920-1200/caloventilador-ceramico-futura-plus-fut-cvc0587-caloventilador-ceramico-futura-plus-fut-cvc0587.jpg,3,,
dr-fut-cvc0587,,,,,,,,,,,,,,https://f.fcdn.app/imgs/87ed88/www.diaril.com.uy/diaruy/258f/original/catalogo/FUT-CVC0587_FUT-CVC0587_1/2000-2000/caloventilador-ceramico-futura-plus-fut-cvc0587-caloventilador-ceramico-futura-plus-fut-cvc0587.jpg,4,,
dr-fut-cvc0587,,,,,,,,,,,,,,https://f.fcdn.app/imgs/4f6488/www.diaril.com.uy/diaruy/258f/original/catalogo/FUT-CVC0587_FUT-CVC0587_1/100x100/caloventilador-ceramico-futura-plus-fut-cvc0587-caloventilador-ceramico-futura-plus-fut-cvc0587.jpg,5,,
dr-fut-cvc0587,,,,,,,,,,,,,,https://f.fcdn.app/imgs/28c17c/www.diaril.com.uy/diaruy/258f/original/catalogo/FUT-CVC0587_FUT-CVC0587_1/1000_1000/caloventilador-ceramico-futura-plus-fut-cvc0587-caloventilador-ceramico-futura-plus-fut-cvc0587.jpg,6,,
dr-fut-cw2000b,Convector de Pared Futura FUT-CW2000B,"<ul><li>• Tecnología Cerámica PTC: Calor seguro, eficiente y de rápido inicio</li><li>• Doble función: Calefacción y Ventilación para uso todo el año</li><li>• Potencia regulable: 1000 W / 2000 W</li><li>• Protección IP22: Resistente a la humedad y salpicaduras (Ideal para baños)</li><li>• Función ""Ventana Abierta"": Ahorro inteligente de energía</li><li>• Ventana oscilante de gran angular para una distribución uniforme del calor</li><li>• Temporizador programable hasta 24 horas</li><li>• Control total: Pantalla LED, indicadores luminosos y Control Remoto</li><li>• Diseño Slim: Solo 11.7 cm de profundidad</li><li>• Incluye Kit de instalación completo para pared</li><li>• Medidas: Ancho 56 cm | Profundidad 11.7 cm | Altura 18.5 cm</li></ul>",Futura,Electro,"Climatización, Futura, stock-verificado",TRUE,Color,Convector de Pared Futura FUT-CW2000B,FUT-CW2000B,2902.00,,10,deny,https://f.fcdn.app/imgs/657fa0/www.diaril.com.uy/diaruy/7df6/original/catalogo/FUT-CW2000B_FUT-CW2000B_1/1000x1000/convector-de-pared-futura-fut-cw2000b-convector-de-pared-futura-fut-cw2000b.jpg,1,,
dr-fut-cw2000b,,,,,,,,,,,,,,https://f.fcdn.app/imgs/3cc73d/www.diaril.com.uy/diaruy/7df6/original/catalogo/FUT-CW2000B_FUT-CW2000B_1/1500-1500/convector-de-pared-futura-fut-cw2000b-convector-de-pared-futura-fut-cw2000b.jpg,2,,
dr-fut-cw2000b,,,,,,,,,,,,,,https://f.fcdn.app/imgs/a41184/www.diaril.com.uy/diaruy/7df6/original/catalogo/FUT-CW2000B_FUT-CW2000B_1/1920-1200/convector-de-pared-futura-fut-cw2000b-convector-de-pared-futura-fut-cw2000b.jpg,3,,
dr-fut-cw2000b,,,,,,,,,,,,,,https://f.fcdn.app/imgs/1bf7b6/www.diaril.com.uy/diaruy/7df6/original/catalogo/FUT-CW2000B_FUT-CW2000B_1/2000-2000/convector-de-pared-futura-fut-cw2000b-convector-de-pared-futura-fut-cw2000b.jpg,4,,
dr-fut-cw2000b,,,,,,,,,,,,,,https://f.fcdn.app/imgs/586aa4/www.diaril.com.uy/diaruy/7df6/original/catalogo/FUT-CW2000B_FUT-CW2000B_1/100x100/convector-de-pared-futura-fut-cw2000b-convector-de-pared-futura-fut-cw2000b.jpg,5,,
dr-fut-cw2000b,,,,,,,,,,,,,,https://f.fcdn.app/imgs/3f1e02/www.diaril.com.uy/diaruy/7df6/original/catalogo/FUT-CW2000B_FUT-CW2000B_1/1000_1000/convector-de-pared-futura-fut-cw2000b-convector-de-pared-futura-fut-cw2000b.jpg,6,,
dr-fut-cw4501b,Convector de pared Futura FUT-CW4501B,"<ul><li>• Caloventor de pared con Resistencia Cerámica de alta eficiencia</li><li>• 3 niveles de aire: Frío, Cálido y Caliente</li><li>• 2 niveles de potencia seleccionables: 1000 W / 2000 W</li><li>• Incluye Control Remoto para máxima comodidad</li><li>• Timer programable hasta 7.5 horas</li><li>• Sistema de seguridad con protección contra sobrecalentamiento</li><li>• Panel con indicadores LED de funcionamiento</li><li>• Diseño compacto y estético para instalación en pared</li><li>• Incluye kit completo de instalación</li><li>• Medidas: Ancho 45 cm | Profundidad 11 cm | Altura 18.5 cm</li></ul>",Futura,Electro,"Climatización, Futura, stock-verificado",TRUE,Color,Convector de pared Futura FUT-CW4501B,FUT-CW4501B,1948.00,,10,deny,https://f.fcdn.app/imgs/ffecf3/www.diaril.com.uy/diaruy/1ef4/original/catalogo/FUT-CW4501B_FUT-CW4501B_1/1000x1000/convector-de-pared-futura-fut-cw4501b-convector-de-pared-futura-fut-cw4501b.jpg,1,,
dr-fut-cw4501b,,,,,,,,,,,,,,https://f.fcdn.app/imgs/0e677c/www.diaril.com.uy/diaruy/1ef4/original/catalogo/FUT-CW4501B_FUT-CW4501B_1/1500-1500/convector-de-pared-futura-fut-cw4501b-convector-de-pared-futura-fut-cw4501b.jpg,2,,
dr-fut-cw4501b,,,,,,,,,,,,,,https://f.fcdn.app/imgs/268cf6/www.diaril.com.uy/diaruy/1ef4/original/catalogo/FUT-CW4501B_FUT-CW4501B_1/1920-1200/convector-de-pared-futura-fut-cw4501b-convector-de-pared-futura-fut-cw4501b.jpg,3,,
dr-fut-cw4501b,,,,,,,,,,,,,,https://f.fcdn.app/imgs/79cf96/www.diaril.com.uy/diaruy/1ef4/original/catalogo/FUT-CW4501B_FUT-CW4501B_1/2000-2000/convector-de-pared-futura-fut-cw4501b-convector-de-pared-futura-fut-cw4501b.jpg,4,,
dr-fut-cw4501b,,,,,,,,,,,,,,https://f.fcdn.app/imgs/99e71a/www.diaril.com.uy/diaruy/1ef4/original/catalogo/FUT-CW4501B_FUT-CW4501B_1/100x100/convector-de-pared-futura-fut-cw4501b-convector-de-pared-futura-fut-cw4501b.jpg,5,,
dr-fut-cw4501b,,,,,,,,,,,,,,https://f.fcdn.app/imgs/ed4e58/www.diaril.com.uy/diaruy/1ef4/original/catalogo/FUT-CW4501B_FUT-CW4501B_1/1000_1000/convector-de-pared-futura-fut-cw4501b-convector-de-pared-futura-fut-cw4501b.jpg,6,,
dr-fut-fp197nf,Freezer Futura Panelable FUT-FP197NF 197 L,<ul><li>• Freezer Vertical de 1 puerta PANELABLE (Integrable)</li><li>• Capacidad neta total: 197 Litros</li><li>• Sistema de instalación mediante correderas para panelado</li><li>• Apertura de puerta reversible para adaptarse a cualquier espacio</li><li>• Eficiencia Energética Clase A</li><li>• Congelador de 4 estrellas (-18 °C garantizados)</li><li>• Control electrónico de temperatura con mandos táctiles (Touch Control)</li><li>• Sistema de Descongelación Automática (No Frost)</li><li>• Organización: 6 compartimentos cerrados + 2 bandejas de descongelación</li><li>• Iluminación interior LED de alta eficiencia</li><li>• Medidas: Ancho 54 cm | Profundidad 54.5 cm | Altura 177 cm</li></ul>,Futura,Electro,"Heladeras, Futura",TRUE,Color,Freezer Futura Panelable FUT-FP197NF 197 L,FUT-FP197NF,41036.00,,0,deny,https://f.fcdn.app/imgs/894c10/www.diaril.com.uy/diaruy/ac22/original/catalogo/FUT-FP197NF_FUT-FP197NF_1/1000x1000/freezer-futura-panelable-fut-fp197nf-197-l-freezer-futura-panelable-fut-fp197nf-197-l.jpg,1,,
dr-fut-fp197nf,,,,,,,,,,,,,,https://f.fcdn.app/imgs/5e155d/www.diaril.com.uy/diaruy/ac22/original/catalogo/FUT-FP197NF_FUT-FP197NF_1/1500-1500/freezer-futura-panelable-fut-fp197nf-197-l-freezer-futura-panelable-fut-fp197nf-197-l.jpg,2,,
dr-fut-fp197nf,,,,,,,,,,,,,,https://f.fcdn.app/imgs/48d0ab/www.diaril.com.uy/diaruy/ac22/original/catalogo/FUT-FP197NF_FUT-FP197NF_1/1920-1200/freezer-futura-panelable-fut-fp197nf-197-l-freezer-futura-panelable-fut-fp197nf-197-l.jpg,3,,
dr-fut-fp197nf,,,,,,,,,,,,,,https://f.fcdn.app/imgs/cfacb5/www.diaril.com.uy/diaruy/b49c/original/catalogo/FUT-FP197NF_FUT-FP197NF_2/1500-1500/freezer-futura-panelable-fut-fp197nf-197-l-freezer-futura-panelable-fut-fp197nf-197-l.jpg,4,,
dr-fut-fp197nf,,,,,,,,,,,,,,https://f.fcdn.app/imgs/45ce39/www.diaril.com.uy/diaruy/b49c/original/catalogo/FUT-FP197NF_FUT-FP197NF_2/1920-1200/freezer-futura-panelable-fut-fp197nf-197-l-freezer-futura-panelable-fut-fp197nf-197-l.jpg,5,,
dr-fut-fp197nf,,,,,,,,,,,,,,https://f.fcdn.app/imgs/92723e/www.diaril.com.uy/diaruy/b49c/original/catalogo/FUT-FP197NF_FUT-FP197NF_2/1000x1000/freezer-futura-panelable-fut-fp197nf-197-l-freezer-futura-panelable-fut-fp197nf-197-l.jpg,6,,
dr-fut-fp197nf,,,,,,,,,,,,,,https://f.fcdn.app/imgs/67a3af/www.diaril.com.uy/diaruy/bd7f/original/catalogo/FUT-FP197NF_FUT-FP197NF_3/1500-1500/freezer-futura-panelable-fut-fp197nf-197-l-freezer-futura-panelable-fut-fp197nf-197-l.jpg,7,,
dr-fut-fp197nf,,,,,,,,,,,,,,https://f.fcdn.app/imgs/8bceeb/www.diaril.com.uy/diaruy/bd7f/original/catalogo/FUT-FP197NF_FUT-FP197NF_3/1920-1200/freezer-futura-panelable-fut-fp197nf-197-l-freezer-futura-panelable-fut-fp197nf-197-l.jpg,8,,
dr-fut-ha1798b,Hervidor de agua Futura Plus FUT-HA1798B,"<ul><li>• Capacidad: 1,7 lt.</li><li>• Potencia: 2200W</li><li>• Base con giro 360°.</li><li>• Interruptor On/Off luminoso.</li><li>• Auto apagado: desconexión automática al hervir.</li><li>• Filtro anti impurezas de acero inoxidable.</li><li>• Triple seguridad</li><li>• Fácil limpieza gracias a su apertura 90º</li><li>• Color negro.</li></ul>",Futura,Electro,"Jarras, Futura, stock-verificado",TRUE,Color,Hervidor de agua Futura Plus FUT-HA1798B,FUT-HA1798B,2031.00,,10,deny,https://f.fcdn.app/imgs/e7411e/www.diaril.com.uy/diaruy/dc50/original/catalogo/FUT-HA1798B_FUT-HA1798B_1/1000x1000/hervidor-de-agua-futura-plus-fut-ha1798b-hervidor-de-agua-futura-plus-fut-ha1798b.jpg,1,,
dr-fut-ha1798b,,,,,,,,,,,,,,https://f.fcdn.app/imgs/5f4c64/www.diaril.com.uy/diaruy/dc50/original/catalogo/FUT-HA1798B_FUT-HA1798B_1/1500-1500/hervidor-de-agua-futura-plus-fut-ha1798b-hervidor-de-agua-futura-plus-fut-ha1798b.jpg,2,,
dr-fut-ha1798b,,,,,,,,,,,,,,https://f.fcdn.app/imgs/54c6ba/www.diaril.com.uy/diaruy/dc50/original/catalogo/FUT-HA1798B_FUT-HA1798B_1/1920-1200/hervidor-de-agua-futura-plus-fut-ha1798b-hervidor-de-agua-futura-plus-fut-ha1798b.jpg,3,,
dr-fut-ha1798b,,,,,,,,,,,,,,https://f.fcdn.app/imgs/357e56/www.diaril.com.uy/diaruy/dc50/original/catalogo/FUT-HA1798B_FUT-HA1798B_1/2000-2000/hervidor-de-agua-futura-plus-fut-ha1798b-hervidor-de-agua-futura-plus-fut-ha1798b.jpg,4,,
dr-fut-ha1798b,,,,,,,,,,,,,,https://f.fcdn.app/imgs/47d7a2/www.diaril.com.uy/diaruy/dc50/original/catalogo/FUT-HA1798B_FUT-HA1798B_1/100x100/hervidor-de-agua-futura-plus-fut-ha1798b-hervidor-de-agua-futura-plus-fut-ha1798b.jpg,5,,
dr-fut-ha1798b,,,,,,,,,,,,,,https://f.fcdn.app/imgs/92b188/www.diaril.com.uy/diaruy/dc50/original/catalogo/FUT-HA1798B_FUT-HA1798B_1/1000_1000/hervidor-de-agua-futura-plus-fut-ha1798b-hervidor-de-agua-futura-plus-fut-ha1798b.jpg,6,,
dr-fut-ha1798w,Hervidor de agua Futura Plus FUT-HA1798W,"<ul><li>• Capacidad: 1,7 Litros</li><li>• Potencia máxima: 2200 W (Hervido ultra rápido)</li><li>• Color: Blanco clásico con terminaciones de alta calidad</li><li>• Base inalámbrica con giro de 360° para un manejo cómodo</li><li>• Sistema de Triple Seguridad integrado</li><li>• Auto apagado: Desconexión automática al alcanzar la ebullición</li><li>• Filtro anti-impurezas de acero inoxidable de larga duración</li><li>• Interruptor de encendido (On/Off) con luz indicadora</li><li>• Apertura de tapa a 90° que facilita el llenado y la higiene interna</li></ul>",Futura,Electro,"Jarras, Futura, stock-verificado",TRUE,Color,Hervidor de agua Futura Plus FUT-HA1798W,FUT-HA1798W,2031.00,,10,deny,https://f.fcdn.app/imgs/abadf3/www.diaril.com.uy/diaruy/d5e0/original/catalogo/FUT-HA1798W_FUT-HA1798W_1/1000x1000/hervidor-de-agua-futura-plus-fut-ha1798w-hervidor-de-agua-futura-plus-fut-ha1798w.jpg,1,,
dr-fut-ha1798w,,,,,,,,,,,,,,https://f.fcdn.app/imgs/0cd9cc/www.diaril.com.uy/diaruy/d5e0/original/catalogo/FUT-HA1798W_FUT-HA1798W_1/1500-1500/hervidor-de-agua-futura-plus-fut-ha1798w-hervidor-de-agua-futura-plus-fut-ha1798w.jpg,2,,
dr-fut-ha1798w,,,,,,,,,,,,,,https://f.fcdn.app/imgs/d68f1e/www.diaril.com.uy/diaruy/d5e0/original/catalogo/FUT-HA1798W_FUT-HA1798W_1/1920-1200/hervidor-de-agua-futura-plus-fut-ha1798w-hervidor-de-agua-futura-plus-fut-ha1798w.jpg,3,,
dr-fut-ha1798w,,,,,,,,,,,,,,https://f.fcdn.app/imgs/2f717d/www.diaril.com.uy/diaruy/d5e0/original/catalogo/FUT-HA1798W_FUT-HA1798W_1/2000-2000/hervidor-de-agua-futura-plus-fut-ha1798w-hervidor-de-agua-futura-plus-fut-ha1798w.jpg,4,,
dr-fut-ha1798w,,,,,,,,,,,,,,https://f.fcdn.app/imgs/53e0bf/www.diaril.com.uy/diaruy/d5e0/original/catalogo/FUT-HA1798W_FUT-HA1798W_1/100x100/hervidor-de-agua-futura-plus-fut-ha1798w-hervidor-de-agua-futura-plus-fut-ha1798w.jpg,5,,
dr-fut-ha1798w,,,,,,,,,,,,,,https://f.fcdn.app/imgs/39dba9/www.diaril.com.uy/diaruy/d5e0/original/catalogo/FUT-HA1798W_FUT-HA1798W_1/1000_1000/hervidor-de-agua-futura-plus-fut-ha1798w-hervidor-de-agua-futura-plus-fut-ha1798w.jpg,6,,
dr-fut-ha1798x,Hervidor de agua Futura Plus FUT-HA1798X Ac. Inox,<ul><li>• Potencia máxima: 2200 W para un hervido ultra rápido</li><li>• Cuerpo y acabados en Acero Inoxidable de alta calidad</li><li>• Base inalámbrica con giro de 360° para mayor comodidad</li><li>• Sistema de Triple Seguridad integrado</li><li>• Auto apagado: Desconexión automática al alcanzar el punto de ebullición</li><li>• Filtro anti-impurezas fabricado en acero inoxidable</li><li>• Interruptor de encendido (On/Off) con indicador luminoso</li><li>• Apertura de tapa a 90° para facilitar el llenado y la limpieza</li></ul>,Futura,Electro,"Jarras, Futura, stock-verificado",TRUE,Color,Hervidor de agua Futura Plus FUT-HA1798X Ac. Inox,FUT-HA1798X,2031.00,,10,deny,https://f.fcdn.app/imgs/dc6b38/www.diaril.com.uy/diaruy/fa39/original/catalogo/FUT-HA1798X_FUT-HA1798X_1/1000x1000/hervidor-de-agua-futura-plus-fut-ha1798x-ac-inox-hervidor-de-agua-futura-plus-fut-ha1798x-ac-inox.jpg,1,,
dr-fut-ha1798x,,,,,,,,,,,,,,https://f.fcdn.app/imgs/0b4959/www.diaril.com.uy/diaruy/fa39/original/catalogo/FUT-HA1798X_FUT-HA1798X_1/1500-1500/hervidor-de-agua-futura-plus-fut-ha1798x-ac-inox-hervidor-de-agua-futura-plus-fut-ha1798x-ac-inox.jpg,2,,
dr-fut-ha1798x,,,,,,,,,,,,,,https://f.fcdn.app/imgs/44505f/www.diaril.com.uy/diaruy/fa39/original/catalogo/FUT-HA1798X_FUT-HA1798X_1/1920-1200/hervidor-de-agua-futura-plus-fut-ha1798x-ac-inox-hervidor-de-agua-futura-plus-fut-ha1798x-ac-inox.jpg,3,,
dr-fut-ha1798x,,,,,,,,,,,,,,https://f.fcdn.app/imgs/0ccfe0/www.diaril.com.uy/diaruy/fa39/original/catalogo/FUT-HA1798X_FUT-HA1798X_1/2000-2000/hervidor-de-agua-futura-plus-fut-ha1798x-ac-inox-hervidor-de-agua-futura-plus-fut-ha1798x-ac-inox.jpg,4,,
dr-fut-ha1798x,,,,,,,,,,,,,,https://f.fcdn.app/imgs/43a28f/www.diaril.com.uy/diaruy/fa39/original/catalogo/FUT-HA1798X_FUT-HA1798X_1/100x100/hervidor-de-agua-futura-plus-fut-ha1798x-ac-inox-hervidor-de-agua-futura-plus-fut-ha1798x-ac-inox.jpg,5,,
dr-fut-ha1798x,,,,,,,,,,,,,,https://f.fcdn.app/imgs/2d2158/www.diaril.com.uy/diaruy/fa39/original/catalogo/FUT-HA1798X_FUT-HA1798X_1/1000_1000/hervidor-de-agua-futura-plus-fut-ha1798x-ac-inox-hervidor-de-agua-futura-plus-fut-ha1798x-ac-inox.jpg,6,,
dr-fut-he73tcm,Horno de empotrar Futura FUT-HE73TCM Mecánico,"<ul><li>• Capacidad XL: 73 Litros con sistema de CONVECCIÓN</li><li>• Horno Multifunción: Versatilidad para diferentes tipos de horneado</li><li>• Panel de control en Acero Inoxidable de diseño elegante</li><li>• Timer mecánico de alta precisión con señal sonora</li><li>• Resistencia superior e inferior para una cocción equilibrada</li><li>• Termostato ajustable para un control exacto de la temperatura</li><li>• Puerta de doble vidrio templado, extraíble para facilitar la limpieza</li><li>• Interior de cavidad esmaltada de alta resistencia con rejilla</li><li>• Accesorios incluidos: 1 Bandeja y 1 Parrilla</li><li>• Iluminación interior integrada de alta visibilidad</li><li>• Medidas exteriores: Alto 594.5 | Ancho 596 | Fondo 567.5 (mm)</li><li>• Medidas de encastre: Alto 600 | Ancho 600 | Fondo 600 (mm)</li></ul>",Futura,Electro,"Cocinas, Futura, stock-verificado",TRUE,Color,Horno de empotrar Futura FUT-HE73TCM Mecánico,FUT-HE73TCM,15295.00,,10,deny,https://f.fcdn.app/imgs/ed643e/www.diaril.com.uy/diaruy/de7d/original/catalogo/FUT-HE73TCM_FUT-HE73TCM_1/1000x1000/horno-de-empotrar-futura-fut-he73tcm-mecanico-horno-de-empotrar-futura-fut-he73tcm-mecanico.jpg,1,,
dr-fut-he73tcm,,,,,,,,,,,,,,https://f.fcdn.app/imgs/51474f/www.diaril.com.uy/diaruy/de7d/original/catalogo/FUT-HE73TCM_FUT-HE73TCM_1/1500-1500/horno-de-empotrar-futura-fut-he73tcm-mecanico-horno-de-empotrar-futura-fut-he73tcm-mecanico.jpg,2,,
dr-fut-he73tcm,,,,,,,,,,,,,,https://f.fcdn.app/imgs/d7437d/www.diaril.com.uy/diaruy/de7d/original/catalogo/FUT-HE73TCM_FUT-HE73TCM_1/1920-1200/horno-de-empotrar-futura-fut-he73tcm-mecanico-horno-de-empotrar-futura-fut-he73tcm-mecanico.jpg,3,,
dr-fut-he73tcm,,,,,,,,,,,,,,https://f.fcdn.app/imgs/afd8dd/www.diaril.com.uy/diaruy/de7d/original/catalogo/FUT-HE73TCM_FUT-HE73TCM_1/2000-2000/horno-de-empotrar-futura-fut-he73tcm-mecanico-horno-de-empotrar-futura-fut-he73tcm-mecanico.jpg,4,,
dr-fut-he73tcm,,,,,,,,,,,,,,https://f.fcdn.app/imgs/538ddd/www.diaril.com.uy/diaruy/de7d/original/catalogo/FUT-HE73TCM_FUT-HE73TCM_1/100x100/horno-de-empotrar-futura-fut-he73tcm-mecanico-horno-de-empotrar-futura-fut-he73tcm-mecanico.jpg,5,,
dr-fut-he73tcm,,,,,,,,,,,,,,https://f.fcdn.app/imgs/333326/www.diaril.com.uy/diaruy/de7d/original/catalogo/FUT-HE73TCM_FUT-HE73TCM_1/1000_1000/horno-de-empotrar-futura-fut-he73tcm-mecanico-horno-de-empotrar-futura-fut-he73tcm-mecanico.jpg,6,,
dr-fut-mw20mwb,Microondas Futura FUT-MW20MWB 20 L,<ul><li>• Capacidad: 20 Litros</li><li>• Potencia de cocción: 700 W</li><li>• 5 niveles de potencia ajustables</li><li>• Control mecánico intuitivo mediante perillas</li><li>• Función específica de descongelamiento</li><li>• Temporizador integrado</li><li>• Equipamiento: Plato giratorio y luz interior</li><li>• Color: Blanco clásico</li><li>• Dimensiones exteriores: 243 mm (Alto) x 446 mm (Ancho) x 336 mm (Profundidad)</li><li>• Dimensiones interiores: 202 mm (Alto) x 298 mm (Ancho) x 309 mm (Profundidad)</li></ul>,Futura,Electro,"Cocinas, Futura, stock-verificado",TRUE,Color,Microondas Futura FUT-MW20MWB 20 L,FUT-MW20MWB,3440.00,,10,deny,https://f.fcdn.app/imgs/cfc0f6/www.diaril.com.uy/diaruy/d044/original/catalogo/FUT-MW20MWB_FUT-MW20MWB_1/1000x1000/microondas-futura-fut-mw20mwb-20-l-microondas-futura-fut-mw20mwb-20-l.jpg,1,,
dr-fut-mw20mwb,,,,,,,,,,,,,,https://f.fcdn.app/imgs/6cc53b/www.diaril.com.uy/diaruy/d044/original/catalogo/FUT-MW20MWB_FUT-MW20MWB_1/1500-1500/microondas-futura-fut-mw20mwb-20-l-microondas-futura-fut-mw20mwb-20-l.jpg,2,,
dr-fut-mw20mwb,,,,,,,,,,,,,,https://f.fcdn.app/imgs/878ce8/www.diaril.com.uy/diaruy/d044/original/catalogo/FUT-MW20MWB_FUT-MW20MWB_1/1920-1200/microondas-futura-fut-mw20mwb-20-l-microondas-futura-fut-mw20mwb-20-l.jpg,3,,
dr-fut-mw20mwb,,,,,,,,,,,,,,https://f.fcdn.app/imgs/699c32/www.diaril.com.uy/diaruy/1d16/original/catalogo/FUT-MW20MWB_FUT-MW20MWB_2/1500-1500/microondas-futura-fut-mw20mwb-20-l-microondas-futura-fut-mw20mwb-20-l.jpg,4,,
dr-fut-mw20mwb,,,,,,,,,,,,,,https://f.fcdn.app/imgs/e03a2e/www.diaril.com.uy/diaruy/1d16/original/catalogo/FUT-MW20MWB_FUT-MW20MWB_2/1920-1200/microondas-futura-fut-mw20mwb-20-l-microondas-futura-fut-mw20mwb-20-l.jpg,5,,
dr-fut-mw20mwb,,,,,,,,,,,,,,https://f.fcdn.app/imgs/62e1e0/www.diaril.com.uy/diaruy/1d16/original/catalogo/FUT-MW20MWB_FUT-MW20MWB_2/1000x1000/microondas-futura-fut-mw20mwb-20-l-microondas-futura-fut-mw20mwb-20-l.jpg,6,,
dr-fut-mw20mwb,,,,,,,,,,,,,,https://f.fcdn.app/imgs/70248a/www.diaril.com.uy/diaruy/d044/original/catalogo/FUT-MW20MWB_FUT-MW20MWB_1/2000-2000/microondas-futura-fut-mw20mwb-20-l-microondas-futura-fut-mw20mwb-20-l.jpg,7,,
dr-fut-mw20mwb,,,,,,,,,,,,,,https://f.fcdn.app/imgs/e05b3f/www.diaril.com.uy/diaruy/d044/original/catalogo/FUT-MW20MWB_FUT-MW20MWB_1/100x100/microondas-futura-fut-mw20mwb-20-l-microondas-futura-fut-mw20mwb-20-l.jpg,8,,
dr-fut-rp294nf,Heladera Futura Panelable FUT-RP294NF Frio Seco 300 L,<ul><li>• Diseño de 1 puerta PANELABLE con sistema de instalación por correderas</li><li>• Capacidad neta total: 300 litros</li><li>• Apertura de puerta reversible para adaptación a cualquier diseño de cocina</li><li>• Clasificación de eficiencia energética: Clase A</li><li>• Sistema de refrigeración por aire con turboventilador (frío uniforme)</li><li>• Control electrónico de temperatura mediante botones táctiles</li><li>• Descongelación automática para un mantenimiento sin esfuerzo</li><li>• Iluminación interior LED de alta visibilidad y bajo consumo</li><li>• Estantes de cristal templado de alta resistencia</li><li>• Organización flexible: Estantes de puerta ajustables y soporte para vinos</li><li>• 2 cajones para vegetales con controlador de humedad</li><li>• Medidas de encastre: Ancho 54 cm | Profundidad 54.5 cm | Altura 177 cm</li></ul>,Futura,Electro,"Heladeras, Futura",TRUE,Color,Heladera Futura Panelable FUT-RP294NF Frio Seco 300 L,FUT-RP294NF,35647.00,,0,deny,https://f.fcdn.app/imgs/171fc6/www.diaril.com.uy/diaruy/6ade/original/catalogo/FUT-RP294NF_FUT-RP294NF_1/1000x1000/heladera-futura-panelable-fut-rp294nf-frio-seco-300-l-heladera-futura-panelable-fut-rp294nf-frio-seco-300-l.jpg,1,,
dr-fut-rp294nf,,,,,,,,,,,,,,https://f.fcdn.app/imgs/44aa4f/www.diaril.com.uy/diaruy/6ade/original/catalogo/FUT-RP294NF_FUT-RP294NF_1/1500-1500/heladera-futura-panelable-fut-rp294nf-frio-seco-300-l-heladera-futura-panelable-fut-rp294nf-frio-seco-300-l.jpg,2,,
dr-fut-rp294nf,,,,,,,,,,,,,,https://f.fcdn.app/imgs/aeda6d/www.diaril.com.uy/diaruy/6ade/original/catalogo/FUT-RP294NF_FUT-RP294NF_1/1920-1200/heladera-futura-panelable-fut-rp294nf-frio-seco-300-l-heladera-futura-panelable-fut-rp294nf-frio-seco-300-l.jpg,3,,
dr-fut-rp294nf,,,,,,,,,,,,,,https://f.fcdn.app/imgs/7ccca7/www.diaril.com.uy/diaruy/6cc2/original/catalogo/FUT-RP294NF_FUT-RP294NF_2/1500-1500/heladera-futura-panelable-fut-rp294nf-frio-seco-300-l-heladera-futura-panelable-fut-rp294nf-frio-seco-300-l.jpg,4,,
dr-fut-rp294nf,,,,,,,,,,,,,,https://f.fcdn.app/imgs/d6fe30/www.diaril.com.uy/diaruy/6cc2/original/catalogo/FUT-RP294NF_FUT-RP294NF_2/1920-1200/heladera-futura-panelable-fut-rp294nf-frio-seco-300-l-heladera-futura-panelable-fut-rp294nf-frio-seco-300-l.jpg,5,,
dr-fut-rp294nf,,,,,,,,,,,,,,https://f.fcdn.app/imgs/79676a/www.diaril.com.uy/diaruy/6cc2/original/catalogo/FUT-RP294NF_FUT-RP294NF_2/1000x1000/heladera-futura-panelable-fut-rp294nf-frio-seco-300-l-heladera-futura-panelable-fut-rp294nf-frio-seco-300-l.jpg,6,,
dr-fut-rp294nf,,,,,,,,,,,,,,https://f.fcdn.app/imgs/072727/www.diaril.com.uy/diaruy/f338/original/catalogo/FUT-RP294NF_FUT-RP294NF_3/1500-1500/heladera-futura-panelable-fut-rp294nf-frio-seco-300-l-heladera-futura-panelable-fut-rp294nf-frio-seco-300-l.jpg,7,,
dr-fut-rp294nf,,,,,,,,,,,,,,https://f.fcdn.app/imgs/66feeb/www.diaril.com.uy/diaruy/f338/original/catalogo/FUT-RP294NF_FUT-RP294NF_3/1920-1200/heladera-futura-panelable-fut-rp294nf-frio-seco-300-l-heladera-futura-panelable-fut-rp294nf-frio-seco-300-l.jpg,8,,
dr-fut-ti50-us,Ventilador turbo industrial Futura FUT-TI50-US,<ul><li>• Potencia: 110 W de alta eficiencia</li><li>• Diámetro: 50 cm (20 pulgadas)</li><li>• Construcción robusta: Totalmente metálico</li><li>• Motor de alto rendimiento fabricado íntegramente en cobre</li><li>• 3 aspas metálicas diseñadas para gran flujo de aire</li><li>• 3 niveles de velocidad ajustables</li><li>• Ángulo de inclinación ajustable para dirigir el aire</li><li>• Rejilla protectora metálica de alta seguridad</li><li>• Color: Negro mate</li></ul>,Futura,Electro,"Climatización, Futura, stock-verificado",TRUE,Color,Ventilador turbo industrial Futura FUT-TI50-US,FUT-TI50-US,3109.00,,10,deny,https://f.fcdn.app/imgs/acf20d/www.diaril.com.uy/diaruy/0b66/original/catalogo/FUT-TI50-US_FUT-TI50-US_1/1000x1000/ventilador-turbo-industrial-futura-fut-ti50-us-ventilador-turbo-industrial-futura-fut-ti50-us.jpg,1,,
dr-fut-ti50-us,,,,,,,,,,,,,,https://f.fcdn.app/imgs/5c7680/www.diaril.com.uy/diaruy/0b66/original/catalogo/FUT-TI50-US_FUT-TI50-US_1/1500-1500/ventilador-turbo-industrial-futura-fut-ti50-us-ventilador-turbo-industrial-futura-fut-ti50-us.jpg,2,,
dr-fut-ti50-us,,,,,,,,,,,,,,https://f.fcdn.app/imgs/98a2d7/www.diaril.com.uy/diaruy/0b66/original/catalogo/FUT-TI50-US_FUT-TI50-US_1/1920-1200/ventilador-turbo-industrial-futura-fut-ti50-us-ventilador-turbo-industrial-futura-fut-ti50-us.jpg,3,,
dr-fut-ti50-us,,,,,,,,,,,,,,https://f.fcdn.app/imgs/7095c7/www.diaril.com.uy/diaruy/0b66/original/catalogo/FUT-TI50-US_FUT-TI50-US_1/2000-2000/ventilador-turbo-industrial-futura-fut-ti50-us-ventilador-turbo-industrial-futura-fut-ti50-us.jpg,4,,
dr-fut-ti50-us,,,,,,,,,,,,,,https://f.fcdn.app/imgs/88291a/www.diaril.com.uy/diaruy/0b66/original/catalogo/FUT-TI50-US_FUT-TI50-US_1/100x100/ventilador-turbo-industrial-futura-fut-ti50-us-ventilador-turbo-industrial-futura-fut-ti50-us.jpg,5,,
dr-fut-ti50-us,,,,,,,,,,,,,,https://f.fcdn.app/imgs/76cc3b/www.diaril.com.uy/diaruy/0b66/original/catalogo/FUT-TI50-US_FUT-TI50-US_1/1000_1000/ventilador-turbo-industrial-futura-fut-ti50-us-ventilador-turbo-industrial-futura-fut-ti50-us.jpg,6,,
dr-fut-tv35-us,Ventilador Turbo Futura FUT-TV35-US,<ul><li>• Diámetro: 35 cm</li><li>• Potencia: 40 W de bajo consumo</li><li>• Sistema de 5 aspas para un flujo de aire más suave y constante</li><li>• Pantalla giratoria (difusora) y orientable</li><li>• Temporizador (Timer) programable hasta 1 hora</li><li>• 3 niveles de velocidad ajustables</li><li>• Diseño compacto en color blanco y gris</li></ul>,Futura,Electro,"Climatización, Futura, stock-verificado",TRUE,Color,Ventilador Turbo Futura FUT-TV35-US,FUT-TV35-US,1368.00,,10,deny,https://f.fcdn.app/imgs/f130ff/www.diaril.com.uy/diaruy/8ae6/original/catalogo/FUT-TV35-US_FUT-TV35-US_1/1000x1000/ventilador-turbo-futura-fut-tv35-us-ventilador-turbo-futura-fut-tv35-us.jpg,1,,
dr-fut-tv35-us,,,,,,,,,,,,,,https://f.fcdn.app/imgs/a9f44f/www.diaril.com.uy/diaruy/8ae6/original/catalogo/FUT-TV35-US_FUT-TV35-US_1/1500-1500/ventilador-turbo-futura-fut-tv35-us-ventilador-turbo-futura-fut-tv35-us.jpg,2,,
dr-fut-tv35-us,,,,,,,,,,,,,,https://f.fcdn.app/imgs/2b8ad8/www.diaril.com.uy/diaruy/8ae6/original/catalogo/FUT-TV35-US_FUT-TV35-US_1/1920-1200/ventilador-turbo-futura-fut-tv35-us-ventilador-turbo-futura-fut-tv35-us.jpg,3,,
dr-fut-tv35-us,,,,,,,,,,,,,,https://f.fcdn.app/imgs/53f438/www.diaril.com.uy/diaruy/8ae6/original/catalogo/FUT-TV35-US_FUT-TV35-US_1/2000-2000/ventilador-turbo-futura-fut-tv35-us-ventilador-turbo-futura-fut-tv35-us.jpg,4,,
dr-fut-tv35-us,,,,,,,,,,,,,,https://f.fcdn.app/imgs/9ae981/www.diaril.com.uy/diaruy/8ae6/original/catalogo/FUT-TV35-US_FUT-TV35-US_1/100x100/ventilador-turbo-futura-fut-tv35-us-ventilador-turbo-futura-fut-tv35-us.jpg,5,,
dr-fut-tv35-us,,,,,,,,,,,,,,https://f.fcdn.app/imgs/99570d/www.diaril.com.uy/diaruy/8ae6/original/catalogo/FUT-TV35-US_FUT-TV35-US_1/1000_1000/ventilador-turbo-futura-fut-tv35-us-ventilador-turbo-futura-fut-tv35-us.jpg,6,,
dr-fut-vw40-us,Ventilador de Pared Futura FUT-VW40-US,<ul><li>• Diámetro: 40 cm (16 pulgadas)</li><li>• Potencia: 40 W de bajo consumo</li><li>• Sistema de 3 aspas de alto flujo</li><li>• Cabezal oscilante con cobertura de 180°</li><li>• 3 niveles de velocidad ajustables</li><li>• Rejilla protectora metálica de seguridad</li><li>• Color: Blanco y gris</li></ul>,Futura,Electro,"Climatización, Futura, stock-verificado",TRUE,Color,Ventilador de Pared Futura FUT-VW40-US,FUT-VW40-US,1451.00,,10,deny,https://f.fcdn.app/imgs/b5b0a5/www.diaril.com.uy/diaruy/d117/original/catalogo/FUT-VW40-US_FUT-VW40-US_1/1000x1000/ventilador-de-pared-futura-fut-vw40-us-ventilador-de-pared-futura-fut-vw40-us.jpg,1,,
dr-fut-vw40-us,,,,,,,,,,,,,,https://f.fcdn.app/imgs/5d0978/www.diaril.com.uy/diaruy/d117/original/catalogo/FUT-VW40-US_FUT-VW40-US_1/1500-1500/ventilador-de-pared-futura-fut-vw40-us-ventilador-de-pared-futura-fut-vw40-us.jpg,2,,
dr-fut-vw40-us,,,,,,,,,,,,,,https://f.fcdn.app/imgs/52181b/www.diaril.com.uy/diaruy/d117/original/catalogo/FUT-VW40-US_FUT-VW40-US_1/1920-1200/ventilador-de-pared-futura-fut-vw40-us-ventilador-de-pared-futura-fut-vw40-us.jpg,3,,
dr-fut-vw40-us,,,,,,,,,,,,,,https://f.fcdn.app/imgs/11b6c4/www.diaril.com.uy/diaruy/d117/original/catalogo/FUT-VW40-US_FUT-VW40-US_1/2000-2000/ventilador-de-pared-futura-fut-vw40-us-ventilador-de-pared-futura-fut-vw40-us.jpg,4,,
dr-fut-vw40-us,,,,,,,,,,,,,,https://f.fcdn.app/imgs/fe0d28/www.diaril.com.uy/diaruy/d117/original/catalogo/FUT-VW40-US_FUT-VW40-US_1/100x100/ventilador-de-pared-futura-fut-vw40-us-ventilador-de-pared-futura-fut-vw40-us.jpg,5,,
dr-fut-vw40-us,,,,,,,,,,,,,,https://f.fcdn.app/imgs/4499b1/www.diaril.com.uy/diaruy/d117/original/catalogo/FUT-VW40-US_FUT-VW40-US_1/1000_1000/ventilador-de-pared-futura-fut-vw40-us-ventilador-de-pared-futura-fut-vw40-us.jpg,6,,
dr-rockcrystal,Licuadora Ufesa Rock Crystal,"<ul><li>• Potencia Profesional: 1800W para un licuado ultra eficiente</li><li>• Jarra de Cristal Graduada de 1.75L: Resistente y de gran capacidad</li><li>• Sistema de 6 Cuchillas de Acero Inoxidable: Especiales para picar hielo</li><li>• 4 Programas Automáticos: Batido, Exprimir, Pica-hielo y Auto-limpieza</li><li>• Control Electrónico de Velocidad con Pantalla Digital integrada</li><li>• Tapa Hermética con apertura para alimentos y asa de fácil extracción</li><li>• Máxima Seguridad: Sistema de bloqueo para un funcionamiento sin riesgos</li><li>• Diseño Robusto: Materiales de alta calidad para uso intensivo</li></ul>",Ufesa,Electro,"Licuadoras, Ufesa, stock-verificado",TRUE,Color,Licuadora Ufesa Rock Crystal,ROCK CRYSTAL,6591.00,,10,deny,https://f.fcdn.app/imgs/98d294/www.diaril.com.uy/diaruy/062d/original/catalogo/ROCKCRYSTAL_ROCKCRYSTAL_1/1000x1000/licuadora-ufesa-rock-crystal-licuadora-ufesa-rock-crystal.jpg,1,,
dr-rockcrystal,,,,,,,,,,,,,,https://f.fcdn.app/imgs/f74822/www.diaril.com.uy/diaruy/062d/original/catalogo/ROCKCRYSTAL_ROCKCRYSTAL_1/1500-1500/licuadora-ufesa-rock-crystal-licuadora-ufesa-rock-crystal.jpg,2,,
dr-rockcrystal,,,,,,,,,,,,,,https://f.fcdn.app/imgs/420331/www.diaril.com.uy/diaruy/062d/original/catalogo/ROCKCRYSTAL_ROCKCRYSTAL_1/1920-1200/licuadora-ufesa-rock-crystal-licuadora-ufesa-rock-crystal.jpg,3,,
dr-rockcrystal,,,,,,,,,,,,,,https://f.fcdn.app/imgs/46922e/www.diaril.com.uy/diaruy/a79c/original/catalogo/ROCKCRYSTAL_ROCKCRYSTAL_2/1500-1500/licuadora-ufesa-rock-crystal-licuadora-ufesa-rock-crystal.jpg,4,,
dr-rockcrystal,,,,,,,,,,,,,,https://f.fcdn.app/imgs/bf7f47/www.diaril.com.uy/diaruy/a79c/original/catalogo/ROCKCRYSTAL_ROCKCRYSTAL_2/1920-1200/licuadora-ufesa-rock-crystal-licuadora-ufesa-rock-crystal.jpg,5,,
dr-rockcrystal,,,,,,,,,,,,,,https://f.fcdn.app/imgs/21ff02/www.diaril.com.uy/diaruy/a79c/original/catalogo/ROCKCRYSTAL_ROCKCRYSTAL_2/1000x1000/licuadora-ufesa-rock-crystal-licuadora-ufesa-rock-crystal.jpg,6,,
dr-rockcrystal,,,,,,,,,,,,,,https://f.fcdn.app/imgs/2cce90/www.diaril.com.uy/diaruy/c5c2/original/catalogo/ROCKCRYSTAL_ROCKCRYSTAL_3/1500-1500/licuadora-ufesa-rock-crystal-licuadora-ufesa-rock-crystal.jpg,7,,
dr-rockcrystal,,,,,,,,,,,,,,https://f.fcdn.app/imgs/758031/www.diaril.com.uy/diaruy/c5c2/original/catalogo/ROCKCRYSTAL_ROCKCRYSTAL_3/1920-1200/licuadora-ufesa-rock-crystal-licuadora-ufesa-rock-crystal.jpg,8,,
dr-si-cc90ev-m,Cocina Combinada SIAM SI-CC90EV-M Mega,Cocina Combinada SIAM SI-CC90EV-M Mega,Siam,Electro,"Cocinas, Siam, stock-verificado",TRUE,Color,Cocina Combinada SIAM SI-CC90EV-M Mega,SI-CC90EV-M,41036.00,,10,deny,https://f.fcdn.app/imgs/493c08/www.diaril.com.uy/diaruy/000d/original/catalogo/SI-CC90EV-M_SI-CC90EV-M_1/1000x1000/cocina-combinada-siam-si-cc90ev-m-mega-cocina-combinada-siam-si-cc90ev-m-mega.jpg,1,,
dr-si-cc90ev-m,,,,,,,,,,,,,,https://f.fcdn.app/imgs/da38cb/www.diaril.com.uy/diaruy/000d/original/catalogo/SI-CC90EV-M_SI-CC90EV-M_1/1500-1500/cocina-combinada-siam-si-cc90ev-m-mega-cocina-combinada-siam-si-cc90ev-m-mega.jpg,2,,
dr-si-cc90ev-m,,,,,,,,,,,,,,https://f.fcdn.app/imgs/e75114/www.diaril.com.uy/diaruy/000d/original/catalogo/SI-CC90EV-M_SI-CC90EV-M_1/1920-1200/cocina-combinada-siam-si-cc90ev-m-mega-cocina-combinada-siam-si-cc90ev-m-mega.jpg,3,,
dr-si-cc90ev-m,,,,,,,,,,,,,,https://f.fcdn.app/imgs/00b6e9/www.diaril.com.uy/diaruy/d592/original/catalogo/SI-CC90EV-M_SI-CC90EV-M_2/1500-1500/cocina-combinada-siam-si-cc90ev-m-mega-cocina-combinada-siam-si-cc90ev-m-mega.jpg,4,,
dr-si-cc90ev-m,,,,,,,,,,,,,,https://f.fcdn.app/imgs/802cc9/www.diaril.com.uy/diaruy/d592/original/catalogo/SI-CC90EV-M_SI-CC90EV-M_2/1920-1200/cocina-combinada-siam-si-cc90ev-m-mega-cocina-combinada-siam-si-cc90ev-m-mega.jpg,5,,
dr-si-cc90ev-m,,,,,,,,,,,,,,https://f.fcdn.app/imgs/26d920/www.diaril.com.uy/diaruy/d592/original/catalogo/SI-CC90EV-M_SI-CC90EV-M_2/1000x1000/cocina-combinada-siam-si-cc90ev-m-mega-cocina-combinada-siam-si-cc90ev-m-mega.jpg,6,,
dr-si-cc90ev-m,,,,,,,,,,,,,,https://f.fcdn.app/imgs/beab0f/www.diaril.com.uy/diaruy/4be4/original/catalogo/SI-CC90EV-M_SI-CC90EV-M_3/1500-1500/cocina-combinada-siam-si-cc90ev-m-mega-cocina-combinada-siam-si-cc90ev-m-mega.jpg,7,,
dr-si-cc90ev-m,,,,,,,,,,,,,,https://f.fcdn.app/imgs/ec7068/www.diaril.com.uy/diaruy/4be4/original/catalogo/SI-CC90EV-M_SI-CC90EV-M_3/1920-1200/cocina-combinada-siam-si-cc90ev-m-mega-cocina-combinada-siam-si-cc90ev-m-mega.jpg,8,,
dr-bcsmartscale,Balanza de cocina Ufesa SmartScale,Balanza de cocina Ufesa SmartScale,Ufesa,Electro,"Otros, Ufesa, stock-verificado",TRUE,Color,Balanza de cocina Ufesa SmartScale,BC SMARTSCALE,1907.00,,10,deny,https://f.fcdn.app/imgs/575a1a/www.diaril.com.uy/diaruy/a1bc/original/catalogo/BCSMARTSCALE_BCSMARTSCALE_1/1000x1000/balanza-de-cocina-ufesa-smartscale-balanza-de-cocina-ufesa-smartscale.jpg,1,,
dr-bcsmartscale,,,,,,,,,,,,,,https://f.fcdn.app/imgs/8a49d0/www.diaril.com.uy/diaruy/a1bc/original/catalogo/BCSMARTSCALE_BCSMARTSCALE_1/1500-1500/balanza-de-cocina-ufesa-smartscale-balanza-de-cocina-ufesa-smartscale.jpg,2,,
dr-bcsmartscale,,,,,,,,,,,,,,https://f.fcdn.app/imgs/2d170c/www.diaril.com.uy/diaruy/a1bc/original/catalogo/BCSMARTSCALE_BCSMARTSCALE_1/1920-1200/balanza-de-cocina-ufesa-smartscale-balanza-de-cocina-ufesa-smartscale.jpg,3,,
dr-bcsmartscale,,,,,,,,,,,,,,https://f.fcdn.app/imgs/30bcb2/www.diaril.com.uy/diaruy/f0d2/original/catalogo/BCSMARTSCALE_BCSMARTSCALE_2/1500-1500/balanza-de-cocina-ufesa-smartscale-balanza-de-cocina-ufesa-smartscale.jpg,4,,
dr-bcsmartscale,,,,,,,,,,,,,,https://f.fcdn.app/imgs/1b294d/www.diaril.com.uy/diaruy/f0d2/original/catalogo/BCSMARTSCALE_BCSMARTSCALE_2/1920-1200/balanza-de-cocina-ufesa-smartscale-balanza-de-cocina-ufesa-smartscale.jpg,5,,
dr-bcsmartscale,,,,,,,,,,,,,,https://f.fcdn.app/imgs/eb88cd/www.diaril.com.uy/diaruy/f0d2/original/catalogo/BCSMARTSCALE_BCSMARTSCALE_2/1000x1000/balanza-de-cocina-ufesa-smartscale-balanza-de-cocina-ufesa-smartscale.jpg,6,,
dr-bcsmartscale,,,,,,,,,,,,,,https://f.fcdn.app/imgs/f74c46/www.diaril.com.uy/diaruy/d4fc/original/catalogo/BCSMARTSCALE_BCSMARTSCALE_3/1500-1500/balanza-de-cocina-ufesa-smartscale-balanza-de-cocina-ufesa-smartscale.jpg,7,,
dr-bcsmartscale,,,,,,,,,,,,,,https://f.fcdn.app/imgs/a917a8/www.diaril.com.uy/diaruy/d4fc/original/catalogo/BCSMARTSCALE_BCSMARTSCALE_3/1920-1200/balanza-de-cocina-ufesa-smartscale-balanza-de-cocina-ufesa-smartscale.jpg,8,,
dr-fut-1613r-us,Ventilador de pie Futura FUT-1613R-US 40 cm,<ul><li>• Diámetro: 40 cm (16 pulgadas) para un flujo de aire equilibrado</li><li>• Potencia: 40 W de bajo consumo y alta eficiencia</li><li>• Base Redonda de gran estabilidad: Evita vibraciones y desplazamientos</li><li>• Altura ajustable hasta 150 cm: Mayor alcance que los modelos estándar</li><li>• Cabezal Oscilante 180° con inclinación ajustable para cobertura total</li><li>• 3 Velocidades regulables para personalizar el nivel de frescura</li><li>• 3 Aspas de alto rendimiento diseñadas para un flujo constante</li><li>• Rejilla protectora metálica de alta seguridad</li></ul>,Futura,Electro,"Climatización, Futura, stock-verificado",TRUE,Color,Ventilador de pie Futura FUT-1613R-US 40 cm,FUT-1613R-US,1451.00,,10,deny,https://f.fcdn.app/imgs/22b848/www.diaril.com.uy/diaruy/cf14/original/catalogo/FUT-1613R-US_FUT-1613R-US_1/1000x1000/ventilador-de-pie-futura-fut-1613r-us-40-cm-ventilador-de-pie-futura-fut-1613r-us-40-cm.jpg,1,,
dr-fut-1613r-us,,,,,,,,,,,,,,https://f.fcdn.app/imgs/97b524/www.diaril.com.uy/diaruy/cf14/original/catalogo/FUT-1613R-US_FUT-1613R-US_1/1500-1500/ventilador-de-pie-futura-fut-1613r-us-40-cm-ventilador-de-pie-futura-fut-1613r-us-40-cm.jpg,2,,
dr-fut-1613r-us,,,,,,,,,,,,,,https://f.fcdn.app/imgs/149f30/www.diaril.com.uy/diaruy/cf14/original/catalogo/FUT-1613R-US_FUT-1613R-US_1/1920-1200/ventilador-de-pie-futura-fut-1613r-us-40-cm-ventilador-de-pie-futura-fut-1613r-us-40-cm.jpg,3,,
dr-fut-1613r-us,,,,,,,,,,,,,,https://f.fcdn.app/imgs/294295/www.diaril.com.uy/diaruy/cf14/original/catalogo/FUT-1613R-US_FUT-1613R-US_1/2000-2000/ventilador-de-pie-futura-fut-1613r-us-40-cm-ventilador-de-pie-futura-fut-1613r-us-40-cm.jpg,4,,
dr-fut-1613r-us,,,,,,,,,,,,,,https://f.fcdn.app/imgs/ad97e3/www.diaril.com.uy/diaruy/cf14/original/catalogo/FUT-1613R-US_FUT-1613R-US_1/100x100/ventilador-de-pie-futura-fut-1613r-us-40-cm-ventilador-de-pie-futura-fut-1613r-us-40-cm.jpg,5,,
dr-fut-1613r-us,,,,,,,,,,,,,,https://f.fcdn.app/imgs/e8f097/www.diaril.com.uy/diaruy/cf14/original/catalogo/FUT-1613R-US_FUT-1613R-US_1/1000_1000/ventilador-de-pie-futura-fut-1613r-us-40-cm-ventilador-de-pie-futura-fut-1613r-us-40-cm.jpg,6,,
dr-fut-350nfd-x,Heladera Futura FUT-350NFD-X Frio Seco 354 L,<ul><li>• Capacidad Neta Total: 354 Litros (Refrigerador 277L / Freezer 77L)</li><li>• Eficiencia Energética Clase A: Consumo optimizado y sustentable</li><li>• Dispensador de agua integrado: Hidratación fresca sin abrir la puerta</li><li>• Acabado Premium en Acero Inoxidable con puertas reversibles</li><li>• Fabricadora de hielo incorporada en el congelador</li><li>• Control Electrónico de temperatura para una conservación precisa</li><li>• Estantes de Vidrio Templado Antiderrame de alta resistencia</li><li>• Iluminación interior LED: Máxima visibilidad con mínimo consumo</li><li>• Cajones transparentes para frutas y verduras con control de humedad</li><li>• Medidas: Ancho 60 cm | Profundidad 67 cm | Alto 170 cm</li></ul>,Futura,Electro,"Heladeras, Futura, stock-verificado",TRUE,Color,Heladera Futura FUT-350NFD-X Frio Seco 354 L,FUT-350NFD-X,31046.00,,10,deny,https://f.fcdn.app/imgs/a2e148/www.diaril.com.uy/diaruy/718c/original/catalogo/FUT-350NFD-X_FUT-350NFD-X_1/1000x1000/heladera-futura-fut-350nfd-x-frio-seco-354-l-heladera-futura-fut-350nfd-x-frio-seco-354-l.jpg,1,,
dr-fut-350nfd-x,,,,,,,,,,,,,,https://f.fcdn.app/imgs/5c970e/www.diaril.com.uy/diaruy/718c/original/catalogo/FUT-350NFD-X_FUT-350NFD-X_1/1500-1500/heladera-futura-fut-350nfd-x-frio-seco-354-l-heladera-futura-fut-350nfd-x-frio-seco-354-l.jpg,2,,
dr-fut-350nfd-x,,,,,,,,,,,,,,https://f.fcdn.app/imgs/6796c8/www.diaril.com.uy/diaruy/718c/original/catalogo/FUT-350NFD-X_FUT-350NFD-X_1/1920-1200/heladera-futura-fut-350nfd-x-frio-seco-354-l-heladera-futura-fut-350nfd-x-frio-seco-354-l.jpg,3,,
dr-fut-350nfd-x,,,,,,,,,,,,,,https://f.fcdn.app/imgs/d9ed04/www.diaril.com.uy/diaruy/3e87/original/catalogo/FUT-350NFD-X_FUT-350NFD-X_2/1500-1500/heladera-futura-fut-350nfd-x-frio-seco-354-l-heladera-futura-fut-350nfd-x-frio-seco-354-l.jpg,4,,
dr-fut-350nfd-x,,,,,,,,,,,,,,https://f.fcdn.app/imgs/6880ee/www.diaril.com.uy/diaruy/3e87/original/catalogo/FUT-350NFD-X_FUT-350NFD-X_2/1920-1200/heladera-futura-fut-350nfd-x-frio-seco-354-l-heladera-futura-fut-350nfd-x-frio-seco-354-l.jpg,5,,
dr-fut-350nfd-x,,,,,,,,,,,,,,https://f.fcdn.app/imgs/6dd841/www.diaril.com.uy/diaruy/3e87/original/catalogo/FUT-350NFD-X_FUT-350NFD-X_2/1000x1000/heladera-futura-fut-350nfd-x-frio-seco-354-l-heladera-futura-fut-350nfd-x-frio-seco-354-l.jpg,6,,
dr-fut-350nfd-x,,,,,,,,,,,,,,https://f.fcdn.app/imgs/d0ebd0/www.diaril.com.uy/diaruy/561e/original/catalogo/FUT-350NFD-X_FUT-350NFD-X_3/1500-1500/heladera-futura-fut-350nfd-x-frio-seco-354-l-heladera-futura-fut-350nfd-x-frio-seco-354-l.jpg,7,,
dr-fut-350nfd-x,,,,,,,,,,,,,,https://f.fcdn.app/imgs/1823e6/www.diaril.com.uy/diaruy/561e/original/catalogo/FUT-350NFD-X_FUT-350NFD-X_3/1920-1200/heladera-futura-fut-350nfd-x-frio-seco-354-l-heladera-futura-fut-350nfd-x-frio-seco-354-l.jpg,8,,
dr-fut-450nfd-x,Heladera Futura FUT-450NFD-X Frío Seco 417 L,<ul><li>• Capacidad Neta Total: 448 Litros (Ideal para familias exigentes)</li><li>• Eficiencia Energética Clase A: Bajo consumo y alto rendimiento</li><li>• Dispensador de agua integrado para hidratación inmediata</li><li>• Acabado Premium en Acero Inoxidable con puertas reversibles</li><li>• Tecnología de Control Electrónico para una temperatura precisa</li><li>• Refrigerador de 353 L: 2 estantes de vidrio templado antiderrame y cajones transparentes</li><li>• Freezer Superior de 95 L con estante de vidrio templado</li><li>• Iluminación interior LED: Mayor visibilidad y ahorro de energía</li><li>• Puertas con estantes transparentes para una organización óptima</li><li>• Medidas: Ancho 70 cm | Profundidad 68 cm | Alto 178 cm</li></ul>,Futura,Electro,"Heladeras, Futura, stock-verificado",TRUE,Color,Heladera Futura FUT-450NFD-X Frío Seco 417 L,FUT-450NFD-X,33119.00,,10,deny,https://f.fcdn.app/imgs/3aecf5/www.diaril.com.uy/diaruy/ef87/original/catalogo/FUT-450NFD-X_FUT-450NFD-X_1/1000x1000/heladera-futura-fut-450nfd-x-frio-seco-417-l-heladera-futura-fut-450nfd-x-frio-seco-417-l.jpg,1,,
dr-fut-450nfd-x,,,,,,,,,,,,,,https://f.fcdn.app/imgs/99740f/www.diaril.com.uy/diaruy/ef87/original/catalogo/FUT-450NFD-X_FUT-450NFD-X_1/1500-1500/heladera-futura-fut-450nfd-x-frio-seco-417-l-heladera-futura-fut-450nfd-x-frio-seco-417-l.jpg,2,,
dr-fut-450nfd-x,,,,,,,,,,,,,,https://f.fcdn.app/imgs/15b715/www.diaril.com.uy/diaruy/ef87/original/catalogo/FUT-450NFD-X_FUT-450NFD-X_1/1920-1200/heladera-futura-fut-450nfd-x-frio-seco-417-l-heladera-futura-fut-450nfd-x-frio-seco-417-l.jpg,3,,
dr-fut-450nfd-x,,,,,,,,,,,,,,https://f.fcdn.app/imgs/a70fc1/www.diaril.com.uy/diaruy/b4df/original/catalogo/FUT-450NFD-X_FUT-450NFD-X_2/1500-1500/heladera-futura-fut-450nfd-x-frio-seco-417-l-heladera-futura-fut-450nfd-x-frio-seco-417-l.jpg,4,,
dr-fut-450nfd-x,,,,,,,,,,,,,,https://f.fcdn.app/imgs/446eb7/www.diaril.com.uy/diaruy/b4df/original/catalogo/FUT-450NFD-X_FUT-450NFD-X_2/1920-1200/heladera-futura-fut-450nfd-x-frio-seco-417-l-heladera-futura-fut-450nfd-x-frio-seco-417-l.jpg,5,,
dr-fut-450nfd-x,,,,,,,,,,,,,,https://f.fcdn.app/imgs/b05592/www.diaril.com.uy/diaruy/b4df/original/catalogo/FUT-450NFD-X_FUT-450NFD-X_2/1000x1000/heladera-futura-fut-450nfd-x-frio-seco-417-l-heladera-futura-fut-450nfd-x-frio-seco-417-l.jpg,6,,
dr-fut-450nfd-x,,,,,,,,,,,,,,https://f.fcdn.app/imgs/97441b/www.diaril.com.uy/diaruy/d31b/original/catalogo/FUT-450NFD-X_FUT-450NFD-X_3/1500-1500/heladera-futura-fut-450nfd-x-frio-seco-417-l-heladera-futura-fut-450nfd-x-frio-seco-417-l.jpg,7,,
dr-fut-450nfd-x,,,,,,,,,,,,,,https://f.fcdn.app/imgs/3c5312/www.diaril.com.uy/diaruy/d31b/original/catalogo/FUT-450NFD-X_FUT-450NFD-X_3/1920-1200/heladera-futura-fut-450nfd-x-frio-seco-417-l-heladera-futura-fut-450nfd-x-frio-seco-417-l.jpg,8,,
dr-fut-60-cm31b,Cocina combinada Futura Plus FUT-60-CM31B Valencia,"<ul><li>• Calidad Premium: Producto de fabricación europea</li><li>• Sistema Mixto: 3 Quemadores a gas + 1 Disco eléctrico ultra rápido</li><li>• Horno de gran capacidad (65 L) con sistema de Convección</li><li>• Grill Eléctrico integrado para dorados y gratinados perfectos</li><li>• Eficiencia Energética Clase A: Alto rendimiento con bajo consumo</li><li>• Seguridad Total: Válvula de seguridad (termocupla) en cada quemador</li><li>• Encendido electrónico integrado para una mayor comodidad</li><li>• Mesada esmaltada blanca de fácil limpieza con tapa de vidrio protectora</li><li>• Timer mecánico con alerta sonora de finalización</li><li>• Puerta con doble vidrio y visor total para control térmico</li><li>• Equipamiento completo: Bandeja esmaltada, rejilla cromada y luz interior</li><li>• Medidas estándar: 60 x 60 x 85 cm con patas ajustables</li></ul>",Futura,Electro,"Cocinas, Futura, stock-verificado",TRUE,Color,Cocina combinada Futura Plus FUT-60-CM31B Valencia,FUT-60-CM31B,20310.00,,10,deny,https://f.fcdn.app/imgs/d074bf/www.diaril.com.uy/diaruy/a218/original/catalogo/FUT-60-CM31B_FUT-60-CM31B_1/1000x1000/cocina-combinada-futura-plus-fut-60-cm31b-valencia-cocina-combinada-futura-plus-fut-60-cm31b-valencia.jpg,1,,
dr-fut-60-cm31b,,,,,,,,,,,,,,https://f.fcdn.app/imgs/b17058/www.diaril.com.uy/diaruy/a218/original/catalogo/FUT-60-CM31B_FUT-60-CM31B_1/1500-1500/cocina-combinada-futura-plus-fut-60-cm31b-valencia-cocina-combinada-futura-plus-fut-60-cm31b-valencia.jpg,2,,
dr-fut-60-cm31b,,,,,,,,,,,,,,https://f.fcdn.app/imgs/38def0/www.diaril.com.uy/diaruy/a218/original/catalogo/FUT-60-CM31B_FUT-60-CM31B_1/1920-1200/cocina-combinada-futura-plus-fut-60-cm31b-valencia-cocina-combinada-futura-plus-fut-60-cm31b-valencia.jpg,3,,
dr-fut-60-cm31b,,,,,,,,,,,,,,https://f.fcdn.app/imgs/1dc38f/www.diaril.com.uy/diaruy/a218/original/catalogo/FUT-60-CM31B_FUT-60-CM31B_1/2000-2000/cocina-combinada-futura-plus-fut-60-cm31b-valencia-cocina-combinada-futura-plus-fut-60-cm31b-valencia.jpg,4,,
dr-fut-60-cm31b,,,,,,,,,,,,,,https://f.fcdn.app/imgs/08ea6b/www.diaril.com.uy/diaruy/a218/original/catalogo/FUT-60-CM31B_FUT-60-CM31B_1/100x100/cocina-combinada-futura-plus-fut-60-cm31b-valencia-cocina-combinada-futura-plus-fut-60-cm31b-valencia.jpg,5,,
dr-fut-60-cm31b,,,,,,,,,,,,,,https://f.fcdn.app/imgs/b8f816/www.diaril.com.uy/diaruy/a218/original/catalogo/FUT-60-CM31B_FUT-60-CM31B_1/1000_1000/cocina-combinada-futura-plus-fut-60-cm31b-valencia-cocina-combinada-futura-plus-fut-60-cm31b-valencia.jpg,6,,
dr-fut-60-cm31x,Cocina combinada Futura Plus FUT-60-CM31X Bilbao,<ul><li>• Calidad Premium: Producto de fabricación europea</li><li>• Sistema Híbrido: 3 Quemadores a gas + 1 Disco eléctrico ultra rápido</li><li>• Horno de gran capacidad: 65 Litros con sistema de Convección</li><li>• Eficiencia Energética Clase A: Rendimiento superior y bajo consumo</li><li>• Parrillas de Hierro Fundido: Máxima robustez y estabilidad</li><li>• Timer Digital Programable para un control exacto de tus recetas</li><li>• Acabado Profesional: Cuerpo y mesada en Acero Inoxidable</li><li>• Seguridad Total: Válvula de seguridad (termocupla) y encendido electrónico</li><li>• Puerta Fría con doble vidrio desmontable y visor panorámico</li><li>• Tapa de vidrio protectora y aislamiento en lana mineral</li><li>• Medidas estándar: 60 x 60 x 85 cm con patas ajustables</li></ul>,Futura,Electro,"Cocinas, Futura, stock-verificado",TRUE,Color,Cocina combinada Futura Plus FUT-60-CM31X Bilbao,FUT-60-CM31X,28601.00,,10,deny,https://f.fcdn.app/imgs/d1e260/www.diaril.com.uy/diaruy/5246/original/catalogo/FUT-60-CM31X_FUT-60-CM31X_1/1000x1000/cocina-combinada-futura-plus-fut-60-cm31x-bilbao-cocina-combinada-futura-plus-fut-60-cm31x-bilbao.jpg,1,,
dr-fut-60-cm31x,,,,,,,,,,,,,,https://f.fcdn.app/imgs/62df8b/www.diaril.com.uy/diaruy/5246/original/catalogo/FUT-60-CM31X_FUT-60-CM31X_1/1500-1500/cocina-combinada-futura-plus-fut-60-cm31x-bilbao-cocina-combinada-futura-plus-fut-60-cm31x-bilbao.jpg,2,,
dr-fut-60-cm31x,,,,,,,,,,,,,,https://f.fcdn.app/imgs/d32ff6/www.diaril.com.uy/diaruy/5246/original/catalogo/FUT-60-CM31X_FUT-60-CM31X_1/1920-1200/cocina-combinada-futura-plus-fut-60-cm31x-bilbao-cocina-combinada-futura-plus-fut-60-cm31x-bilbao.jpg,3,,
dr-fut-60-cm31x,,,,,,,,,,,,,,https://f.fcdn.app/imgs/cd2b08/www.diaril.com.uy/diaruy/5246/original/catalogo/FUT-60-CM31X_FUT-60-CM31X_1/2000-2000/cocina-combinada-futura-plus-fut-60-cm31x-bilbao-cocina-combinada-futura-plus-fut-60-cm31x-bilbao.jpg,4,,
dr-fut-60-cm31x,,,,,,,,,,,,,,https://f.fcdn.app/imgs/98e7ad/www.diaril.com.uy/diaruy/5246/original/catalogo/FUT-60-CM31X_FUT-60-CM31X_1/100x100/cocina-combinada-futura-plus-fut-60-cm31x-bilbao-cocina-combinada-futura-plus-fut-60-cm31x-bilbao.jpg,5,,
dr-fut-60-cm31x,,,,,,,,,,,,,,https://f.fcdn.app/imgs/b68e94/www.diaril.com.uy/diaruy/5246/original/catalogo/FUT-60-CM31X_FUT-60-CM31X_1/1000_1000/cocina-combinada-futura-plus-fut-60-cm31x-bilbao-cocina-combinada-futura-plus-fut-60-cm31x-bilbao.jpg,6,,
dr-fut-ag300x-2,Anafe a Gas Futura Inox FUT-AG300X-2,"<ul><li>• Diseño Ultra Compacto ""Dominó"" de 2 hornallas (Ancho 29 cm)</li><li>• Quemadores Euro Type de alta eficiencia con tapas de Hierro Fundido</li><li>• Parrillas de Hierro Fundido: Máxima estabilidad y resistencia térmica</li><li>• Seguridad Total: Válvula de seguridad (termocupla) en cada quemador</li><li>• Encendido Automático integrado en las perillas</li><li>• Comandos frontales con perillas de diseño moderno y ergonómico</li><li>• Medidas exteriores: Ancho 29 cm | Profundidad 51 cm</li><li>• Medidas de empotre: 27 x 49 x 4.25 cm</li></ul>",Futura,Electro,"Cocinas, Futura, stock-verificado",TRUE,Color,Anafe a Gas Futura Inox FUT-AG300X-2,FUT-AG300X-2,7461.00,,10,deny,https://f.fcdn.app/imgs/9e0993/www.diaril.com.uy/diaruy/71c9/original/catalogo/FUT-AG300X-2_FUT-AG300X-2_1/1000x1000/anafe-a-gas-futura-inox-fut-ag300x-2-anafe-a-gas-futura-inox-fut-ag300x-2.jpg,1,,
dr-fut-ag300x-2,,,,,,,,,,,,,,https://f.fcdn.app/imgs/a11c6d/www.diaril.com.uy/diaruy/71c9/original/catalogo/FUT-AG300X-2_FUT-AG300X-2_1/1500-1500/anafe-a-gas-futura-inox-fut-ag300x-2-anafe-a-gas-futura-inox-fut-ag300x-2.jpg,2,,
dr-fut-ag300x-2,,,,,,,,,,,,,,https://f.fcdn.app/imgs/f59105/www.diaril.com.uy/diaruy/71c9/original/catalogo/FUT-AG300X-2_FUT-AG300X-2_1/1920-1200/anafe-a-gas-futura-inox-fut-ag300x-2-anafe-a-gas-futura-inox-fut-ag300x-2.jpg,3,,
dr-fut-ag300x-2,,,,,,,,,,,,,,https://f.fcdn.app/imgs/832d35/www.diaril.com.uy/diaruy/71c9/original/catalogo/FUT-AG300X-2_FUT-AG300X-2_1/2000-2000/anafe-a-gas-futura-inox-fut-ag300x-2-anafe-a-gas-futura-inox-fut-ag300x-2.jpg,4,,
dr-fut-ag300x-2,,,,,,,,,,,,,,https://f.fcdn.app/imgs/a9e354/www.diaril.com.uy/diaruy/71c9/original/catalogo/FUT-AG300X-2_FUT-AG300X-2_1/100x100/anafe-a-gas-futura-inox-fut-ag300x-2-anafe-a-gas-futura-inox-fut-ag300x-2.jpg,5,,
dr-fut-ag300x-2,,,,,,,,,,,,,,https://f.fcdn.app/imgs/ac1d6a/www.diaril.com.uy/diaruy/71c9/original/catalogo/FUT-AG300X-2_FUT-AG300X-2_1/1000_1000/anafe-a-gas-futura-inox-fut-ag300x-2-anafe-a-gas-futura-inox-fut-ag300x-2.jpg,6,,
dr-fut-ag600x-4,Anafe a Gas Futura Inox FUT-AG600X-4,"<ul><li>• Anafe a Gas con 3 Quemadores Euro Type y tapas de Hierro Fundido</li><li>• Quemador WOK de Alta Potencia (Triple llama, 3600 W) con parrilla especial</li><li>• 9 Niveles de potencia: Ajuste milimétrico para un control total de la temperatura</li><li>• Parrillas de Hierro Fundido de máxima robustez y estabilidad</li><li>• Comandos frontales metálicos con diseño moderno y ergonómico</li><li>• Encendido automático integrado en cada perilla</li><li>• Seguridad total: Válvula de seguridad (termocupla) en todos los quemadores</li><li>• Medidas exteriores: Ancho 58 cm | Profundidad 51.5 cm</li><li>• Medidas de empotre estándar: 56 x 49 x 4 cm</li></ul>",Futura,Electro,"Cocinas, Futura, stock-verificado",TRUE,Color,Anafe a Gas Futura Inox FUT-AG600X-4,FUT-AG600X-4,13679.00,,10,deny,https://f.fcdn.app/imgs/e05a7f/www.diaril.com.uy/diaruy/2a92/original/catalogo/FUT-AG600X-4_FUT-AG600X-4_1/1000x1000/anafe-a-gas-futura-inox-fut-ag600x-4-anafe-a-gas-futura-inox-fut-ag600x-4.jpg,1,,
dr-fut-ag600x-4,,,,,,,,,,,,,,https://f.fcdn.app/imgs/7cd2d8/www.diaril.com.uy/diaruy/2a92/original/catalogo/FUT-AG600X-4_FUT-AG600X-4_1/1500-1500/anafe-a-gas-futura-inox-fut-ag600x-4-anafe-a-gas-futura-inox-fut-ag600x-4.jpg,2,,
dr-fut-ag600x-4,,,,,,,,,,,,,,https://f.fcdn.app/imgs/fb7b5b/www.diaril.com.uy/diaruy/2a92/original/catalogo/FUT-AG600X-4_FUT-AG600X-4_1/1920-1200/anafe-a-gas-futura-inox-fut-ag600x-4-anafe-a-gas-futura-inox-fut-ag600x-4.jpg,3,,
dr-fut-ag600x-4,,,,,,,,,,,,,,https://f.fcdn.app/imgs/fb543b/www.diaril.com.uy/diaruy/2a92/original/catalogo/FUT-AG600X-4_FUT-AG600X-4_1/2000-2000/anafe-a-gas-futura-inox-fut-ag600x-4-anafe-a-gas-futura-inox-fut-ag600x-4.jpg,4,,
dr-fut-ag600x-4,,,,,,,,,,,,,,https://f.fcdn.app/imgs/9ce986/www.diaril.com.uy/diaruy/2a92/original/catalogo/FUT-AG600X-4_FUT-AG600X-4_1/100x100/anafe-a-gas-futura-inox-fut-ag600x-4-anafe-a-gas-futura-inox-fut-ag600x-4.jpg,5,,
dr-fut-ag600x-4,,,,,,,,,,,,,,https://f.fcdn.app/imgs/b6e1ba/www.diaril.com.uy/diaruy/2a92/original/catalogo/FUT-AG600X-4_FUT-AG600X-4_1/1000_1000/anafe-a-gas-futura-inox-fut-ag600x-4-anafe-a-gas-futura-inox-fut-ag600x-4.jpg,6,,
dr-fut-ag700x-5,Anafe a Gas Futura Inox FUT-AG700X-5,<ul><li>• Anafe a Gas de 70 cm en Acero Inoxidable de alta calidad</li><li>• 4 Quemadores Euro Type con tapas de Hierro Fundido</li><li>• Quemador WOK Central: Triple llama de alta potencia (3600 W)</li><li>• Control Exacto: 9 niveles de potencia para un ajuste perfecto de temperatura</li><li>• Parrillas individuales de Hierro Fundido (Máxima estabilidad)</li><li>• Seguridad Total: Válvula de seguridad (termocupla) en cada quemador</li><li>• Encendido Automático integrado en las perillas</li><li>• Comandos frontales metálicos con diseño moderno y resistente</li><li>• Medidas exteriores: 70 x 51.5 x 1 cm</li><li>• Medidas de empotre: 56 x 49 x 4.2 cm</li></ul>,Futura,Electro,"Cocinas, Futura, stock-verificado",TRUE,Color,Anafe a Gas Futura Inox FUT-AG700X-5,FUT-AG700X-5,17409.00,,10,deny,https://f.fcdn.app/imgs/938598/www.diaril.com.uy/diaruy/48f2/original/catalogo/FUT-AG700X-5_FUT-AG700X-5_1/1000x1000/anafe-a-gas-futura-inox-fut-ag700x-5-anafe-a-gas-futura-inox-fut-ag700x-5.jpg,1,,
dr-fut-ag700x-5,,,,,,,,,,,,,,https://f.fcdn.app/imgs/15dbed/www.diaril.com.uy/diaruy/48f2/original/catalogo/FUT-AG700X-5_FUT-AG700X-5_1/1500-1500/anafe-a-gas-futura-inox-fut-ag700x-5-anafe-a-gas-futura-inox-fut-ag700x-5.jpg,2,,
dr-fut-ag700x-5,,,,,,,,,,,,,,https://f.fcdn.app/imgs/02c7a6/www.diaril.com.uy/diaruy/48f2/original/catalogo/FUT-AG700X-5_FUT-AG700X-5_1/1920-1200/anafe-a-gas-futura-inox-fut-ag700x-5-anafe-a-gas-futura-inox-fut-ag700x-5.jpg,3,,
dr-fut-ag700x-5,,,,,,,,,,,,,,https://f.fcdn.app/imgs/1bb26f/www.diaril.com.uy/diaruy/48f2/original/catalogo/FUT-AG700X-5_FUT-AG700X-5_1/2000-2000/anafe-a-gas-futura-inox-fut-ag700x-5-anafe-a-gas-futura-inox-fut-ag700x-5.jpg,4,,
dr-fut-ag700x-5,,,,,,,,,,,,,,https://f.fcdn.app/imgs/cae34f/www.diaril.com.uy/diaruy/48f2/original/catalogo/FUT-AG700X-5_FUT-AG700X-5_1/100x100/anafe-a-gas-futura-inox-fut-ag700x-5-anafe-a-gas-futura-inox-fut-ag700x-5.jpg,5,,
dr-fut-ag700x-5,,,,,,,,,,,,,,https://f.fcdn.app/imgs/d5151b/www.diaril.com.uy/diaruy/48f2/original/catalogo/FUT-AG700X-5_FUT-AG700X-5_1/1000_1000/anafe-a-gas-futura-inox-fut-ag700x-5-anafe-a-gas-futura-inox-fut-ag700x-5.jpg,6,,
dr-fut-cv2003vh,Caloventilador Horiz/Vert. Futura FUT-CV2003VH,"<ul><li>• Diseño Dual: Uso en posición Horizontal o Vertical</li><li>• 3 niveles de aire: Frío, Cálido y Caliente</li><li>• 2 niveles de potencia seleccionables: 1000 W / 2000 W</li><li>• Termostato ajustable para control automático de temperatura</li><li>• Máxima seguridad: Fabricado con materiales anti-llama</li><li>• Protección integrada contra sobrecalentamiento</li><li>• Luz indicadora de encendido y potencia</li></ul>",Futura,Electro,"Climatización, Futura, stock-verificado",TRUE,Color,Caloventilador Horiz/Vert. Futura FUT-CV2003VH,FUT-CV2003VH,705.00,,10,deny,https://f.fcdn.app/imgs/b62b22/www.diaril.com.uy/diaruy/b2aa/original/catalogo/FUT-CV2003VH_FUT-CV2003VH_1/1000x1000/caloventilador-horiz-vert-futura-fut-cv2003vh-caloventilador-horiz-vert-futura-fut-cv2003vh.jpg,1,,
dr-fut-cv2003vh,,,,,,,,,,,,,,https://f.fcdn.app/imgs/624fa9/www.diaril.com.uy/diaruy/b2aa/original/catalogo/FUT-CV2003VH_FUT-CV2003VH_1/1500-1500/caloventilador-horiz-vert-futura-fut-cv2003vh-caloventilador-horiz-vert-futura-fut-cv2003vh.jpg,2,,
dr-fut-cv2003vh,,,,,,,,,,,,,,https://f.fcdn.app/imgs/b68b69/www.diaril.com.uy/diaruy/b2aa/original/catalogo/FUT-CV2003VH_FUT-CV2003VH_1/1920-1200/caloventilador-horiz-vert-futura-fut-cv2003vh-caloventilador-horiz-vert-futura-fut-cv2003vh.jpg,3,,
dr-fut-cv2003vh,,,,,,,,,,,,,,https://f.fcdn.app/imgs/9daddd/www.diaril.com.uy/diaruy/8b57/original/catalogo/FUT-CV2003VH_FUT-CV2003VH_2/1500-1500/caloventilador-horiz-vert-futura-fut-cv2003vh-caloventilador-horiz-vert-futura-fut-cv2003vh.jpg,4,,
dr-fut-cv2003vh,,,,,,,,,,,,,,https://f.fcdn.app/imgs/0de5eb/www.diaril.com.uy/diaruy/8b57/original/catalogo/FUT-CV2003VH_FUT-CV2003VH_2/1920-1200/caloventilador-horiz-vert-futura-fut-cv2003vh-caloventilador-horiz-vert-futura-fut-cv2003vh.jpg,5,,
dr-fut-cv2003vh,,,,,,,,,,,,,,https://f.fcdn.app/imgs/55acea/www.diaril.com.uy/diaruy/8b57/original/catalogo/FUT-CV2003VH_FUT-CV2003VH_2/1000x1000/caloventilador-horiz-vert-futura-fut-cv2003vh-caloventilador-horiz-vert-futura-fut-cv2003vh.jpg,6,,
dr-fut-cv2003vh,,,,,,,,,,,,,,https://f.fcdn.app/imgs/538dfb/www.diaril.com.uy/diaruy/3db8/original/catalogo/FUT-CV2003VH_FUT-CV2003VH_3/1500-1500/caloventilador-horiz-vert-futura-fut-cv2003vh-caloventilador-horiz-vert-futura-fut-cv2003vh.jpg,7,,
dr-fut-cv2003vh,,,,,,,,,,,,,,https://f.fcdn.app/imgs/97a07d/www.diaril.com.uy/diaruy/3db8/original/catalogo/FUT-CV2003VH_FUT-CV2003VH_3/1920-1200/caloventilador-horiz-vert-futura-fut-cv2003vh-caloventilador-horiz-vert-futura-fut-cv2003vh.jpg,8,,
dr-fut-ha1760wg,Hervidor de agua Futura FUT-HA1760WG,<ul><li>• Capacidad XL: 1.8 Litros</li><li>• Potencia máxima: 2200 W (Hervido rápido y eficiente)</li><li>• Color: Blanco clásico y elegante</li><li>• Base inalámbrica con giro de 360º para un manejo ergonómico</li><li>• Tecnología de Resistencia Oculta para mayor higiene y fácil limpieza</li><li>• Sistema de seguridad dual: Desconexión automática al hervir y por falta de agua</li><li>• Filtro anti-impurezas extraíble y lavable</li><li>• Visor con indicador de nivel de agua transparente</li></ul>,Futura,Electro,"Jarras, Futura, stock-verificado",TRUE,Color,Hervidor de agua Futura FUT-HA1760WG,FUT-HA1760WG,1202.00,,10,deny,https://f.fcdn.app/imgs/e2cce6/www.diaril.com.uy/diaruy/e050/original/catalogo/FUT-HA1760WG_FUT-HA1760WG_1/1000x1000/hervidor-de-agua-futura-fut-ha1760wg-hervidor-de-agua-futura-fut-ha1760wg.jpg,1,,
dr-fut-ha1760wg,,,,,,,,,,,,,,https://f.fcdn.app/imgs/e9acd1/www.diaril.com.uy/diaruy/e050/original/catalogo/FUT-HA1760WG_FUT-HA1760WG_1/1500-1500/hervidor-de-agua-futura-fut-ha1760wg-hervidor-de-agua-futura-fut-ha1760wg.jpg,2,,
dr-fut-ha1760wg,,,,,,,,,,,,,,https://f.fcdn.app/imgs/39540c/www.diaril.com.uy/diaruy/e050/original/catalogo/FUT-HA1760WG_FUT-HA1760WG_1/1920-1200/hervidor-de-agua-futura-fut-ha1760wg-hervidor-de-agua-futura-fut-ha1760wg.jpg,3,,
dr-fut-ha1760wg,,,,,,,,,,,,,,https://f.fcdn.app/imgs/434bdb/www.diaril.com.uy/diaruy/e050/original/catalogo/FUT-HA1760WG_FUT-HA1760WG_1/2000-2000/hervidor-de-agua-futura-fut-ha1760wg-hervidor-de-agua-futura-fut-ha1760wg.jpg,4,,
dr-fut-ha1760wg,,,,,,,,,,,,,,https://f.fcdn.app/imgs/c91a05/www.diaril.com.uy/diaruy/e050/original/catalogo/FUT-HA1760WG_FUT-HA1760WG_1/100x100/hervidor-de-agua-futura-fut-ha1760wg-hervidor-de-agua-futura-fut-ha1760wg.jpg,5,,
dr-fut-ha1760wg,,,,,,,,,,,,,,https://f.fcdn.app/imgs/96c1e4/www.diaril.com.uy/diaruy/e050/original/catalogo/FUT-HA1760WG_FUT-HA1760WG_1/1000_1000/hervidor-de-agua-futura-fut-ha1760wg-hervidor-de-agua-futura-fut-ha1760wg.jpg,6,,
dr-fut-ha1760wr,Hervidor de agua Futura FUT-HA1760WR,<ul><li>• Capacidad XL: 1.8 Litros</li><li>• Potencia máxima: 2200 W (Hervido rápido)</li><li>• Base inalámbrica con giro de 360º para mayor comodidad</li><li>• Tecnología de Resistencia Oculta: Mayor higiene y durabilidad</li><li>• Doble Desconexión Automática: Al hervir y por falta de agua</li><li>• Filtro anti-impurezas extraíble y lavable</li><li>• Indicador de nivel de agua transparente y visible</li></ul>,Futura,Electro,"Jarras, Futura, stock-verificado",TRUE,Color,Hervidor de agua Futura FUT-HA1760WR,FUT-HA1760WR,1202.00,,10,deny,https://f.fcdn.app/imgs/6ada5f/www.diaril.com.uy/diaruy/2da2/original/catalogo/FUT-HA1760WR_FUT-HA1760WR_1/1000x1000/hervidor-de-agua-futura-fut-ha1760wr-hervidor-de-agua-futura-fut-ha1760wr.jpg,1,,
dr-fut-ha1760wr,,,,,,,,,,,,,,https://f.fcdn.app/imgs/45ef29/www.diaril.com.uy/diaruy/2da2/original/catalogo/FUT-HA1760WR_FUT-HA1760WR_1/1500-1500/hervidor-de-agua-futura-fut-ha1760wr-hervidor-de-agua-futura-fut-ha1760wr.jpg,2,,
dr-fut-ha1760wr,,,,,,,,,,,,,,https://f.fcdn.app/imgs/e8c50c/www.diaril.com.uy/diaruy/2da2/original/catalogo/FUT-HA1760WR_FUT-HA1760WR_1/1920-1200/hervidor-de-agua-futura-fut-ha1760wr-hervidor-de-agua-futura-fut-ha1760wr.jpg,3,,
dr-fut-ha1760wr,,,,,,,,,,,,,,https://f.fcdn.app/imgs/332a51/www.diaril.com.uy/diaruy/2da2/original/catalogo/FUT-HA1760WR_FUT-HA1760WR_1/2000-2000/hervidor-de-agua-futura-fut-ha1760wr-hervidor-de-agua-futura-fut-ha1760wr.jpg,4,,
dr-fut-ha1760wr,,,,,,,,,,,,,,https://f.fcdn.app/imgs/f6d1fa/www.diaril.com.uy/diaruy/2da2/original/catalogo/FUT-HA1760WR_FUT-HA1760WR_1/100x100/hervidor-de-agua-futura-fut-ha1760wr-hervidor-de-agua-futura-fut-ha1760wr.jpg,5,,
dr-fut-ha1760wr,,,,,,,,,,,,,,https://f.fcdn.app/imgs/9806ce/www.diaril.com.uy/diaruy/2da2/original/catalogo/FUT-HA1760WR_FUT-HA1760WR_1/1000_1000/hervidor-de-agua-futura-fut-ha1760wr-hervidor-de-agua-futura-fut-ha1760wr.jpg,6,,
dr-fut-he650cdt,Horno de empotrar Futura FUT-HE650CDT Digital,"<ul><li>• Horno de empotrar Multifunción con sistema de CONVECCIÓN</li><li>• Capacidad neta: 65 Litros</li><li>• Panel de control en Acero Inoxidable con Timer DIGITAL programable</li><li>• Versatilidad de cocción: Grill simple, Grill doble y Grill + Convección</li><li>• Función especial de Descongelado rápido</li><li>• Control térmico mediante Termostato de alta precisión</li><li>• Resistencia superior e inferior para horneados tradicionales y envolventes</li><li>• Cavidad interior esmaltada de fácil limpieza con rejillas laterales</li><li>• Puerta de doble vidrio templado, extraíble para un mantenimiento profundo</li><li>• Accesorios incluidos: 1 Bandeja y 1 Parrilla</li><li>• Iluminación interior de alta visibilidad</li><li>• Medidas exteriores: Ancho 59.5 cm | Profundidad 57.5 cm | Altura 59.5 cm</li><li>• Medidas de encastre: Ancho 56 cm | Profundidad 60 cm | Altura 58 cm</li></ul>",Futura,Electro,"Cocinas, Futura, stock-verificado",TRUE,Color,Horno de empotrar Futura FUT-HE650CDT Digital,FUT-HE650CDT,19482.00,,10,deny,https://f.fcdn.app/imgs/2ed06b/www.diaril.com.uy/diaruy/b75a/original/catalogo/FUT-HE650CDT_FUT-HE650CDT_1/1000x1000/horno-de-empotrar-futura-fut-he650cdt-digital-horno-de-empotrar-futura-fut-he650cdt-digital.jpg,1,,
dr-fut-he650cdt,,,,,,,,,,,,,,https://f.fcdn.app/imgs/a4a332/www.diaril.com.uy/diaruy/b75a/original/catalogo/FUT-HE650CDT_FUT-HE650CDT_1/1500-1500/horno-de-empotrar-futura-fut-he650cdt-digital-horno-de-empotrar-futura-fut-he650cdt-digital.jpg,2,,
dr-fut-he650cdt,,,,,,,,,,,,,,https://f.fcdn.app/imgs/264409/www.diaril.com.uy/diaruy/b75a/original/catalogo/FUT-HE650CDT_FUT-HE650CDT_1/1920-1200/horno-de-empotrar-futura-fut-he650cdt-digital-horno-de-empotrar-futura-fut-he650cdt-digital.jpg,3,,
dr-fut-he650cdt,,,,,,,,,,,,,,https://f.fcdn.app/imgs/1ae654/www.diaril.com.uy/diaruy/b75a/original/catalogo/FUT-HE650CDT_FUT-HE650CDT_1/2000-2000/horno-de-empotrar-futura-fut-he650cdt-digital-horno-de-empotrar-futura-fut-he650cdt-digital.jpg,4,,
dr-fut-he650cdt,,,,,,,,,,,,,,https://f.fcdn.app/imgs/2c011c/www.diaril.com.uy/diaruy/b75a/original/catalogo/FUT-HE650CDT_FUT-HE650CDT_1/100x100/horno-de-empotrar-futura-fut-he650cdt-digital-horno-de-empotrar-futura-fut-he650cdt-digital.jpg,5,,
dr-fut-he650cdt,,,,,,,,,,,,,,https://f.fcdn.app/imgs/0d1c25/www.diaril.com.uy/diaruy/b75a/original/catalogo/FUT-HE650CDT_FUT-HE650CDT_1/1000_1000/horno-de-empotrar-futura-fut-he650cdt-digital-horno-de-empotrar-futura-fut-he650cdt-digital.jpg,6,,
dr-fut-he750pyr,Horno de empotrar Futura FUT-HE750PYR Pirolítico,"<ul><li>• Horno de empotrar Multifunción con tecnología PIROLÍTICA</li><li>• Capacidad: 65 Litros con sistema de CONVECCIÓN</li><li>• Panel de control en Acero Inoxidable y Timer Digital programable</li><li>• Funciones de Grill: Grill simple, Grill doble y Grill + Convección</li><li>• Seguridad avanzada: Seguro para niños y sensor de interruptor en puerta</li><li>• Cavidad interior esmaltada de alta resistencia</li><li>• Flexibilidad interna: 3 estantes regulables con rejillas</li><li>• Puerta de doble vidrio templado extraíble para fácil limpieza</li><li>• Accesorios incluidos: 1 Bandeja y 3 Parrillas</li><li>• Control térmico preciso: Termostato, resistencia superior e inferior</li><li>• Medidas exteriores: Ancho 59.5 cm | Profundidad 57.5 cm | Altura 59.5 cm</li><li>• Medidas de encastre: Ancho 56 cm | Profundidad 60 cm | Altura 58 cm</li></ul>",Futura,Electro,"Cocinas, Futura, stock-verificado",TRUE,Color,Horno de empotrar Futura FUT-HE750PYR Pirolítico,FUT-HE750PYR,31875.00,,10,deny,https://f.fcdn.app/imgs/e7bc57/www.diaril.com.uy/diaruy/b2e1/original/catalogo/FUT-HE750PYR_FUT-HE750PYR_1/1000x1000/horno-de-empotrar-futura-fut-he750pyr-pirolitico-horno-de-empotrar-futura-fut-he750pyr-pirolitico.jpg,1,,
dr-fut-he750pyr,,,,,,,,,,,,,,https://f.fcdn.app/imgs/dca8e5/www.diaril.com.uy/diaruy/b2e1/original/catalogo/FUT-HE750PYR_FUT-HE750PYR_1/1500-1500/horno-de-empotrar-futura-fut-he750pyr-pirolitico-horno-de-empotrar-futura-fut-he750pyr-pirolitico.jpg,2,,
dr-fut-he750pyr,,,,,,,,,,,,,,https://f.fcdn.app/imgs/3b22d8/www.diaril.com.uy/diaruy/b2e1/original/catalogo/FUT-HE750PYR_FUT-HE750PYR_1/1920-1200/horno-de-empotrar-futura-fut-he750pyr-pirolitico-horno-de-empotrar-futura-fut-he750pyr-pirolitico.jpg,3,,
dr-fut-he750pyr,,,,,,,,,,,,,,https://f.fcdn.app/imgs/a50e3a/www.diaril.com.uy/diaruy/b2e1/original/catalogo/FUT-HE750PYR_FUT-HE750PYR_1/2000-2000/horno-de-empotrar-futura-fut-he750pyr-pirolitico-horno-de-empotrar-futura-fut-he750pyr-pirolitico.jpg,4,,
dr-fut-he750pyr,,,,,,,,,,,,,,https://f.fcdn.app/imgs/06dd36/www.diaril.com.uy/diaruy/b2e1/original/catalogo/FUT-HE750PYR_FUT-HE750PYR_1/100x100/horno-de-empotrar-futura-fut-he750pyr-pirolitico-horno-de-empotrar-futura-fut-he750pyr-pirolitico.jpg,5,,
dr-fut-he750pyr,,,,,,,,,,,,,,https://f.fcdn.app/imgs/337922/www.diaril.com.uy/diaruy/b2e1/original/catalogo/FUT-HE750PYR_FUT-HE750PYR_1/1000_1000/horno-de-empotrar-futura-fut-he750pyr-pirolitico-horno-de-empotrar-futura-fut-he750pyr-pirolitico.jpg,6,,
dr-fut-mh38b-2d,Horno Electrico Futura FUT-MH38B-2D,"<ul><li>• Capacidad: 38 Litros</li><li>• Potencia del horno: 1600 W</li><li>• 2 Discos eléctricos superiores rápidos: 1000 W y 600 W con mandos independientes</li><li>• Frente y asa de puerta en Acero Inoxidable de alta calidad</li><li>• Resistencias rectas en acero inoxidable para una distribución uniforme del calor</li><li>• Control de temperatura ajustable desde 100 °C hasta 250 °C</li><li>• Temporizador de 60 minutos con apagado automático y alarma sonora</li><li>• Selector de funciones para control independiente de horno y discos</li><li>• Puerta de vidrio templado resistente a altas temperaturas</li><li>• Incluye accesorios: 1 Bandeja, 1 Parrilla y 1 Asa de extracción</li><li>• Dimensiones: 50,5 x 36,3 x 31,3 cm</li></ul>",Futura,Electro,"Cocinas, Futura",TRUE,Color,Horno Electrico Futura FUT-MH38B-2D,FUT-MH38B-2D,4933.00,,0,deny,https://f.fcdn.app/imgs/189ceb/www.diaril.com.uy/diaruy/cb25/original/catalogo/FUT-MH38B-2D_FUT-MH38B-2D_1/1000x1000/horno-electrico-futura-fut-mh38b-2d-horno-electrico-futura-fut-mh38b-2d.jpg,1,,
dr-fut-mh38b-2d,,,,,,,,,,,,,,https://f.fcdn.app/imgs/a811a9/www.diaril.com.uy/diaruy/cb25/original/catalogo/FUT-MH38B-2D_FUT-MH38B-2D_1/1500-1500/horno-electrico-futura-fut-mh38b-2d-horno-electrico-futura-fut-mh38b-2d.jpg,2,,
dr-fut-mh38b-2d,,,,,,,,,,,,,,https://f.fcdn.app/imgs/3f7f10/www.diaril.com.uy/diaruy/cb25/original/catalogo/FUT-MH38B-2D_FUT-MH38B-2D_1/1920-1200/horno-electrico-futura-fut-mh38b-2d-horno-electrico-futura-fut-mh38b-2d.jpg,3,,
dr-fut-mh38b-2d,,,,,,,,,,,,,,https://f.fcdn.app/imgs/43ce1e/www.diaril.com.uy/diaruy/cb25/original/catalogo/FUT-MH38B-2D_FUT-MH38B-2D_1/2000-2000/horno-electrico-futura-fut-mh38b-2d-horno-electrico-futura-fut-mh38b-2d.jpg,4,,
dr-fut-mh38b-2d,,,,,,,,,,,,,,https://f.fcdn.app/imgs/1cebad/www.diaril.com.uy/diaruy/cb25/original/catalogo/FUT-MH38B-2D_FUT-MH38B-2D_1/100x100/horno-electrico-futura-fut-mh38b-2d-horno-electrico-futura-fut-mh38b-2d.jpg,5,,
dr-fut-mh38b-2d,,,,,,,,,,,,,,https://f.fcdn.app/imgs/6d010c/www.diaril.com.uy/diaruy/cb25/original/catalogo/FUT-MH38B-2D_FUT-MH38B-2D_1/1000_1000/horno-electrico-futura-fut-mh38b-2d-horno-electrico-futura-fut-mh38b-2d.jpg,6,,
dr-fut-rcp243nf,Heladera Futura Panelable FUT-RCP243NF Frio Seco 243 L,"<ul><li>• Diseño Combi (Freezer inferior) PANELABLE con sistema de correderas</li><li>• Capacidad neta total: 243 litros (Refrigerador: 180 L / Freezer: 63 L)</li><li>• 2 puertas independientes para mayor eficiencia térmica</li><li>• Apertura reversible para una integración flexible en el mobiliario</li><li>• Eficiencia energética A: Máximo ahorro de consumo</li><li>• Refrigeración asistida por turboventilador (Frío uniforme)</li><li>• Control electrónico de temperatura mediante panel táctil</li><li>• Cajón especializado MaxiFresh para prolongar la vida de frutas y verduras</li><li>• Iluminación interior mediante LEDs laterales de alta visibilidad</li><li>• Equipamiento premium: estantes de cristal templado, soporte para vinos y estantes de puerta ajustables</li><li>• Freezer con 2 cajones y bandeja deslizante de fácil acceso</li><li>• Medidas de encastre: Ancho 54 cm | Profundidad 54.5 cm | Altura 177 cm</li></ul>",Futura,Electro,"Heladeras, Futura",TRUE,Color,Heladera Futura Panelable FUT-RCP243NF Frio Seco 243 L,FUT-RCP243NF,30259.00,,0,deny,https://f.fcdn.app/imgs/4a6b10/www.diaril.com.uy/diaruy/5c33/original/catalogo/FUT-RCP243NF_FUT-RCP243NF_1/1000x1000/heladera-futura-panelable-fut-rcp243nf-frio-seco-243-l-heladera-futura-panelable-fut-rcp243nf-frio-seco-243-l.jpg,1,,
dr-fut-rcp243nf,,,,,,,,,,,,,,https://f.fcdn.app/imgs/00fbd9/www.diaril.com.uy/diaruy/5c33/original/catalogo/FUT-RCP243NF_FUT-RCP243NF_1/1500-1500/heladera-futura-panelable-fut-rcp243nf-frio-seco-243-l-heladera-futura-panelable-fut-rcp243nf-frio-seco-243-l.jpg,2,,
dr-fut-rcp243nf,,,,,,,,,,,,,,https://f.fcdn.app/imgs/da9c3e/www.diaril.com.uy/diaruy/5c33/original/catalogo/FUT-RCP243NF_FUT-RCP243NF_1/1920-1200/heladera-futura-panelable-fut-rcp243nf-frio-seco-243-l-heladera-futura-panelable-fut-rcp243nf-frio-seco-243-l.jpg,3,,
dr-fut-rcp243nf,,,,,,,,,,,,,,https://f.fcdn.app/imgs/8637ce/www.diaril.com.uy/diaruy/ee6b/original/catalogo/FUT-RCP243NF_FUT-RCP243NF_2/1500-1500/heladera-futura-panelable-fut-rcp243nf-frio-seco-243-l-heladera-futura-panelable-fut-rcp243nf-frio-seco-243-l.jpg,4,,
dr-fut-rcp243nf,,,,,,,,,,,,,,https://f.fcdn.app/imgs/b75eec/www.diaril.com.uy/diaruy/ee6b/original/catalogo/FUT-RCP243NF_FUT-RCP243NF_2/1920-1200/heladera-futura-panelable-fut-rcp243nf-frio-seco-243-l-heladera-futura-panelable-fut-rcp243nf-frio-seco-243-l.jpg,5,,
dr-fut-rcp243nf,,,,,,,,,,,,,,https://f.fcdn.app/imgs/4fbc58/www.diaril.com.uy/diaruy/ee6b/original/catalogo/FUT-RCP243NF_FUT-RCP243NF_2/1000x1000/heladera-futura-panelable-fut-rcp243nf-frio-seco-243-l-heladera-futura-panelable-fut-rcp243nf-frio-seco-243-l.jpg,6,,
dr-fut-rcp243nf,,,,,,,,,,,,,,https://f.fcdn.app/imgs/ccb7ec/www.diaril.com.uy/diaruy/bef1/original/catalogo/FUT-RCP243NF_FUT-RCP243NF_3/1500-1500/heladera-futura-panelable-fut-rcp243nf-frio-seco-243-l-heladera-futura-panelable-fut-rcp243nf-frio-seco-243-l.jpg,7,,
dr-fut-rcp243nf,,,,,,,,,,,,,,https://f.fcdn.app/imgs/13f25b/www.diaril.com.uy/diaruy/bef1/original/catalogo/FUT-RCP243NF_FUT-RCP243NF_3/1920-1200/heladera-futura-panelable-fut-rcp243nf-frio-seco-243-l-heladera-futura-panelable-fut-rcp243nf-frio-seco-243-l.jpg,8,,
dr-fut-rpf560-x,Heladera Futura Inverter FUT-RPF560-X 519 L,"<ul><li>• Diseño French Door en Acero Inoxidable antihuellas con tiradores de aluminio</li><li>• Capacidad neta total: 557 litros (Refrigerador: 390 L / Freezer: 167 L)</li><li>• Motor Inverter de alta eficiencia con 10 años de garantía</li><li>• Clasificación de eficiencia energética: Clase A</li><li>• Tecnología de Iones Naturales para eliminación de olores y bacterias</li><li>• Sistema Multi-Air Flow para una distribución uniforme del frío</li><li>• Freezer inferior con 2 cajones extra grandes XXL</li><li>• Pantalla LCD TouchControl integrada en la puerta</li><li>• Cajones especializados: 2 con control de humedad y 1 extra ancho para carnes/pescados</li><li>• Estantes de cristal templado antiderrames y soporte portátil para vinos</li><li>• Iluminación interior LED de bajo consumo</li><li>• Funciones inteligentes: Súper congelación, Súper enfriamiento, Modo Vacaciones y Bloqueo para niños</li><li>• Alarma de puerta abierta para seguridad térmica</li><li>• Medidas: Ancho 91 cm | Profundidad 76.3 cm | Altura 185 cm</li></ul>",Futura,Electro,"Heladeras, Futura, stock-verificado",TRUE,Color,Heladera Futura Inverter FUT-RPF560-X 519 L,FUT-RPF560-X,91149.00,,10,deny,https://f.fcdn.app/imgs/976837/www.diaril.com.uy/diaruy/a1e8/original/catalogo/FUT-RPF560-X_FUT-RPF560-X_1/1000x1000/heladera-futura-inverter-fut-rpf560-x-519-l-heladera-futura-inverter-fut-rpf560-x-519-l.jpg,1,,
dr-fut-rpf560-x,,,,,,,,,,,,,,https://f.fcdn.app/imgs/55c43d/www.diaril.com.uy/diaruy/a1e8/original/catalogo/FUT-RPF560-X_FUT-RPF560-X_1/1500-1500/heladera-futura-inverter-fut-rpf560-x-519-l-heladera-futura-inverter-fut-rpf560-x-519-l.jpg,2,,
dr-fut-rpf560-x,,,,,,,,,,,,,,https://f.fcdn.app/imgs/427144/www.diaril.com.uy/diaruy/a1e8/original/catalogo/FUT-RPF560-X_FUT-RPF560-X_1/1920-1200/heladera-futura-inverter-fut-rpf560-x-519-l-heladera-futura-inverter-fut-rpf560-x-519-l.jpg,3,,
dr-fut-rpf560-x,,,,,,,,,,,,,,https://f.fcdn.app/imgs/c3f79b/www.diaril.com.uy/diaruy/7353/original/catalogo/FUT-RPF560-X_FUT-RPF560-X_2/1500-1500/heladera-futura-inverter-fut-rpf560-x-519-l-heladera-futura-inverter-fut-rpf560-x-519-l.jpg,4,,
dr-fut-rpf560-x,,,,,,,,,,,,,,https://f.fcdn.app/imgs/8d489d/www.diaril.com.uy/diaruy/7353/original/catalogo/FUT-RPF560-X_FUT-RPF560-X_2/1920-1200/heladera-futura-inverter-fut-rpf560-x-519-l-heladera-futura-inverter-fut-rpf560-x-519-l.jpg,5,,
dr-fut-rpf560-x,,,,,,,,,,,,,,https://f.fcdn.app/imgs/a826d9/www.diaril.com.uy/diaruy/7353/original/catalogo/FUT-RPF560-X_FUT-RPF560-X_2/1000x1000/heladera-futura-inverter-fut-rpf560-x-519-l-heladera-futura-inverter-fut-rpf560-x-519-l.jpg,6,,
dr-fut-rpf560-x,,,,,,,,,,,,,,https://f.fcdn.app/imgs/21b3ff/www.diaril.com.uy/diaruy/964e/original/catalogo/FUT-RPF560-X_FUT-RPF560-X_3/1500-1500/heladera-futura-inverter-fut-rpf560-x-519-l-heladera-futura-inverter-fut-rpf560-x-519-l.jpg,7,,
dr-fut-rpf560-x,,,,,,,,,,,,,,https://f.fcdn.app/imgs/f63ec2/www.diaril.com.uy/diaruy/964e/original/catalogo/FUT-RPF560-X_FUT-RPF560-X_3/1920-1200/heladera-futura-inverter-fut-rpf560-x-519-l-heladera-futura-inverter-fut-rpf560-x-519-l.jpg,8,,
dr-proglamtwist,Moldeador de pelo Ufesa Pro Glam Twist,"<ul><li>• Tecnología Coanda: Atrae y envuelve el cabello automáticamente para rizos sin esfuerzo</li><li>• Potencia: 1400 W</li><li>• Motor Digital Brushless de alta velocidad para un secado y moldeado ultra rápido</li><li>• Multifunción 7 en 1: Seca, alisa, voluminiza y riza con un solo dispositivo</li><li>• Generador de Iones: Elimina el encrespamiento y aporta un brillo espejo</li><li>• Accesorios con Revestimiento Cerámico para una protección térmica superior</li><li>• Control Total: 3 niveles de temperatura, 2 velocidades y golpe de aire frío</li><li>• Kit Completo de Estilizado: Incluye 7 accesorios intercambiables profesionales</li><li>• Diseño Ergonómico: Cable giratorio 360° y filtro removible para fácil limpieza</li><li>• Incluye elegante bolsa de almacenamiento para proteger el equipo y accesorios</li></ul>",Ufesa,Electro,"Otros, Ufesa, stock-verificado",TRUE,Color,Moldeador de pelo Ufesa Pro Glam Twist,PRO GLAM TWIST,7005.00,,10,deny,https://f.fcdn.app/imgs/ef4917/www.diaril.com.uy/diaruy/64df/original/catalogo/PROGLAMTWIST_PROGLAMTWIST_1/1000x1000/moldeador-de-pelo-ufesa-pro-glam-twist-moldeador-de-pelo-ufesa-pro-glam-twist.jpg,1,,
dr-proglamtwist,,,,,,,,,,,,,,https://f.fcdn.app/imgs/b1d4d8/www.diaril.com.uy/diaruy/64df/original/catalogo/PROGLAMTWIST_PROGLAMTWIST_1/1500-1500/moldeador-de-pelo-ufesa-pro-glam-twist-moldeador-de-pelo-ufesa-pro-glam-twist.jpg,2,,
dr-proglamtwist,,,,,,,,,,,,,,https://f.fcdn.app/imgs/963bfc/www.diaril.com.uy/diaruy/64df/original/catalogo/PROGLAMTWIST_PROGLAMTWIST_1/1920-1200/moldeador-de-pelo-ufesa-pro-glam-twist-moldeador-de-pelo-ufesa-pro-glam-twist.jpg,3,,
dr-proglamtwist,,,,,,,,,,,,,,https://f.fcdn.app/imgs/53eb0f/www.diaril.com.uy/diaruy/4379/original/catalogo/PROGLAMTWIST_PROGLAMTWIST_2/1500-1500/moldeador-de-pelo-ufesa-pro-glam-twist-moldeador-de-pelo-ufesa-pro-glam-twist.jpg,4,,
dr-proglamtwist,,,,,,,,,,,,,,https://f.fcdn.app/imgs/11a1f4/www.diaril.com.uy/diaruy/4379/original/catalogo/PROGLAMTWIST_PROGLAMTWIST_2/1920-1200/moldeador-de-pelo-ufesa-pro-glam-twist-moldeador-de-pelo-ufesa-pro-glam-twist.jpg,5,,
dr-proglamtwist,,,,,,,,,,,,,,https://f.fcdn.app/imgs/acfb12/www.diaril.com.uy/diaruy/4379/original/catalogo/PROGLAMTWIST_PROGLAMTWIST_2/1000x1000/moldeador-de-pelo-ufesa-pro-glam-twist-moldeador-de-pelo-ufesa-pro-glam-twist.jpg,6,,
dr-proglamtwist,,,,,,,,,,,,,,https://f.fcdn.app/imgs/034539/www.diaril.com.uy/diaruy/b3bf/original/catalogo/PROGLAMTWIST_PROGLAMTWIST_3/1500-1500/moldeador-de-pelo-ufesa-pro-glam-twist-moldeador-de-pelo-ufesa-pro-glam-twist.jpg,7,,
dr-proglamtwist,,,,,,,,,,,,,,https://f.fcdn.app/imgs/3b0491/www.diaril.com.uy/diaruy/b3bf/original/catalogo/PROGLAMTWIST_PROGLAMTWIST_3/1920-1200/moldeador-de-pelo-ufesa-pro-glam-twist-moldeador-de-pelo-ufesa-pro-glam-twist.jpg,8,,
dr-si-mp590-xin,Heladera Inverter Siam SI-MP590-XIN 532 L,Heladera Inverter Siam SI-MP590-XIN 532 L,Siam,Electro,"Heladeras, Siam, stock-verificado",TRUE,Color,Heladera Inverter Siam SI-MP590-XIN 532 L,SI-MP590-XIN,91149.00,,10,deny,https://f.fcdn.app/imgs/09e57f/www.diaril.com.uy/diaruy/a2e6/original/catalogo/SI-MP590-XIN_SI-MP590-XIN_1/1000x1000/heladera-inverter-siam-si-mp590-xin-532-l-heladera-inverter-siam-si-mp590-xin-532-l.jpg,1,,
dr-si-mp590-xin,,,,,,,,,,,,,,https://f.fcdn.app/imgs/9e5bd7/www.diaril.com.uy/diaruy/a2e6/original/catalogo/SI-MP590-XIN_SI-MP590-XIN_1/1500-1500/heladera-inverter-siam-si-mp590-xin-532-l-heladera-inverter-siam-si-mp590-xin-532-l.jpg,2,,
dr-si-mp590-xin,,,,,,,,,,,,,,https://f.fcdn.app/imgs/ceca34/www.diaril.com.uy/diaruy/a2e6/original/catalogo/SI-MP590-XIN_SI-MP590-XIN_1/1920-1200/heladera-inverter-siam-si-mp590-xin-532-l-heladera-inverter-siam-si-mp590-xin-532-l.jpg,3,,
dr-si-mp590-xin,,,,,,,,,,,,,,https://f.fcdn.app/imgs/7f1792/www.diaril.com.uy/diaruy/8e5d/original/catalogo/SI-MP590-XIN_SI-MP590-XIN_2/1500-1500/heladera-inverter-siam-si-mp590-xin-532-l-heladera-inverter-siam-si-mp590-xin-532-l.jpg,4,,
dr-si-mp590-xin,,,,,,,,,,,,,,https://f.fcdn.app/imgs/289801/www.diaril.com.uy/diaruy/8e5d/original/catalogo/SI-MP590-XIN_SI-MP590-XIN_2/1920-1200/heladera-inverter-siam-si-mp590-xin-532-l-heladera-inverter-siam-si-mp590-xin-532-l.jpg,5,,
dr-si-mp590-xin,,,,,,,,,,,,,,https://f.fcdn.app/imgs/216aba/www.diaril.com.uy/diaruy/8e5d/original/catalogo/SI-MP590-XIN_SI-MP590-XIN_2/1000x1000/heladera-inverter-siam-si-mp590-xin-532-l-heladera-inverter-siam-si-mp590-xin-532-l.jpg,6,,
dr-si-mp590-xin,,,,,,,,,,,,,,https://f.fcdn.app/imgs/6519a2/www.diaril.com.uy/diaruy/999d/original/catalogo/SI-MP590-XIN_SI-MP590-XIN_3/1500-1500/heladera-inverter-siam-si-mp590-xin-532-l-heladera-inverter-siam-si-mp590-xin-532-l.jpg,7,,
dr-si-mp590-xin,,,,,,,,,,,,,,https://f.fcdn.app/imgs/25c2f2/www.diaril.com.uy/diaruy/999d/original/catalogo/SI-MP590-XIN_SI-MP590-XIN_3/1920-1200/heladera-inverter-siam-si-mp590-xin-532-l-heladera-inverter-siam-si-mp590-xin-532-l.jpg,8,,
dr-bellagiorossa,Cafetera Multicápsulas Ufesa Bellagio Rossa,"<ul><li>• Potencia: 1400 W</li><li>• Sistema Multicápsula: Compatible con Nespresso®, Dolce Gusto® y café molido</li><li>• Bomba de presión profesional de 15 Bar</li><li>• Panel de control táctil con 7 niveles de intensidad/volumen</li><li>• Depósito de agua extraíble de 1 litro</li><li>• Sistema de ahorro energético con apagado automático</li><li>• Diseño compacto ideal para cocinas con poco espacio</li></ul>",Ufesa,Electro,"Cafeteras, Ufesa, stock-verificado",TRUE,Color,Cafetera Multicápsulas Ufesa Bellagio Rossa,BELLAGIO ROSSA,9492.00,,10,deny,https://f.fcdn.app/imgs/d9e4db/www.diaril.com.uy/diaruy/2e2b/original/catalogo/BELLAGIOROSSA_BELLAGIOROSSA_1/1000x1000/cafetera-multicapsulas-ufesa-bellagio-rossa-cafetera-multicapsulas-ufesa-bellagio-rossa.jpg,1,,
dr-bellagiorossa,,,,,,,,,,,,,,https://f.fcdn.app/imgs/220bdb/www.diaril.com.uy/diaruy/2e2b/original/catalogo/BELLAGIOROSSA_BELLAGIOROSSA_1/1500-1500/cafetera-multicapsulas-ufesa-bellagio-rossa-cafetera-multicapsulas-ufesa-bellagio-rossa.jpg,2,,
dr-bellagiorossa,,,,,,,,,,,,,,https://f.fcdn.app/imgs/9fd924/www.diaril.com.uy/diaruy/2e2b/original/catalogo/BELLAGIOROSSA_BELLAGIOROSSA_1/1920-1200/cafetera-multicapsulas-ufesa-bellagio-rossa-cafetera-multicapsulas-ufesa-bellagio-rossa.jpg,3,,
dr-bellagiorossa,,,,,,,,,,,,,,https://f.fcdn.app/imgs/6df18d/www.diaril.com.uy/diaruy/adb1/original/catalogo/BELLAGIOROSSA_BELLAGIOROSSA_2/1500-1500/cafetera-multicapsulas-ufesa-bellagio-rossa-cafetera-multicapsulas-ufesa-bellagio-rossa.jpg,4,,
dr-bellagiorossa,,,,,,,,,,,,,,https://f.fcdn.app/imgs/bcbaed/www.diaril.com.uy/diaruy/adb1/original/catalogo/BELLAGIOROSSA_BELLAGIOROSSA_2/1920-1200/cafetera-multicapsulas-ufesa-bellagio-rossa-cafetera-multicapsulas-ufesa-bellagio-rossa.jpg,5,,
dr-bellagiorossa,,,,,,,,,,,,,,https://f.fcdn.app/imgs/24c0bd/www.diaril.com.uy/diaruy/adb1/original/catalogo/BELLAGIOROSSA_BELLAGIOROSSA_2/1000x1000/cafetera-multicapsulas-ufesa-bellagio-rossa-cafetera-multicapsulas-ufesa-bellagio-rossa.jpg,6,,
dr-bellagiorossa,,,,,,,,,,,,,,https://f.fcdn.app/imgs/de99e0/www.diaril.com.uy/diaruy/fb07/original/catalogo/BELLAGIOROSSA_BELLAGIOROSSA_3/1500-1500/cafetera-multicapsulas-ufesa-bellagio-rossa-cafetera-multicapsulas-ufesa-bellagio-rossa.jpg,7,,
dr-bellagiorossa,,,,,,,,,,,,,,https://f.fcdn.app/imgs/013c8f/www.diaril.com.uy/diaruy/fb07/original/catalogo/BELLAGIOROSSA_BELLAGIOROSSA_3/1920-1200/cafetera-multicapsulas-ufesa-bellagio-rossa-cafetera-multicapsulas-ufesa-bellagio-rossa.jpg,8,,
dr-fut-560sbs-in,Heladera Side By Side Futura Inverter FUT-560SBS-IN 521 L,<ul><li>• Diseño Premium: Formato Side by Side en elegante Vidrio Negro</li><li>• Tecnología Motor INVERTER: Silencioso y de bajo consumo energético</li><li>• Eficiencia Energética Clase A: Rendimiento optimizado</li><li>• Capacidad Neta Total: 563 Litros (Ideal para familias grandes)</li><li>• Capacidad Refrigerador: 386 L | Capacidad Congelador: 177 L</li><li>• Control Electrónico Touch: Gestión de temperatura precisa y moderna</li><li>• Estantes de Vidrio Templado Antiderrame de alta resistencia</li><li>• Organización Superior: 4 estantes y 2 cajones transparentes por compartimiento</li><li>• Iluminación Interior LED: Máxima visibilidad y ahorro de energía</li><li>• Medidas: Ancho 90 cm | Profundidad 66 cm | Alto 177 cm</li></ul>,Futura,Electro,"Heladeras, Futura, stock-verificado",TRUE,Color,Heladera Side By Side Futura Inverter FUT-560SBS-IN 521 L,FUT-560SBS-IN,48496.00,,10,deny,https://f.fcdn.app/imgs/5873c8/www.diaril.com.uy/diaruy/44e3/original/catalogo/FUT-560SBS-IN_FUT-560SBS-IN_1/1000x1000/heladera-side-by-side-futura-inverter-fut-560sbs-in-521-l-heladera-side-by-side-futura-inverter-fut-560sbs-in-521-l.jpg,1,,
dr-fut-560sbs-in,,,,,,,,,,,,,,https://f.fcdn.app/imgs/6c6faf/www.diaril.com.uy/diaruy/44e3/original/catalogo/FUT-560SBS-IN_FUT-560SBS-IN_1/1500-1500/heladera-side-by-side-futura-inverter-fut-560sbs-in-521-l-heladera-side-by-side-futura-inverter-fut-560sbs-in-521-l.jpg,2,,
dr-fut-560sbs-in,,,,,,,,,,,,,,https://f.fcdn.app/imgs/5f6da1/www.diaril.com.uy/diaruy/44e3/original/catalogo/FUT-560SBS-IN_FUT-560SBS-IN_1/1920-1200/heladera-side-by-side-futura-inverter-fut-560sbs-in-521-l-heladera-side-by-side-futura-inverter-fut-560sbs-in-521-l.jpg,3,,
dr-fut-560sbs-in,,,,,,,,,,,,,,https://f.fcdn.app/imgs/7fbeb6/www.diaril.com.uy/diaruy/e521/original/catalogo/FUT-560SBS-IN_FUT-560SBS-IN_2/1500-1500/heladera-side-by-side-futura-inverter-fut-560sbs-in-521-l-heladera-side-by-side-futura-inverter-fut-560sbs-in-521-l.jpg,4,,
dr-fut-560sbs-in,,,,,,,,,,,,,,https://f.fcdn.app/imgs/a16c3b/www.diaril.com.uy/diaruy/e521/original/catalogo/FUT-560SBS-IN_FUT-560SBS-IN_2/1920-1200/heladera-side-by-side-futura-inverter-fut-560sbs-in-521-l-heladera-side-by-side-futura-inverter-fut-560sbs-in-521-l.jpg,5,,
dr-fut-560sbs-in,,,,,,,,,,,,,,https://f.fcdn.app/imgs/c53697/www.diaril.com.uy/diaruy/e521/original/catalogo/FUT-560SBS-IN_FUT-560SBS-IN_2/1000x1000/heladera-side-by-side-futura-inverter-fut-560sbs-in-521-l-heladera-side-by-side-futura-inverter-fut-560sbs-in-521-l.jpg,6,,
dr-fut-560sbs-in,,,,,,,,,,,,,,https://f.fcdn.app/imgs/909d87/www.diaril.com.uy/diaruy/eae1/original/catalogo/FUT-560SBS-IN_FUT-560SBS-IN_3/1500-1500/heladera-side-by-side-futura-inverter-fut-560sbs-in-521-l-heladera-side-by-side-futura-inverter-fut-560sbs-in-521-l.jpg,7,,
dr-fut-560sbs-in,,,,,,,,,,,,,,https://f.fcdn.app/imgs/b9a7b5/www.diaril.com.uy/diaruy/eae1/original/catalogo/FUT-560SBS-IN_FUT-560SBS-IN_3/1920-1200/heladera-side-by-side-futura-inverter-fut-560sbs-in-521-l-heladera-side-by-side-futura-inverter-fut-560sbs-in-521-l.jpg,8,,
dr-fut-ac09st-on,Aire Acondicionado Futura FUT-AC09ST-ON 9000 BTU,"<ul><li>• Capacidad de refrigeración: 9.000 BTU</li><li>• Área de cobertura ideal: de 9 a 16 m² (Perfecto para dormitorios)</li><li>• Gas Refrigerante Ecológico R32: Mayor eficiencia y menor impacto ambiental</li><li>• Funciones 3 en 1: Refrigeración, Deshumidificador y Ventilación</li><li>• Display LED digital con lectura de temperatura</li><li>• Control Remoto de fácil uso para todas las funciones</li><li>• Eficiencia Energética Clase C</li><li>• Potencia de consumo: 1200 W</li><li>• Incluye Kit de instalación completo</li></ul>",Futura,Electro,"Climatización, Futura, stock-verificado",TRUE,Color,Aire Acondicionado Futura FUT-AC09ST-ON 9000 BTU,FUT-AC09ST-ON,13181.00,,10,deny,https://f.fcdn.app/imgs/78e3a1/www.diaril.com.uy/diaruy/02a7/original/catalogo/FUT-AC09ST-ON_FUT-AC09ST-ON_1/1000x1000/aire-acondicionado-futura-fut-ac09st-on-9000-btu-aire-acondicionado-futura-fut-ac09st-on-9000-btu.jpg,1,,
dr-fut-ac09st-on,,,,,,,,,,,,,,https://f.fcdn.app/imgs/636fe0/www.diaril.com.uy/diaruy/02a7/original/catalogo/FUT-AC09ST-ON_FUT-AC09ST-ON_1/1500-1500/aire-acondicionado-futura-fut-ac09st-on-9000-btu-aire-acondicionado-futura-fut-ac09st-on-9000-btu.jpg,2,,
dr-fut-ac09st-on,,,,,,,,,,,,,,https://f.fcdn.app/imgs/71dc57/www.diaril.com.uy/diaruy/02a7/original/catalogo/FUT-AC09ST-ON_FUT-AC09ST-ON_1/1920-1200/aire-acondicionado-futura-fut-ac09st-on-9000-btu-aire-acondicionado-futura-fut-ac09st-on-9000-btu.jpg,3,,
dr-fut-ac09st-on,,,,,,,,,,,,,,https://f.fcdn.app/imgs/76d40c/www.diaril.com.uy/diaruy/fff3/original/catalogo/FUT-AC09ST-ON_FUT-AC09ST-ON_2/1500-1500/aire-acondicionado-futura-fut-ac09st-on-9000-btu-aire-acondicionado-futura-fut-ac09st-on-9000-btu.jpg,4,,
dr-fut-ac09st-on,,,,,,,,,,,,,,https://f.fcdn.app/imgs/f60328/www.diaril.com.uy/diaruy/fff3/original/catalogo/FUT-AC09ST-ON_FUT-AC09ST-ON_2/1920-1200/aire-acondicionado-futura-fut-ac09st-on-9000-btu-aire-acondicionado-futura-fut-ac09st-on-9000-btu.jpg,5,,
dr-fut-ac09st-on,,,,,,,,,,,,,,https://f.fcdn.app/imgs/2b047b/www.diaril.com.uy/diaruy/fff3/original/catalogo/FUT-AC09ST-ON_FUT-AC09ST-ON_2/1000x1000/aire-acondicionado-futura-fut-ac09st-on-9000-btu-aire-acondicionado-futura-fut-ac09st-on-9000-btu.jpg,6,,
dr-fut-ac09st-on,,,,,,,,,,,,,,https://f.fcdn.app/imgs/11611e/www.diaril.com.uy/diaruy/b2a7/original/catalogo/FUT-AC09ST-ON_FUT-AC09ST-ON_3/1500-1500/aire-acondicionado-futura-fut-ac09st-on-9000-btu-aire-acondicionado-futura-fut-ac09st-on-9000-btu.jpg,7,,
dr-fut-ac09st-on,,,,,,,,,,,,,,https://f.fcdn.app/imgs/b32be8/www.diaril.com.uy/diaruy/b2a7/original/catalogo/FUT-AC09ST-ON_FUT-AC09ST-ON_3/1920-1200/aire-acondicionado-futura-fut-ac09st-on-9000-btu-aire-acondicionado-futura-fut-ac09st-on-9000-btu.jpg,8,,
dr-fut-ag300vg-2,Anafe Vitrogas Futura FUT-AG300VG-2,"<ul><li>• Diseño Ultra Compacto ""Dominó"" de 2 hornallas (Ancho 29 cm)</li><li>• Quemadores Euro Type de alta eficiencia con tapas de Hierro Fundido</li><li>• Parrillas individuales de Hierro Fundido: Máxima estabilidad y resistencia térmica</li><li>• Seguridad Total: Válvula de seguridad (termocupla) en cada quemador</li><li>• Encendido Automático integrado en las perillas</li><li>• Comandos frontales con perillas de diseño moderno y ergonómico</li><li>• Medidas exteriores: Ancho 29 cm | Profundidad 51 cm</li><li>• Medidas de empotre: 27 x 49 x 4.25 cm</li></ul>",Futura,Electro,"Cocinas, Futura, stock-verificado",TRUE,Color,Anafe Vitrogas Futura FUT-AG300VG-2,FUT-AG300VG-2,7461.00,,10,deny,https://f.fcdn.app/imgs/4aeaba/www.diaril.com.uy/diaruy/b97a/original/catalogo/FUT-AG300VG-2_FUT-AG300VG-2_1/1000x1000/anafe-vitrogas-futura-fut-ag300vg-2-anafe-vitrogas-futura-fut-ag300vg-2.jpg,1,,
dr-fut-ag300vg-2,,,,,,,,,,,,,,https://f.fcdn.app/imgs/0f06f7/www.diaril.com.uy/diaruy/b97a/original/catalogo/FUT-AG300VG-2_FUT-AG300VG-2_1/1500-1500/anafe-vitrogas-futura-fut-ag300vg-2-anafe-vitrogas-futura-fut-ag300vg-2.jpg,2,,
dr-fut-ag300vg-2,,,,,,,,,,,,,,https://f.fcdn.app/imgs/b415e8/www.diaril.com.uy/diaruy/b97a/original/catalogo/FUT-AG300VG-2_FUT-AG300VG-2_1/1920-1200/anafe-vitrogas-futura-fut-ag300vg-2-anafe-vitrogas-futura-fut-ag300vg-2.jpg,3,,
dr-fut-ag300vg-2,,,,,,,,,,,,,,https://f.fcdn.app/imgs/25d1c0/www.diaril.com.uy/diaruy/b97a/original/catalogo/FUT-AG300VG-2_FUT-AG300VG-2_1/2000-2000/anafe-vitrogas-futura-fut-ag300vg-2-anafe-vitrogas-futura-fut-ag300vg-2.jpg,4,,
dr-fut-ag300vg-2,,,,,,,,,,,,,,https://f.fcdn.app/imgs/18836f/www.diaril.com.uy/diaruy/b97a/original/catalogo/FUT-AG300VG-2_FUT-AG300VG-2_1/100x100/anafe-vitrogas-futura-fut-ag300vg-2-anafe-vitrogas-futura-fut-ag300vg-2.jpg,5,,
dr-fut-ag300vg-2,,,,,,,,,,,,,,https://f.fcdn.app/imgs/dde542/www.diaril.com.uy/diaruy/b97a/original/catalogo/FUT-AG300VG-2_FUT-AG300VG-2_1/1000_1000/anafe-vitrogas-futura-fut-ag300vg-2-anafe-vitrogas-futura-fut-ag300vg-2.jpg,6,,
dr-fut-ag600vg-4,Anafe Vitrogas Futura FUT-AG600VG-4,"<ul><li>• Anafe a Gas con 3 Quemadores Euro Type y tapas de Hierro Fundido</li><li>• Quemador WOK de Alta Potencia (Triple llama, 3600 W) con parrilla especial</li><li>• Parrillas de Hierro Fundido: Máxima estabilidad y resistencia al calor</li><li>• Comandos frontales metálicos con diseño moderno y ergonómico</li><li>• Encendido automático integrado en las perillas (Manejo con una mano)</li><li>• Seguridad Total: Válvula de seguridad (termocupla) en cada quemador</li><li>• Medidas exteriores: Ancho 58 cm | Profundidad 51.5 cm</li><li>• Medidas de empotre estándar: 56 x 49 x 4 cm</li></ul>",Futura,Electro,"Cocinas, Futura, stock-verificado",TRUE,Color,Anafe Vitrogas Futura FUT-AG600VG-4,FUT-AG600VG-4,14508.00,,10,deny,https://f.fcdn.app/imgs/bc9b0d/www.diaril.com.uy/diaruy/14a0/original/catalogo/FUT-AG600VG-4_FUT-AG600VG-4_1/1000x1000/anafe-vitrogas-futura-fut-ag600vg-4-anafe-vitrogas-futura-fut-ag600vg-4.jpg,1,,
dr-fut-ag600vg-4,,,,,,,,,,,,,,https://f.fcdn.app/imgs/fa3037/www.diaril.com.uy/diaruy/14a0/original/catalogo/FUT-AG600VG-4_FUT-AG600VG-4_1/1500-1500/anafe-vitrogas-futura-fut-ag600vg-4-anafe-vitrogas-futura-fut-ag600vg-4.jpg,2,,
dr-fut-ag600vg-4,,,,,,,,,,,,,,https://f.fcdn.app/imgs/b1cedd/www.diaril.com.uy/diaruy/14a0/original/catalogo/FUT-AG600VG-4_FUT-AG600VG-4_1/1920-1200/anafe-vitrogas-futura-fut-ag600vg-4-anafe-vitrogas-futura-fut-ag600vg-4.jpg,3,,
dr-fut-ag600vg-4,,,,,,,,,,,,,,https://f.fcdn.app/imgs/a70c5e/www.diaril.com.uy/diaruy/14a0/original/catalogo/FUT-AG600VG-4_FUT-AG600VG-4_1/2000-2000/anafe-vitrogas-futura-fut-ag600vg-4-anafe-vitrogas-futura-fut-ag600vg-4.jpg,4,,
dr-fut-ag600vg-4,,,,,,,,,,,,,,https://f.fcdn.app/imgs/ad300f/www.diaril.com.uy/diaruy/14a0/original/catalogo/FUT-AG600VG-4_FUT-AG600VG-4_1/100x100/anafe-vitrogas-futura-fut-ag600vg-4-anafe-vitrogas-futura-fut-ag600vg-4.jpg,5,,
dr-fut-ag600vg-4,,,,,,,,,,,,,,https://f.fcdn.app/imgs/14f55d/www.diaril.com.uy/diaruy/14a0/original/catalogo/FUT-AG600VG-4_FUT-AG600VG-4_1/1000_1000/anafe-vitrogas-futura-fut-ag600vg-4-anafe-vitrogas-futura-fut-ag600vg-4.jpg,6,,
dr-fut-fi312nf-x,Heladera Futura FUT-FI312NF-X Frío Seco 286 L,<ul><li>• Capacidad neta total: 312 Litros (Refrigerador 237L / Freezer 75L)</li><li>• Diseño Combi: Freezer inferior con 3 cajones transparentes</li><li>• Acabado Premium: Color Acero Inoxidable</li><li>• Eficiencia Energética Clase A</li><li>• Puertas Reversibles para adaptación total a tu cocina</li><li>• Control electrónico de temperatura de alta precisión</li><li>• Fabricadora de hielo integrada en el freezer</li><li>• Estantes de vidrio templado con sistema anti-derrame</li><li>• Organización: Cajón transparente para vegetales y estantes en contrapuerta</li><li>• Iluminación interior LED de bajo consumo</li><li>• Medidas compactas: Ancho 60 cm | Profundidad 60 cm | Altura 185 cm</li></ul>,Futura,Electro,"Heladeras, Futura, stock-verificado",TRUE,Color,Heladera Futura FUT-FI312NF-X Frío Seco 286 L,FUT-FI312NF-X,27564.00,,10,deny,https://f.fcdn.app/imgs/239a2a/www.diaril.com.uy/diaruy/194a/original/catalogo/FUT-FI312NF-X_FUT-FI312NF-X_1/1000x1000/heladera-futura-fut-fi312nf-x-frio-seco-286-l-heladera-futura-fut-fi312nf-x-frio-seco-286-l.jpg,1,,
dr-fut-fi312nf-x,,,,,,,,,,,,,,https://f.fcdn.app/imgs/33af1d/www.diaril.com.uy/diaruy/194a/original/catalogo/FUT-FI312NF-X_FUT-FI312NF-X_1/1500-1500/heladera-futura-fut-fi312nf-x-frio-seco-286-l-heladera-futura-fut-fi312nf-x-frio-seco-286-l.jpg,2,,
dr-fut-fi312nf-x,,,,,,,,,,,,,,https://f.fcdn.app/imgs/1e9b13/www.diaril.com.uy/diaruy/194a/original/catalogo/FUT-FI312NF-X_FUT-FI312NF-X_1/1920-1200/heladera-futura-fut-fi312nf-x-frio-seco-286-l-heladera-futura-fut-fi312nf-x-frio-seco-286-l.jpg,3,,
dr-fut-fi312nf-x,,,,,,,,,,,,,,https://f.fcdn.app/imgs/1fa8ca/www.diaril.com.uy/diaruy/57e2/original/catalogo/FUT-FI312NF-X_FUT-FI312NF-X_2/1500-1500/heladera-futura-fut-fi312nf-x-frio-seco-286-l-heladera-futura-fut-fi312nf-x-frio-seco-286-l.jpg,4,,
dr-fut-fi312nf-x,,,,,,,,,,,,,,https://f.fcdn.app/imgs/76e0c9/www.diaril.com.uy/diaruy/57e2/original/catalogo/FUT-FI312NF-X_FUT-FI312NF-X_2/1920-1200/heladera-futura-fut-fi312nf-x-frio-seco-286-l-heladera-futura-fut-fi312nf-x-frio-seco-286-l.jpg,5,,
dr-fut-fi312nf-x,,,,,,,,,,,,,,https://f.fcdn.app/imgs/ff1f26/www.diaril.com.uy/diaruy/57e2/original/catalogo/FUT-FI312NF-X_FUT-FI312NF-X_2/1000x1000/heladera-futura-fut-fi312nf-x-frio-seco-286-l-heladera-futura-fut-fi312nf-x-frio-seco-286-l.jpg,6,,
dr-fut-fi312nf-x,,,,,,,,,,,,,,https://f.fcdn.app/imgs/950023/www.diaril.com.uy/diaruy/e399/original/catalogo/FUT-FI312NF-X_FUT-FI312NF-X_3/1500-1500/heladera-futura-fut-fi312nf-x-frio-seco-286-l-heladera-futura-fut-fi312nf-x-frio-seco-286-l.jpg,7,,
dr-fut-fi312nf-x,,,,,,,,,,,,,,https://f.fcdn.app/imgs/0a84ca/www.diaril.com.uy/diaruy/e399/original/catalogo/FUT-FI312NF-X_FUT-FI312NF-X_3/1920-1200/heladera-futura-fut-fi312nf-x-frio-seco-286-l-heladera-futura-fut-fi312nf-x-frio-seco-286-l.jpg,8,,
dr-fut-fid295nf2,Heladera Futura FUT-FID295NF 2 286 L,<ul><li>• Capacidad neta total: 295 Litros (Refrigerador 219L / Freezer 76L)</li><li>• Diseño Combi: 2 puertas con Freezer en la parte inferior</li><li>• Eficiencia Energética Clase A</li><li>• Dispensador de agua integrado en la puerta superior</li><li>• Tecnología MULTI-AIR FLOW: Distribución uniforme del aire frío</li><li>• Control electrónico de temperatura de alta precisión</li><li>• Funciones inteligentes: Súper Congelación y Súper Enfriamiento automático</li><li>• Estantes de vidrio templado con sistema anti-derrame</li><li>• Organización: Cajón transparente para vegetales y estantes en puerta</li><li>• Iluminación interior LED de bajo consumo</li><li>• Medidas: Ancho 59.5 cm | Profundidad 63 cm | Altura 188 cm</li></ul>,Futura,Electro,"Heladeras, Futura",TRUE,Color,Heladera Futura FUT-FID295NF 2 286 L,FUT-FID295NF 2,30259.00,,0,deny,https://f.fcdn.app/imgs/2954af/www.diaril.com.uy/diaruy/1fff/original/catalogo/FUT-FID295NF2_FUT-FID295NF2_1/1000x1000/heladera-futura-fut-fid295nf-2-286-l-heladera-futura-fut-fid295nf-2-286-l.jpg,1,,
dr-fut-fid295nf2,,,,,,,,,,,,,,https://f.fcdn.app/imgs/ad84de/www.diaril.com.uy/diaruy/1fff/original/catalogo/FUT-FID295NF2_FUT-FID295NF2_1/1500-1500/heladera-futura-fut-fid295nf-2-286-l-heladera-futura-fut-fid295nf-2-286-l.jpg,2,,
dr-fut-fid295nf2,,,,,,,,,,,,,,https://f.fcdn.app/imgs/a4d6aa/www.diaril.com.uy/diaruy/1fff/original/catalogo/FUT-FID295NF2_FUT-FID295NF2_1/1920-1200/heladera-futura-fut-fid295nf-2-286-l-heladera-futura-fut-fid295nf-2-286-l.jpg,3,,
dr-fut-fid295nf2,,,,,,,,,,,,,,https://f.fcdn.app/imgs/528270/www.diaril.com.uy/diaruy/8bca/original/catalogo/FUT-FID295NF2_FUT-FID295NF2_2/1500-1500/heladera-futura-fut-fid295nf-2-286-l-heladera-futura-fut-fid295nf-2-286-l.jpg,4,,
dr-fut-fid295nf2,,,,,,,,,,,,,,https://f.fcdn.app/imgs/32914a/www.diaril.com.uy/diaruy/8bca/original/catalogo/FUT-FID295NF2_FUT-FID295NF2_2/1920-1200/heladera-futura-fut-fid295nf-2-286-l-heladera-futura-fut-fid295nf-2-286-l.jpg,5,,
dr-fut-fid295nf2,,,,,,,,,,,,,,https://f.fcdn.app/imgs/ee4cb6/www.diaril.com.uy/diaruy/8bca/original/catalogo/FUT-FID295NF2_FUT-FID295NF2_2/1000x1000/heladera-futura-fut-fid295nf-2-286-l-heladera-futura-fut-fid295nf-2-286-l.jpg,6,,
dr-fut-fid295nf2,,,,,,,,,,,,,,https://f.fcdn.app/imgs/bc692d/www.diaril.com.uy/diaruy/bfda/original/catalogo/FUT-FID295NF2_FUT-FID295NF2_3/1500-1500/heladera-futura-fut-fid295nf-2-286-l-heladera-futura-fut-fid295nf-2-286-l.jpg,7,,
dr-fut-fid295nf2,,,,,,,,,,,,,,https://f.fcdn.app/imgs/2923f3/www.diaril.com.uy/diaruy/bfda/original/catalogo/FUT-FID295NF2_FUT-FID295NF2_3/1920-1200/heladera-futura-fut-fid295nf-2-286-l-heladera-futura-fut-fid295nf-2-286-l.jpg,8,,
dr-fut-frh508-2p,Freezer Futura FUT-FRH508-2P 508 L,<ul><li>• Capacidad neta total: 508 Litros (Capacidad XL)</li><li>• Doble Acción: Función seleccionable como Freezer o Heladera</li><li>• Diseño de Doble Puerta para acceso segmentado y ahorro de frío</li><li>• Congelador de 4 estrellas (Temperatura de hasta -18 °C)</li><li>• Interior recubierto en metal (PCM) de alta durabilidad</li><li>• Panel de control mecánico frontal con luces indicadoras</li><li>• Descongelación manual con práctico desagüe frontal</li><li>• Movilidad facilitada: Patas regulables y ruedas integradas</li><li>• Equipamiento: Cesto metálico interior incluido</li><li>• Eficiencia energética: Clase B</li><li>• Medidas: Ancho 164 cm | Profundidad 70 cm | Altura 87 cm</li></ul>,Futura,Electro,"Heladeras, Futura",TRUE,Color,Freezer Futura FUT-FRH508-2P 508 L,FUT-FRH508-2P,35191.00,,0,deny,https://f.fcdn.app/imgs/85cd15/www.diaril.com.uy/diaruy/b25f/original/catalogo/FUT-FRH508-2P_FUT-FRH508-2P_1/1000x1000/freezer-futura-fut-frh508-2p-508-l-freezer-futura-fut-frh508-2p-508-l.jpg,1,,
dr-fut-frh508-2p,,,,,,,,,,,,,,https://f.fcdn.app/imgs/43e42f/www.diaril.com.uy/diaruy/b25f/original/catalogo/FUT-FRH508-2P_FUT-FRH508-2P_1/1500-1500/freezer-futura-fut-frh508-2p-508-l-freezer-futura-fut-frh508-2p-508-l.jpg,2,,
dr-fut-frh508-2p,,,,,,,,,,,,,,https://f.fcdn.app/imgs/cf1421/www.diaril.com.uy/diaruy/b25f/original/catalogo/FUT-FRH508-2P_FUT-FRH508-2P_1/1920-1200/freezer-futura-fut-frh508-2p-508-l-freezer-futura-fut-frh508-2p-508-l.jpg,3,,
dr-fut-frh508-2p,,,,,,,,,,,,,,https://f.fcdn.app/imgs/3aff1f/www.diaril.com.uy/diaruy/e9ee/original/catalogo/FUT-FRH508-2P_FUT-FRH508-2P_2/1500-1500/freezer-futura-fut-frh508-2p-508-l-freezer-futura-fut-frh508-2p-508-l.jpg,4,,
dr-fut-frh508-2p,,,,,,,,,,,,,,https://f.fcdn.app/imgs/b78680/www.diaril.com.uy/diaruy/e9ee/original/catalogo/FUT-FRH508-2P_FUT-FRH508-2P_2/1920-1200/freezer-futura-fut-frh508-2p-508-l-freezer-futura-fut-frh508-2p-508-l.jpg,5,,
dr-fut-frh508-2p,,,,,,,,,,,,,,https://f.fcdn.app/imgs/b29a7e/www.diaril.com.uy/diaruy/e9ee/original/catalogo/FUT-FRH508-2P_FUT-FRH508-2P_2/1000x1000/freezer-futura-fut-frh508-2p-508-l-freezer-futura-fut-frh508-2p-508-l.jpg,6,,
dr-fut-frh508-2p,,,,,,,,,,,,,,https://f.fcdn.app/imgs/bdc770/www.diaril.com.uy/diaruy/b397/original/catalogo/FUT-FRH508-2P_FUT-FRH508-2P_3/1500-1500/freezer-futura-fut-frh508-2p-508-l-freezer-futura-fut-frh508-2p-508-l.jpg,7,,
dr-fut-frh508-2p,,,,,,,,,,,,,,https://f.fcdn.app/imgs/b50ace/www.diaril.com.uy/diaruy/b397/original/catalogo/FUT-FRH508-2P_FUT-FRH508-2P_3/1920-1200/freezer-futura-fut-frh508-2p-508-l-freezer-futura-fut-frh508-2p-508-l.jpg,8,,
dr-indiana2550xl,Plancha de asar Ufesa Indiana XL,<ul><li>• Potencia Máxima: 2500 W para un calentamiento rápido y uniforme</li><li>• Superficie de Cocción XL: 58 x 33 cm (Ideal para familias o reuniones)</li><li>• Placa de Aluminio Fundido de alta durabilidad y retención de calor</li><li>• Revestimiento Antiadherente de doble capa para cocinar sin aceites</li><li>• Termostato Regulable y extraíble para un control exacto de la temperatura</li><li>• Sistema de Vertido de Aceite para una alimentación más saludable</li><li>• Estabilidad Total: Pies antideslizantes para un uso seguro</li></ul>,Ufesa,Electro,"Sandwicheras, Ufesa, stock-verificado",TRUE,Color,Plancha de asar Ufesa Indiana XL,INDIANA 2550XL,5347.00,,10,deny,https://f.fcdn.app/imgs/3e9ec0/www.diaril.com.uy/diaruy/44e7/original/catalogo/INDIANA2550XL_INDIANA2550XL_1/1000x1000/plancha-de-asar-ufesa-indiana-xl-plancha-de-asar-ufesa-indiana-xl.jpg,1,,
dr-indiana2550xl,,,,,,,,,,,,,,https://f.fcdn.app/imgs/b0e098/www.diaril.com.uy/diaruy/44e7/original/catalogo/INDIANA2550XL_INDIANA2550XL_1/1500-1500/plancha-de-asar-ufesa-indiana-xl-plancha-de-asar-ufesa-indiana-xl.jpg,2,,
dr-indiana2550xl,,,,,,,,,,,,,,https://f.fcdn.app/imgs/dbecc6/www.diaril.com.uy/diaruy/44e7/original/catalogo/INDIANA2550XL_INDIANA2550XL_1/1920-1200/plancha-de-asar-ufesa-indiana-xl-plancha-de-asar-ufesa-indiana-xl.jpg,3,,
dr-indiana2550xl,,,,,,,,,,,,,,https://f.fcdn.app/imgs/1f81bc/www.diaril.com.uy/diaruy/8d87/original/catalogo/INDIANA2550XL_INDIANA2550XL_2/1500-1500/plancha-de-asar-ufesa-indiana-xl-plancha-de-asar-ufesa-indiana-xl.jpg,4,,
dr-indiana2550xl,,,,,,,,,,,,,,https://f.fcdn.app/imgs/8e6850/www.diaril.com.uy/diaruy/8d87/original/catalogo/INDIANA2550XL_INDIANA2550XL_2/1920-1200/plancha-de-asar-ufesa-indiana-xl-plancha-de-asar-ufesa-indiana-xl.jpg,5,,
dr-indiana2550xl,,,,,,,,,,,,,,https://f.fcdn.app/imgs/a63a91/www.diaril.com.uy/diaruy/8d87/original/catalogo/INDIANA2550XL_INDIANA2550XL_2/1000x1000/plancha-de-asar-ufesa-indiana-xl-plancha-de-asar-ufesa-indiana-xl.jpg,6,,
dr-indiana2550xl,,,,,,,,,,,,,,https://f.fcdn.app/imgs/cfae63/www.diaril.com.uy/diaruy/b17b/original/catalogo/INDIANA2550XL_INDIANA2550XL_3/1500-1500/plancha-de-asar-ufesa-indiana-xl-plancha-de-asar-ufesa-indiana-xl.jpg,7,,
dr-indiana2550xl,,,,,,,,,,,,,,https://f.fcdn.app/imgs/eaf7e6/www.diaril.com.uy/diaruy/b17b/original/catalogo/INDIANA2550XL_INDIANA2550XL_3/1920-1200/plancha-de-asar-ufesa-indiana-xl-plancha-de-asar-ufesa-indiana-xl.jpg,8,,
dr-totalchef-rk7,Robot de cocina Ufesa TotalChef RK7,"<ul><li>• Potencia Total de 2000 W: Máximo rendimiento para todas las texturas</li><li>• Conexión WiFi y Software Interactivo: Acceso a más de 150 recetas guiadas paso a paso</li><li>• 30 Funciones en 1: Desde amasar y picar hielo hasta cocción lenta y yogur</li><li>• Jarra XL de 4.5 Litros: Gran capacidad para preparaciones familiares</li><li>• 8 Programas Automáticos: Amasar, Vapor, Fuego lento, Hervir, Procesador, Picar, Turbo y Pesar</li><li>• Función Inversa: Giro de cuchillas sin corte para remover guisos y potajes delicados</li><li>• Vaporera de 2 Niveles: Permite cocinar de forma sana hasta 4 platos simultáneamente</li><li>• Accesorios Profesionales: Incluye báscula integrada y componentes aptos para lavavajillas</li></ul>",Ufesa,Electro,"Batidoras, Ufesa, stock-verificado",TRUE,Color,Robot de cocina Ufesa TotalChef RK7,TOTAL CHEF-RK7,45554.00,,10,deny,https://f.fcdn.app/imgs/165438/www.diaril.com.uy/diaruy/3944/original/catalogo/TOTALCHEF-RK7_TOTALCHEF-RK7_1/1000x1000/robot-de-cocina-ufesa-totalchef-rk7-robot-de-cocina-ufesa-totalchef-rk7.jpg,1,,
dr-totalchef-rk7,,,,,,,,,,,,,,https://f.fcdn.app/imgs/85828f/www.diaril.com.uy/diaruy/3944/original/catalogo/TOTALCHEF-RK7_TOTALCHEF-RK7_1/1500-1500/robot-de-cocina-ufesa-totalchef-rk7-robot-de-cocina-ufesa-totalchef-rk7.jpg,2,,
dr-totalchef-rk7,,,,,,,,,,,,,,https://f.fcdn.app/imgs/e25aae/www.diaril.com.uy/diaruy/3944/original/catalogo/TOTALCHEF-RK7_TOTALCHEF-RK7_1/1920-1200/robot-de-cocina-ufesa-totalchef-rk7-robot-de-cocina-ufesa-totalchef-rk7.jpg,3,,
dr-totalchef-rk7,,,,,,,,,,,,,,https://f.fcdn.app/imgs/020178/www.diaril.com.uy/diaruy/0296/original/catalogo/TOTALCHEF-RK7_TOTALCHEF-RK7_2/1500-1500/robot-de-cocina-ufesa-totalchef-rk7-robot-de-cocina-ufesa-totalchef-rk7.jpg,4,,
dr-totalchef-rk7,,,,,,,,,,,,,,https://f.fcdn.app/imgs/8e5431/www.diaril.com.uy/diaruy/0296/original/catalogo/TOTALCHEF-RK7_TOTALCHEF-RK7_2/1920-1200/robot-de-cocina-ufesa-totalchef-rk7-robot-de-cocina-ufesa-totalchef-rk7.jpg,5,,
dr-totalchef-rk7,,,,,,,,,,,,,,https://f.fcdn.app/imgs/ee60d0/www.diaril.com.uy/diaruy/0296/original/catalogo/TOTALCHEF-RK7_TOTALCHEF-RK7_2/1000x1000/robot-de-cocina-ufesa-totalchef-rk7-robot-de-cocina-ufesa-totalchef-rk7.jpg,6,,
dr-totalchef-rk7,,,,,,,,,,,,,,https://f.fcdn.app/imgs/d27041/www.diaril.com.uy/diaruy/4269/original/catalogo/TOTALCHEF-RK7_TOTALCHEF-RK7_3/1500-1500/robot-de-cocina-ufesa-totalchef-rk7-robot-de-cocina-ufesa-totalchef-rk7.jpg,7,,
dr-totalchef-rk7,,,,,,,,,,,,,,https://f.fcdn.app/imgs/6c01be/www.diaril.com.uy/diaruy/4269/original/catalogo/TOTALCHEF-RK7_TOTALCHEF-RK7_3/1920-1200/robot-de-cocina-ufesa-totalchef-rk7-robot-de-cocina-ufesa-totalchef-rk7.jpg,8,,
dr-fut-ac09st-inv,Aire Acondicionado Inverter Futura FUT-AC09ST-INV 9000 BTU,"<ul><li>• Capacidad de refrigeración: 9.000 BTU</li><li>• Tecnología Smart Inverter: Hasta un 60% de ahorro en el consumo de energía</li><li>• Eficiencia Energética Clase A: Rendimiento superior con bajo costo operativo</li><li>• Área de cobertura ideal: de 9 a 16 m² (Ideal para dormitorios y estudios)</li><li>• Gas Refrigerante Ecológico R32: Sustentable y de alta eficiencia térmica</li><li>• Funciones Multiuso: Aire acondicionado, Deshumidificador y Ventilación</li><li>• Display LED digital de lectura clara</li><li>• Control remoto completo para gestión a distancia</li><li>• Incluye Kit de instalación estándar</li><li>• Potencia nominal: 1600 W</li></ul>",Futura,Electro,"Climatización, Futura, stock-verificado",TRUE,Color,Aire Acondicionado Inverter Futura FUT-AC09ST-INV 9000 BTU,FUT-AC09ST-INV,15751.00,,10,deny,https://f.fcdn.app/imgs/6d11fa/www.diaril.com.uy/diaruy/edb0/original/catalogo/FUT-AC09ST-INV_FUT-AC09ST-INV_1/1000x1000/aire-acondicionado-inverter-futura-fut-ac09st-inv-9000-btu-aire-acondicionado-inverter-futura-fut-ac09st-inv-9000-btu.jpg,1,,
dr-fut-ac09st-inv,,,,,,,,,,,,,,https://f.fcdn.app/imgs/a1e8b0/www.diaril.com.uy/diaruy/edb0/original/catalogo/FUT-AC09ST-INV_FUT-AC09ST-INV_1/1500-1500/aire-acondicionado-inverter-futura-fut-ac09st-inv-9000-btu-aire-acondicionado-inverter-futura-fut-ac09st-inv-9000-btu.jpg,2,,
dr-fut-ac09st-inv,,,,,,,,,,,,,,https://f.fcdn.app/imgs/a875c3/www.diaril.com.uy/diaruy/edb0/original/catalogo/FUT-AC09ST-INV_FUT-AC09ST-INV_1/1920-1200/aire-acondicionado-inverter-futura-fut-ac09st-inv-9000-btu-aire-acondicionado-inverter-futura-fut-ac09st-inv-9000-btu.jpg,3,,
dr-fut-ac09st-inv,,,,,,,,,,,,,,https://f.fcdn.app/imgs/1e43a2/www.diaril.com.uy/diaruy/cb47/original/catalogo/FUT-AC09ST-INV_FUT-AC09ST-INV_2/1500-1500/aire-acondicionado-inverter-futura-fut-ac09st-inv-9000-btu-aire-acondicionado-inverter-futura-fut-ac09st-inv-9000-btu.jpg,4,,
dr-fut-ac09st-inv,,,,,,,,,,,,,,https://f.fcdn.app/imgs/2e42da/www.diaril.com.uy/diaruy/cb47/original/catalogo/FUT-AC09ST-INV_FUT-AC09ST-INV_2/1920-1200/aire-acondicionado-inverter-futura-fut-ac09st-inv-9000-btu-aire-acondicionado-inverter-futura-fut-ac09st-inv-9000-btu.jpg,5,,
dr-fut-ac09st-inv,,,,,,,,,,,,,,https://f.fcdn.app/imgs/45e13b/www.diaril.com.uy/diaruy/cb47/original/catalogo/FUT-AC09ST-INV_FUT-AC09ST-INV_2/1000x1000/aire-acondicionado-inverter-futura-fut-ac09st-inv-9000-btu-aire-acondicionado-inverter-futura-fut-ac09st-inv-9000-btu.jpg,6,,
dr-fut-ac09st-inv,,,,,,,,,,,,,,https://f.fcdn.app/imgs/b13a73/www.diaril.com.uy/diaruy/6ddd/original/catalogo/FUT-AC09ST-INV_FUT-AC09ST-INV_3/1500-1500/aire-acondicionado-inverter-futura-fut-ac09st-inv-9000-btu-aire-acondicionado-inverter-futura-fut-ac09st-inv-9000-btu.jpg,7,,
dr-fut-ac09st-inv,,,,,,,,,,,,,,https://f.fcdn.app/imgs/7ecc19/www.diaril.com.uy/diaruy/6ddd/original/catalogo/FUT-AC09ST-INV_FUT-AC09ST-INV_3/1920-1200/aire-acondicionado-inverter-futura-fut-ac09st-inv-9000-btu-aire-acondicionado-inverter-futura-fut-ac09st-inv-9000-btu.jpg,8,,
dr-fut-ac18st-inv,Aire Acondicionado Inverter Futura FUT-AC18ST-INV 18000 BTU,"<ul><li>• Potencia de enfriamiento: 18.000 BTU</li><li>• Tecnología Smart Inverter: Hasta un 60% de ahorro energético</li><li>• Eficiencia Energética Clase A: Consumo optimizado y sustentable</li><li>• Área de cobertura ideal: de 20 a 35 m²</li><li>• Gas Refrigerante Ecológico R32: Mayor eficiencia y menor impacto ambiental</li><li>• Funciones Multiuso: Aire acondicionado, Deshumidificador y Ventilación</li><li>• Display LED digital con indicador de temperatura</li><li>• Control remoto completo para todas las funciones</li><li>• Incluye Kit de instalación estándar</li><li>• Consumo nominal: 2500 W</li></ul>",Futura,Electro,"Climatización, Futura, stock-verificado",TRUE,Color,Aire Acondicionado Inverter Futura FUT-AC18ST-INV 18000 BTU,FUT-AC18ST-INV,26072.00,,10,deny,https://f.fcdn.app/imgs/0b870e/www.diaril.com.uy/diaruy/03d3/original/catalogo/FUT-AC18ST-INV_FUT-AC18ST-INV_1/1000x1000/aire-acondicionado-inverter-futura-fut-ac18st-inv-18000-btu-aire-acondicionado-inverter-futura-fut-ac18st-inv-18000-btu.jpg,1,,
dr-fut-ac18st-inv,,,,,,,,,,,,,,https://f.fcdn.app/imgs/43372e/www.diaril.com.uy/diaruy/03d3/original/catalogo/FUT-AC18ST-INV_FUT-AC18ST-INV_1/1500-1500/aire-acondicionado-inverter-futura-fut-ac18st-inv-18000-btu-aire-acondicionado-inverter-futura-fut-ac18st-inv-18000-btu.jpg,2,,
dr-fut-ac18st-inv,,,,,,,,,,,,,,https://f.fcdn.app/imgs/426846/www.diaril.com.uy/diaruy/03d3/original/catalogo/FUT-AC18ST-INV_FUT-AC18ST-INV_1/1920-1200/aire-acondicionado-inverter-futura-fut-ac18st-inv-18000-btu-aire-acondicionado-inverter-futura-fut-ac18st-inv-18000-btu.jpg,3,,
dr-fut-ac18st-inv,,,,,,,,,,,,,,https://f.fcdn.app/imgs/133658/www.diaril.com.uy/diaruy/7923/original/catalogo/FUT-AC18ST-INV_FUT-AC18ST-INV_2/1500-1500/aire-acondicionado-inverter-futura-fut-ac18st-inv-18000-btu-aire-acondicionado-inverter-futura-fut-ac18st-inv-18000-btu.jpg,4,,
dr-fut-ac18st-inv,,,,,,,,,,,,,,https://f.fcdn.app/imgs/cf9b40/www.diaril.com.uy/diaruy/7923/original/catalogo/FUT-AC18ST-INV_FUT-AC18ST-INV_2/1920-1200/aire-acondicionado-inverter-futura-fut-ac18st-inv-18000-btu-aire-acondicionado-inverter-futura-fut-ac18st-inv-18000-btu.jpg,5,,
dr-fut-ac18st-inv,,,,,,,,,,,,,,https://f.fcdn.app/imgs/7a0b86/www.diaril.com.uy/diaruy/7923/original/catalogo/FUT-AC18ST-INV_FUT-AC18ST-INV_2/1000x1000/aire-acondicionado-inverter-futura-fut-ac18st-inv-18000-btu-aire-acondicionado-inverter-futura-fut-ac18st-inv-18000-btu.jpg,6,,
dr-fut-ac18st-inv,,,,,,,,,,,,,,https://f.fcdn.app/imgs/7a53f7/www.diaril.com.uy/diaruy/b97b/original/catalogo/FUT-AC18ST-INV_FUT-AC18ST-INV_3/1500-1500/aire-acondicionado-inverter-futura-fut-ac18st-inv-18000-btu-aire-acondicionado-inverter-futura-fut-ac18st-inv-18000-btu.jpg,7,,
dr-fut-ac18st-inv,,,,,,,,,,,,,,https://f.fcdn.app/imgs/6c82b5/www.diaril.com.uy/diaruy/b97b/original/catalogo/FUT-AC18ST-INV_FUT-AC18ST-INV_3/1920-1200/aire-acondicionado-inverter-futura-fut-ac18st-inv-18000-btu-aire-acondicionado-inverter-futura-fut-ac18st-inv-18000-btu.jpg,8,,
dr-perfecttoaster,Tostadora Ufesa Perfect Toaster Digital,"<ul><li>• Potencia de 950W para un tostado rápido y uniforme</li><li>• Pantalla Digital con botones táctiles de alta sensibilidad</li><li>• 9 Niveles de Tostado con indicador visual (imagen) en pantalla</li><li>• Diseño Premium en Acero Inoxidable de dos ranuras</li><li>• Triple Función: Descongelar, Recalentar y Cancelar</li><li>• Modo Especial para Bagels: Tuesta el lado cortado y calienta el exterior</li><li>• Boca Ancha con sistema de autocentrado para panes de todo grosor</li><li>• Mantenimiento sencillo: Bandeja recogemigas extraíble</li><li>• Almacenamiento Prolijo: Recogecables integrado en la base</li></ul>",Ufesa,Electro,"Tostadoras, Ufesa, stock-verificado",TRUE,Color,Tostadora Ufesa Perfect Toaster Digital,PERFECT TOASTER,4186.00,,10,deny,https://f.fcdn.app/imgs/fc1fce/www.diaril.com.uy/diaruy/b472/original/catalogo/PERFECTTOASTER_PERFECTTOASTER_1/1000x1000/tostadora-ufesa-perfect-toaster-digital-tostadora-ufesa-perfect-toaster-digital.jpg,1,,
dr-perfecttoaster,,,,,,,,,,,,,,https://f.fcdn.app/imgs/5c5cdc/www.diaril.com.uy/diaruy/b472/original/catalogo/PERFECTTOASTER_PERFECTTOASTER_1/1500-1500/tostadora-ufesa-perfect-toaster-digital-tostadora-ufesa-perfect-toaster-digital.jpg,2,,
dr-perfecttoaster,,,,,,,,,,,,,,https://f.fcdn.app/imgs/d91b1c/www.diaril.com.uy/diaruy/b472/original/catalogo/PERFECTTOASTER_PERFECTTOASTER_1/1920-1200/tostadora-ufesa-perfect-toaster-digital-tostadora-ufesa-perfect-toaster-digital.jpg,3,,
dr-perfecttoaster,,,,,,,,,,,,,,https://f.fcdn.app/imgs/1a6eb6/www.diaril.com.uy/diaruy/daec/original/catalogo/PERFECTTOASTER_PERFECTTOASTER_2/1500-1500/tostadora-ufesa-perfect-toaster-digital-tostadora-ufesa-perfect-toaster-digital.jpg,4,,
dr-perfecttoaster,,,,,,,,,,,,,,https://f.fcdn.app/imgs/fe393b/www.diaril.com.uy/diaruy/daec/original/catalogo/PERFECTTOASTER_PERFECTTOASTER_2/1920-1200/tostadora-ufesa-perfect-toaster-digital-tostadora-ufesa-perfect-toaster-digital.jpg,5,,
dr-perfecttoaster,,,,,,,,,,,,,,https://f.fcdn.app/imgs/4e879c/www.diaril.com.uy/diaruy/daec/original/catalogo/PERFECTTOASTER_PERFECTTOASTER_2/1000x1000/tostadora-ufesa-perfect-toaster-digital-tostadora-ufesa-perfect-toaster-digital.jpg,6,,
dr-perfecttoaster,,,,,,,,,,,,,,https://f.fcdn.app/imgs/df9f75/www.diaril.com.uy/diaruy/1608/original/catalogo/PERFECTTOASTER_PERFECTTOASTER_3/1500-1500/tostadora-ufesa-perfect-toaster-digital-tostadora-ufesa-perfect-toaster-digital.jpg,7,,
dr-perfecttoaster,,,,,,,,,,,,,,https://f.fcdn.app/imgs/f075bd/www.diaril.com.uy/diaruy/1608/original/catalogo/PERFECTTOASTER_PERFECTTOASTER_3/1920-1200/tostadora-ufesa-perfect-toaster-digital-tostadora-ufesa-perfect-toaster-digital.jpg,8,,
dr-squeezegoblack,Exprimidor recargable Ufesa SQUEEZE GO Black,<ul><li>• Potencia de 45W con sistema de extracción en espiral para el máximo aprovechamiento del jugo</li><li>• Libertad sin cables: Batería recargable de 1500mAh</li><li>• Autonomía Superior: Entre 25 y 30 usos con una sola carga completa</li><li>• Carga Rápida mediante USB Type-C (Cable incluido)</li><li>• Diseño Inteligente: Vertido continuo directo al vaso</li><li>• Capacidad del depósito: 220ml</li><li>• Sistema de Seguridad: Funcionamiento exclusivo con cierre correcto</li><li>• Versatilidad Total: Apto para la mayoría de frutas y tamaños</li><li>• Fácil mantenimiento: Piezas desmontables para una limpieza rápida</li></ul>,Ufesa,Electro,"Exprimidores, Ufesa, stock-verificado",TRUE,Color,Exprimidor recargable Ufesa SQUEEZE GO Black,SQUEEZE GO BLACK,3523.00,,10,deny,https://f.fcdn.app/imgs/d59e17/www.diaril.com.uy/diaruy/cb80/original/catalogo/SQUEEZEGOBLACK_SQUEEZEGOBLACK_1/1000x1000/exprimidor-recargable-ufesa-squeeze-go-black-exprimidor-recargable-ufesa-squeeze-go-black.jpg,1,,
dr-squeezegoblack,,,,,,,,,,,,,,https://f.fcdn.app/imgs/b2dc09/www.diaril.com.uy/diaruy/cb80/original/catalogo/SQUEEZEGOBLACK_SQUEEZEGOBLACK_1/1500-1500/exprimidor-recargable-ufesa-squeeze-go-black-exprimidor-recargable-ufesa-squeeze-go-black.jpg,2,,
dr-squeezegoblack,,,,,,,,,,,,,,https://f.fcdn.app/imgs/97cbbe/www.diaril.com.uy/diaruy/cb80/original/catalogo/SQUEEZEGOBLACK_SQUEEZEGOBLACK_1/1920-1200/exprimidor-recargable-ufesa-squeeze-go-black-exprimidor-recargable-ufesa-squeeze-go-black.jpg,3,,
dr-squeezegoblack,,,,,,,,,,,,,,https://f.fcdn.app/imgs/bfb354/www.diaril.com.uy/diaruy/b5ec/original/catalogo/SQUEEZEGOBLACK_SQUEEZEGOBLACK_2/1500-1500/exprimidor-recargable-ufesa-squeeze-go-black-exprimidor-recargable-ufesa-squeeze-go-black.jpg,4,,
dr-squeezegoblack,,,,,,,,,,,,,,https://f.fcdn.app/imgs/af5fd2/www.diaril.com.uy/diaruy/b5ec/original/catalogo/SQUEEZEGOBLACK_SQUEEZEGOBLACK_2/1920-1200/exprimidor-recargable-ufesa-squeeze-go-black-exprimidor-recargable-ufesa-squeeze-go-black.jpg,5,,
dr-squeezegoblack,,,,,,,,,,,,,,https://f.fcdn.app/imgs/2fa76e/www.diaril.com.uy/diaruy/b5ec/original/catalogo/SQUEEZEGOBLACK_SQUEEZEGOBLACK_2/1000x1000/exprimidor-recargable-ufesa-squeeze-go-black-exprimidor-recargable-ufesa-squeeze-go-black.jpg,6,,
dr-squeezegoblack,,,,,,,,,,,,,,https://f.fcdn.app/imgs/278453/www.diaril.com.uy/diaruy/0d28/original/catalogo/SQUEEZEGOBLACK_SQUEEZEGOBLACK_3/1500-1500/exprimidor-recargable-ufesa-squeeze-go-black-exprimidor-recargable-ufesa-squeeze-go-black.jpg,7,,
dr-squeezegoblack,,,,,,,,,,,,,,https://f.fcdn.app/imgs/4256a9/www.diaril.com.uy/diaruy/0d28/original/catalogo/SQUEEZEGOBLACK_SQUEEZEGOBLACK_3/1920-1200/exprimidor-recargable-ufesa-squeeze-go-black-exprimidor-recargable-ufesa-squeeze-go-black.jpg,8,,
dr-fut-12aasuit-on,Aire Acondicionado Futura FUT-12AASUIT-ON 12000 BTU,"<ul><li>• Capacidad de refrigeración: 12.000 BTU</li><li>• Potencia nominal: 1650 W</li><li>• Eficiencia Energética Clase C</li><li>• Gas Refrigerante Ecológico R410A: Seguro para el medio ambiente</li><li>• Función Turbo: Enfriamiento rápido para alcanzar la temperatura ideal en minutos</li><li>• Modo Sleep: Ajuste inteligente para un descanso confortable y ahorro nocturno</li><li>• Display LED digital con lectura de temperatura</li><li>• Funciones: Ventilador, Oscilación automática y Timer programable</li><li>• Control remoto completo con todas las funciones</li><li>• Incluye Kit de instalación estándar</li></ul>",Futura,Electro,"Climatización, Futura, stock-verificado",TRUE,Color,Aire Acondicionado Futura FUT-12AASUIT-ON 12000 BTU,FUT-12AASUIT-ON,15337.00,,10,deny,https://f.fcdn.app/imgs/7b96e2/www.diaril.com.uy/diaruy/dbb4/original/catalogo/FUT-12AASUIT-ON_FUT-12AASUIT-ON_1/1000x1000/aire-acondicionado-futura-fut-12aasuit-on-12000-btu-aire-acondicionado-futura-fut-12aasuit-on-12000-btu.jpg,1,,
dr-fut-12aasuit-on,,,,,,,,,,,,,,https://f.fcdn.app/imgs/3b5cb8/www.diaril.com.uy/diaruy/dbb4/original/catalogo/FUT-12AASUIT-ON_FUT-12AASUIT-ON_1/1500-1500/aire-acondicionado-futura-fut-12aasuit-on-12000-btu-aire-acondicionado-futura-fut-12aasuit-on-12000-btu.jpg,2,,
dr-fut-12aasuit-on,,,,,,,,,,,,,,https://f.fcdn.app/imgs/331a06/www.diaril.com.uy/diaruy/dbb4/original/catalogo/FUT-12AASUIT-ON_FUT-12AASUIT-ON_1/1920-1200/aire-acondicionado-futura-fut-12aasuit-on-12000-btu-aire-acondicionado-futura-fut-12aasuit-on-12000-btu.jpg,3,,
dr-fut-12aasuit-on,,,,,,,,,,,,,,https://f.fcdn.app/imgs/5c18ff/www.diaril.com.uy/diaruy/2cf3/original/catalogo/FUT-12AASUIT-ON_FUT-12AASUIT-ON_2/1500-1500/aire-acondicionado-futura-fut-12aasuit-on-12000-btu-aire-acondicionado-futura-fut-12aasuit-on-12000-btu.jpg,4,,
dr-fut-12aasuit-on,,,,,,,,,,,,,,https://f.fcdn.app/imgs/b98769/www.diaril.com.uy/diaruy/2cf3/original/catalogo/FUT-12AASUIT-ON_FUT-12AASUIT-ON_2/1920-1200/aire-acondicionado-futura-fut-12aasuit-on-12000-btu-aire-acondicionado-futura-fut-12aasuit-on-12000-btu.jpg,5,,
dr-fut-12aasuit-on,,,,,,,,,,,,,,https://f.fcdn.app/imgs/3f04bc/www.diaril.com.uy/diaruy/2cf3/original/catalogo/FUT-12AASUIT-ON_FUT-12AASUIT-ON_2/1000x1000/aire-acondicionado-futura-fut-12aasuit-on-12000-btu-aire-acondicionado-futura-fut-12aasuit-on-12000-btu.jpg,6,,
dr-fut-12aasuit-on,,,,,,,,,,,,,,https://f.fcdn.app/imgs/d329de/www.diaril.com.uy/diaruy/dbb4/original/catalogo/FUT-12AASUIT-ON_FUT-12AASUIT-ON_1/2000-2000/aire-acondicionado-futura-fut-12aasuit-on-12000-btu-aire-acondicionado-futura-fut-12aasuit-on-12000-btu.jpg,7,,
dr-fut-12aasuit-on,,,,,,,,,,,,,,https://f.fcdn.app/imgs/38ce4b/www.diaril.com.uy/diaruy/dbb4/original/catalogo/FUT-12AASUIT-ON_FUT-12AASUIT-ON_1/100x100/aire-acondicionado-futura-fut-12aasuit-on-12000-btu-aire-acondicionado-futura-fut-12aasuit-on-12000-btu.jpg,8,,
dr-fut-mp470nf-xin,Heladera Inverter Futura FUT-MP470NF-XIN 472 L,<ul><li>• Diseño de 4 puertas con Freezer inferior (Multidoor)</li><li>• Motor con tecnología INVERTER: Silencioso y de bajo consumo</li><li>• Eficiencia energética: Clase A</li><li>• Capacidad neta total: 472 Litros</li><li>• Refrigerador (superior): 339 Litros con 4 estantes de vidrio templado y 2 cajones</li><li>• Freezer (inferior): 133 Litros distribuidos en 6 cajones transparentes</li><li>• Control electrónico de temperatura con panel Touch externo</li><li>• Iluminación interior LED de alta eficiencia</li><li>• Estantes de vidrio templado con tecnología antiderrames</li><li>• Acabado en Color Acero Inoxidable</li><li>• Medidas: Ancho 79 cm | Profundidad 70 cm | Altura 180 cm</li></ul>,Futura,Electro,"Heladeras, Futura, stock-verificado",TRUE,Color,Heladera Inverter Futura FUT-MP470NF-XIN 472 L,FUT-MP470NF-XIN,60103.00,,10,deny,https://f.fcdn.app/imgs/67a873/www.diaril.com.uy/diaruy/e926/original/catalogo/FUT-MP470NF-XIN_FUT-MP470NF-XIN_1/1000x1000/heladera-inverter-futura-fut-mp470nf-xin-472-l-heladera-inverter-futura-fut-mp470nf-xin-472-l.jpg,1,,
dr-fut-mp470nf-xin,,,,,,,,,,,,,,https://f.fcdn.app/imgs/179044/www.diaril.com.uy/diaruy/e926/original/catalogo/FUT-MP470NF-XIN_FUT-MP470NF-XIN_1/1500-1500/heladera-inverter-futura-fut-mp470nf-xin-472-l-heladera-inverter-futura-fut-mp470nf-xin-472-l.jpg,2,,
dr-fut-mp470nf-xin,,,,,,,,,,,,,,https://f.fcdn.app/imgs/9a59f8/www.diaril.com.uy/diaruy/e926/original/catalogo/FUT-MP470NF-XIN_FUT-MP470NF-XIN_1/1920-1200/heladera-inverter-futura-fut-mp470nf-xin-472-l-heladera-inverter-futura-fut-mp470nf-xin-472-l.jpg,3,,
dr-fut-mp470nf-xin,,,,,,,,,,,,,,https://f.fcdn.app/imgs/25919a/www.diaril.com.uy/diaruy/a27c/original/catalogo/FUT-MP470NF-XIN_FUT-MP470NF-XIN_2/1500-1500/heladera-inverter-futura-fut-mp470nf-xin-472-l-heladera-inverter-futura-fut-mp470nf-xin-472-l.jpg,4,,
dr-fut-mp470nf-xin,,,,,,,,,,,,,,https://f.fcdn.app/imgs/139066/www.diaril.com.uy/diaruy/a27c/original/catalogo/FUT-MP470NF-XIN_FUT-MP470NF-XIN_2/1920-1200/heladera-inverter-futura-fut-mp470nf-xin-472-l-heladera-inverter-futura-fut-mp470nf-xin-472-l.jpg,5,,
dr-fut-mp470nf-xin,,,,,,,,,,,,,,https://f.fcdn.app/imgs/547a1b/www.diaril.com.uy/diaruy/a27c/original/catalogo/FUT-MP470NF-XIN_FUT-MP470NF-XIN_2/1000x1000/heladera-inverter-futura-fut-mp470nf-xin-472-l-heladera-inverter-futura-fut-mp470nf-xin-472-l.jpg,6,,
dr-fut-mp470nf-xin,,,,,,,,,,,,,,https://f.fcdn.app/imgs/0f9aec/www.diaril.com.uy/diaruy/a3b8/original/catalogo/FUT-MP470NF-XIN_FUT-MP470NF-XIN_3/1500-1500/heladera-inverter-futura-fut-mp470nf-xin-472-l-heladera-inverter-futura-fut-mp470nf-xin-472-l.jpg,7,,
dr-fut-mp470nf-xin,,,,,,,,,,,,,,https://f.fcdn.app/imgs/e08aae/www.diaril.com.uy/diaruy/a3b8/original/catalogo/FUT-MP470NF-XIN_FUT-MP470NF-XIN_3/1920-1200/heladera-inverter-futura-fut-mp470nf-xin-472-l-heladera-inverter-futura-fut-mp470nf-xin-472-l.jpg,8,,
