Handle,Title,Body HTML,Vendor,Type,Tags,Published,Option1 Name,Option1 Value,Variant SKU,Variant Price,Variant Compare At Price,Variant Inventory Qty,Variant Inventory Policy,Image Src,Image Position,Status,Command
il-pubeb,"Colgante led extensible motorizado 70w 10 luces cristal ámbar a control remoto, Bronce","<ul><li>Diseño escultural con gran presencia visual:</li><li>sus diez esferas de cristal ámbar de diferentes diámetros generan una composición elegante y equilibrada, convirtiéndose en el centro de atención sobre mesas, islas de cocina o espacios amplios.</li><li>I</li><li>luminación adaptable a cada momento:</li><li>permite ajustar la temperatura de color desde una luz cálida y acogedora hasta una luz más clara y funcional, creando el ambiente ideal según la ocasión.</li><li>Control total desde el mando incluido:</li><li>regulá fácilmente la intensidad lumínica y las distintas funciones sin necesidad de acercarte a la luminaria, logrando máxima comodidad de uso.</li><li>Sistema extensible motorizado:</li><li>incorpora una innovadora tecnología que permite ampliar o reducir eléctricamente su longitud para adaptarse a diferentes tamaños de mesa o configuraciones del espacio.</li><li>Altura regulable para una integración perfecta:</li><li>podés ajustar manualmente la caída de la luminaria según las características del ambiente y el efecto visual deseado.</li><li>Memoria inteligente de configuración:</li><li>recuerda automáticamente la última combinación de intensidad y temperatura de luz utilizada, evitando configuraciones repetitivas.</li><li>Reproducción de color excepcional:</li><li>su índice de reproducción cromática superior a 90 permite apreciar colores más naturales, vivos y fieles a la realidad.</li><li>Luz potente y uniforme:</li><li>ofrece una elevada capacidad lumínica para iluminar cómodamente superficies amplias manteniendo confort visual y eficiencia energética.</li><li>Materiales premium y terminaciones refinadas:</li><li>la combinación de estructura metálica en acabado bronce y cristal ámbar aporta una estética elegante y contemporánea de inspiración europea.</li><li>Ideal para proyectos de alto nivel:</li><li>perfecta para comedores, livings, salas de reunión o espacios donde la iluminación cumple una función tanto decorativa como funcional.</li><li>• Colgante LED extensible motorizado con 10 esferas de cristal ámbar</li><li>• Marca: Neuhaus Pure</li><li>• Modelo: PU BEB</li><li>• Potencia/consumo: 70 Watts</li><li>• Flujo luminoso: 7000 lm</li><li>• Temperatura de luz: 2200K a 5000K regulable</li><li>• Color de luz: cálida a fría</li><li>• Dimerizable: Sí</li><li>• Control remoto: Sí</li><li>• Función memoria: Sí</li><li>• Función favorita: Sí</li><li>• Sistema extensible:  Motorizado</li><li>• Altura regulable: Sí</li><li>• Índice de reproducción cromática: CRI ≥ 90</li><li>• Materiales: Metal y cristal ámbar</li><li>• Color: Bronce y cristal ámbar</li><li>• Protección: IP 20</li><li>• Dimensiones: Largo regulable de 100cm hasta 198 cm - Ancho 35 cm - Altura máxima 180 cm</li><li>• Alimentación: 220V</li><li>• Tecnología: LED integrado</li><li>• Ideal para: Comedores, islas de cocina, livings, salas de reuniones y espacios de diseño</li><li>• Garantía: 5 años</li><li>• Origen: Alemania.</li></ul>",Neuhaus pure,Iluminación,"Colgantes, Neuhaus pure, stock-verificado",TRUE,Color,"Colgante led extensible motorizado 70w 10 luces cristal ámbar a control remoto, Bronce",PU BEB::U,230048.00,,10,deny,https://f.fcdn.app/imgs/d710d9/tienda.iluminica.com/ilumuy/7375/original/catalogo/PUBEB_PUBEB_1/1024-1024/colgante-led-extensible-motorizado-70w-10-luces-cristal-ambar-a-control-remoto-bronce-colgante-led-extensible-motorizado-70w-10-luces-cristal-ambar-a-control-remoto-bronce.jpg,1,,
il-pubeb,,,,,,,,,,,,,,https://f.fcdn.app/imgs/4dad45/tienda.iluminica.com/ilumuy/3766/original/catalogo/PUBEB_PUBEB_2/1024-1024/colgante-led-extensible-motorizado-70w-10-luces-cristal-ambar-a-control-remoto-bronce-colgante-led-extensible-motorizado-70w-10-luces-cristal-ambar-a-control-remoto-bronce.jpg,2,,
il-pubeb,,,,,,,,,,,,,,https://f.fcdn.app/imgs/ff6668/tienda.iluminica.com/ilumuy/5fcb/original/catalogo/PUBEB_PUBEB_3/1024-1024/colgante-led-extensible-motorizado-70w-10-luces-cristal-ambar-a-control-remoto-bronce-colgante-led-extensible-motorizado-70w-10-luces-cristal-ambar-a-control-remoto-bronce.jpg,3,,
il-pubeb,,,,,,,,,,,,,,https://f.fcdn.app/imgs/9325cb/tienda.iluminica.com/ilumuy/32cc/original/catalogo/PUBEB_PUBEB_4/1024-1024/colgante-led-extensible-motorizado-70w-10-luces-cristal-ambar-a-control-remoto-bronce-colgante-led-extensible-motorizado-70w-10-luces-cristal-ambar-a-control-remoto-bronce.jpg,4,,
il-pubeb,,,,,,,,,,,,,,https://f.fcdn.app/imgs/f58162/tienda.iluminica.com/ilumuy/5afd/original/catalogo/PUBEB_PUBEB_5/1024-1024/colgante-led-extensible-motorizado-70w-10-luces-cristal-ambar-a-control-remoto-bronce-colgante-led-extensible-motorizado-70w-10-luces-cristal-ambar-a-control-remoto-bronce.jpg,5,,
il-pupld,"Plafón led doble anillo 42w 60cm regulable a control remoto con varias funciones, Champagne","<ul><li>Iluminación envolvente y decorativa:</li><li>su diseño circular de gran diámetro aporta presencia visual y una distribución uniforme de la luz, ideal para espacios amplios y modernos.</li><li>Control independiente de la iluminación:</li><li>permite encender o apagar por separado la luz superior e inferior, generando distintos efectos lumínicos según el ambiente que desees crear.</li><li>Temperatura de color adaptable:</li><li>ajustá fácilmente el tono de luz desde una iluminación cálida y acogedora hasta una luz más clara y funcional para actividades cotidianas.</li><li>Dimerización continua:</li><li>regulá la intensidad lumínica de forma precisa para acompañar cada momento del día y lograr el nivel de confort deseado.</li><li>Control remoto inalámbrico incluido:</li><li>accedé cómodamente a todas las funciones de la luminaria sin necesidad de acercarte al interruptor.</li><li>Memoria inteligente de configuración:</li><li>recuerda automáticamente los últimos ajustes utilizados para recuperar tu iluminación favorita con un solo toque.</li><li>Diseño premium en acabado en champagne:</li><li>su estética elegante y contemporánea aporta sofisticación a livings, dormitorios, recibidores o espacios de reunión.</li><li>Calidad alemana garantizada:</li><li>fabricada con materiales de alta calidad y excelente nivel de terminación, respaldada por una garantía del fabricante de 5 años.</li><li>Uso interior protegido:</li><li>cuenta con protección IP 20, adecuada para ambientes interiores.</li><li>• Plafón LED anillo regulable con control remoto</li><li>• Marca: Neuhaus Pure</li><li>• Modelo: PU PLD</li><li>• Potencia/consumo: 42 Watts</li><li>• Flujo luminoso: 5040 lm</li><li>• Temperatura de luz: 2200K a 5000K regulable</li><li>• Color de luz: cálida a fría</li><li>• Dimerizable: Sí</li><li>• Control remoto: Sí</li><li>• Función memoria: Sí</li><li>• Control independiente de luz superior e inferior: Sí</li><li>• Protección: IP 20</li><li>• Diámetro: 60 cm</li><li>• Altura: 17,8 cm</li><li>• Color: Dorada-Champagne</li><li>• Alimentación: 220V</li><li>• Tecnología: LED integrado</li><li>• Ideal para: Livings, dormitorios, recibidores, salas de reuniones y espacios amplios</li><li>• Garantía: 5 años</li><li>• Origen: Alemania.</li></ul>",Neuhaus pure,Iluminación,"Plafones, Neuhaus pure, stock-verificado",TRUE,Color,"Plafón led doble anillo 42w 60cm regulable a control remoto con varias funciones, Champagne",PU PLD::U,47626.00,,10,deny,https://f.fcdn.app/imgs/377043/tienda.iluminica.com/ilumuy/83de/original/catalogo/PUPLD_PUPLD_1/1024-1024/plafon-led-doble-anillo-42w-60cm-regulable-a-control-remoto-con-varias-funciones-champagne-plafon-led-doble-anillo-42w-60cm-regulable-a-control-remoto-con-varias-funciones-champagne.jpg,1,,
il-pupld,,,,,,,,,,,,,,https://f.fcdn.app/imgs/469c48/tienda.iluminica.com/ilumuy/4b43/original/catalogo/PUPLD_PUPLD_2/1024-1024/plafon-led-doble-anillo-42w-60cm-regulable-a-control-remoto-con-varias-funciones-champagne-plafon-led-doble-anillo-42w-60cm-regulable-a-control-remoto-con-varias-funciones-champagne.jpg,2,,
il-pupld,,,,,,,,,,,,,,https://f.fcdn.app/imgs/1bf1bb/tienda.iluminica.com/ilumuy/519f/original/catalogo/PUPLD_PUPLD_3/1024-1024/plafon-led-doble-anillo-42w-60cm-regulable-a-control-remoto-con-varias-funciones-champagne-plafon-led-doble-anillo-42w-60cm-regulable-a-control-remoto-con-varias-funciones-champagne.jpg,3,,
il-pupld,,,,,,,,,,,,,,https://f.fcdn.app/imgs/f8e587/tienda.iluminica.com/ilumuy/fe0e/original/catalogo/PUPLD_PUPLD_4/1024-1024/plafon-led-doble-anillo-42w-60cm-regulable-a-control-remoto-con-varias-funciones-champagne-plafon-led-doble-anillo-42w-60cm-regulable-a-control-remoto-con-varias-funciones-champagne.jpg,4,,
il-pupld,,,,,,,,,,,,,,https://f.fcdn.app/imgs/8fe473/tienda.iluminica.com/ilumuy/6ef3/original/catalogo/PUPLD_PUPLD_5/1024-1024/plafon-led-doble-anillo-42w-60cm-regulable-a-control-remoto-con-varias-funciones-champagne-plafon-led-doble-anillo-42w-60cm-regulable-a-control-remoto-con-varias-funciones-champagne.jpg,5,,
il-puplp,Plafón led doble anillo 42w 60cm regulable a control remoto con varias funciones Plateado,"<ul><li>Diseño contemporáneo con gran presencia visual:</li><li>su estructura de doble anillo aporta una estética moderna y elegante, convirtiéndose en un elemento decorativo destacado dentro del ambiente.</li><li>Iluminación amplia y uniforme:</li><li>su gran diámetro permite distribuir la luz de forma homogénea, ideal para livings, comedores, dormitorios o espacios de reunión.</li><li>Control independiente de los anillos:</li><li>las fuentes de luz pueden gestionarse de forma independiente mediante el control remoto, permitiendo crear distintos efectos lumínicos según la ocasión.</li><li>Temperatura de color adaptable:</li><li>permite ajustar el tono de luz desde una iluminación cálida y acogedora hasta una luz más clara y funcional para actividades cotidianas.</li><li>Dimerización continua:</li><li>regulá la intensidad lumínica según cada momento del día para lograr mayor confort visual y ambientes personalizados.</li><li>Control remoto inalámbrico incluido:</li><li>accedé fácilmente a todas las funciones de la luminaria sin necesidad de desplazarte.</li><li>Memoria inteligente de configuración:</li><li>recuerda automáticamente los últimos ajustes seleccionados para recuperar tu iluminación favorita de forma instantánea.</li><li>Terminación premium en plateado satinado:</li><li>su elegante acabado tipo aluminio cepillado aporta una estética moderna, luminosa y sofisticada que combina perfectamente con proyectos contemporáneos.</li><li>Calidad alemana garantizada:</li><li>fabricada con materiales de alta calidad y respaldada por una garantía del fabricante de 5 años.</li><li>Uso interior protegido:</li><li>cuenta con protección IP 20, adecuada para ambientes interiores.</li><li>• Plafón LED doble anillo regulable con control remoto</li><li>• Marca: Neuhaus Pure</li><li>• Modelo: PU PLP</li><li>• Potencia/consumo: 42 Watts</li><li>• Flujo luminoso: 5040 lm</li><li>• Temperatura de luz: 2700K a 5000K regulable</li><li>• Color de luz: cálida a fría</li><li>• Dimerizable: Sí</li><li>• Control remoto: Sí</li><li>• Función memoria: Sí</li><li>• Control independiente de los anillos: Sí</li><li>• Protección: IP 20</li><li>• Diámetro: 60 cm</li><li>• Altura: 17,8 cm</li><li>• Material: Aluminio, metal y acrílico</li><li>• Color: Plateado satinado</li><li>• Alimentación: 220V</li><li>• Tecnología: LED integrado</li><li>• Ideal para: Livings, comedores, dormitorios, recibidores, oficinas y salas de reuniones</li><li>• Vida útil: +50.000 horas</li><li>• Garantía: 5 años</li><li>• Origen: Alemania.</li></ul>",Neuhaus pure,Iluminación,"Plafones, Neuhaus pure, stock-verificado",TRUE,Color,Plafón led doble anillo 42w 60cm regulable a control remoto con varias funciones Plateado,PU PLP::U,47626.00,,10,deny,https://f.fcdn.app/imgs/29b7d8/tienda.iluminica.com/ilumuy/9167/original/catalogo/PUPLP_PUPLP_1/1024-1024/plafon-led-doble-anillo-42w-60cm-regulable-a-control-remoto-con-varias-funciones-plateado-plafon-led-doble-anillo-42w-60cm-regulable-a-control-remoto-con-varias-funciones-plateado.jpg,1,,
il-puplp,,,,,,,,,,,,,,https://f.fcdn.app/imgs/d5a494/tienda.iluminica.com/ilumuy/0888/original/catalogo/PUPLP_PUPLP_2/1024-1024/plafon-led-doble-anillo-42w-60cm-regulable-a-control-remoto-con-varias-funciones-plateado-plafon-led-doble-anillo-42w-60cm-regulable-a-control-remoto-con-varias-funciones-plateado.jpg,2,,
il-puplp,,,,,,,,,,,,,,https://f.fcdn.app/imgs/50a27b/tienda.iluminica.com/ilumuy/f4a2/original/catalogo/PUPLP_PUPLP_3/1024-1024/plafon-led-doble-anillo-42w-60cm-regulable-a-control-remoto-con-varias-funciones-plateado-plafon-led-doble-anillo-42w-60cm-regulable-a-control-remoto-con-varias-funciones-plateado.jpg,3,,
il-puplp,,,,,,,,,,,,,,https://f.fcdn.app/imgs/501ff9/tienda.iluminica.com/ilumuy/6bbc/original/catalogo/PUPLP_PUPLP_4/1024-1024/plafon-led-doble-anillo-42w-60cm-regulable-a-control-remoto-con-varias-funciones-plateado-plafon-led-doble-anillo-42w-60cm-regulable-a-control-remoto-con-varias-funciones-plateado.jpg,4,,
il-puplp,,,,,,,,,,,,,,https://f.fcdn.app/imgs/d1586b/tienda.iluminica.com/ilumuy/27ab/original/catalogo/PUPLP_PUPLP_5/1024-1024/plafon-led-doble-anillo-42w-60cm-regulable-a-control-remoto-con-varias-funciones-plateado-plafon-led-doble-anillo-42w-60cm-regulable-a-control-remoto-con-varias-funciones-plateado.jpg,5,,
il-purd50,"Colgante led anillo motorizado 40w 50cm a control remoto con varias funciones, Champagne","<ul><li>Altura regulable motorizada:</li><li>incorpora una exclusiva tecnología, que permite ajustar eléctricamente la altura de la luminaria mediante control remoto para adaptarla fácilmente a cada espacio.</li><li>Control total de la iluminación:</li><li>permite regular tanto la intensidad como el tono de luz, creando desde ambientes cálidos y relajados hasta espacios más luminosos para tareas o reuniones.</li><li>Manejo cómodo desde cualquier lugar</li><li>: el control remoto incluido brinda acceso rápido a todas las funciones de la luminaria sin necesidad de acercarse a ella.</li><li>Diseño minimalista con terminación premium:</li><li>su elegante estructura de anillos en acabado champagne aporta sofisticación y estilo contemporáneo, integrándose perfectamente en interiores modernos.</li><li>Memoria inteligente de configuración:</li><li>recuerda automáticamente la última combinación de intensidad y temperatura de luz utilizada para una experiencia más práctica y personalizada.</li><li>Iluminación uniforme y confortable:</li><li>proporciona una distribución homogénea de la luz, ideal para acompañar actividades diarias sin generar deslumbramientos molestos.</li><li>Versatilidad para diferentes ambientes:</li><li>perfecta para comedores, livings, dormitorios, salas de reuniones y espacios donde la iluminación cumple una función decorativa y funcional.</li><li>Tecnología LED de alta eficiencia:</li><li>ofrece una excelente capacidad lumínica con un consumo reducido, contribuyendo al ahorro energético sin sacrificar rendimiento.</li><li>Uso interior protegido:</li><li>diseñada para ambientes interiores, brindando funcionamiento confiable y seguro en espacios residenciales o comerciales.</li><li>Calidad alemana garantizada:</li><li>fabricada por Neuhaus Pure con materiales y terminaciones de alto nivel, respaldada por una garantía del fabricante de 5 años.</li><li>• Colgante LED anillo motorizado regulable</li><li>• Marca: Neuhaus Pure</li><li>• Modelo: PU RD50</li><li>• Potencia/consumo: 40 Watts</li><li>• Flujo luminoso: 4100 lm</li><li>• Temperatura de luz: 2700K a 5000K regulable</li><li>• Color de luz: cálida a fría</li><li>• Dimerizable: Sí</li><li>• Control remoto: Sí</li><li>• Función memoria: Sí</li><li>• Protección: IP 20</li><li>• Regulación de altura: Motorizada mediante sistema de control remoto.</li><li>• Diámetro: 50 cm</li><li>• Altura regulable: hasta 350 cm</li><li>• Color: Champagne</li><li>• Material: Aluminio y metal</li><li>• Alimentación: 220V</li><li>• Tecnología: LED integrado</li><li>• Ideal para: Comedores, livings, dormitorios, recibidores y salas de reuniones</li><li>• Garantía: 5 años</li><li>• Origen: Alemania.</li></ul>",Neuhaus pure,Iluminación,"Colgantes, Neuhaus pure, stock-verificado",TRUE,Color,"Colgante led anillo motorizado 40w 50cm a control remoto con varias funciones, Champagne",PU RD50::U,104205.00,,10,deny,https://f.fcdn.app/imgs/f2f4c4/tienda.iluminica.com/ilumuy/d36d/original/catalogo/PURD50_PURD50_1/1024-1024/colgante-led-anillo-motorizado-40w-50cm-a-control-remoto-con-varias-funciones-champagne-colgante-led-anillo-motorizado-40w-50cm-a-control-remoto-con-varias-funciones-champagne.jpg,1,,
il-purd50,,,,,,,,,,,,,,https://f.fcdn.app/imgs/1ef185/tienda.iluminica.com/ilumuy/b405/original/catalogo/PURD50_PURD50_2/1024-1024/colgante-led-anillo-motorizado-40w-50cm-a-control-remoto-con-varias-funciones-champagne-colgante-led-anillo-motorizado-40w-50cm-a-control-remoto-con-varias-funciones-champagne.jpg,2,,
il-purd50,,,,,,,,,,,,,,https://f.fcdn.app/imgs/36c62e/tienda.iluminica.com/ilumuy/71d2/original/catalogo/PURD50_PURD50_3/1024-1024/colgante-led-anillo-motorizado-40w-50cm-a-control-remoto-con-varias-funciones-champagne-colgante-led-anillo-motorizado-40w-50cm-a-control-remoto-con-varias-funciones-champagne.jpg,3,,
il-purd50,,,,,,,,,,,,,,https://f.fcdn.app/imgs/20bed7/tienda.iluminica.com/ilumuy/b065/original/catalogo/PURD50_PURD50_4/1024-1024/colgante-led-anillo-motorizado-40w-50cm-a-control-remoto-con-varias-funciones-champagne-colgante-led-anillo-motorizado-40w-50cm-a-control-remoto-con-varias-funciones-champagne.jpg,4,,
il-purd50,,,,,,,,,,,,,,https://f.fcdn.app/imgs/f6af0f/tienda.iluminica.com/ilumuy/c5b3/original/catalogo/PURD50_PURD50_5/1024-1024/colgante-led-anillo-motorizado-40w-50cm-a-control-remoto-con-varias-funciones-champagne-colgante-led-anillo-motorizado-40w-50cm-a-control-remoto-con-varias-funciones-champagne.jpg,5,,
il-beest80,ACCESORIO PINCHO JARDIN ESTACA LARGA 80CM,"<ul><li>Mayor presencia visual: eleva la luminaria para lograr un efecto más destacado, mejorando la iluminación de plantas, senderos o fachadas.</li><li>Instalación práctica y rápida: se clava directamente en la tierra sin necesidad de herramientas complejas, facilitando el montaje.</li><li>Mejor distribución de la luz: al ganar altura, amplía el alcance y evita sombras indeseadas a nivel del suelo.</li><li>Construcción resistente: diseñada para uso exterior, soporta condiciones climáticas y asegura una fijación firme en el terreno.</li><li>ACCESORIO PARA PINCHO ESTACA LARGA 80CM</li><li>• Marca: Chiaro</li><li>• Modelo: BE</li><li>• Código: BE EST80</li><li>• Protección: IP 65</li><li>• Colores: NEGRO</li><li>• Material: Aluminio y plastico</li><li>• Dimensiones: 80cm extensión y 26.6cm estaca</li><li>• Garantía: 2 días, por defectos de fábrica</li></ul>",Chiaro,Accesorios,"Chiaro, stock-verificado",TRUE,Color,ACCESORIO PINCHO JARDIN ESTACA LARGA 80CM,BE EST80::U,2021.00,,10,deny,https://f.fcdn.app/imgs/4f008b/tienda.iluminica.com/ilumuy/b0d4/original/catalogo/BEEST80_BEEST80_1/1024-1024/accesorio-pincho-jardin-estaca-larga-80cm-accesorio-pincho-jardin-estaca-larga-80cm.jpg,1,,
il-beest80,,,,,,,,,,,,,,https://f.fcdn.app/imgs/0aec56/tienda.iluminica.com/ilumuy/8ce2/original/catalogo/BEEST80_BEEST80_2/1024-1024/accesorio-pincho-jardin-estaca-larga-80cm-accesorio-pincho-jardin-estaca-larga-80cm.jpg,2,,
il-beest80,,,,,,,,,,,,,,https://f.fcdn.app/imgs/42e080/tienda.iluminica.com/ilumuy/f3a0/original/catalogo/BEEST80_BEEST80_3/1024-1024/accesorio-pincho-jardin-estaca-larga-80cm-accesorio-pincho-jardin-estaca-larga-80cm.jpg,3,,
il-beest80,,,,,,,,,,,,,,https://f.fcdn.app/imgs/5a957a/tienda.iluminica.com/ilumuy/8c4a/original/catalogo/BEEST80_BEEST80_4/1024-1024/accesorio-pincho-jardin-estaca-larga-80cm-accesorio-pincho-jardin-estaca-larga-80cm.jpg,4,,
il-beest80,,,,,,,,,,,,,,https://f.fcdn.app/imgs/a684ce/tienda.iluminica.com/ilumuy/26d5/original/catalogo/BEEST80_BEEST80_5/1024-1024/accesorio-pincho-jardin-estaca-larga-80cm-accesorio-pincho-jardin-estaca-larga-80cm.jpg,5,,
il-be14-2700,Wallwasher bañador flexible de pared led 120cm,"<ul><li>Adaptación total a cualquier superficie</li><li>: su formato flexible permite instalarlo en curvas, columnas o muros irregulares, logrando una iluminación uniforme sin cortes visuales.</li><li>Efecto wallwasher profesional</li><li>: distribuye la luz de forma homogénea sobre paredes, resaltando texturas y volúmenes para un resultado arquitectónico de alto nivel.</li><li>Iluminación estética</li><li>: ideal para proyectos donde el diseño es protagonista.</li><li>Eficiencia energética</li><li>: tecnología LED que permite iluminar grandes superficies manteniendo un gasto energético reducido.</li><li>Seguridad y versatilidad de uso</li><li>: funciona en baja tensión (24V), lo que brinda mayor seguridad en la instalación y lo hace apto para múltiples aplicaciones interiores y exteriore.</li><li>•Wallwasher bañador flexible de pared led120cm</li><li>• Marca: Chiaro</li><li>• Modelo: BE</li><li>• Código: BE 14-2700</li><li>• Potencia/consumo: 32W LED</li><li>• Flujo luminoso (luminosidad): 2720 lm</li><li>• Equivalencia en ilum. tradicional: 290W</li><li>• Temperatura de luz: CÁLIDA 2700K</li><li>• Ángulo de luz: 15°</li><li>• Protección: IP 67 - INTEMPERIE</li><li>• Incluye : accesorios de montaje</li><li>• Ideal para: Iluminacion estructural, y de destaque</li><li>• Colores: NEGRO</li><li>• Dimerizable: NO</li><li>• Material:</li><li>• Dimensiones: 120 X 55 X 5 m</li><li>• Dimensiones de corte: no corresponde, es de sobreponer</li><li>• Alimentación:  DC 24 voltc</li><li>• Zócalo: iluminación led incluida.</li><li>• Vida útil: + 35.000 horas</li><li>• Clase Energética: A</li><li>• Garantía: 6 meses</li><li>• Certificados:  CE (LVD, EMC), FCC, ROHS, entre otros</li></ul>",Chiaro,Iluminación,"Apliques, Chiaro, stock-verificado",TRUE,Color,Wallwasher bañador flexible de pared led 120cm,BE 14-2700::U,16068.00,,10,deny,https://f.fcdn.app/imgs/1d081f/tienda.iluminica.com/ilumuy/1a46/original/catalogo/BE14-2700_BE14-2700_1/1024-1024/wallwasher-banador-flexible-de-pared-led-120cm-wallwasher-banador-flexible-de-pared-led-120cm.jpg,1,,
il-be14-2700,,,,,,,,,,,,,,https://f.fcdn.app/imgs/8ad28f/tienda.iluminica.com/ilumuy/cd05/original/catalogo/BE14-2700_BE14-2700_2/1024-1024/wallwasher-banador-flexible-de-pared-led-120cm-wallwasher-banador-flexible-de-pared-led-120cm.jpg,2,,
il-be14-2700,,,,,,,,,,,,,,https://f.fcdn.app/imgs/4280e7/tienda.iluminica.com/ilumuy/12f0/original/catalogo/BE14-2700_BE14-2700_3/1024-1024/wallwasher-banador-flexible-de-pared-led-120cm-wallwasher-banador-flexible-de-pared-led-120cm.jpg,3,,
il-be14-2700,,,,,,,,,,,,,,https://f.fcdn.app/imgs/e50d3d/tienda.iluminica.com/ilumuy/0245/original/catalogo/BE14-2700_BE14-2700_4/1024-1024/wallwasher-banador-flexible-de-pared-led-120cm-wallwasher-banador-flexible-de-pared-led-120cm.jpg,4,,
il-be14-2700,,,,,,,,,,,,,,https://f.fcdn.app/imgs/4cb2a6/tienda.iluminica.com/ilumuy/aed1/original/catalogo/BE14-2700_BE14-2700_5/1024-1024/wallwasher-banador-flexible-de-pared-led-120cm-wallwasher-banador-flexible-de-pared-led-120cm.jpg,5,,
il-be0,Pincho led 9w Aluminio negro IP66 24 volt con visera antideslumbramiento,"<ul><li>Doble forma de instalación según tu proyecto: podés usarlo con estaca para clavar en tierra o montarlo con base sobre superficie firme, logrando máxima flexibilidad en jardín y paisajismo.</li><li>Dos aperturas de haz para distintos efectos: disponible en versión 15° para acentos bien focalizados o 60° para iluminar áreas más amplias, según el resultado que quieras lograr.</li><li>Visera antideslumbramiento: permite iluminar sin luz intrusiva, logrando así un mejor enfoque y una iluminación agradable a la vista.</li><li>Luz potente con consumo eficiente: LED de 9W con 765 lm que rinde como luminarias tradicionales de hasta 90W, generando buen impacto visual con gasto energético controlado.</li><li>Luz cálida que realza vegetación y texturas: temperatura de color 2700K/3000k que aporta un tono agradable y natural para plantas, muros y elementos decorativos.</li><li>Preparado para exterior exigente: protección IP66 que resiste lluvia intensa y polvo, pensado para trabajar a la intemperie de forma confiable.</li><li>Cuerpo robusto anticorrosivo: aluminio fundido a alta presión con pintura protectora que soporta humedad, sol y uso continuo.</li><li>Ideal para iluminación de destaque: recomendado para árboles, arbustos, fachadas y objetos donde buscás protagonismo de luz direccional.</li><li>Vida útil prolongada de servicio: más de 35.000 horas de funcionamiento que reducen recambios y mantenimiento.</li><li>• Luminaria Aplique Spot Pincho de Jardín Chiaro 9w Led. Tambien puede instalarse de base</li><li>• Marca: Chiaro</li><li>• Modelo: BE</li><li>• Código: BE0915C (15°) // BE0960C (60°)</li><li>• Potencia/consumo: 9W LED</li><li>• Flujo luminoso (luminosidad): 765 lm</li><li>• Equivalencia en ilum. tradicional: 90W</li><li>• Temperatura de luz: CÁLIDA 2700K</li><li>• Protección: IP 66 - INTEMPERIE</li><li>• Incluye : accesorios de montaje, estaca para enterrar</li><li>• Ideal para: Jardines, exteriores, iluminación de muros, plantas y árboles</li><li>• Colores: NEGRO</li><li>• Dimerizable: NO</li><li>• Material: Aluminio fundido a alta presión, pintura anticorrosiva</li><li>• Dimensiones: 70 X 123 X 266 mm estaca (puede instalarse también solo con base)</li><li>• Dimensiones de corte: no corresponde, es de enterrar o sobreponer</li><li>• Alimentación:  DC 24 volt</li><li>• Zócalo: iluminación led incluida.</li><li>• Vida útil: + 35.000 horas</li><li>• Clase Energética: A</li><li>• Garantía: 6 meses</li><li>• Certificados:  CE (LVD, EMC), FCC, ROHS, entre otros</li></ul>",Chiaro,Iluminación,"Pinchos, Chiaro, stock-verificado",TRUE,Color,Ángulo 15°,BE 0:915 C-2700:U,6384.00,,10,deny,https://f.fcdn.app/imgs/f54f4d/tienda.iluminica.com/ilumuy/6a82/original/catalogo/BE0_915C-2700_1/1024-1024/pincho-led-9w-aluminio-negro-ip66-24-volt-con-visera-antideslumbramiento-angulo-15.jpg,1,,
il-be0,,,,,,,,Ángulo 60°,BE 0:960 C-2700:U,6384.00,,10,deny,,,,
il-be0,,,,,,,,,,,,,,https://f.fcdn.app/imgs/855270/tienda.iluminica.com/ilumuy/cd4f/original/catalogo/BE0_915C-2700_2/1024-1024/pincho-led-9w-aluminio-negro-ip66-24-volt-con-visera-antideslumbramiento-angulo-15.jpg,2,,
il-be0,,,,,,,,,,,,,,https://f.fcdn.app/imgs/ec4594/tienda.iluminica.com/ilumuy/c1a8/original/catalogo/BE0_915C-2700_3/1024-1024/pincho-led-9w-aluminio-negro-ip66-24-volt-con-visera-antideslumbramiento-angulo-15.jpg,3,,
il-be0,,,,,,,,,,,,,,https://f.fcdn.app/imgs/51934a/tienda.iluminica.com/ilumuy/158f/original/catalogo/BE0_915C-2700_4/1024-1024/pincho-led-9w-aluminio-negro-ip66-24-volt-con-visera-antideslumbramiento-angulo-15.jpg,4,,
il-be0,,,,,,,,,,,,,,https://f.fcdn.app/imgs/1ee512/tienda.iluminica.com/ilumuy/0072/original/catalogo/BE0_915C-2700_5/1024-1024/pincho-led-9w-aluminio-negro-ip66-24-volt-con-visera-antideslumbramiento-angulo-15.jpg,5,,
il-be0,,,,,,,,,,,,,,https://f.fcdn.app/imgs/4f3470/tienda.iluminica.com/ilumuy/6a82/original/catalogo/BE0_960C-2700_1/1024-1024/pincho-led-9w-aluminio-negro-ip66-24-volt-con-visera-antideslumbramiento-angulo-60.jpg,6,,
il-be0,,,,,,,,,,,,,,https://f.fcdn.app/imgs/c2e5de/tienda.iluminica.com/ilumuy/cd4f/original/catalogo/BE0_960C-2700_2/1024-1024/pincho-led-9w-aluminio-negro-ip66-24-volt-con-visera-antideslumbramiento-angulo-60.jpg,7,,
il-be0,,,,,,,,,,,,,,https://f.fcdn.app/imgs/2f396f/tienda.iluminica.com/ilumuy/c1a8/original/catalogo/BE0_960C-2700_3/1024-1024/pincho-led-9w-aluminio-negro-ip66-24-volt-con-visera-antideslumbramiento-angulo-60.jpg,8,,
il-be0,,,,,,,,,,,,,,https://f.fcdn.app/imgs/63b085/tienda.iluminica.com/ilumuy/6446/original/catalogo/BE0_960C-2700_4/1024-1024/pincho-led-9w-aluminio-negro-ip66-24-volt-con-visera-antideslumbramiento-angulo-60.jpg,9,,
il-be0,,,,,,,,,,,,,,https://f.fcdn.app/imgs/c3c43c/tienda.iluminica.com/ilumuy/0072/original/catalogo/BE0_960C-2700_5/1024-1024/pincho-led-9w-aluminio-negro-ip66-24-volt-con-visera-antideslumbramiento-angulo-60.jpg,10,,
il-be12,Embutido 1 haz de luz LED 5W Rasante IP67 24 volt,"<ul><li>Efecto rasante que realza superficies: haz dirigido de 1 salida que proyecta la luz en ángulo bajo para destacar texturas de muros, bordes y escalones, logrando un resultado visual más sofisticado que una luz frontal.</li><li>Señalización eficiente con bajo consumo: LED de 5W con 425 lm que rinde como una luminaria tradicional de hasta 45W, ideal para guiar recorridos sin gastar energía de más.</li><li>Luz cálida agradable a la vista: temperatura de color 2700K que acompaña caminos y escaleras con una iluminación suave, pensada para orientar sin encandilar.</li><li>Protección total contra agua y polvo: grado IP67 que soporta lluvia intensa, humedad y suciedad, apto para instalación directa en piso exterior.</li><li>Bajo voltaje: alimentación 24V DC que reduce riesgo eléctrico en zonas húmedas y de tránsito, recomendada para proyectos de exterior.</li><li>Formato de embutir con montaje completo: incluye caja y accesorios de instalación para dejarlo integrado y firme en el piso.</li><li>Materiales resistentes a la intemperie: cuerpo de aluminio y acero inoxidable que ayudan a evitar corrosión y desgaste con el paso del tiempo.</li><li>Vida útil prolongada: duración estimada superior a 35.000 horas que minimiza recambios y mantenimiento.</li><li>• SPOT LED DE EMBUTIR EN PISO 5W - efecto señalizador 1 haz de luz rasante</li><li>• Marca: Chiaro</li><li>• Modelo: BE</li><li>• Código: BE 12</li><li>• Potencia/consumo: 5W LED</li><li>• Flujo luminoso (luminosidad): 425 lm</li><li>• Equivalencia en ilum. tradicional: 45 W</li><li>• Temperatura de luz: CÁLIDA 2700K</li><li>• Protección: IP 67 - INTEMPERIE</li><li>• Incluye : Tornillos,accesorios de instalacion y caja de montaje</li><li>• Ideal para: Jardines, exteriores, señalización de caminos, escaleras</li><li>• Colores: ALUMINIO</li><li>• Dimerizable: NO</li><li>• Material: Aluminio y acero inoxidable</li><li>• Dimensiones: 60 X 78mm</li><li>• Dimensiones de corte: 55 mmX100mm prof</li><li>• Alimentación: DC 24 volt</li><li>• Zócalo: iluminación led incluida.</li><li>• Vida útil: + 35.000 horas</li><li>• Clase Energética: A</li><li>• Garantía: 6 meses</li><li>• Certificados: CE (LVD, EMC), FCC, ETL, ROHS,entre otros</li></ul>",Chiaro,Iluminación,"Apliques, Chiaro, stock-verificado",TRUE,Color,Embutido 1 haz de luz LED 5W Rasante IP67 24 volt,BE 12::U,5453.00,,10,deny,https://f.fcdn.app/imgs/563cb1/tienda.iluminica.com/ilumuy/4b02/original/catalogo/BE12_BE12_1/1024-1024/embutido-1-haz-de-luz-led-5w-rasante-ip67-24-volt-embutido-1-haz-de-luz-led-5w-rasante-ip67-24-volt.jpg,1,,
il-be12,,,,,,,,,,,,,,https://f.fcdn.app/imgs/36cbf1/tienda.iluminica.com/ilumuy/6568/original/catalogo/BE12_BE12_2/1024-1024/embutido-1-haz-de-luz-led-5w-rasante-ip67-24-volt-embutido-1-haz-de-luz-led-5w-rasante-ip67-24-volt.jpg,2,,
il-be12,,,,,,,,,,,,,,https://f.fcdn.app/imgs/cd06c4/tienda.iluminica.com/ilumuy/1339/original/catalogo/BE12_BE12_3/1024-1024/embutido-1-haz-de-luz-led-5w-rasante-ip67-24-volt-embutido-1-haz-de-luz-led-5w-rasante-ip67-24-volt.jpg,3,,
il-be12,,,,,,,,,,,,,,https://f.fcdn.app/imgs/46c7a0/tienda.iluminica.com/ilumuy/856d/original/catalogo/BE12_BE12_4/1024-1024/embutido-1-haz-de-luz-led-5w-rasante-ip67-24-volt-embutido-1-haz-de-luz-led-5w-rasante-ip67-24-volt.jpg,4,,
il-be12,,,,,,,,,,,,,,https://f.fcdn.app/imgs/bdc144/tienda.iluminica.com/ilumuy/d490/original/catalogo/BE12_BE12_5/1024-1024/embutido-1-haz-de-luz-led-5w-rasante-ip67-24-volt-embutido-1-haz-de-luz-led-5w-rasante-ip67-24-volt.jpg,5,,
il-be13,Proyector LED 24W luz cálida IP66 para jardín,"<ul><li>Potencia ideal para áreas amplias: ofrece una iluminación equivalente a 216W tradicionales perfecto para grandes jardines o ilumincación de arboles frondosos.</li><li>Tipo de luz:  luz cálida para ambientes más acogedores y destacar mejor los colores del jardín</li><li>Preparado para intemperie: IP 66 apto para intemperie, diseñado para resistir lluvia, polvo y exposición constante sin comprometer su funcionamiento.</li><li>Iluminación dirigida y eficiente: su apertura de luz permite enfocar sectores específicos como muros, senderos, entradas o vegetación, optimizando el resultado lumínico.</li><li>Menos mantenimiento a largo plazo: cuenta con una vida útil de 35.000 horas, reduciendo recambios frecuentes y asegurando uso prolongado.</li><li>Construcción sólida y confiable: fabricado en fundición de aluminio, ofrece buena disipación térmica y estabilidad estructural para un desempeño constante.</li><li>• PROYECTOR DE BASE LED 24W lLUZ CÁLIDA IP66 PARA JARDÍN</li><li>• Marca: CHIARO</li><li>• Modelo: BE</li><li>• Código: BE 13</li><li>• Potencia/consumo: 24W</li><li>• Flujo luminoso (luminosidad): 2040 lúmenes</li><li>• Equivalencia en ilum. tradicional: 216W</li><li>• Temperatura de luz: 2700K CÁLIDA</li><li>• Protección: IP66 - APTO PARA INTEMPERIE</li><li>• Ideal para: JARDINES Y ESPACIOS ABIERTOS</li><li>.• Colores: NEGRO</li><li>• Dimerizable: NO</li><li>• Material: FUNDICIÓN DE ALUMINIO GRUESO</li><li>• Dimensiones: 152*90mm</li><li>• Dimensiones de corte: NO APLICA</li><li>• Alimentación: 24VDC</li><li>• Zócalo: NO APLICA</li><li>• Ángulo de apertura de luz: 60º</li><li>• Vida útil: +35.000 horas</li><li>• Clase Energética: A</li><li>• Garantía: 6 MESES</li><li>• Certificados: CE & RoHS</li></ul>",Chiaro,Iluminación,"Reflectores, Chiaro, stock-verificado",TRUE,Color,Proyector LED 24W luz cálida IP66 para jardín,BE 13::U,10109.00,,10,deny,https://f.fcdn.app/imgs/8ecfcc/tienda.iluminica.com/ilumuy/b533/original/catalogo/BE13_BE13_1/1024-1024/proyector-led-24w-luz-calida-ip66-para-jardin-proyector-led-24w-luz-calida-ip66-para-jardin.jpg,1,,
il-be13,,,,,,,,,,,,,,https://f.fcdn.app/imgs/ad3de3/tienda.iluminica.com/ilumuy/652d/original/catalogo/BE13_BE13_2/1024-1024/proyector-led-24w-luz-calida-ip66-para-jardin-proyector-led-24w-luz-calida-ip66-para-jardin.jpg,2,,
il-be13,,,,,,,,,,,,,,https://f.fcdn.app/imgs/70f44a/tienda.iluminica.com/ilumuy/e07b/original/catalogo/BE13_BE13_3/1024-1024/proyector-led-24w-luz-calida-ip66-para-jardin-proyector-led-24w-luz-calida-ip66-para-jardin.jpg,3,,
il-be13,,,,,,,,,,,,,,https://f.fcdn.app/imgs/737751/tienda.iluminica.com/ilumuy/1e5c/original/catalogo/BE13_BE13_4/1024-1024/proyector-led-24w-luz-calida-ip66-para-jardin-proyector-led-24w-luz-calida-ip66-para-jardin.jpg,4,,
il-be13,,,,,,,,,,,,,,https://f.fcdn.app/imgs/7c0f70/tienda.iluminica.com/ilumuy/8693/original/catalogo/BE13_BE13_5/1024-1024/proyector-led-24w-luz-calida-ip66-para-jardin-proyector-led-24w-luz-calida-ip66-para-jardin.jpg,5,,
il-be15,Embutido Led doble haz de luz LED Rasante IP67 24 volt,"<ul><li>Efecto rasante que realza superficies: 2 salidas que proyectan la luz en ángulos bajos para destacar texturas de muros, bordes y escalones, logrando un resultado visual más sofisticado que una luz frontal.</li><li>Señalización eficiente con bajo consumo: LED de 7W con 595lm que rinde como una luminaria tradicional de hasta 63W, ideal para guiar recorridos sin gastar energía de más.</li><li>Luz cálida agradable a la vista: temperatura de color 2700K que acompaña caminos y escaleras con una iluminación suave, pensada para orientar sin encandilar.</li><li>Protección total contra agua y polvo: grado IP67 que soporta lluvia intensa, humedad y suciedad, apto para instalación directa en piso exterior.</li><li>Bajo voltaje: alimentación 24V DC que reduce riesgo eléctrico en zonas húmedas y de tránsito, recomendada para proyectos de exterior.</li><li>Formato de embutir con montaje completo: incluye caja y accesorios de instalación para dejarlo integrado y firme en el piso.</li><li>Materiales resistentes a la intemperie: cuerpo de aluminio y acero inoxidable que ayudan a evitar corrosión y desgaste con el paso del tiempo.</li><li>Vida útil prolongada: duración estimada superior a 35.000 horas que minimiza recambios y mantenimiento.</li><li>• SPOT LED DE EMBUTIR EN PISO 7W - efecto señalizador doble haz de luz rasante</li><li>• Marca: Chiaro</li><li>• Modelo: BE</li><li>• Código: BE 15</li><li>• Potencia/consumo: 7W LED</li><li>• Flujo luminoso (luminosidad): 595 lm</li><li>• Equivalencia en ilum. tradicional: 63 W</li><li>• Ideal para: Jardines, exteriores, señalización de caminos, escaleras</li><li>• Colores: ALUMINIO</li><li>• Dimerizable: NO</li><li>• Material: Aluminio y acero inoxidable</li><li>• Dimensiones: 80 X 89mm</li><li>• Dimensiones de corte:  70mmX120mm prof</li><li>• Alimentación: DC 24 volt</li><li>• Zócalo: iluminación led incluida.</li><li>• Vida útil: + 35.000 horas</li><li>• Clase Energética: A</li><li>• Garantía: 6 meses</li><li>• Certificados: CE (LVD, EMC), FCC, ETL, ROHS,entre otros</li><li>• Temperatura de luz: CÁLIDA 2700K</li><li>• Protección: IP 67 - INTEMPERIE</li><li>• Incluye : Tornillos,accesorios de instalacion y caja de montaje</li></ul>",Chiaro,Iluminación,"Paneles, Chiaro, stock-verificado",TRUE,Color,Embutido Led doble haz de luz LED Rasante IP67 24 volt,BE 15::U,6013.00,,10,deny,https://f.fcdn.app/imgs/465a31/tienda.iluminica.com/ilumuy/0950/original/catalogo/BE15_BE15_1/1024-1024/embutido-led-doble-haz-de-luz-led-rasante-ip67-24-volt-embutido-led-doble-haz-de-luz-led-rasante-ip67-24-volt.jpg,1,,
il-be15,,,,,,,,,,,,,,https://f.fcdn.app/imgs/aa29d0/tienda.iluminica.com/ilumuy/d84e/original/catalogo/BE15_BE15_2/1024-1024/embutido-led-doble-haz-de-luz-led-rasante-ip67-24-volt-embutido-led-doble-haz-de-luz-led-rasante-ip67-24-volt.jpg,2,,
il-be15,,,,,,,,,,,,,,https://f.fcdn.app/imgs/3cb32c/tienda.iluminica.com/ilumuy/35ec/original/catalogo/BE15_BE15_3/1024-1024/embutido-led-doble-haz-de-luz-led-rasante-ip67-24-volt-embutido-led-doble-haz-de-luz-led-rasante-ip67-24-volt.jpg,3,,
il-be15,,,,,,,,,,,,,,https://f.fcdn.app/imgs/72ee51/tienda.iluminica.com/ilumuy/bf57/original/catalogo/BE15_BE15_4/1024-1024/embutido-led-doble-haz-de-luz-led-rasante-ip67-24-volt-embutido-led-doble-haz-de-luz-led-rasante-ip67-24-volt.jpg,4,,
il-be15,,,,,,,,,,,,,,https://f.fcdn.app/imgs/9e0b88/tienda.iluminica.com/ilumuy/36c1/original/catalogo/BE15_BE15_5/1024-1024/embutido-led-doble-haz-de-luz-led-rasante-ip67-24-volt-embutido-led-doble-haz-de-luz-led-rasante-ip67-24-volt.jpg,5,,
il-be11c-2700,Pincho LED 3W Aluminio negro IP66 24 volt con visera antideslumbramiento,"<ul><li>Instalación flexible según tu espacio: podes colocarlo con estaca clavada en tierra o fijarlo con base sobre superficie firme, adaptándolo fácilmente a canteros, macetas o pisos exteriores.</li><li>Haz abierto para iluminar más área: ángulo de 60° que reparte la luz sobre plantas, muros y volúmenes, logrando un destaque más amplio y envolvente.</li><li>Visera anti deslumbramiento: permite iluminar sin luz intrusiva, logrando así un mejor enfoque y una iluminación agradable a la vista.</li><li>Aporte de luz con consumo mínimo: LED de 3W con 255 lm que rinde como luminarias tradicionales de hasta 28W, ideal para acentos decorativos eficientes.</li><li>Luz cálida que favorece el paisaje: temperatura de color 2700K que genera un tono agradable y natural para vegetación y materiales exteriores.</li><li>Preparado para intemperie exigente: protección IP66 que resiste lluvia intensa y polvo, pensado para uso exterior continuo.</li><li>Construcción robusta anticorrosiva: aluminio fundido a alta presión con pintura protectora que soporta humedad y desgaste ambiental.</li><li>Ideal para paisajismo y detalle: recomendado para arbustos, esculturas, muros bajos y puntos de interés donde buscas protagonismo de luz.</li><li>Vida útil prolongada de servicio: más de 35.000 horas de funcionamiento que reduce cambios y mantenimiento.</li><li>• Luminaria Aplique Spot Pincho de Jardín Chiaro 3w Led. También puede instalarse de base</li><li>• Marca: Chiaro</li><li>• Modelo: BE</li><li>• Código: BE 11C -2700</li><li>• Potencia/consumo: 3W LED</li><li>• Flujo luminoso (luminosidad): 255 lm</li><li>• Equivalencia en ilum. tradicional: 28W</li><li>• Temperatura de luz: CÁLIDA 2700K</li><li>• Ángulo de luz: 60°</li><li>• Protección: IP 66 - INTEMPERIE</li><li>• Incluye : accesorios de montaje, estaca para enterrar y visera anti deslumbramiento</li><li>• Ideal para: Jardines, exteriores, iluminación de muros, plantas y árboles</li><li>• Colores: NEGRO</li><li>• Dimerizable: NO</li><li>• Material: Aluminio fundido a alta presión, pintura anticorrosiva</li><li>• Dimensiones: 50 X 100 X 266 mm estaca (puede instalarse también solo con base)</li><li>• Dimensiones de corte: no corresponde, es de enterrar o sobreponer</li><li>• Alimentación:  DC 24 volt</li><li>• Zócalo: iluminación led incluida.</li><li>• Vida útil: + 35.000 horas</li><li>• Clase Energética: A</li><li>• Garantía: 6 meses</li><li>• Certificados:  CE (LVD, EMC), FCC, ROHS, entre otros</li></ul>",Chiaro,Iluminación,"Pinchos, Chiaro, stock-verificado",TRUE,Color,Pincho LED 3W Aluminio negro IP66 24 volt con visera antideslumbramiento,BE 11C-2700::U,4846.00,,10,deny,https://f.fcdn.app/imgs/3ffb96/tienda.iluminica.com/ilumuy/6a82/original/catalogo/BE11C-2700_BE11C-2700_1/1024-1024/pincho-led-3w-aluminio-negro-ip66-24-volt-con-visera-antideslumbramiento-pincho-led-3w-aluminio-negro-ip66-24-volt-con-visera-antideslumbramiento.jpg,1,,
il-be11c-2700,,,,,,,,,,,,,,https://f.fcdn.app/imgs/977fbe/tienda.iluminica.com/ilumuy/cd4f/original/catalogo/BE11C-2700_BE11C-2700_2/1024-1024/pincho-led-3w-aluminio-negro-ip66-24-volt-con-visera-antideslumbramiento-pincho-led-3w-aluminio-negro-ip66-24-volt-con-visera-antideslumbramiento.jpg,2,,
il-be11c-2700,,,,,,,,,,,,,,https://f.fcdn.app/imgs/69e5e5/tienda.iluminica.com/ilumuy/c1a8/original/catalogo/BE11C-2700_BE11C-2700_3/1024-1024/pincho-led-3w-aluminio-negro-ip66-24-volt-con-visera-antideslumbramiento-pincho-led-3w-aluminio-negro-ip66-24-volt-con-visera-antideslumbramiento.jpg,3,,
il-be11c-2700,,,,,,,,,,,,,,https://f.fcdn.app/imgs/33f34f/tienda.iluminica.com/ilumuy/0072/original/catalogo/BE11C-2700_BE11C-2700_4/1024-1024/pincho-led-3w-aluminio-negro-ip66-24-volt-con-visera-antideslumbramiento-pincho-led-3w-aluminio-negro-ip66-24-volt-con-visera-antideslumbramiento.jpg,4,,
il-be11c-2700,,,,,,,,,,,,,,https://f.fcdn.app/imgs/267a25/tienda.iluminica.com/ilumuy/49f4/original/catalogo/BE11C-2700_BE11C-2700_5/1024-1024/pincho-led-3w-aluminio-negro-ip66-24-volt-con-visera-antideslumbramiento-pincho-led-3w-aluminio-negro-ip66-24-volt-con-visera-antideslumbramiento.jpg,5,,
il-be0660c-2700,Pincho led 6w Aluminio negro IP66 24 volt con visera antideslumbramiento,"<ul><li>Instalación flexible según el lugar: podes usarlo con estaca para clavar en tierra o montarlo con base sobre superficie firme, adaptándolo fácilmente a canteros, césped o pisos exteriores.</li><li>Haz abierto para iluminar más área: ángulo de 60° que reparte la luz sobre plantas, muros y volúmenes, logrando un destaque más amplio y envolvente.</li><li>Visera anti deslumbramiento: permite iluminar sin luz intrusiva, logrando así un mejor enfoque y una iluminación agradable a la vista.</li><li>Luz clara con consumo eficiente: LED de 6W con 510 lm que rinde como luminarias tradicionales de hasta 55W, generando buen destaque con gasto energético contenido.</li><li>Luz cálida que realza vegetación y texturas: temperatura de color 2700K que aporta un tono agradable y natural para paisajismo y fachadas.</li><li>Preparado para exterior exigente: protección IP66 que resiste lluvia intensa y polvo, pensado para trabajar a la intemperie de forma confiable.</li><li>Cuerpo robusto anticorrosivo: aluminio fundido a alta presión con pintura protectora que soporta humedad y uso continuo en jardín.</li><li>Ideal para iluminación de destaque: recomendado para árboles, arbustos, muros y objetos donde buscas protagonismo de luz direccional.</li><li>Vida útil prolongada de servicio: más de 35.000 horas de funcionamiento que reducen recambios y mantenimiento.</li><li>• Luminaria Aplique Spot Pincho de Jardín Chiaro 6w Led. También puede instalarse de base</li><li>• Marca: Chiaro</li><li>• Modelo: BE</li><li>• Código: BE 0660C-2700</li><li>• Potencia/consumo: 6W LED</li><li>• Flujo luminoso (luminosidad): 510 lm</li><li>• Equivalencia en ilum. tradicional: 55W</li><li>• Temperatura de luz: CÁLIDA 2700K</li><li>• Ángulo de luz: 60°</li><li>• Protección: IP 66 - INTEMPERIE</li><li>• Incluye : accesorios de montaje, estaca para enterrar y visera anti deslumbramiento.</li><li>• Ideal para: Jardines, exteriores, iluminación de muros, plantas y árboles</li><li>• Colores: NEGRO</li><li>• Dimerizable: NO</li><li>• Material: Aluminio fundido a alta presión, pintura anticorrosiva</li><li>• Dimensiones: 50 X 100 X 266 mm estaca (puede instalarse también solo con base)</li><li>• Dimensiones de corte: no corresponde, es de enterrar o sobreponer</li><li>• Alimentación:  DC 24 volt</li><li>• Zócalo: iluminación led incluida.</li><li>• Vida útil: + 35.000 horas</li><li>• Clase Energética: A</li><li>• Garantía: 6 meses</li><li>• Certificados:  CE (LVD, EMC), FCC, ROHS, entre otros</li></ul>",Chiaro,Iluminación,"Pinchos, Chiaro, stock-verificado",TRUE,Color,Pincho led 6w Aluminio negro IP66 24 volt con visera antideslumbramiento,BE 0660C - 2700::U,5453.00,,10,deny,https://f.fcdn.app/imgs/45981e/tienda.iluminica.com/ilumuy/6a82/original/catalogo/BE0660C-2700_BE0660C-2700_1/1024-1024/pincho-led-6w-aluminio-negro-ip66-24-volt-con-visera-antideslumbramiento-pincho-led-6w-aluminio-negro-ip66-24-volt-con-visera-antideslumbramiento.jpg,1,,
il-be0660c-2700,,,,,,,,,,,,,,https://f.fcdn.app/imgs/154273/tienda.iluminica.com/ilumuy/cd4f/original/catalogo/BE0660C-2700_BE0660C-2700_2/1024-1024/pincho-led-6w-aluminio-negro-ip66-24-volt-con-visera-antideslumbramiento-pincho-led-6w-aluminio-negro-ip66-24-volt-con-visera-antideslumbramiento.jpg,2,,
il-be0660c-2700,,,,,,,,,,,,,,https://f.fcdn.app/imgs/4555a0/tienda.iluminica.com/ilumuy/c1a8/original/catalogo/BE0660C-2700_BE0660C-2700_3/1024-1024/pincho-led-6w-aluminio-negro-ip66-24-volt-con-visera-antideslumbramiento-pincho-led-6w-aluminio-negro-ip66-24-volt-con-visera-antideslumbramiento.jpg,3,,
il-be0660c-2700,,,,,,,,,,,,,,https://f.fcdn.app/imgs/cc2614/tienda.iluminica.com/ilumuy/0072/original/catalogo/BE0660C-2700_BE0660C-2700_4/1024-1024/pincho-led-6w-aluminio-negro-ip66-24-volt-con-visera-antideslumbramiento-pincho-led-6w-aluminio-negro-ip66-24-volt-con-visera-antideslumbramiento.jpg,4,,
il-be0660c-2700,,,,,,,,,,,,,,https://f.fcdn.app/imgs/3cad2b/tienda.iluminica.com/ilumuy/2c7a/original/catalogo/BE0660C-2700_BE0660C-2700_5/1024-1024/pincho-led-6w-aluminio-negro-ip66-24-volt-con-visera-antideslumbramiento-pincho-led-6w-aluminio-negro-ip66-24-volt-con-visera-antideslumbramiento.jpg,5,,
il-echrex18w,PANEL SPOT EMBUTIR 18W ANTI DESLUMBRAMIENTO CCT(2700K-3000K-4000K),"<ul><li>Luz focal para resaltar zonas clave: su haz concentrado permite destacar recorridos, accesos, objetos o texturas, generando acentos de luz precisos sin iluminar de más el entorno.</li><li>Intensidad regulable según la escena: al ser dimerizable podés ajustar la luz para lograr desde un clima suave hasta una iluminación más marcada, usando el mismo equipo.</li><li>Formato embutido de presencia discreta: queda integrado en el techo, aportando una estética ordenada y profesional que no invade visualmente el espacio.</li><li>CCT seleccionable: el poder elegir la temperatura de color de luz es un beneficio, un único artefacto adaptable a cualquier escenario.</li><li>Muy buena opción para pasillos y halls: pensado para zonas de paso donde se necesita dirección de luz y buen control de escena.</li><li>Construcción robusta en aluminio: fabricado en aluminio de buena calidad, aporta firmeza y correcta disipación térmica para uso continuo.</li><li>Incluye driver y resortes de fijación: viene con driver y sistema de sujeción, formando el conjunto completo para su colocación embutida.</li><li>LED integrado de larga vida útil: vida útil de 50.000 horas, lo que reduce recambios y mantenimiento durante mucho tiempo.</li><li>EMBUTIDO LED REDONDO CCT 18W DIMERIZABLE</li><li>• Marca: Chiaro</li><li>• Modelo: ECHR</li><li>• Código: ECHR EX 18W</li><li>• Potencia/consumo: 18 Watts</li><li>• Flujo luminoso (luminosidad): 2300 lúmenes</li><li>• Equivalencia en ilum. tradicional: 180 Watts</li><li>• Temperatura de luz: 3 COLORES DE LUZ INCLUIDOS (2700k-3000k-4000k)</li><li>• Protección: IP 54</li><li>• Incluye : Resortes para fijación, IC DRIVER</li><li>• Ideal para: Pasillos, hall de distribucion, recibidores, etc</li><li>• Colores: ALUMINIO BLANCO</li><li>• Dimerizable: SI</li><li>• Material: Aluminio alta calidad</li><li>• Dimensiones: 170mm de diámetro x 94mm profundidad</li><li>• Dimensiones de corte: 140 a 150mm de diámetro</li><li>• Alimentación: AC 220-240V</li><li>• Zócalo: no aplica</li><li>• Ángulo de apertura de luz: 60º</li><li>• Vida útil: +50.000 horas</li><li>• Clase Energética: A</li><li>• Garantía: 6 meses</li><li>• Certificados: CE, RoHS, entre otros</li></ul>",Chiaro,Iluminación,"Paneles, Chiaro, stock-verificado",TRUE,Color,PANEL SPOT EMBUTIR 18W ANTI DESLUMBRAMIENTO CCT(2700K-3000K-4000K),ECHR EX 18W::U,1989.00,,10,deny,https://f.fcdn.app/imgs/bb1fe7/tienda.iluminica.com/ilumuy/76f8/original/catalogo/ECHREX18W_ECHREX18W_1/1024-1024/panel-spot-embutir-18w-anti-deslumbramiento-cct-2700k-3000k-4000k-panel-spot-embutir-18w-anti-deslumbramiento-cct-2700k-3000k-4000k.jpg,1,,
il-echrex18w,,,,,,,,,,,,,,https://f.fcdn.app/imgs/295fb4/tienda.iluminica.com/ilumuy/a7b1/original/catalogo/ECHREX18W_ECHREX18W_2/1024-1024/panel-spot-embutir-18w-anti-deslumbramiento-cct-2700k-3000k-4000k-panel-spot-embutir-18w-anti-deslumbramiento-cct-2700k-3000k-4000k.jpg,2,,
il-echrex18w,,,,,,,,,,,,,,https://f.fcdn.app/imgs/654b24/tienda.iluminica.com/ilumuy/3feb/original/catalogo/ECHREX18W_ECHREX18W_3/1024-1024/panel-spot-embutir-18w-anti-deslumbramiento-cct-2700k-3000k-4000k-panel-spot-embutir-18w-anti-deslumbramiento-cct-2700k-3000k-4000k.jpg,3,,
il-echrex18w,,,,,,,,,,,,,,https://f.fcdn.app/imgs/89af3f/tienda.iluminica.com/ilumuy/17cc/original/catalogo/ECHREX18W_ECHREX18W_4/1024-1024/panel-spot-embutir-18w-anti-deslumbramiento-cct-2700k-3000k-4000k-panel-spot-embutir-18w-anti-deslumbramiento-cct-2700k-3000k-4000k.jpg,4,,
il-echrex18w,,,,,,,,,,,,,,https://f.fcdn.app/imgs/17e68d/tienda.iluminica.com/ilumuy/c2f4/original/catalogo/ECHREX18W_ECHREX18W_5/1024-1024/panel-spot-embutir-18w-anti-deslumbramiento-cct-2700k-3000k-4000k-panel-spot-embutir-18w-anti-deslumbramiento-cct-2700k-3000k-4000k.jpg,5,,
il-aich47,APLIQUE SPOT DIRIGIBLE 8W APTO INTEMPERIE,"<ul><li>Iluminación potente con bajo consumo: con 8W de consumo, este spot LED entrega aproximadamente 950 lúmenes, equivalente a una lámpara tradicional de unos 72W, lo que se traduce en alto rendimiento lumínico con gasto mínimo de energía.</li><li>Luz cálida agradable: La luz cálida crea un ambiente acogedor y cómodo en espacios exteriores, ideal para iluminar zonas de paso, entradas o detalles arquitectónicos sin generar una luz fría o enceguecedora.</li><li>Protección total contra intemperie: certificación IP65 significa que el aplique está protegido contra polvo y chorros de agua desde cualquier dirección. Ideal para cualquier lugar expuesto al clima.</li><li>Construcción sólida y duradera: fabricado con aluminio fundido a alta presión y pintura anticorrosiva, junto con difusor de policarbonato, garantiza resistencia a la corrosión y al desgaste por condiciones ambientales.</li><li>Fácil instalación y uso versátil: se monta de forma adosado a paredes o superficies exteriores. Viene con tornillos, accesorios e instrucciones para una instalación rápida y segura.</li><li>Vida útil prolongada: con una vida útil superior a 30.000h, reduce costos de mantenimiento y reemplazo a largo plazo, lo que lo convierte en una inversión eficiente para iluminación exterior.</li><li>• Luminaria Spot Aplique Móvil Led 8w IP65 Chiaro</li><li>• Marca: Chiaro</li><li>• Modelo: AICH</li><li>• Código: AICH 47 B // AICH 47 N</li><li>• Potencia/consumo: 8W LED</li><li>• Flujo luminoso (luminosidad): 950 lm</li><li>• Equivalencia en ilum. tradicional: 72W</li><li>• Temperatura de luz: CÁLIDA 2700K</li><li>• Protección: IP 65 - intemperie</li><li>• Incluye : Tornillos, llaves especiales y manual de instalación</li><li>• Ideal para: Jardines, exteriores, iluminación de muros y plantas</li><li>• Colores: BALNCO / NEGRO</li><li>• Dimerizable: SI</li><li>• Material: Aluminio fundido a alta presión, pintura anticorrosiva</li><li>• Dimensiones: Ø105 x Ø62 x 97 mm</li><li>• Dimensiones de corte: no corresponde, es de adosar o sobreponer</li><li>• Alimentación: 220-240V AC</li><li>• Zócalo: iluminación led incluida.</li><li>• Vida útil: + 30.000 horas</li><li>• Clase Energética: A</li><li>• Garantía: 6 meses</li><li>• Certificados: TIV, Intertek: CE (LVD, EMC), GS, ERP, SAA, CB, ETL, ROHS, BIS, ISO9001-2015, ISP140000, BSCI.</li></ul>",Chiaro,Iluminación,"Apliques, Chiaro, stock-verificado",TRUE,Color,BLANCO,AICH 47:B:U,2766.00,,10,deny,https://f.fcdn.app/imgs/39f9c4/tienda.iluminica.com/ilumuy/3968/original/catalogo/AICH47_B_1/1024-1024/aplique-spot-dirigible-8w-apto-intemperie-blanco.jpg,1,,
il-aich47,,,,,,,,NEGRO,AICH 47:N:U,2766.00,,10,deny,,,,
il-aich47,,,,,,,,,,,,,,https://f.fcdn.app/imgs/6c4224/tienda.iluminica.com/ilumuy/8eb8/original/catalogo/AICH47_B_2/1024-1024/aplique-spot-dirigible-8w-apto-intemperie-blanco.jpg,2,,
il-aich47,,,,,,,,,,,,,,https://f.fcdn.app/imgs/cc1420/tienda.iluminica.com/ilumuy/d25f/original/catalogo/AICH47_B_3/1024-1024/aplique-spot-dirigible-8w-apto-intemperie-blanco.jpg,3,,
il-aich47,,,,,,,,,,,,,,https://f.fcdn.app/imgs/e4e209/tienda.iluminica.com/ilumuy/8d6e/original/catalogo/AICH47_B_4/1024-1024/aplique-spot-dirigible-8w-apto-intemperie-blanco.jpg,4,,
il-aich47,,,,,,,,,,,,,,https://f.fcdn.app/imgs/8097f3/tienda.iluminica.com/ilumuy/0a01/original/catalogo/AICH47_B_5/1024-1024/aplique-spot-dirigible-8w-apto-intemperie-blanco.jpg,5,,
il-aich47,,,,,,,,,,,,,,https://f.fcdn.app/imgs/661cf6/tienda.iluminica.com/ilumuy/0dc4/original/catalogo/AICH47_N_1/1024-1024/aplique-spot-dirigible-8w-apto-intemperie-negro.jpg,6,,
il-aich47,,,,,,,,,,,,,,https://f.fcdn.app/imgs/1f00bd/tienda.iluminica.com/ilumuy/446d/original/catalogo/AICH47_N_2/1024-1024/aplique-spot-dirigible-8w-apto-intemperie-negro.jpg,7,,
il-aich47,,,,,,,,,,,,,,https://f.fcdn.app/imgs/4c1d40/tienda.iluminica.com/ilumuy/580e/original/catalogo/AICH47_N_3/1024-1024/aplique-spot-dirigible-8w-apto-intemperie-negro.jpg,8,,
il-aich47,,,,,,,,,,,,,,https://f.fcdn.app/imgs/be46c7/tienda.iluminica.com/ilumuy/feb6/original/catalogo/AICH47_N_4/1024-1024/aplique-spot-dirigible-8w-apto-intemperie-negro.jpg,9,,
il-aich47,,,,,,,,,,,,,,https://f.fcdn.app/imgs/5646a3/tienda.iluminica.com/ilumuy/5085/original/catalogo/AICH47_N_5/1024-1024/aplique-spot-dirigible-8w-apto-intemperie-negro.jpg,10,,
il-chfs354wf,Lámpara led 54w E40 remplazo sodio-mercurio,"<ul><li>Alto rendimiento lumínico:</li><li>ofrece una intensidad equivalente a lámparas tradicionales de muy alto consumo, ideal para luminarias de gran porte.</li><li>Luz fría de máxima claridad:</li><li>emite tonalidad fría que mejora visibilidad y definición en espacios amplios o áreas técnicas.</li><li>Reemplazo eficiente:</li><li>permite modernizar luminarias existentes reduciendo consumo eléctrico sin perder potencia de iluminación.</li><li>Uso en luminarias protegidas:</li><li>cuenta con IP 20 para uso interior, por lo que debe instalarse dentro de artefactos cerrados cuando se utilice en exterior.</li><li>Compatible con portalámpara industrial:</li><li>diseñada para portalámpara de gran formato, habitual en luminarias viales o industriales.</li><li>Construcción resistente:</li><li>fabricada en aluminio y PC, favorece correcta disipación térmica y buena durabilidad.</li><li>Vida útil prolongada:</li><li>ofrece 30.000 horas de funcionamiento, disminuyendo recambios y mantenimiento en instalaciones exigentes.</li><li>Eficiencia energética:</li><li>su clasificación energética A permite alto rendimiento con consumo optimizado.</li><li>• LAMPARA LED 54W E40 OVAL</li><li>• Marca: Chiaro• Modelo: CHF S3</li><li>• Código: CHF S3 54W</li><li>• Potencia/consumo: 54W</li><li>• Flujo luminoso (luminosidad): 7992 lúmenes</li><li>• Equivalencia en ilum. tradicional: 480 watts</li><li>• Temperatura de luz: 6500K FRIA</li><li>• Protección: IP20</li><li>• Ideal para: LUMINARIAS DE CALLE</li><li>• Colores: BLANCO Y GRIS</li><li>• Dimerizable: NO</li><li>• Material: PC + ALUMINIO</li><li>• Dimensiones: 262 X 90mm</li><li>• Dimensiones de corte: No aplica</li><li>• Alimentación: 176-264V,  50-60Hz.</li><li>• Zócalo: E40</li><li>• Ángulo de apertura de luz: 120º</li><li>• Vida útil: +30.000 horas</li><li>• Clase Energética: A</li><li>• Garantía: 6 meses</li><li>• Certificados: CE, RoHS, entre otros</li></ul>",Chiaro,Iluminación,"Lámparas – Tubos LED, Chiaro, stock-verificado",TRUE,Color,Lámpara led 54w E40 remplazo sodio-mercurio,CHF S3 54W F::U,2600.00,,10,deny,https://f.fcdn.app/imgs/123b2e/tienda.iluminica.com/ilumuy/25c9/original/catalogo/CHFS354WF_CHFS354WF_1/1024-1024/lampara-led-54w-e40-remplazo-sodio-mercurio-lampara-led-54w-e40-remplazo-sodio-mercurio.jpg,1,,
il-chfs354wf,,,,,,,,,,,,,,https://f.fcdn.app/imgs/7bd653/tienda.iluminica.com/ilumuy/25ac/original/catalogo/CHFS354WF_CHFS354WF_2/1024-1024/lampara-led-54w-e40-remplazo-sodio-mercurio-lampara-led-54w-e40-remplazo-sodio-mercurio.jpg,2,,
il-chfs354wf,,,,,,,,,,,,,,https://f.fcdn.app/imgs/ec2da6/tienda.iluminica.com/ilumuy/3c28/original/catalogo/CHFS354WF_CHFS354WF_3/1024-1024/lampara-led-54w-e40-remplazo-sodio-mercurio-lampara-led-54w-e40-remplazo-sodio-mercurio.jpg,3,,
il-chfs354wf,,,,,,,,,,,,,,https://f.fcdn.app/imgs/9c8916/tienda.iluminica.com/ilumuy/3219/original/catalogo/CHFS354WF_CHFS354WF_4/1024-1024/lampara-led-54w-e40-remplazo-sodio-mercurio-lampara-led-54w-e40-remplazo-sodio-mercurio.jpg,4,,
il-chfs354wf,,,,,,,,,,,,,,https://f.fcdn.app/imgs/329ce9/tienda.iluminica.com/ilumuy/27ff/original/catalogo/CHFS354WF_CHFS354WF_5/1024-1024/lampara-led-54w-e40-remplazo-sodio-mercurio-lampara-led-54w-e40-remplazo-sodio-mercurio.jpg,5,,
il-pupm,LAMPARA DE PIE VARAL CON ROTACIÓN ROBLE MADERA DIMERIZABLE,"<ul><li>Control total del ambiente:</li><li>es dimerizable y permite regular el color de luz desde cálida para relajarte hasta más clara para trabajar o leer, adaptándose fácilmente a cada momento del día.</li><li>Diseño moderno con calidez natural:</li><li>la combinación de madera roble y negro aporta equilibrio entre estilo contemporáneo y textura cálida, ideal para livings, dormitorios y salas de estar.</li><li>Iluminación potente y eficiente:</li><li>ofrece un rendimiento equivalente a luminarias tradicionales de mucho mayor consumo, brindando excelente capacidad lumínica con eficiencia energética clase A.</li><li>Varal funcional y estilizado:</li><li>su formato vertical permite dirigir la luz hacia donde más la necesitás, creando rincones de lectura o iluminación ambiental con una sola pieza.</li><li>Ideal para múltiples espacios:</li><li>perfecta como luz de apoyo junto a sillones, escritorios o mesas auxiliares, combinando función y presencia decorativa.</li><li>Uso interior protegido:</li><li>cuenta con IP 20 para uso interior, adecuada para ambientes bajo techo.</li><li>Durabilidad superior:</li><li>brinda 50.000 horas de vida útil, reduciendo mantenimiento y asegurando funcionamiento prolongado.</li><li>Calidad europea:</li><li>diseño y origen alemán que respaldan su construcción en aluminio y madera y su nivel de terminación premium</li><li>• Luminaria de pie dimerizable y cambio de color de luz, moderna 2700k- 5000k varal - 155cm</li><li>• Marca: Neuhaus Pure</li><li>• Modelo: PU</li><li>• Código: PU PM</li><li>• Potencia/consumo: 21W</li><li>• Flujo luminoso (luminosidad): lúmenes 2520 lm</li><li>• Equivalencia en ilum. tradicional: 189watts</li><li>• Temperatura de luz: 2700k A 5000k</li><li>• Protección: IP 20</li><li>• Incluye: Led integrado.</li><li>• Ideal para: Dormitorios, Escritorios, Living, Salas de estar, Comedor.</li><li>• Colores: Madera roble y negro.</li><li>• Dimerizable: SI</li><li>• Color de luz: Regulable de 2700k a 5000k</li><li>• Material: aluminio y madera</li><li>• Dimensiones: Alto 1550mm x Ancho 220mm x Profundidad 160mm</li><li>• Dimensiones de corte: no corresponde, es de sobreponer, adosar.</li><li>• Alimentación: 220V</li><li>• Zócalo: no corresponde - LED INTEGRADO</li><li>• Vida útil: + 50.000 horas</li><li>• Clase Energética: A</li><li>• Garantía: 5 años. Origen Alemán</li></ul>",Neuhaus pure,Iluminación,"Lámparas de pie, Neuhaus pure, stock-verificado",TRUE,Color,LAMPARA DE PIE VARAL CON ROTACIÓN ROBLE MADERA DIMERIZABLE,PU PM::U,41367.00,,10,deny,https://f.fcdn.app/imgs/567f54/tienda.iluminica.com/ilumuy/365b/original/catalogo/PUPM_PUPM_1/1024-1024/lampara-de-pie-varal-con-rotacion-roble-madera-dimerizable-lampara-de-pie-varal-con-rotacion-roble-madera-dimerizable.jpg,1,,
il-pupm,,,,,,,,,,,,,,https://f.fcdn.app/imgs/b41569/tienda.iluminica.com/ilumuy/e22a/original/catalogo/PUPM_PUPM_2/1024-1024/lampara-de-pie-varal-con-rotacion-roble-madera-dimerizable-lampara-de-pie-varal-con-rotacion-roble-madera-dimerizable.jpg,2,,
il-pupm,,,,,,,,,,,,,,https://f.fcdn.app/imgs/d59b20/tienda.iluminica.com/ilumuy/2f25/original/catalogo/PUPM_PUPM_3/1024-1024/lampara-de-pie-varal-con-rotacion-roble-madera-dimerizable-lampara-de-pie-varal-con-rotacion-roble-madera-dimerizable.jpg,3,,
il-pupm,,,,,,,,,,,,,,https://f.fcdn.app/imgs/6e06d5/tienda.iluminica.com/ilumuy/3973/original/catalogo/PUPM_PUPM_4/1024-1024/lampara-de-pie-varal-con-rotacion-roble-madera-dimerizable-lampara-de-pie-varal-con-rotacion-roble-madera-dimerizable.jpg,4,,
il-pupm,,,,,,,,,,,,,,https://f.fcdn.app/imgs/223242/tienda.iluminica.com/ilumuy/e27e/original/catalogo/PUPM_PUPM_5/1024-1024/lampara-de-pie-varal-con-rotacion-roble-madera-dimerizable-lampara-de-pie-varal-con-rotacion-roble-madera-dimerizable.jpg,5,,
il-pupan,LAMPARA DE PIE ANILLO MARRÓN DIMERIZABLE Y CCT 9W CON CONTROL - 140CM,LAMPARA DE PIE ANILLO MARRÓN DIMERIZABLE Y CCT 9W CON CONTROL - 140CM,Neuhaus pure,Iluminación,"Lámparas de pie, Neuhaus pure, stock-verificado",TRUE,Color,LAMPARA DE PIE ANILLO MARRÓN DIMERIZABLE Y CCT 9W CON CONTROL - 140CM,PU PAN::U,26984.00,,10,deny,https://f.fcdn.app/imgs/cb1ade/tienda.iluminica.com/ilumuy/da28/original/catalogo/PUPAN_PUPAN_1/1024-1024/lampara-de-pie-anillo-marron-dimerizable-y-cct-9w-con-control-140cm-lampara-de-pie-anillo-marron-dimerizable-y-cct-9w-con-control-140cm.jpg,1,,
il-pupan,,,,,,,,,,,,,,https://f.fcdn.app/imgs/8af4f9/tienda.iluminica.com/ilumuy/113d/original/catalogo/PUPAN_PUPAN_2/1024-1024/lampara-de-pie-anillo-marron-dimerizable-y-cct-9w-con-control-140cm-lampara-de-pie-anillo-marron-dimerizable-y-cct-9w-con-control-140cm.jpg,2,,
il-pupan,,,,,,,,,,,,,,https://f.fcdn.app/imgs/6c9c1a/tienda.iluminica.com/ilumuy/fb78/original/catalogo/PUPAN_PUPAN_3/1024-1024/lampara-de-pie-anillo-marron-dimerizable-y-cct-9w-con-control-140cm-lampara-de-pie-anillo-marron-dimerizable-y-cct-9w-con-control-140cm.jpg,3,,
il-pupan,,,,,,,,,,,,,,https://f.fcdn.app/imgs/8fd8f0/tienda.iluminica.com/ilumuy/a18d/original/catalogo/PUPAN_PUPAN_4/1024-1024/lampara-de-pie-anillo-marron-dimerizable-y-cct-9w-con-control-140cm-lampara-de-pie-anillo-marron-dimerizable-y-cct-9w-con-control-140cm.jpg,4,,
il-pupan,,,,,,,,,,,,,,https://f.fcdn.app/imgs/7646ae/tienda.iluminica.com/ilumuy/3b1d/original/catalogo/PUPAN_PUPAN_5/1024-1024/lampara-de-pie-anillo-marron-dimerizable-y-cct-9w-con-control-140cm-lampara-de-pie-anillo-marron-dimerizable-y-cct-9w-con-control-140cm.jpg,5,,
il-pupap,LAMPARA DE PIE ANILLO PLATA DIMERIZABLE Y CCT 9W CON CONTROL - 140CM,LAMPARA DE PIE ANILLO PLATA DIMERIZABLE Y CCT 9W CON CONTROL - 140CM,Neuhaus pure,Iluminación,"Lámparas de pie, Neuhaus pure, stock-verificado",TRUE,Color,LAMPARA DE PIE ANILLO PLATA DIMERIZABLE Y CCT 9W CON CONTROL - 140CM,PU PAP::U,26984.00,,10,deny,https://f.fcdn.app/imgs/ff221e/tienda.iluminica.com/ilumuy/22eb/original/catalogo/PUPAP_PUPAP_1/1024-1024/lampara-de-pie-anillo-plata-dimerizable-y-cct-9w-con-control-140cm-lampara-de-pie-anillo-plata-dimerizable-y-cct-9w-con-control-140cm.jpg,1,,
il-pupap,,,,,,,,,,,,,,https://f.fcdn.app/imgs/1272f6/tienda.iluminica.com/ilumuy/88da/original/catalogo/PUPAP_PUPAP_2/1024-1024/lampara-de-pie-anillo-plata-dimerizable-y-cct-9w-con-control-140cm-lampara-de-pie-anillo-plata-dimerizable-y-cct-9w-con-control-140cm.jpg,2,,
il-pupap,,,,,,,,,,,,,,https://f.fcdn.app/imgs/99dc5d/tienda.iluminica.com/ilumuy/a708/original/catalogo/PUPAP_PUPAP_3/1024-1024/lampara-de-pie-anillo-plata-dimerizable-y-cct-9w-con-control-140cm-lampara-de-pie-anillo-plata-dimerizable-y-cct-9w-con-control-140cm.jpg,3,,
il-pupap,,,,,,,,,,,,,,https://f.fcdn.app/imgs/e53d7a/tienda.iluminica.com/ilumuy/4058/original/catalogo/PUPAP_PUPAP_4/1024-1024/lampara-de-pie-anillo-plata-dimerizable-y-cct-9w-con-control-140cm-lampara-de-pie-anillo-plata-dimerizable-y-cct-9w-con-control-140cm.jpg,4,,
il-pupap,,,,,,,,,,,,,,https://f.fcdn.app/imgs/613474/tienda.iluminica.com/ilumuy/db6d/original/catalogo/PUPAP_PUPAP_5/1024-1024/lampara-de-pie-anillo-plata-dimerizable-y-cct-9w-con-control-140cm-lampara-de-pie-anillo-plata-dimerizable-y-cct-9w-con-control-140cm.jpg,5,,
il-purrp,"Colgante led anillo motorizado 44w 70cm a control remoto con varias funciones, Gris grafito","Colgante led anillo motorizado 44w 70cm a control remoto con varias funciones, Gris grafito",Neuhaus pure,Iluminación,"Colgantes, Neuhaus pure, stock-verificado",TRUE,Color,"Colgante led anillo motorizado 44w 70cm a control remoto con varias funciones, Gris grafito",PU RRP::U,124267.00,,10,deny,https://f.fcdn.app/imgs/38d7ab/tienda.iluminica.com/ilumuy/bcfd/original/catalogo/PURRP_PURRP_1/1024-1024/colgante-led-anillo-motorizado-44w-70cm-a-control-remoto-con-varias-funciones-gris-grafito-colgante-led-anillo-motorizado-44w-70cm-a-control-remoto-con-varias-funciones-gris-grafito.jpg,1,,
il-purrp,,,,,,,,,,,,,,https://f.fcdn.app/imgs/0b3d6c/tienda.iluminica.com/ilumuy/84c6/original/catalogo/PURRP_PURRP_2/1024-1024/colgante-led-anillo-motorizado-44w-70cm-a-control-remoto-con-varias-funciones-gris-grafito-colgante-led-anillo-motorizado-44w-70cm-a-control-remoto-con-varias-funciones-gris-grafito.jpg,2,,
il-purrp,,,,,,,,,,,,,,https://f.fcdn.app/imgs/7d9dbd/tienda.iluminica.com/ilumuy/b183/original/catalogo/PURRP_PURRP_3/1024-1024/colgante-led-anillo-motorizado-44w-70cm-a-control-remoto-con-varias-funciones-gris-grafito-colgante-led-anillo-motorizado-44w-70cm-a-control-remoto-con-varias-funciones-gris-grafito.jpg,3,,
il-purrp,,,,,,,,,,,,,,https://f.fcdn.app/imgs/73b4f2/tienda.iluminica.com/ilumuy/5d03/original/catalogo/PURRP_PURRP_4/1024-1024/colgante-led-anillo-motorizado-44w-70cm-a-control-remoto-con-varias-funciones-gris-grafito-colgante-led-anillo-motorizado-44w-70cm-a-control-remoto-con-varias-funciones-gris-grafito.jpg,4,,
il-purrp,,,,,,,,,,,,,,https://f.fcdn.app/imgs/4bf02c/tienda.iluminica.com/ilumuy/ab00/original/catalogo/PURRP_PURRP_5/1024-1024/colgante-led-anillo-motorizado-44w-70cm-a-control-remoto-con-varias-funciones-gris-grafito-colgante-led-anillo-motorizado-44w-70cm-a-control-remoto-con-varias-funciones-gris-grafito.jpg,5,,
il-cm75,Aplique de Pared spot esfera minimalista,Aplique de Pared spot esfera minimalista,Chiaro,Iluminación,"Apliques, Chiaro, stock-verificado",TRUE,Color,DORADO,CM 75:D:U,2182.00,,10,deny,https://f.fcdn.app/imgs/3ff592/tienda.iluminica.com/ilumuy/6e8f/original/catalogo/CM75_D_1/1024-1024/aplique-de-pared-spot-esfera-minimalista-dorado.jpg,1,,
il-cm75,,,,,,,,NEGRO,CM 75:N:U,2182.00,,10,deny,,,,
il-cm75,,,,,,,,,,,,,,https://f.fcdn.app/imgs/1844ce/tienda.iluminica.com/ilumuy/7295/original/catalogo/CM75_D_2/1024-1024/aplique-de-pared-spot-esfera-minimalista-dorado.jpg,2,,
il-cm75,,,,,,,,,,,,,,https://f.fcdn.app/imgs/828bc3/tienda.iluminica.com/ilumuy/6418/original/catalogo/CM75_D_3/1024-1024/aplique-de-pared-spot-esfera-minimalista-dorado.jpg,3,,
il-cm75,,,,,,,,,,,,,,https://f.fcdn.app/imgs/355c64/tienda.iluminica.com/ilumuy/733f/original/catalogo/CM75_D_4/1024-1024/aplique-de-pared-spot-esfera-minimalista-dorado.jpg,4,,
il-cm75,,,,,,,,,,,,,,https://f.fcdn.app/imgs/ca4b51/tienda.iluminica.com/ilumuy/fb2a/original/catalogo/CM75_D_5/1024-1024/aplique-de-pared-spot-esfera-minimalista-dorado.jpg,5,,
il-cm75,,,,,,,,,,,,,,https://f.fcdn.app/imgs/eee8a0/tienda.iluminica.com/ilumuy/f0ef/original/catalogo/CM75_N_1/1024-1024/aplique-de-pared-spot-esfera-minimalista-negro.jpg,6,,
il-cm75,,,,,,,,,,,,,,https://f.fcdn.app/imgs/49aa2c/tienda.iluminica.com/ilumuy/b619/original/catalogo/CM75_N_2/1024-1024/aplique-de-pared-spot-esfera-minimalista-negro.jpg,7,,
il-cm75,,,,,,,,,,,,,,https://f.fcdn.app/imgs/d27b1a/tienda.iluminica.com/ilumuy/b135/original/catalogo/CM75_N_3/1024-1024/aplique-de-pared-spot-esfera-minimalista-negro.jpg,8,,
il-cm75,,,,,,,,,,,,,,https://f.fcdn.app/imgs/15d429/tienda.iluminica.com/ilumuy/c8a4/original/catalogo/CM75_N_4/1024-1024/aplique-de-pared-spot-esfera-minimalista-negro.jpg,9,,
il-cm75,,,,,,,,,,,,,,https://f.fcdn.app/imgs/d6f124/tienda.iluminica.com/ilumuy/2c6f/original/catalogo/CM75_N_5/1024-1024/aplique-de-pared-spot-esfera-minimalista-negro.jpg,10,,
il-fb19,Luminaria de pie pantalla natural y madera E27 147cm,Luminaria de pie pantalla natural y madera E27 147cm,Chiaro,Iluminación,"Lámparas de pie, Chiaro, stock-verificado",TRUE,Color,Luminaria de pie pantalla natural y madera E27 147cm,FB 19::U,10621.00,,10,deny,https://f.fcdn.app/imgs/4cdc28/tienda.iluminica.com/ilumuy/6635/original/catalogo/FB19_FB19_1/1024-1024/luminaria-de-pie-pantalla-natural-y-madera-e27-147cm-luminaria-de-pie-pantalla-natural-y-madera-e27-147cm.jpg,1,,
il-fb19,,,,,,,,,,,,,,https://f.fcdn.app/imgs/e02191/tienda.iluminica.com/ilumuy/fb90/original/catalogo/FB19_FB19_2/1024-1024/luminaria-de-pie-pantalla-natural-y-madera-e27-147cm-luminaria-de-pie-pantalla-natural-y-madera-e27-147cm.jpg,2,,
il-fb19,,,,,,,,,,,,,,https://f.fcdn.app/imgs/d74e23/tienda.iluminica.com/ilumuy/d115/original/catalogo/FB19_FB19_3/1024-1024/luminaria-de-pie-pantalla-natural-y-madera-e27-147cm-luminaria-de-pie-pantalla-natural-y-madera-e27-147cm.jpg,3,,
il-fb19,,,,,,,,,,,,,,https://f.fcdn.app/imgs/401280/tienda.iluminica.com/ilumuy/cbeb/original/catalogo/FB19_FB19_4/1024-1024/luminaria-de-pie-pantalla-natural-y-madera-e27-147cm-luminaria-de-pie-pantalla-natural-y-madera-e27-147cm.jpg,4,,
il-fb19,,,,,,,,,,,,,,https://f.fcdn.app/imgs/15de93/tienda.iluminica.com/ilumuy/1e1c/original/catalogo/FB19_FB19_5/1024-1024/luminaria-de-pie-pantalla-natural-y-madera-e27-147cm-luminaria-de-pie-pantalla-natural-y-madera-e27-147cm.jpg,5,,
il-fb20,Colgante pantalla de tela natural y detalles en madera 56cm,Colgante pantalla de tela natural y detalles en madera 56cm,Chiaro,Iluminación,"Colgantes, Chiaro, stock-verificado",TRUE,Color,Colgante pantalla de tela natural y detalles en madera 56cm,FB 20::U,6013.00,,10,deny,https://f.fcdn.app/imgs/ac0c7c/tienda.iluminica.com/ilumuy/f21c/original/catalogo/FB20_FB20_1/1024-1024/colgante-pantalla-de-tela-natural-y-detalles-en-madera-56cm-colgante-pantalla-de-tela-natural-y-detalles-en-madera-56cm.jpg,1,,
il-fb20,,,,,,,,,,,,,,https://f.fcdn.app/imgs/f1529d/tienda.iluminica.com/ilumuy/3e09/original/catalogo/FB20_FB20_2/1024-1024/colgante-pantalla-de-tela-natural-y-detalles-en-madera-56cm-colgante-pantalla-de-tela-natural-y-detalles-en-madera-56cm.jpg,2,,
il-fb20,,,,,,,,,,,,,,https://f.fcdn.app/imgs/b248f8/tienda.iluminica.com/ilumuy/958f/original/catalogo/FB20_FB20_3/1024-1024/colgante-pantalla-de-tela-natural-y-detalles-en-madera-56cm-colgante-pantalla-de-tela-natural-y-detalles-en-madera-56cm.jpg,3,,
il-fb20,,,,,,,,,,,,,,https://f.fcdn.app/imgs/120283/tienda.iluminica.com/ilumuy/09e5/original/catalogo/FB20_FB20_4/1024-1024/colgante-pantalla-de-tela-natural-y-detalles-en-madera-56cm-colgante-pantalla-de-tela-natural-y-detalles-en-madera-56cm.jpg,4,,
il-fb20,,,,,,,,,,,,,,https://f.fcdn.app/imgs/f7d8c9/tienda.iluminica.com/ilumuy/9be3/original/catalogo/FB20_FB20_5/1024-1024/colgante-pantalla-de-tela-natural-y-detalles-en-madera-56cm-colgante-pantalla-de-tela-natural-y-detalles-en-madera-56cm.jpg,5,,
il-fb21,Portátil nórdica tela natural estilo trípode E27 70CM,Portátil nórdica tela natural estilo trípode E27 70CM,Chiaro,Iluminación,"Portátiles, Chiaro, stock-verificado",TRUE,Color,Portátil nórdica tela natural estilo trípode E27 70CM,FB 21::U,4468.00,,10,deny,https://f.fcdn.app/imgs/f3a504/tienda.iluminica.com/ilumuy/ebf3/original/catalogo/FB21_FB21_1/1024-1024/portatil-nordica-tela-natural-estilo-tripode-e27-70cm-portatil-nordica-tela-natural-estilo-tripode-e27-70cm.jpg,1,,
il-fb21,,,,,,,,,,,,,,https://f.fcdn.app/imgs/dcc571/tienda.iluminica.com/ilumuy/24c9/original/catalogo/FB21_FB21_2/1024-1024/portatil-nordica-tela-natural-estilo-tripode-e27-70cm-portatil-nordica-tela-natural-estilo-tripode-e27-70cm.jpg,2,,
il-fb21,,,,,,,,,,,,,,https://f.fcdn.app/imgs/a7145c/tienda.iluminica.com/ilumuy/8d4c/original/catalogo/FB21_FB21_3/1024-1024/portatil-nordica-tela-natural-estilo-tripode-e27-70cm-portatil-nordica-tela-natural-estilo-tripode-e27-70cm.jpg,3,,
il-fb21,,,,,,,,,,,,,,https://f.fcdn.app/imgs/fa9646/tienda.iluminica.com/ilumuy/6c66/original/catalogo/FB21_FB21_4/1024-1024/portatil-nordica-tela-natural-estilo-tripode-e27-70cm-portatil-nordica-tela-natural-estilo-tripode-e27-70cm.jpg,4,,
il-fb21,,,,,,,,,,,,,,https://f.fcdn.app/imgs/a8fbee/tienda.iluminica.com/ilumuy/52e2/original/catalogo/FB21_FB21_5/1024-1024/portatil-nordica-tela-natural-estilo-tripode-e27-70cm-portatil-nordica-tela-natural-estilo-tripode-e27-70cm.jpg,5,,
il-fb22,Luminaria de pie pantalla natural y madera estilo tripode -E27 158cm,Luminaria de pie pantalla natural y madera estilo tripode -E27 158cm,Chiaro,Iluminación,"Lámparas de pie, Chiaro, stock-verificado",TRUE,Color,Luminaria de pie pantalla natural y madera estilo tripode -E27 158cm,FB 22::U,9044.00,,10,deny,https://f.fcdn.app/imgs/6b85f7/tienda.iluminica.com/ilumuy/e7d0/original/catalogo/FB22_FB22_1/1024-1024/luminaria-de-pie-pantalla-natural-y-madera-estilo-tripode-e27-158cm-luminaria-de-pie-pantalla-natural-y-madera-estilo-tripode-e27-158cm.jpg,1,,
il-fb22,,,,,,,,,,,,,,https://f.fcdn.app/imgs/f8f87f/tienda.iluminica.com/ilumuy/533b/original/catalogo/FB22_FB22_2/1024-1024/luminaria-de-pie-pantalla-natural-y-madera-estilo-tripode-e27-158cm-luminaria-de-pie-pantalla-natural-y-madera-estilo-tripode-e27-158cm.jpg,2,,
il-fb22,,,,,,,,,,,,,,https://f.fcdn.app/imgs/755edf/tienda.iluminica.com/ilumuy/bd83/original/catalogo/FB22_FB22_3/1024-1024/luminaria-de-pie-pantalla-natural-y-madera-estilo-tripode-e27-158cm-luminaria-de-pie-pantalla-natural-y-madera-estilo-tripode-e27-158cm.jpg,3,,
il-fb22,,,,,,,,,,,,,,https://f.fcdn.app/imgs/4ed690/tienda.iluminica.com/ilumuy/cf91/original/catalogo/FB22_FB22_4/1024-1024/luminaria-de-pie-pantalla-natural-y-madera-estilo-tripode-e27-158cm-luminaria-de-pie-pantalla-natural-y-madera-estilo-tripode-e27-158cm.jpg,4,,
il-fb22,,,,,,,,,,,,,,https://f.fcdn.app/imgs/f8e90c/tienda.iluminica.com/ilumuy/851d/original/catalogo/FB22_FB22_5/1024-1024/luminaria-de-pie-pantalla-natural-y-madera-estilo-tripode-e27-158cm-luminaria-de-pie-pantalla-natural-y-madera-estilo-tripode-e27-158cm.jpg,5,,
il-fb23,Colgante pantalla de tela negra y detalles en madera 40cm,Colgante pantalla de tela negra y detalles en madera 40cm,Chiaro,Iluminación,"Colgantes, Chiaro, stock-verificado",TRUE,Color,Colgante pantalla de tela negra y detalles en madera 40cm,FB 23::U,3597.00,,10,deny,https://f.fcdn.app/imgs/460af6/tienda.iluminica.com/ilumuy/4d09/original/catalogo/FB23_FB23_1/1024-1024/colgante-pantalla-de-tela-negra-y-detalles-en-madera-40cm-colgante-pantalla-de-tela-negra-y-detalles-en-madera-40cm.jpg,1,,
il-fb23,,,,,,,,,,,,,,https://f.fcdn.app/imgs/e5e60d/tienda.iluminica.com/ilumuy/370d/original/catalogo/FB23_FB23_2/1024-1024/colgante-pantalla-de-tela-negra-y-detalles-en-madera-40cm-colgante-pantalla-de-tela-negra-y-detalles-en-madera-40cm.jpg,2,,
il-fb23,,,,,,,,,,,,,,https://f.fcdn.app/imgs/d45495/tienda.iluminica.com/ilumuy/cc66/original/catalogo/FB23_FB23_3/1024-1024/colgante-pantalla-de-tela-negra-y-detalles-en-madera-40cm-colgante-pantalla-de-tela-negra-y-detalles-en-madera-40cm.jpg,3,,
il-fb23,,,,,,,,,,,,,,https://f.fcdn.app/imgs/f8cdc8/tienda.iluminica.com/ilumuy/d2f5/original/catalogo/FB23_FB23_4/1024-1024/colgante-pantalla-de-tela-negra-y-detalles-en-madera-40cm-colgante-pantalla-de-tela-negra-y-detalles-en-madera-40cm.jpg,4,,
il-fb23,,,,,,,,,,,,,,https://f.fcdn.app/imgs/9087a3/tienda.iluminica.com/ilumuy/0c2e/original/catalogo/FB23_FB23_5/1024-1024/colgante-pantalla-de-tela-negra-y-detalles-en-madera-40cm-colgante-pantalla-de-tela-negra-y-detalles-en-madera-40cm.jpg,5,,
il-fb24,"Portátil nórdica tela negra, portalámparas E27 62CM","Portátil nórdica tela negra, portalámparas E27 62CM",Chiaro,Iluminación,"Portátiles, Chiaro, stock-verificado",TRUE,Color,"Portátil nórdica tela negra, portalámparas E27 62CM",FB 24::U,3639.00,,10,deny,https://f.fcdn.app/imgs/34abf7/tienda.iluminica.com/ilumuy/be68/original/catalogo/FB24_FB24_1/1024-1024/portatil-nordica-tela-negra-portalamparas-e27-62cm-portatil-nordica-tela-negra-portalamparas-e27-62cm.jpg,1,,
il-fb24,,,,,,,,,,,,,,https://f.fcdn.app/imgs/fcfa43/tienda.iluminica.com/ilumuy/0f72/original/catalogo/FB24_FB24_2/1024-1024/portatil-nordica-tela-negra-portalamparas-e27-62cm-portatil-nordica-tela-negra-portalamparas-e27-62cm.jpg,2,,
il-fb24,,,,,,,,,,,,,,https://f.fcdn.app/imgs/10c7c3/tienda.iluminica.com/ilumuy/1cb5/original/catalogo/FB24_FB24_3/1024-1024/portatil-nordica-tela-negra-portalamparas-e27-62cm-portatil-nordica-tela-negra-portalamparas-e27-62cm.jpg,3,,
il-fb24,,,,,,,,,,,,,,https://f.fcdn.app/imgs/d28483/tienda.iluminica.com/ilumuy/dac2/original/catalogo/FB24_FB24_4/1024-1024/portatil-nordica-tela-negra-portalamparas-e27-62cm-portatil-nordica-tela-negra-portalamparas-e27-62cm.jpg,4,,
il-fb24,,,,,,,,,,,,,,https://f.fcdn.app/imgs/34c686/tienda.iluminica.com/ilumuy/0eb9/original/catalogo/FB24_FB24_5/1024-1024/portatil-nordica-tela-negra-portalamparas-e27-62cm-portatil-nordica-tela-negra-portalamparas-e27-62cm.jpg,5,,
il-fb25,Luminaria de pie pantalla negra y detalles en madera E27 163cm,Luminaria de pie pantalla negra y detalles en madera E27 163cm,Chiaro,Iluminación,"Lámparas de pie, Chiaro, stock-verificado",TRUE,Color,Luminaria de pie pantalla negra y detalles en madera E27 163cm,FB 25::U,6587.00,,10,deny,https://f.fcdn.app/imgs/ff6794/tienda.iluminica.com/ilumuy/5150/original/catalogo/FB25_FB25_1/1024-1024/luminaria-de-pie-pantalla-negra-y-detalles-en-madera-e27-163cm-luminaria-de-pie-pantalla-negra-y-detalles-en-madera-e27-163cm.jpg,1,,
il-fb25,,,,,,,,,,,,,,https://f.fcdn.app/imgs/6eb27d/tienda.iluminica.com/ilumuy/682b/original/catalogo/FB25_FB25_2/1024-1024/luminaria-de-pie-pantalla-negra-y-detalles-en-madera-e27-163cm-luminaria-de-pie-pantalla-negra-y-detalles-en-madera-e27-163cm.jpg,2,,
il-fb25,,,,,,,,,,,,,,https://f.fcdn.app/imgs/6352d0/tienda.iluminica.com/ilumuy/1378/original/catalogo/FB25_FB25_3/1024-1024/luminaria-de-pie-pantalla-negra-y-detalles-en-madera-e27-163cm-luminaria-de-pie-pantalla-negra-y-detalles-en-madera-e27-163cm.jpg,3,,
il-fb25,,,,,,,,,,,,,,https://f.fcdn.app/imgs/f3136a/tienda.iluminica.com/ilumuy/adae/original/catalogo/FB25_FB25_4/1024-1024/luminaria-de-pie-pantalla-negra-y-detalles-en-madera-e27-163cm-luminaria-de-pie-pantalla-negra-y-detalles-en-madera-e27-163cm.jpg,4,,
il-fb25,,,,,,,,,,,,,,https://f.fcdn.app/imgs/27e51c/tienda.iluminica.com/ilumuy/011c/original/catalogo/FB25_FB25_5/1024-1024/luminaria-de-pie-pantalla-negra-y-detalles-en-madera-e27-163cm-luminaria-de-pie-pantalla-negra-y-detalles-en-madera-e27-163cm.jpg,5,,
il-cm73,Portátil led de pared con SPOT móvil y brazo flexible,Portátil led de pared con SPOT móvil y brazo flexible,Chiaro,Iluminación,"Portátiles, Chiaro, stock-verificado",TRUE,Color,DORADA,CM 73:D:U,1266.00,,10,deny,https://f.fcdn.app/imgs/122610/tienda.iluminica.com/ilumuy/0aeb/original/catalogo/CM73_D_1/1024-1024/portatil-led-de-pared-con-spot-movil-y-brazo-flexible-dorada.jpg,1,,
il-cm73,,,,,,,,GRIS HUMO,CM 73:P:U,1266.00,,10,deny,,,,
il-cm73,,,,,,,,,,,,,,https://f.fcdn.app/imgs/e672e9/tienda.iluminica.com/ilumuy/175f/original/catalogo/CM73_D_2/1024-1024/portatil-led-de-pared-con-spot-movil-y-brazo-flexible-dorada.jpg,2,,
il-cm73,,,,,,,,,,,,,,https://f.fcdn.app/imgs/d55a65/tienda.iluminica.com/ilumuy/aff2/original/catalogo/CM73_D_3/1024-1024/portatil-led-de-pared-con-spot-movil-y-brazo-flexible-dorada.jpg,3,,
il-cm73,,,,,,,,,,,,,,https://f.fcdn.app/imgs/e29628/tienda.iluminica.com/ilumuy/494d/original/catalogo/CM73_D_4/1024-1024/portatil-led-de-pared-con-spot-movil-y-brazo-flexible-dorada.jpg,4,,
il-cm73,,,,,,,,,,,,,,https://f.fcdn.app/imgs/9529e8/tienda.iluminica.com/ilumuy/3094/original/catalogo/CM73_D_5/1024-1024/portatil-led-de-pared-con-spot-movil-y-brazo-flexible-dorada.jpg,5,,
il-cm73,,,,,,,,,,,,,,https://f.fcdn.app/imgs/160cc7/tienda.iluminica.com/ilumuy/f777/original/catalogo/CM73_P_1/1024-1024/portatil-led-de-pared-con-spot-movil-y-brazo-flexible-gris-humo.jpg,6,,
il-cm73,,,,,,,,,,,,,,https://f.fcdn.app/imgs/f42bfc/tienda.iluminica.com/ilumuy/fd25/original/catalogo/CM73_P_2/1024-1024/portatil-led-de-pared-con-spot-movil-y-brazo-flexible-gris-humo.jpg,7,,
il-cm73,,,,,,,,,,,,,,https://f.fcdn.app/imgs/e9c650/tienda.iluminica.com/ilumuy/ca4a/original/catalogo/CM73_P_3/1024-1024/portatil-led-de-pared-con-spot-movil-y-brazo-flexible-gris-humo.jpg,8,,
il-cm73,,,,,,,,,,,,,,https://f.fcdn.app/imgs/d3d8da/tienda.iluminica.com/ilumuy/7811/original/catalogo/CM73_P_4/1024-1024/portatil-led-de-pared-con-spot-movil-y-brazo-flexible-gris-humo.jpg,9,,
il-cm73,,,,,,,,,,,,,,https://f.fcdn.app/imgs/57a6c9/tienda.iluminica.com/ilumuy/99d8/original/catalogo/CM73_P_5/1024-1024/portatil-led-de-pared-con-spot-movil-y-brazo-flexible-gris-humo.jpg,10,,
il-cm74,Portátil led de pared con SPOT móvil y puertos USB y USB-C,Portátil led de pared con SPOT móvil y puertos USB y USB-C,Chiaro,Iluminación,"Portátiles, Chiaro, stock-verificado",TRUE,Color,Portátil led de pared con SPOT móvil y puertos USB y USB-C,CM 74::U,2331.00,,10,deny,https://f.fcdn.app/imgs/815c82/tienda.iluminica.com/ilumuy/5b8c/original/catalogo/CM74_CM74_1/1024-1024/portatil-led-de-pared-con-spot-movil-y-puertos-usb-y-usb-c-portatil-led-de-pared-con-spot-movil-y-puertos-usb-y-usb-c.jpg,1,,
il-cm74,,,,,,,,,,,,,,https://f.fcdn.app/imgs/8b4973/tienda.iluminica.com/ilumuy/9844/original/catalogo/CM74_CM74_2/1024-1024/portatil-led-de-pared-con-spot-movil-y-puertos-usb-y-usb-c-portatil-led-de-pared-con-spot-movil-y-puertos-usb-y-usb-c.jpg,2,,
il-cm74,,,,,,,,,,,,,,https://f.fcdn.app/imgs/1fb1dc/tienda.iluminica.com/ilumuy/498c/original/catalogo/CM74_CM74_3/1024-1024/portatil-led-de-pared-con-spot-movil-y-puertos-usb-y-usb-c-portatil-led-de-pared-con-spot-movil-y-puertos-usb-y-usb-c.jpg,3,,
il-cm74,,,,,,,,,,,,,,https://f.fcdn.app/imgs/0d5379/tienda.iluminica.com/ilumuy/2cf4/original/catalogo/CM74_CM74_4/1024-1024/portatil-led-de-pared-con-spot-movil-y-puertos-usb-y-usb-c-portatil-led-de-pared-con-spot-movil-y-puertos-usb-y-usb-c.jpg,4,,
il-cm74,,,,,,,,,,,,,,https://f.fcdn.app/imgs/4c4b89/tienda.iluminica.com/ilumuy/ef9b/original/catalogo/CM74_CM74_5/1024-1024/portatil-led-de-pared-con-spot-movil-y-puertos-usb-y-usb-c-portatil-led-de-pared-con-spot-movil-y-puertos-usb-y-usb-c.jpg,5,,
il-cm76,Aplique Led Diseño Varal luz indirecta 60cm Luz cálida,Aplique Led Diseño Varal luz indirecta 60cm Luz cálida,Chiaro,Iluminación,"Apliques, Chiaro, stock-verificado",TRUE,Color,Aplique Led Diseño Varal luz indirecta 60cm Luz cálida,CM 76::U,2553.00,,10,deny,https://f.fcdn.app/imgs/d53e05/tienda.iluminica.com/ilumuy/c143/original/catalogo/CM76_CM76_1/1024-1024/aplique-led-diseno-varal-luz-indirecta-60cm-luz-calida-aplique-led-diseno-varal-luz-indirecta-60cm-luz-calida.jpg,1,,
il-cm76,,,,,,,,,,,,,,https://f.fcdn.app/imgs/6fecf4/tienda.iluminica.com/ilumuy/312c/original/catalogo/CM76_CM76_2/1024-1024/aplique-led-diseno-varal-luz-indirecta-60cm-luz-calida-aplique-led-diseno-varal-luz-indirecta-60cm-luz-calida.jpg,2,,
il-cm76,,,,,,,,,,,,,,https://f.fcdn.app/imgs/4eca41/tienda.iluminica.com/ilumuy/7164/original/catalogo/CM76_CM76_3/1024-1024/aplique-led-diseno-varal-luz-indirecta-60cm-luz-calida-aplique-led-diseno-varal-luz-indirecta-60cm-luz-calida.jpg,3,,
il-cm76,,,,,,,,,,,,,,https://f.fcdn.app/imgs/cc504e/tienda.iluminica.com/ilumuy/1958/original/catalogo/CM76_CM76_4/1024-1024/aplique-led-diseno-varal-luz-indirecta-60cm-luz-calida-aplique-led-diseno-varal-luz-indirecta-60cm-luz-calida.jpg,4,,
il-cm76,,,,,,,,,,,,,,https://f.fcdn.app/imgs/e24af3/tienda.iluminica.com/ilumuy/b1b7/original/catalogo/CM76_CM76_5/1024-1024/aplique-led-diseno-varal-luz-indirecta-60cm-luz-calida-aplique-led-diseno-varal-luz-indirecta-60cm-luz-calida.jpg,5,,
il-cm78,Aplique de techo led diseño anillo y bocha facetada,Aplique de techo led diseño anillo y bocha facetada,Chiaro,Iluminación,"Apliques, Chiaro, stock-verificado",TRUE,Color,Aplique de techo led diseño anillo y bocha facetada,CM 78::U,3342.00,,10,deny,https://f.fcdn.app/imgs/34c031/tienda.iluminica.com/ilumuy/230d/original/catalogo/CM78_CM78_1/1024-1024/aplique-de-techo-led-diseno-anillo-y-bocha-facetada-aplique-de-techo-led-diseno-anillo-y-bocha-facetada.jpg,1,,
il-cm78,,,,,,,,,,,,,,https://f.fcdn.app/imgs/f1707c/tienda.iluminica.com/ilumuy/f471/original/catalogo/CM78_CM78_2/1024-1024/aplique-de-techo-led-diseno-anillo-y-bocha-facetada-aplique-de-techo-led-diseno-anillo-y-bocha-facetada.jpg,2,,
il-cm78,,,,,,,,,,,,,,https://f.fcdn.app/imgs/dd92ed/tienda.iluminica.com/ilumuy/bee3/original/catalogo/CM78_CM78_3/1024-1024/aplique-de-techo-led-diseno-anillo-y-bocha-facetada-aplique-de-techo-led-diseno-anillo-y-bocha-facetada.jpg,3,,
il-cm78,,,,,,,,,,,,,,https://f.fcdn.app/imgs/0ccf9b/tienda.iluminica.com/ilumuy/176e/original/catalogo/CM78_CM78_4/1024-1024/aplique-de-techo-led-diseno-anillo-y-bocha-facetada-aplique-de-techo-led-diseno-anillo-y-bocha-facetada.jpg,4,,
il-cm78,,,,,,,,,,,,,,https://f.fcdn.app/imgs/4cb9df/tienda.iluminica.com/ilumuy/676e/original/catalogo/CM78_CM78_5/1024-1024/aplique-de-techo-led-diseno-anillo-y-bocha-facetada-aplique-de-techo-led-diseno-anillo-y-bocha-facetada.jpg,5,,
il-cm70,Aplique Colgante led con 3 spot direccionables 25W,Aplique Colgante led con 3 spot direccionables 25W,Chiaro,Iluminación,"Colgantes, Chiaro, stock-verificado",TRUE,Color,Aplique Colgante led con 3 spot direccionables 25W,CM 70::U,7439.00,,10,deny,https://f.fcdn.app/imgs/ced2dc/tienda.iluminica.com/ilumuy/d0f8/original/catalogo/CM70_CM70_1/1024-1024/aplique-colgante-led-con-3-spot-direccionables-25w-aplique-colgante-led-con-3-spot-direccionables-25w.jpg,1,,
il-cm70,,,,,,,,,,,,,,https://f.fcdn.app/imgs/1b50b3/tienda.iluminica.com/ilumuy/06b4/original/catalogo/CM70_CM70_2/1024-1024/aplique-colgante-led-con-3-spot-direccionables-25w-aplique-colgante-led-con-3-spot-direccionables-25w.jpg,2,,
il-cm70,,,,,,,,,,,,,,https://f.fcdn.app/imgs/f5b75f/tienda.iluminica.com/ilumuy/e95f/original/catalogo/CM70_CM70_3/1024-1024/aplique-colgante-led-con-3-spot-direccionables-25w-aplique-colgante-led-con-3-spot-direccionables-25w.jpg,3,,
il-cm70,,,,,,,,,,,,,,https://f.fcdn.app/imgs/3c68bf/tienda.iluminica.com/ilumuy/24b1/original/catalogo/CM70_CM70_4/1024-1024/aplique-colgante-led-con-3-spot-direccionables-25w-aplique-colgante-led-con-3-spot-direccionables-25w.jpg,4,,
il-cm70,,,,,,,,,,,,,,https://f.fcdn.app/imgs/2a2827/tienda.iluminica.com/ilumuy/488d/original/catalogo/CM70_CM70_5/1024-1024/aplique-colgante-led-con-3-spot-direccionables-25w-aplique-colgante-led-con-3-spot-direccionables-25w.jpg,5,,
il-cm71,Luminaria de pie pantalla negra interior dorado E27 180cm,Luminaria de pie pantalla negra interior dorado E27 180cm,Chiaro,Iluminación,"Lámparas de pie, Chiaro, stock-verificado",TRUE,Color,Luminaria de pie pantalla negra interior dorado E27 180cm,CM 71::U,9461.00,,10,deny,https://f.fcdn.app/imgs/3469a7/tienda.iluminica.com/ilumuy/ce94/original/catalogo/CM71_CM71_1/1024-1024/luminaria-de-pie-pantalla-negra-interior-dorado-e27-180cm-luminaria-de-pie-pantalla-negra-interior-dorado-e27-180cm.jpg,1,,
il-cm71,,,,,,,,,,,,,,https://f.fcdn.app/imgs/261436/tienda.iluminica.com/ilumuy/1643/original/catalogo/CM71_CM71_2/1024-1024/luminaria-de-pie-pantalla-negra-interior-dorado-e27-180cm-luminaria-de-pie-pantalla-negra-interior-dorado-e27-180cm.jpg,2,,
il-cm71,,,,,,,,,,,,,,https://f.fcdn.app/imgs/c00ac9/tienda.iluminica.com/ilumuy/a8f8/original/catalogo/CM71_CM71_3/1024-1024/luminaria-de-pie-pantalla-negra-interior-dorado-e27-180cm-luminaria-de-pie-pantalla-negra-interior-dorado-e27-180cm.jpg,3,,
il-cm71,,,,,,,,,,,,,,https://f.fcdn.app/imgs/c67821/tienda.iluminica.com/ilumuy/4173/original/catalogo/CM71_CM71_4/1024-1024/luminaria-de-pie-pantalla-negra-interior-dorado-e27-180cm-luminaria-de-pie-pantalla-negra-interior-dorado-e27-180cm.jpg,4,,
il-cm71,,,,,,,,,,,,,,https://f.fcdn.app/imgs/a26ce5/tienda.iluminica.com/ilumuy/a6a3/original/catalogo/CM71_CM71_5/1024-1024/luminaria-de-pie-pantalla-negra-interior-dorado-e27-180cm-luminaria-de-pie-pantalla-negra-interior-dorado-e27-180cm.jpg,5,,
il-cm72,"Portátil led de pared con SPOT móvil, DOBLE LUZ","Portátil led de pared con SPOT móvil, DOBLE LUZ",Chiaro,Iluminación,"Portátiles, Chiaro, stock-verificado",TRUE,Color,BLANCA,CM 72:B:U,2118.00,,10,deny,https://f.fcdn.app/imgs/188bd2/tienda.iluminica.com/ilumuy/6eed/original/catalogo/CM72_B_1/1024-1024/portatil-led-de-pared-con-spot-movil-doble-luz-blanca.jpg,1,,
il-cm72,,,,,,,,DORADA,CM 72:D:U,2118.00,,10,deny,,,,
il-cm72,,,,,,,,NEGRA,CM 72:N:U,2118.00,,10,deny,,,,
il-cm72,,,,,,,,PLATA,CM 72:P:U,2118.00,,10,deny,,,,
il-cm72,,,,,,,,,,,,,,https://f.fcdn.app/imgs/92a377/tienda.iluminica.com/ilumuy/ff44/original/catalogo/CM72_B_2/1024-1024/portatil-led-de-pared-con-spot-movil-doble-luz-blanca.jpg,2,,
il-cm72,,,,,,,,,,,,,,https://f.fcdn.app/imgs/d766de/tienda.iluminica.com/ilumuy/b912/original/catalogo/CM72_B_3/1024-1024/portatil-led-de-pared-con-spot-movil-doble-luz-blanca.jpg,3,,
il-cm72,,,,,,,,,,,,,,https://f.fcdn.app/imgs/855f13/tienda.iluminica.com/ilumuy/5092/original/catalogo/CM72_B_4/1024-1024/portatil-led-de-pared-con-spot-movil-doble-luz-blanca.jpg,4,,
il-cm72,,,,,,,,,,,,,,https://f.fcdn.app/imgs/53eca7/tienda.iluminica.com/ilumuy/cf44/original/catalogo/CM72_B_5/1024-1024/portatil-led-de-pared-con-spot-movil-doble-luz-blanca.jpg,5,,
il-cm72,,,,,,,,,,,,,,https://f.fcdn.app/imgs/cae952/tienda.iluminica.com/ilumuy/180d/original/catalogo/CM72_D_1/1024-1024/portatil-led-de-pared-con-spot-movil-doble-luz-dorada.jpg,6,,
il-cm72,,,,,,,,,,,,,,https://f.fcdn.app/imgs/457094/tienda.iluminica.com/ilumuy/439d/original/catalogo/CM72_D_2/1024-1024/portatil-led-de-pared-con-spot-movil-doble-luz-dorada.jpg,7,,
il-cm72,,,,,,,,,,,,,,https://f.fcdn.app/imgs/331dee/tienda.iluminica.com/ilumuy/130c/original/catalogo/CM72_D_3/1024-1024/portatil-led-de-pared-con-spot-movil-doble-luz-dorada.jpg,8,,
il-cm72,,,,,,,,,,,,,,https://f.fcdn.app/imgs/412c68/tienda.iluminica.com/ilumuy/e3bd/original/catalogo/CM72_D_4/1024-1024/portatil-led-de-pared-con-spot-movil-doble-luz-dorada.jpg,9,,
il-cm72,,,,,,,,,,,,,,https://f.fcdn.app/imgs/36d581/tienda.iluminica.com/ilumuy/31c5/original/catalogo/CM72_D_5/1024-1024/portatil-led-de-pared-con-spot-movil-doble-luz-dorada.jpg,10,,
il-cm72,,,,,,,,,,,,,,https://f.fcdn.app/imgs/6c11ab/tienda.iluminica.com/ilumuy/376a/original/catalogo/CM72_N_1/1024-1024/portatil-led-de-pared-con-spot-movil-doble-luz-negra.jpg,11,,
il-cm72,,,,,,,,,,,,,,https://f.fcdn.app/imgs/687216/tienda.iluminica.com/ilumuy/75e0/original/catalogo/CM72_N_2/1024-1024/portatil-led-de-pared-con-spot-movil-doble-luz-negra.jpg,12,,
il-cm72,,,,,,,,,,,,,,https://f.fcdn.app/imgs/aeed33/tienda.iluminica.com/ilumuy/1487/original/catalogo/CM72_N_3/1024-1024/portatil-led-de-pared-con-spot-movil-doble-luz-negra.jpg,13,,
il-cm72,,,,,,,,,,,,,,https://f.fcdn.app/imgs/113e99/tienda.iluminica.com/ilumuy/531a/original/catalogo/CM72_N_4/1024-1024/portatil-led-de-pared-con-spot-movil-doble-luz-negra.jpg,14,,
il-cm72,,,,,,,,,,,,,,https://f.fcdn.app/imgs/e3a557/tienda.iluminica.com/ilumuy/473f/original/catalogo/CM72_N_5/1024-1024/portatil-led-de-pared-con-spot-movil-doble-luz-negra.jpg,15,,
il-cm72,,,,,,,,,,,,,,https://f.fcdn.app/imgs/49abff/tienda.iluminica.com/ilumuy/e1b1/original/catalogo/CM72_P_1/1024-1024/portatil-led-de-pared-con-spot-movil-doble-luz-plata.jpg,16,,
il-cm72,,,,,,,,,,,,,,https://f.fcdn.app/imgs/ba32d5/tienda.iluminica.com/ilumuy/6ce3/original/catalogo/CM72_P_2/1024-1024/portatil-led-de-pared-con-spot-movil-doble-luz-plata.jpg,17,,
il-cm72,,,,,,,,,,,,,,https://f.fcdn.app/imgs/9d17c5/tienda.iluminica.com/ilumuy/e62a/original/catalogo/CM72_P_3/1024-1024/portatil-led-de-pared-con-spot-movil-doble-luz-plata.jpg,18,,
il-cm72,,,,,,,,,,,,,,https://f.fcdn.app/imgs/7b7eef/tienda.iluminica.com/ilumuy/b5cb/original/catalogo/CM72_P_4/1024-1024/portatil-led-de-pared-con-spot-movil-doble-luz-plata.jpg,19,,
il-cm72,,,,,,,,,,,,,,https://f.fcdn.app/imgs/801d2d/tienda.iluminica.com/ilumuy/09db/original/catalogo/CM72_P_5/1024-1024/portatil-led-de-pared-con-spot-movil-doble-luz-plata.jpg,20,,
il-cm77,Colgante led esfera dorada y vidrio facetado,Colgante led esfera dorada y vidrio facetado,Chiaro,Iluminación,"Colgantes, Chiaro, stock-verificado",TRUE,Color,Colgante led esfera dorada y vidrio facetado,CM 77::U,3182.00,,10,deny,https://f.fcdn.app/imgs/073c75/tienda.iluminica.com/ilumuy/1755/original/catalogo/CM77_CM77_1/1024-1024/colgante-led-esfera-dorada-y-vidrio-facetado-colgante-led-esfera-dorada-y-vidrio-facetado.jpg,1,,
il-cm77,,,,,,,,,,,,,,https://f.fcdn.app/imgs/7607e0/tienda.iluminica.com/ilumuy/513b/original/catalogo/CM77_CM77_2/1024-1024/colgante-led-esfera-dorada-y-vidrio-facetado-colgante-led-esfera-dorada-y-vidrio-facetado.jpg,2,,
il-cm77,,,,,,,,,,,,,,https://f.fcdn.app/imgs/c3cc9b/tienda.iluminica.com/ilumuy/3128/original/catalogo/CM77_CM77_3/1024-1024/colgante-led-esfera-dorada-y-vidrio-facetado-colgante-led-esfera-dorada-y-vidrio-facetado.jpg,3,,
il-cm77,,,,,,,,,,,,,,https://f.fcdn.app/imgs/c336f7/tienda.iluminica.com/ilumuy/009f/original/catalogo/CM77_CM77_4/1024-1024/colgante-led-esfera-dorada-y-vidrio-facetado-colgante-led-esfera-dorada-y-vidrio-facetado.jpg,4,,
il-cm77,,,,,,,,,,,,,,https://f.fcdn.app/imgs/3074fe/tienda.iluminica.com/ilumuy/abbf/original/catalogo/CM77_CM77_5/1024-1024/colgante-led-esfera-dorada-y-vidrio-facetado-colgante-led-esfera-dorada-y-vidrio-facetado.jpg,5,,
il-lm18,"Plafón LED pequeño moderno, Dimerizable 15W 20CM","Plafón LED pequeño moderno, Dimerizable 15W 20CM",Chiaro,Iluminación,"Plafones, Chiaro, stock-verificado",TRUE,Color,DORADO,LM 18:D:U,4140.00,,10,deny,https://f.fcdn.app/imgs/b4455e/tienda.iluminica.com/ilumuy/5688/original/catalogo/LM18_D_1/1024-1024/plafon-led-pequeno-moderno-dimerizable-15w-20cm-dorado.jpg,1,,
il-lm18,,,,,,,,MARRÓN CAFÉ,LM 18:M:U,4140.00,,10,deny,,,,
il-lm18,,,,,,,,PLATA,LM 18:P:U,4140.00,,10,deny,,,,
il-lm18,,,,,,,,,,,,,,https://f.fcdn.app/imgs/f8501c/tienda.iluminica.com/ilumuy/4395/original/catalogo/LM18_D_2/1024-1024/plafon-led-pequeno-moderno-dimerizable-15w-20cm-dorado.jpg,2,,
il-lm18,,,,,,,,,,,,,,https://f.fcdn.app/imgs/9b6720/tienda.iluminica.com/ilumuy/2db9/original/catalogo/LM18_D_3/1024-1024/plafon-led-pequeno-moderno-dimerizable-15w-20cm-dorado.jpg,3,,
il-lm18,,,,,,,,,,,,,,https://f.fcdn.app/imgs/74c59c/tienda.iluminica.com/ilumuy/acdb/original/catalogo/LM18_D_4/1024-1024/plafon-led-pequeno-moderno-dimerizable-15w-20cm-dorado.jpg,4,,
il-lm18,,,,,,,,,,,,,,https://f.fcdn.app/imgs/af57d6/tienda.iluminica.com/ilumuy/8dcc/original/catalogo/LM18_D_5/1024-1024/plafon-led-pequeno-moderno-dimerizable-15w-20cm-dorado.jpg,5,,
il-lm18,,,,,,,,,,,,,,https://f.fcdn.app/imgs/683f91/tienda.iluminica.com/ilumuy/b5ed/original/catalogo/LM18_M_1/1024-1024/plafon-led-pequeno-moderno-dimerizable-15w-20cm-marron-cafe.jpg,6,,
il-lm18,,,,,,,,,,,,,,https://f.fcdn.app/imgs/8167ab/tienda.iluminica.com/ilumuy/4645/original/catalogo/LM18_M_2/1024-1024/plafon-led-pequeno-moderno-dimerizable-15w-20cm-marron-cafe.jpg,7,,
il-lm18,,,,,,,,,,,,,,https://f.fcdn.app/imgs/8f5c87/tienda.iluminica.com/ilumuy/c07b/original/catalogo/LM18_M_3/1024-1024/plafon-led-pequeno-moderno-dimerizable-15w-20cm-marron-cafe.jpg,8,,
il-lm18,,,,,,,,,,,,,,https://f.fcdn.app/imgs/56c0e0/tienda.iluminica.com/ilumuy/5292/original/catalogo/LM18_M_4/1024-1024/plafon-led-pequeno-moderno-dimerizable-15w-20cm-marron-cafe.jpg,9,,
il-lm18,,,,,,,,,,,,,,https://f.fcdn.app/imgs/e6d539/tienda.iluminica.com/ilumuy/38af/original/catalogo/LM18_M_5/1024-1024/plafon-led-pequeno-moderno-dimerizable-15w-20cm-marron-cafe.jpg,10,,
il-lm18,,,,,,,,,,,,,,https://f.fcdn.app/imgs/63df86/tienda.iluminica.com/ilumuy/9cc4/original/catalogo/LM18_P_1/1024-1024/plafon-led-pequeno-moderno-dimerizable-15w-20cm-plata.jpg,11,,
il-lm18,,,,,,,,,,,,,,https://f.fcdn.app/imgs/735de3/tienda.iluminica.com/ilumuy/9c81/original/catalogo/LM18_P_2/1024-1024/plafon-led-pequeno-moderno-dimerizable-15w-20cm-plata.jpg,12,,
il-lm18,,,,,,,,,,,,,,https://f.fcdn.app/imgs/c0db68/tienda.iluminica.com/ilumuy/a30c/original/catalogo/LM18_P_3/1024-1024/plafon-led-pequeno-moderno-dimerizable-15w-20cm-plata.jpg,13,,
il-lm18,,,,,,,,,,,,,,https://f.fcdn.app/imgs/0125e4/tienda.iluminica.com/ilumuy/4bf0/original/catalogo/LM18_P_4/1024-1024/plafon-led-pequeno-moderno-dimerizable-15w-20cm-plata.jpg,14,,
il-lm18,,,,,,,,,,,,,,https://f.fcdn.app/imgs/fc2af6/tienda.iluminica.com/ilumuy/f192/original/catalogo/LM18_P_5/1024-1024/plafon-led-pequeno-moderno-dimerizable-15w-20cm-plata.jpg,15,,
il-aich40,Aplique led pared iluminación de área 13W 2700K IP65,Aplique led pared iluminación de área 13W 2700K IP65,Chiaro,Iluminación,"Apliques, Chiaro, stock-verificado",TRUE,Color,Aplique led pared iluminación de área 13W 2700K IP65,AICH 40::U,2283.00,3182.00,10,deny,https://f.fcdn.app/imgs/8ccb6b/tienda.iluminica.com/ilumuy/d44e/original/catalogo/AICH40_AICH40_1/1024-1024/aplique-led-pared-iluminacion-de-area-13w-2700k-ip65-aplique-led-pared-iluminacion-de-area-13w-2700k-ip65.jpg,1,,
il-aich40,,,,,,,,,,,,,,https://f.fcdn.app/imgs/a2805c/tienda.iluminica.com/ilumuy/e81c/original/catalogo/AICH40_AICH40_2/1024-1024/aplique-led-pared-iluminacion-de-area-13w-2700k-ip65-aplique-led-pared-iluminacion-de-area-13w-2700k-ip65.jpg,2,,
il-aich40,,,,,,,,,,,,,,https://f.fcdn.app/imgs/29cc99/tienda.iluminica.com/ilumuy/d8bd/original/catalogo/AICH40_AICH40_3/1024-1024/aplique-led-pared-iluminacion-de-area-13w-2700k-ip65-aplique-led-pared-iluminacion-de-area-13w-2700k-ip65.jpg,3,,
il-aich40,,,,,,,,,,,,,,https://f.fcdn.app/imgs/df2f47/tienda.iluminica.com/ilumuy/de8c/original/catalogo/AICH40_AICH40_4/1024-1024/aplique-led-pared-iluminacion-de-area-13w-2700k-ip65-aplique-led-pared-iluminacion-de-area-13w-2700k-ip65.jpg,4,,
il-aich40,,,,,,,,,,,,,,https://f.fcdn.app/imgs/fc9d70/tienda.iluminica.com/ilumuy/bd0c/original/catalogo/AICH40_AICH40_5/1024-1024/aplique-led-pared-iluminacion-de-area-13w-2700k-ip65-aplique-led-pared-iluminacion-de-area-13w-2700k-ip65.jpg,5,,
il-aich41,"Aplique led pared rectangular moderno, luz cálida de área","Aplique led pared rectangular moderno, luz cálida de área",Chiaro,Iluminación,"Apliques, Chiaro, stock-verificado",TRUE,Color,"Aplique led pared rectangular moderno, luz cálida de área",AICH 41::U,2517.00,3404.00,10,deny,https://f.fcdn.app/imgs/f7ef6f/tienda.iluminica.com/ilumuy/f7b4/original/catalogo/AICH41_AICH41_1/1024-1024/aplique-led-pared-rectangular-moderno-luz-calida-de-area-aplique-led-pared-rectangular-moderno-luz-calida-de-area.jpg,1,,
il-aich41,,,,,,,,,,,,,,https://f.fcdn.app/imgs/0d8c02/tienda.iluminica.com/ilumuy/afc5/original/catalogo/AICH41_AICH41_2/1024-1024/aplique-led-pared-rectangular-moderno-luz-calida-de-area-aplique-led-pared-rectangular-moderno-luz-calida-de-area.jpg,2,,
il-aich41,,,,,,,,,,,,,,https://f.fcdn.app/imgs/4a72b3/tienda.iluminica.com/ilumuy/0cd0/original/catalogo/AICH41_AICH41_3/1024-1024/aplique-led-pared-rectangular-moderno-luz-calida-de-area-aplique-led-pared-rectangular-moderno-luz-calida-de-area.jpg,3,,
il-aich41,,,,,,,,,,,,,,https://f.fcdn.app/imgs/5fc520/tienda.iluminica.com/ilumuy/3163/original/catalogo/AICH41_AICH41_4/1024-1024/aplique-led-pared-rectangular-moderno-luz-calida-de-area-aplique-led-pared-rectangular-moderno-luz-calida-de-area.jpg,4,,
il-aich41,,,,,,,,,,,,,,https://f.fcdn.app/imgs/4b7c63/tienda.iluminica.com/ilumuy/9617/original/catalogo/AICH41_AICH41_5/1024-1024/aplique-led-pared-rectangular-moderno-luz-calida-de-area-aplique-led-pared-rectangular-moderno-luz-calida-de-area.jpg,5,,
il-aich42,"Aplique led pared rectangular moderno, luz cálida de área","Aplique led pared rectangular moderno, luz cálida de área",Chiaro,Iluminación,"Apliques, Chiaro, stock-verificado",TRUE,Color,"Aplique led pared rectangular moderno, luz cálida de área",AICH 42::U,2235.00,,10,deny,https://f.fcdn.app/imgs/b718bb/tienda.iluminica.com/ilumuy/199b/original/catalogo/AICH42_AICH42_1/1024-1024/aplique-led-pared-rectangular-moderno-luz-calida-de-area-aplique-led-pared-rectangular-moderno-luz-calida-de-area.jpg,1,,
il-aich42,,,,,,,,,,,,,,https://f.fcdn.app/imgs/68f01a/tienda.iluminica.com/ilumuy/aafe/original/catalogo/AICH42_AICH42_2/1024-1024/aplique-led-pared-rectangular-moderno-luz-calida-de-area-aplique-led-pared-rectangular-moderno-luz-calida-de-area.jpg,2,,
il-aich42,,,,,,,,,,,,,,https://f.fcdn.app/imgs/164b01/tienda.iluminica.com/ilumuy/ab84/original/catalogo/AICH42_AICH42_3/1024-1024/aplique-led-pared-rectangular-moderno-luz-calida-de-area-aplique-led-pared-rectangular-moderno-luz-calida-de-area.jpg,3,,
il-aich42,,,,,,,,,,,,,,https://f.fcdn.app/imgs/c6a229/tienda.iluminica.com/ilumuy/0451/original/catalogo/AICH42_AICH42_4/1024-1024/aplique-led-pared-rectangular-moderno-luz-calida-de-area-aplique-led-pared-rectangular-moderno-luz-calida-de-area.jpg,4,,
il-aich42,,,,,,,,,,,,,,https://f.fcdn.app/imgs/ccaaa4/tienda.iluminica.com/ilumuy/953e/original/catalogo/AICH42_AICH42_5/1024-1024/aplique-led-pared-rectangular-moderno-luz-calida-de-area-aplique-led-pared-rectangular-moderno-luz-calida-de-area.jpg,5,,
il-aich43,Caminero poste led de jardín con símil madera 40cm,Caminero poste led de jardín con símil madera 40cm,Chiaro,Iluminación,"Camineros, Chiaro, stock-verificado",TRUE,Color,Caminero poste led de jardín con símil madera 40cm,AICH 43::U,3991.00,,10,deny,https://f.fcdn.app/imgs/964c7b/tienda.iluminica.com/ilumuy/b671/original/catalogo/AICH43_AICH43_1/1024-1024/caminero-poste-led-de-jardin-con-simil-madera-40cm-caminero-poste-led-de-jardin-con-simil-madera-40cm.jpg,1,,
il-aich43,,,,,,,,,,,,,,https://f.fcdn.app/imgs/68849d/tienda.iluminica.com/ilumuy/da96/original/catalogo/AICH43_AICH43_2/1024-1024/caminero-poste-led-de-jardin-con-simil-madera-40cm-caminero-poste-led-de-jardin-con-simil-madera-40cm.jpg,2,,
il-aich43,,,,,,,,,,,,,,https://f.fcdn.app/imgs/e16bae/tienda.iluminica.com/ilumuy/c701/original/catalogo/AICH43_AICH43_3/1024-1024/caminero-poste-led-de-jardin-con-simil-madera-40cm-caminero-poste-led-de-jardin-con-simil-madera-40cm.jpg,3,,
il-aich43,,,,,,,,,,,,,,https://f.fcdn.app/imgs/d59b18/tienda.iluminica.com/ilumuy/67e0/original/catalogo/AICH43_AICH43_4/1024-1024/caminero-poste-led-de-jardin-con-simil-madera-40cm-caminero-poste-led-de-jardin-con-simil-madera-40cm.jpg,4,,
il-aich43,,,,,,,,,,,,,,https://f.fcdn.app/imgs/faa410/tienda.iluminica.com/ilumuy/0f1c/original/catalogo/AICH43_AICH43_5/1024-1024/caminero-poste-led-de-jardin-con-simil-madera-40cm-caminero-poste-led-de-jardin-con-simil-madera-40cm.jpg,5,,
il-aich44,Caminero poste led de jardín móvil 60cm 13W,Caminero poste led de jardín móvil 60cm 13W,Chiaro,Iluminación,"Camineros, Chiaro, stock-verificado",TRUE,Color,Caminero poste led de jardín móvil 60cm 13W,AICH 44::U,2820.00,,10,deny,https://f.fcdn.app/imgs/73fd45/tienda.iluminica.com/ilumuy/9959/original/catalogo/AICH44_AICH44_1/1024-1024/caminero-poste-led-de-jardin-movil-60cm-13w-caminero-poste-led-de-jardin-movil-60cm-13w.jpg,1,,
il-aich44,,,,,,,,,,,,,,https://f.fcdn.app/imgs/af0c9e/tienda.iluminica.com/ilumuy/3496/original/catalogo/AICH44_AICH44_2/1024-1024/caminero-poste-led-de-jardin-movil-60cm-13w-caminero-poste-led-de-jardin-movil-60cm-13w.jpg,2,,
il-aich44,,,,,,,,,,,,,,https://f.fcdn.app/imgs/2c3f2c/tienda.iluminica.com/ilumuy/78b0/original/catalogo/AICH44_AICH44_3/1024-1024/caminero-poste-led-de-jardin-movil-60cm-13w-caminero-poste-led-de-jardin-movil-60cm-13w.jpg,3,,
il-aich44,,,,,,,,,,,,,,https://f.fcdn.app/imgs/bcc8ce/tienda.iluminica.com/ilumuy/82a3/original/catalogo/AICH44_AICH44_4/1024-1024/caminero-poste-led-de-jardin-movil-60cm-13w-caminero-poste-led-de-jardin-movil-60cm-13w.jpg,4,,
il-aich44,,,,,,,,,,,,,,https://f.fcdn.app/imgs/bdb33d/tienda.iluminica.com/ilumuy/ba94/original/catalogo/AICH44_AICH44_5/1024-1024/caminero-poste-led-de-jardin-movil-60cm-13w-caminero-poste-led-de-jardin-movil-60cm-13w.jpg,5,,
il-aich45,Caminero poste led de jardín CON 2 ENCHUFES 50cm,Caminero poste led de jardín CON 2 ENCHUFES 50cm,Chiaro,Iluminación,"Camineros, Chiaro, stock-verificado",TRUE,Color,Caminero poste led de jardín CON 2 ENCHUFES 50cm,AICH 45::U,4108.00,,10,deny,https://f.fcdn.app/imgs/13f421/tienda.iluminica.com/ilumuy/5e73/original/catalogo/AICH45_AICH45_1/1024-1024/caminero-poste-led-de-jardin-con-2-enchufes-50cm-caminero-poste-led-de-jardin-con-2-enchufes-50cm.jpg,1,,
il-aich45,,,,,,,,,,,,,,https://f.fcdn.app/imgs/0258e6/tienda.iluminica.com/ilumuy/fdae/original/catalogo/AICH45_AICH45_2/1024-1024/caminero-poste-led-de-jardin-con-2-enchufes-50cm-caminero-poste-led-de-jardin-con-2-enchufes-50cm.jpg,2,,
il-aich45,,,,,,,,,,,,,,https://f.fcdn.app/imgs/362984/tienda.iluminica.com/ilumuy/9db5/original/catalogo/AICH45_AICH45_3/1024-1024/caminero-poste-led-de-jardin-con-2-enchufes-50cm-caminero-poste-led-de-jardin-con-2-enchufes-50cm.jpg,3,,
il-aich45,,,,,,,,,,,,,,https://f.fcdn.app/imgs/34505c/tienda.iluminica.com/ilumuy/f927/original/catalogo/AICH45_AICH45_4/1024-1024/caminero-poste-led-de-jardin-con-2-enchufes-50cm-caminero-poste-led-de-jardin-con-2-enchufes-50cm.jpg,4,,
il-aich45,,,,,,,,,,,,,,https://f.fcdn.app/imgs/d32034/tienda.iluminica.com/ilumuy/f573/original/catalogo/AICH45_AICH45_5/1024-1024/caminero-poste-led-de-jardin-con-2-enchufes-50cm-caminero-poste-led-de-jardin-con-2-enchufes-50cm.jpg,5,,
il-chfe27wifi,Lampara LED INTELIGENTE WIFI RGB E27,Lampara LED INTELIGENTE WIFI RGB E27,Chiaro,Iluminación,"Lámparas – Tubos LED, Chiaro, stock-verificado",TRUE,Color,Lampara LED INTELIGENTE WIFI RGB E27,CHF E27 WIFI::U,521.00,,10,deny,https://f.fcdn.app/imgs/082ab7/tienda.iluminica.com/ilumuy/7cb7/original/catalogo/CHFE27WIFI_CHFE27WIFI_1/1024-1024/lampara-led-inteligente-wifi-rgb-e27-lampara-led-inteligente-wifi-rgb-e27.jpg,1,,
il-chfe27wifi,,,,,,,,,,,,,,https://f.fcdn.app/imgs/452036/tienda.iluminica.com/ilumuy/d8fe/original/catalogo/CHFE27WIFI_CHFE27WIFI_2/1024-1024/lampara-led-inteligente-wifi-rgb-e27-lampara-led-inteligente-wifi-rgb-e27.jpg,2,,
il-chfe27wifi,,,,,,,,,,,,,,https://f.fcdn.app/imgs/562f18/tienda.iluminica.com/ilumuy/57a3/original/catalogo/CHFE27WIFI_CHFE27WIFI_3/1024-1024/lampara-led-inteligente-wifi-rgb-e27-lampara-led-inteligente-wifi-rgb-e27.jpg,3,,
il-chfe27wifi,,,,,,,,,,,,,,https://f.fcdn.app/imgs/18b378/tienda.iluminica.com/ilumuy/34aa/original/catalogo/CHFE27WIFI_CHFE27WIFI_4/1024-1024/lampara-led-inteligente-wifi-rgb-e27-lampara-led-inteligente-wifi-rgb-e27.jpg,4,,
il-chfe27wifi,,,,,,,,,,,,,,https://f.fcdn.app/imgs/fd1543/tienda.iluminica.com/ilumuy/c356/original/catalogo/CHFE27WIFI_CHFE27WIFI_5/1024-1024/lampara-led-inteligente-wifi-rgb-e27-lampara-led-inteligente-wifi-rgb-e27.jpg,5,,
il-llchgu10wifi,Lampara LED INTELIGENTE WIFI RGB GU10,Lampara LED INTELIGENTE WIFI RGB GU10,Chiaro,Iluminación,"Lámparas – Tubos LED, Chiaro, stock-verificado",TRUE,Color,Lampara LED INTELIGENTE WIFI RGB GU10,LLCH GU10 WIFI::U,521.00,,10,deny,https://f.fcdn.app/imgs/e97886/tienda.iluminica.com/ilumuy/9e58/original/catalogo/LLCHGU10WIFI_LLCHGU10WIFI_1/1024-1024/lampara-led-inteligente-wifi-rgb-gu10-lampara-led-inteligente-wifi-rgb-gu10.jpg,1,,
il-llchgu10wifi,,,,,,,,,,,,,,https://f.fcdn.app/imgs/e0ce1d/tienda.iluminica.com/ilumuy/34aa/original/catalogo/LLCHGU10WIFI_LLCHGU10WIFI_2/1024-1024/lampara-led-inteligente-wifi-rgb-gu10-lampara-led-inteligente-wifi-rgb-gu10.jpg,2,,
il-llchgu10wifi,,,,,,,,,,,,,,https://f.fcdn.app/imgs/9ac091/tienda.iluminica.com/ilumuy/73fe/original/catalogo/LLCHGU10WIFI_LLCHGU10WIFI_3/1024-1024/lampara-led-inteligente-wifi-rgb-gu10-lampara-led-inteligente-wifi-rgb-gu10.jpg,3,,
il-llchgu10wifi,,,,,,,,,,,,,,https://f.fcdn.app/imgs/b674f3/tienda.iluminica.com/ilumuy/882e/original/catalogo/LLCHGU10WIFI_LLCHGU10WIFI_4/1024-1024/lampara-led-inteligente-wifi-rgb-gu10-lampara-led-inteligente-wifi-rgb-gu10.jpg,4,,
il-llchgu10wifi,,,,,,,,,,,,,,https://f.fcdn.app/imgs/0935d9/tienda.iluminica.com/ilumuy/d8fe/original/catalogo/LLCHGU10WIFI_LLCHGU10WIFI_5/1024-1024/lampara-led-inteligente-wifi-rgb-gu10-lampara-led-inteligente-wifi-rgb-gu10.jpg,5,,
il-cm67,Pantalla led de pared con llave Luz cálida,Pantalla led de pared con llave Luz cálida,Chiaro,Iluminación,"Portátiles, Chiaro, stock-verificado",TRUE,Color,BLANCA,CM 67:B:U,2118.00,,10,deny,https://f.fcdn.app/imgs/c3f5d3/tienda.iluminica.com/ilumuy/0ea8/original/catalogo/CM67_B_1/1024-1024/pantalla-led-de-pared-con-llave-luz-calida-blanca.jpg,1,,
il-cm67,,,,,,,,NEGRA,CM 67:N:U,2118.00,,10,deny,,,,
il-cm67,,,,,,,,,,,,,,https://f.fcdn.app/imgs/9b3d08/tienda.iluminica.com/ilumuy/3cf0/original/catalogo/CM67_B_2/1024-1024/pantalla-led-de-pared-con-llave-luz-calida-blanca.jpg,2,,
il-cm67,,,,,,,,,,,,,,https://f.fcdn.app/imgs/d2e30b/tienda.iluminica.com/ilumuy/1420/original/catalogo/CM67_B_3/1024-1024/pantalla-led-de-pared-con-llave-luz-calida-blanca.jpg,3,,
il-cm67,,,,,,,,,,,,,,https://f.fcdn.app/imgs/a46171/tienda.iluminica.com/ilumuy/9d3c/original/catalogo/CM67_B_4/1024-1024/pantalla-led-de-pared-con-llave-luz-calida-blanca.jpg,4,,
il-cm67,,,,,,,,,,,,,,https://f.fcdn.app/imgs/f2fce4/tienda.iluminica.com/ilumuy/946b/original/catalogo/CM67_B_5/1024-1024/pantalla-led-de-pared-con-llave-luz-calida-blanca.jpg,5,,
il-cm67,,,,,,,,,,,,,,https://f.fcdn.app/imgs/76685c/tienda.iluminica.com/ilumuy/97e9/original/catalogo/CM67_N_1/1024-1024/pantalla-led-de-pared-con-llave-luz-calida-negra.jpg,6,,
il-cm67,,,,,,,,,,,,,,https://f.fcdn.app/imgs/f5d9be/tienda.iluminica.com/ilumuy/ab43/original/catalogo/CM67_N_2/1024-1024/pantalla-led-de-pared-con-llave-luz-calida-negra.jpg,7,,
il-cm67,,,,,,,,,,,,,,https://f.fcdn.app/imgs/66e5a2/tienda.iluminica.com/ilumuy/d98b/original/catalogo/CM67_N_3/1024-1024/pantalla-led-de-pared-con-llave-luz-calida-negra.jpg,8,,
il-cm67,,,,,,,,,,,,,,https://f.fcdn.app/imgs/8b0495/tienda.iluminica.com/ilumuy/67ca/original/catalogo/CM67_N_4/1024-1024/pantalla-led-de-pared-con-llave-luz-calida-negra.jpg,9,,
il-cm67,,,,,,,,,,,,,,https://f.fcdn.app/imgs/8ab4d3/tienda.iluminica.com/ilumuy/12db/original/catalogo/CM67_N_5/1024-1024/pantalla-led-de-pared-con-llave-luz-calida-negra.jpg,10,,
il-cm68,"Portátil led de pared con SPOT, USB y DOBLE LUZ DIM 2700K","Portátil led de pared con SPOT, USB y DOBLE LUZ DIM 2700K",Chiaro,Iluminación,"Portátiles, Chiaro, stock-verificado",TRUE,Color,BLANCA,CM 68:B:U,3922.00,,10,deny,https://f.fcdn.app/imgs/43deb7/tienda.iluminica.com/ilumuy/7865/original/catalogo/CM68_B_1/1024-1024/portatil-led-de-pared-con-spot-usb-y-doble-luz-dim-2700k-blanca.jpg,1,,
il-cm68,,,,,,,,NEGRA,CM 68:N:U,3922.00,,10,deny,,,,
il-cm68,,,,,,,,,,,,,,https://f.fcdn.app/imgs/c30ef1/tienda.iluminica.com/ilumuy/ac67/original/catalogo/CM68_B_2/1024-1024/portatil-led-de-pared-con-spot-usb-y-doble-luz-dim-2700k-blanca.jpg,2,,
il-cm68,,,,,,,,,,,,,,https://f.fcdn.app/imgs/0f88df/tienda.iluminica.com/ilumuy/52c6/original/catalogo/CM68_B_3/1024-1024/portatil-led-de-pared-con-spot-usb-y-doble-luz-dim-2700k-blanca.jpg,3,,
il-cm68,,,,,,,,,,,,,,https://f.fcdn.app/imgs/3f037c/tienda.iluminica.com/ilumuy/ba4e/original/catalogo/CM68_B_4/1024-1024/portatil-led-de-pared-con-spot-usb-y-doble-luz-dim-2700k-blanca.jpg,4,,
il-cm68,,,,,,,,,,,,,,https://f.fcdn.app/imgs/b1977e/tienda.iluminica.com/ilumuy/b6bc/original/catalogo/CM68_B_5/1024-1024/portatil-led-de-pared-con-spot-usb-y-doble-luz-dim-2700k-blanca.jpg,5,,
il-cm68,,,,,,,,,,,,,,https://f.fcdn.app/imgs/b0bfee/tienda.iluminica.com/ilumuy/f650/original/catalogo/CM68_N_1/1024-1024/portatil-led-de-pared-con-spot-usb-y-doble-luz-dim-2700k-negra.jpg,6,,
il-cm68,,,,,,,,,,,,,,https://f.fcdn.app/imgs/c2c17b/tienda.iluminica.com/ilumuy/ed9c/original/catalogo/CM68_N_2/1024-1024/portatil-led-de-pared-con-spot-usb-y-doble-luz-dim-2700k-negra.jpg,7,,
il-cm68,,,,,,,,,,,,,,https://f.fcdn.app/imgs/d99228/tienda.iluminica.com/ilumuy/77f7/original/catalogo/CM68_N_3/1024-1024/portatil-led-de-pared-con-spot-usb-y-doble-luz-dim-2700k-negra.jpg,8,,
il-cm68,,,,,,,,,,,,,,https://f.fcdn.app/imgs/f6be24/tienda.iluminica.com/ilumuy/76c0/original/catalogo/CM68_N_4/1024-1024/portatil-led-de-pared-con-spot-usb-y-doble-luz-dim-2700k-negra.jpg,9,,
il-cm68,,,,,,,,,,,,,,https://f.fcdn.app/imgs/055813/tienda.iluminica.com/ilumuy/de66/original/catalogo/CM68_N_5/1024-1024/portatil-led-de-pared-con-spot-usb-y-doble-luz-dim-2700k-negra.jpg,10,,
il-ui2v,"Unión para riel electrificado 2 vías Formato ""I""","Unión para riel electrificado 2 vías Formato ""I""",Chiaro,Accesorios,"Chiaro, stock-verificado",TRUE,Color,BLANCO,UI 2V:B:U,287.00,,10,deny,https://f.fcdn.app/imgs/2095aa/tienda.iluminica.com/ilumuy/ff56/original/catalogo/UI2V_B_1/1024-1024/union-para-riel-electrificado-2-vias-formato-i-blanco.jpg,1,,
il-ui2v,,,,,,,,NEGRO,UI 2V:N:U,287.00,,10,deny,,,,
il-ui2v,,,,,,,,,,,,,,https://f.fcdn.app/imgs/e77e35/tienda.iluminica.com/ilumuy/c286/original/catalogo/UI2V_N_1/1024-1024/union-para-riel-electrificado-2-vias-formato-i-negro.jpg,2,,
il-ul2v,"Unión para riel electrificado 2 vías Formato ""L""","Unión para riel electrificado 2 vías Formato ""L""",Chiaro,Accesorios,"Chiaro, stock-verificado",TRUE,Color,BLANCO,UL 2V:B:U,287.00,,10,deny,https://f.fcdn.app/imgs/9536f7/tienda.iluminica.com/ilumuy/ed19/original/catalogo/UL2V_B_1/1024-1024/union-para-riel-electrificado-2-vias-formato-l-blanco.jpg,1,,
il-ul2v,,,,,,,,NEGRO,UL 2V:N:U,287.00,,10,deny,,,,
il-ul2v,,,,,,,,,,,,,,https://f.fcdn.app/imgs/9052fe/tienda.iluminica.com/ilumuy/ff85/original/catalogo/UL2V_N_1/1024-1024/union-para-riel-electrificado-2-vias-formato-l-negro.jpg,2,,
il-r2v1m,Riel electrificado de aluminio - 2 vías para spot de riel 1 mts,Riel electrificado de aluminio - 2 vías para spot de riel 1 mts,Chiaro,Iluminación,"Rieles, Chiaro, stock-verificado",TRUE,Color,BLANCO,R2V 1M:B:U,1054.00,,10,deny,https://f.fcdn.app/imgs/2407e0/tienda.iluminica.com/ilumuy/2aa2/original/catalogo/R2V1M_B_1/1024-1024/riel-electrificado-de-aluminio-2-vias-para-spot-de-riel-1-mts-blanco.jpg,1,,
il-r2v1m,,,,,,,,NEGRO,R2V 1M:N:U,1054.00,,10,deny,,,,
il-r2v1m,,,,,,,,,,,,,,https://f.fcdn.app/imgs/1a4e64/tienda.iluminica.com/ilumuy/f44b/original/catalogo/R2V1M_B_2/1024-1024/riel-electrificado-de-aluminio-2-vias-para-spot-de-riel-1-mts-blanco.jpg,2,,
il-r2v1m,,,,,,,,,,,,,,https://f.fcdn.app/imgs/448fab/tienda.iluminica.com/ilumuy/f9e7/original/catalogo/R2V1M_N_1/1024-1024/riel-electrificado-de-aluminio-2-vias-para-spot-de-riel-1-mts-negro.jpg,3,,
il-r2v1m,,,,,,,,,,,,,,https://f.fcdn.app/imgs/f5eaed/tienda.iluminica.com/ilumuy/f44b/original/catalogo/R2V1M_N_2/1024-1024/riel-electrificado-de-aluminio-2-vias-para-spot-de-riel-1-mts-negro.jpg,4,,
il-tlch8ncc,Spot de riel tracklight led 8w 2700K 2 vías 30° NEGRO,Spot de riel tracklight led 8w 2700K 2 vías 30° NEGRO,Chiaro,Iluminación,"Rieles, Chiaro, stock-verificado",TRUE,Color,Spot de riel tracklight led 8w 2700K 2 vías 30° NEGRO,TLCH 8N CC::U,1489.00,,10,deny,https://f.fcdn.app/imgs/5a1a70/tienda.iluminica.com/ilumuy/5e44/original/catalogo/TLCH8NCC_TLCH8NCC_1/1024-1024/spot-de-riel-tracklight-led-8w-2700k-2-vias-30-negro-spot-de-riel-tracklight-led-8w-2700k-2-vias-30-negro.jpg,1,,
il-tlch8ncc,,,,,,,,,,,,,,https://f.fcdn.app/imgs/851046/tienda.iluminica.com/ilumuy/2122/original/catalogo/TLCH8NCC_TLCH8NCC_2/1024-1024/spot-de-riel-tracklight-led-8w-2700k-2-vias-30-negro-spot-de-riel-tracklight-led-8w-2700k-2-vias-30-negro.jpg,2,,
il-tlch8ncc,,,,,,,,,,,,,,https://f.fcdn.app/imgs/1bc680/tienda.iluminica.com/ilumuy/6537/original/catalogo/TLCH8NCC_TLCH8NCC_3/1024-1024/spot-de-riel-tracklight-led-8w-2700k-2-vias-30-negro-spot-de-riel-tracklight-led-8w-2700k-2-vias-30-negro.jpg,3,,
il-tlch8ncc,,,,,,,,,,,,,,https://f.fcdn.app/imgs/b5d089/tienda.iluminica.com/ilumuy/72c4/original/catalogo/TLCH8NCC_TLCH8NCC_4/1024-1024/spot-de-riel-tracklight-led-8w-2700k-2-vias-30-negro-spot-de-riel-tracklight-led-8w-2700k-2-vias-30-negro.jpg,4,,
il-tlch8ncc,,,,,,,,,,,,,,https://f.fcdn.app/imgs/b1ddf6/tienda.iluminica.com/ilumuy/479c/original/catalogo/TLCH8NCC_TLCH8NCC_5/1024-1024/spot-de-riel-tracklight-led-8w-2700k-2-vias-30-negro-spot-de-riel-tracklight-led-8w-2700k-2-vias-30-negro.jpg,5,,
il-tlch30b4k,Spot de riel tracklight led 30w 4000K 2 vías 24° BLANCO,Spot de riel tracklight led 30w 4000K 2 vías 24° BLANCO,Chiaro,Iluminación,"Rieles, Chiaro, stock-verificado",TRUE,Color,Spot de riel tracklight led 30w 4000K 2 vías 24° BLANCO,TLCH 30B 4K::U,2766.00,,10,deny,https://f.fcdn.app/imgs/4873b3/tienda.iluminica.com/ilumuy/e4fe/original/catalogo/TLCH30B4K_TLCH30B4K_1/1024-1024/spot-de-riel-tracklight-led-30w-4000k-2-vias-24-blanco-spot-de-riel-tracklight-led-30w-4000k-2-vias-24-blanco.jpg,1,,
il-tlch30b4k,,,,,,,,,,,,,,https://f.fcdn.app/imgs/948163/tienda.iluminica.com/ilumuy/5bcb/original/catalogo/TLCH30B4K_TLCH30B4K_2/1024-1024/spot-de-riel-tracklight-led-30w-4000k-2-vias-24-blanco-spot-de-riel-tracklight-led-30w-4000k-2-vias-24-blanco.jpg,2,,
il-tlch30b4k,,,,,,,,,,,,,,https://f.fcdn.app/imgs/281159/tienda.iluminica.com/ilumuy/37c8/original/catalogo/TLCH30B4K_TLCH30B4K_3/1024-1024/spot-de-riel-tracklight-led-30w-4000k-2-vias-24-blanco-spot-de-riel-tracklight-led-30w-4000k-2-vias-24-blanco.jpg,3,,
il-tlch30b4k,,,,,,,,,,,,,,https://f.fcdn.app/imgs/394382/tienda.iluminica.com/ilumuy/488f/original/catalogo/TLCH30B4K_TLCH30B4K_4/1024-1024/spot-de-riel-tracklight-led-30w-4000k-2-vias-24-blanco-spot-de-riel-tracklight-led-30w-4000k-2-vias-24-blanco.jpg,4,,
il-tlch30b4k,,,,,,,,,,,,,,https://f.fcdn.app/imgs/e78c92/tienda.iluminica.com/ilumuy/694b/original/catalogo/TLCH30B4K_TLCH30B4K_5/1024-1024/spot-de-riel-tracklight-led-30w-4000k-2-vias-24-blanco-spot-de-riel-tracklight-led-30w-4000k-2-vias-24-blanco.jpg,5,,
il-echc2x10wcc,Embutido led CUADRADO DOBLE 20W móvil DIMERIZABLE 2700K BLANCO,Embutido led CUADRADO DOBLE 20W móvil DIMERIZABLE 2700K BLANCO,Chiaro,Iluminación,"Paneles, Chiaro, stock-verificado",TRUE,Color,Embutido led CUADRADO DOBLE 20W móvil DIMERIZABLE 2700K BLANCO,ECHC 2X10W CC::U,2543.00,,10,deny,https://f.fcdn.app/imgs/758296/tienda.iluminica.com/ilumuy/793a/original/catalogo/ECHC2X10WCC_ECHC2X10WCC_1/1024-1024/embutido-led-cuadrado-doble-20w-movil-dimerizable-2700k-blanco-embutido-led-cuadrado-doble-20w-movil-dimerizable-2700k-blanco.jpg,1,,
il-echc2x10wcc,,,,,,,,,,,,,,https://f.fcdn.app/imgs/9297e9/tienda.iluminica.com/ilumuy/4bef/original/catalogo/ECHC2X10WCC_ECHC2X10WCC_2/1024-1024/embutido-led-cuadrado-doble-20w-movil-dimerizable-2700k-blanco-embutido-led-cuadrado-doble-20w-movil-dimerizable-2700k-blanco.jpg,2,,
il-echc2x10wcc,,,,,,,,,,,,,,https://f.fcdn.app/imgs/539f58/tienda.iluminica.com/ilumuy/d20d/original/catalogo/ECHC2X10WCC_ECHC2X10WCC_3/1024-1024/embutido-led-cuadrado-doble-20w-movil-dimerizable-2700k-blanco-embutido-led-cuadrado-doble-20w-movil-dimerizable-2700k-blanco.jpg,3,,
il-echc2x10wcc,,,,,,,,,,,,,,https://f.fcdn.app/imgs/7f8667/tienda.iluminica.com/ilumuy/0a38/original/catalogo/ECHC2X10WCC_ECHC2X10WCC_4/1024-1024/embutido-led-cuadrado-doble-20w-movil-dimerizable-2700k-blanco-embutido-led-cuadrado-doble-20w-movil-dimerizable-2700k-blanco.jpg,4,,
il-echc2x10wcc,,,,,,,,,,,,,,https://f.fcdn.app/imgs/7c0790/tienda.iluminica.com/ilumuy/f919/original/catalogo/ECHC2X10WCC_ECHC2X10WCC_5/1024-1024/embutido-led-cuadrado-doble-20w-movil-dimerizable-2700k-blanco-embutido-led-cuadrado-doble-20w-movil-dimerizable-2700k-blanco.jpg,5,,
il-cm69,Luminaria Barra de led lineal 60cm 3EN1,Luminaria Barra de led lineal 60cm 3EN1,Chiaro,Iluminación,"Apliques, Chiaro, stock-verificado",TRUE,Color,DORADO,CM 69:D:U,2852.00,,10,deny,https://f.fcdn.app/imgs/fc4f0a/tienda.iluminica.com/ilumuy/d12b/original/catalogo/CM69_D_1/1024-1024/luminaria-barra-de-led-lineal-60cm-3en1-dorado.jpg,1,,
il-cm69,,,,,,,,PLATA,CM 69:P:U,2852.00,,10,deny,,,,
il-cm69,,,,,,,,,,,,,,https://f.fcdn.app/imgs/73e7e6/tienda.iluminica.com/ilumuy/70c8/original/catalogo/CM69_D_2/1024-1024/luminaria-barra-de-led-lineal-60cm-3en1-dorado.jpg,2,,
il-cm69,,,,,,,,,,,,,,https://f.fcdn.app/imgs/98ea07/tienda.iluminica.com/ilumuy/bdb1/original/catalogo/CM69_D_3/1024-1024/luminaria-barra-de-led-lineal-60cm-3en1-dorado.jpg,3,,
il-cm69,,,,,,,,,,,,,,https://f.fcdn.app/imgs/ad4962/tienda.iluminica.com/ilumuy/24d3/original/catalogo/CM69_D_4/1024-1024/luminaria-barra-de-led-lineal-60cm-3en1-dorado.jpg,4,,
il-cm69,,,,,,,,,,,,,,https://f.fcdn.app/imgs/326e69/tienda.iluminica.com/ilumuy/54cc/original/catalogo/CM69_D_5/1024-1024/luminaria-barra-de-led-lineal-60cm-3en1-dorado.jpg,5,,
il-cm69,,,,,,,,,,,,,,https://f.fcdn.app/imgs/bc90c0/tienda.iluminica.com/ilumuy/d912/original/catalogo/CM69_P_1/1024-1024/luminaria-barra-de-led-lineal-60cm-3en1-plata.jpg,6,,
il-cm69,,,,,,,,,,,,,,https://f.fcdn.app/imgs/b426e5/tienda.iluminica.com/ilumuy/71f9/original/catalogo/CM69_P_2/1024-1024/luminaria-barra-de-led-lineal-60cm-3en1-plata.jpg,7,,
il-cm69,,,,,,,,,,,,,,https://f.fcdn.app/imgs/cedc6f/tienda.iluminica.com/ilumuy/bdc4/original/catalogo/CM69_P_3/1024-1024/luminaria-barra-de-led-lineal-60cm-3en1-plata.jpg,8,,
il-cm69,,,,,,,,,,,,,,https://f.fcdn.app/imgs/15dfe2/tienda.iluminica.com/ilumuy/b62b/original/catalogo/CM69_P_4/1024-1024/luminaria-barra-de-led-lineal-60cm-3en1-plata.jpg,9,,
il-cm69,,,,,,,,,,,,,,https://f.fcdn.app/imgs/90df41/tienda.iluminica.com/ilumuy/dbc5/original/catalogo/CM69_P_5/1024-1024/luminaria-barra-de-led-lineal-60cm-3en1-plata.jpg,10,,
il-pmch19,Aplique spot led Cubo chato 8w móvil Dimerizable 2700K,Aplique spot led Cubo chato 8w móvil Dimerizable 2700K,Chiaro,Iluminación,"Apliques, Chiaro, stock-verificado",TRUE,Color,BLANCO,PMCH 19:B:U,2234.00,,10,deny,https://f.fcdn.app/imgs/4a3e2b/tienda.iluminica.com/ilumuy/5282/original/catalogo/PMCH19_B_1/1024-1024/aplique-spot-led-cubo-chato-8w-movil-dimerizable-2700k-blanco.jpg,1,,
il-pmch19,,,,,,,,NEGRO,PMCH 19:N:U,2234.00,,10,deny,,,,
il-pmch19,,,,,,,,,,,,,,https://f.fcdn.app/imgs/ffb580/tienda.iluminica.com/ilumuy/b519/original/catalogo/PMCH19_B_2/1024-1024/aplique-spot-led-cubo-chato-8w-movil-dimerizable-2700k-blanco.jpg,2,,
il-pmch19,,,,,,,,,,,,,,https://f.fcdn.app/imgs/66b355/tienda.iluminica.com/ilumuy/ec96/original/catalogo/PMCH19_B_3/1024-1024/aplique-spot-led-cubo-chato-8w-movil-dimerizable-2700k-blanco.jpg,3,,
il-pmch19,,,,,,,,,,,,,,https://f.fcdn.app/imgs/8036a7/tienda.iluminica.com/ilumuy/3a0d/original/catalogo/PMCH19_B_4/1024-1024/aplique-spot-led-cubo-chato-8w-movil-dimerizable-2700k-blanco.jpg,4,,
il-pmch19,,,,,,,,,,,,,,https://f.fcdn.app/imgs/31ec69/tienda.iluminica.com/ilumuy/f7a1/original/catalogo/PMCH19_B_5/1024-1024/aplique-spot-led-cubo-chato-8w-movil-dimerizable-2700k-blanco.jpg,5,,
il-pmch19,,,,,,,,,,,,,,https://f.fcdn.app/imgs/294dff/tienda.iluminica.com/ilumuy/60b8/original/catalogo/PMCH19_N_1/1024-1024/aplique-spot-led-cubo-chato-8w-movil-dimerizable-2700k-negro.jpg,6,,
il-pmch19,,,,,,,,,,,,,,https://f.fcdn.app/imgs/0bc0d1/tienda.iluminica.com/ilumuy/5528/original/catalogo/PMCH19_N_2/1024-1024/aplique-spot-led-cubo-chato-8w-movil-dimerizable-2700k-negro.jpg,7,,
il-pmch19,,,,,,,,,,,,,,https://f.fcdn.app/imgs/d10ee5/tienda.iluminica.com/ilumuy/47f0/original/catalogo/PMCH19_N_3/1024-1024/aplique-spot-led-cubo-chato-8w-movil-dimerizable-2700k-negro.jpg,8,,
il-pmch19,,,,,,,,,,,,,,https://f.fcdn.app/imgs/b86634/tienda.iluminica.com/ilumuy/1cae/original/catalogo/PMCH19_N_4/1024-1024/aplique-spot-led-cubo-chato-8w-movil-dimerizable-2700k-negro.jpg,9,,
il-pmch19,,,,,,,,,,,,,,https://f.fcdn.app/imgs/dc1b1e/tienda.iluminica.com/ilumuy/43be/original/catalogo/PMCH19_N_5/1024-1024/aplique-spot-led-cubo-chato-8w-movil-dimerizable-2700k-negro.jpg,10,,
il-pmch20,Aplique spot led rectangular chato 16w móvil Dimerizable 2700K,Aplique spot led rectangular chato 16w móvil Dimerizable 2700K,Chiaro,Iluminación,"Apliques, Chiaro, stock-verificado",TRUE,Color,BLANCO,PMCH 20:B:U,3672.00,,10,deny,https://f.fcdn.app/imgs/87de35/tienda.iluminica.com/ilumuy/70d8/original/catalogo/PMCH20_B_1/1024-1024/aplique-spot-led-rectangular-chato-16w-movil-dimerizable-2700k-blanco.jpg,1,,
il-pmch20,,,,,,,,NEGRO,PMCH 20:N:U,3672.00,,10,deny,,,,
il-pmch20,,,,,,,,,,,,,,https://f.fcdn.app/imgs/c1a913/tienda.iluminica.com/ilumuy/bc4a/original/catalogo/PMCH20_B_2/1024-1024/aplique-spot-led-rectangular-chato-16w-movil-dimerizable-2700k-blanco.jpg,2,,
il-pmch20,,,,,,,,,,,,,,https://f.fcdn.app/imgs/0988ea/tienda.iluminica.com/ilumuy/b460/original/catalogo/PMCH20_B_3/1024-1024/aplique-spot-led-rectangular-chato-16w-movil-dimerizable-2700k-blanco.jpg,3,,
il-pmch20,,,,,,,,,,,,,,https://f.fcdn.app/imgs/8c91c5/tienda.iluminica.com/ilumuy/9caa/original/catalogo/PMCH20_B_4/1024-1024/aplique-spot-led-rectangular-chato-16w-movil-dimerizable-2700k-blanco.jpg,4,,
il-pmch20,,,,,,,,,,,,,,https://f.fcdn.app/imgs/6510f9/tienda.iluminica.com/ilumuy/f4c5/original/catalogo/PMCH20_B_5/1024-1024/aplique-spot-led-rectangular-chato-16w-movil-dimerizable-2700k-blanco.jpg,5,,
il-pmch20,,,,,,,,,,,,,,https://f.fcdn.app/imgs/de1316/tienda.iluminica.com/ilumuy/9178/original/catalogo/PMCH20_N_1/1024-1024/aplique-spot-led-rectangular-chato-16w-movil-dimerizable-2700k-negro.jpg,6,,
il-pmch20,,,,,,,,,,,,,,https://f.fcdn.app/imgs/0ba6db/tienda.iluminica.com/ilumuy/0758/original/catalogo/PMCH20_N_2/1024-1024/aplique-spot-led-rectangular-chato-16w-movil-dimerizable-2700k-negro.jpg,7,,
il-pmch20,,,,,,,,,,,,,,https://f.fcdn.app/imgs/b35849/tienda.iluminica.com/ilumuy/39bf/original/catalogo/PMCH20_N_3/1024-1024/aplique-spot-led-rectangular-chato-16w-movil-dimerizable-2700k-negro.jpg,8,,
il-pmch20,,,,,,,,,,,,,,https://f.fcdn.app/imgs/640354/tienda.iluminica.com/ilumuy/8915/original/catalogo/PMCH20_N_4/1024-1024/aplique-spot-led-rectangular-chato-16w-movil-dimerizable-2700k-negro.jpg,9,,
il-pmch20,,,,,,,,,,,,,,https://f.fcdn.app/imgs/5e39cf/tienda.iluminica.com/ilumuy/5ee3/original/catalogo/PMCH20_N_5/1024-1024/aplique-spot-led-rectangular-chato-16w-movil-dimerizable-2700k-negro.jpg,10,,
il-aich38n,Aplique led señalizador cuadrado IP65 5W NEGRO,Aplique led señalizador cuadrado IP65 5W NEGRO,Chiaro,Iluminación,"Apliques, Chiaro, stock-verificado",TRUE,Color,Aplique led señalizador cuadrado IP65 5W NEGRO,AICH 38 N::U,1915.00,,10,deny,https://f.fcdn.app/imgs/d8369c/tienda.iluminica.com/ilumuy/2557/original/catalogo/AICH38N_AICH38N_1/1024-1024/aplique-led-senalizador-cuadrado-ip65-5w-negro-aplique-led-senalizador-cuadrado-ip65-5w-negro.jpg,1,,
il-aich38n,,,,,,,,,,,,,,https://f.fcdn.app/imgs/130e26/tienda.iluminica.com/ilumuy/ec02/original/catalogo/AICH38N_AICH38N_2/1024-1024/aplique-led-senalizador-cuadrado-ip65-5w-negro-aplique-led-senalizador-cuadrado-ip65-5w-negro.jpg,2,,
il-aich38n,,,,,,,,,,,,,,https://f.fcdn.app/imgs/a3be1b/tienda.iluminica.com/ilumuy/fcf5/original/catalogo/AICH38N_AICH38N_3/1024-1024/aplique-led-senalizador-cuadrado-ip65-5w-negro-aplique-led-senalizador-cuadrado-ip65-5w-negro.jpg,3,,
il-aich38n,,,,,,,,,,,,,,https://f.fcdn.app/imgs/018121/tienda.iluminica.com/ilumuy/a9fa/original/catalogo/AICH38N_AICH38N_4/1024-1024/aplique-led-senalizador-cuadrado-ip65-5w-negro-aplique-led-senalizador-cuadrado-ip65-5w-negro.jpg,4,,
il-aich38n,,,,,,,,,,,,,,https://f.fcdn.app/imgs/974b2a/tienda.iluminica.com/ilumuy/7da3/original/catalogo/AICH38N_AICH38N_5/1024-1024/aplique-led-senalizador-cuadrado-ip65-5w-negro-aplique-led-senalizador-cuadrado-ip65-5w-negro.jpg,5,,
il-aich46n,Spot aplique CUBO UNIDIRECCIONAL LED ángulo regulable IP65,Spot aplique CUBO UNIDIRECCIONAL LED ángulo regulable IP65,Chiaro,Iluminación,"Apliques, Chiaro, stock-verificado",TRUE,Color,Spot aplique CUBO UNIDIRECCIONAL LED ángulo regulable IP65,AICH 46 N::U,2118.00,,10,deny,https://f.fcdn.app/imgs/937d57/tienda.iluminica.com/ilumuy/a5f4/original/catalogo/AICH46N_AICH46N_1/1024-1024/spot-aplique-cubo-unidireccional-led-angulo-regulable-ip65-spot-aplique-cubo-unidireccional-led-angulo-regulable-ip65.jpg,1,,
il-aich46n,,,,,,,,,,,,,,https://f.fcdn.app/imgs/930c2b/tienda.iluminica.com/ilumuy/9aaa/original/catalogo/AICH46N_AICH46N_2/1024-1024/spot-aplique-cubo-unidireccional-led-angulo-regulable-ip65-spot-aplique-cubo-unidireccional-led-angulo-regulable-ip65.jpg,2,,
il-aich46n,,,,,,,,,,,,,,https://f.fcdn.app/imgs/5663d0/tienda.iluminica.com/ilumuy/038e/original/catalogo/AICH46N_AICH46N_3/1024-1024/spot-aplique-cubo-unidireccional-led-angulo-regulable-ip65-spot-aplique-cubo-unidireccional-led-angulo-regulable-ip65.jpg,3,,
il-aich46n,,,,,,,,,,,,,,https://f.fcdn.app/imgs/c366eb/tienda.iluminica.com/ilumuy/4bb4/original/catalogo/AICH46N_AICH46N_4/1024-1024/spot-aplique-cubo-unidireccional-led-angulo-regulable-ip65-spot-aplique-cubo-unidireccional-led-angulo-regulable-ip65.jpg,4,,
il-aich46n,,,,,,,,,,,,,,https://f.fcdn.app/imgs/abed05/tienda.iluminica.com/ilumuy/48e3/original/catalogo/AICH46N_AICH46N_5/1024-1024/spot-aplique-cubo-unidireccional-led-angulo-regulable-ip65-spot-aplique-cubo-unidireccional-led-angulo-regulable-ip65.jpg,5,,
il-echr3cmb,Embutido LED 3cm redondo para gabinete 1.8W 2700K BLANCO,Embutido LED 3cm redondo para gabinete 1.8W 2700K BLANCO,Chiaro,Iluminación,"Paneles, Chiaro, stock-verificado",TRUE,Color,Embutido LED 3cm redondo para gabinete 1.8W 2700K BLANCO,ECHR 3CM B::U,957.00,,10,deny,https://f.fcdn.app/imgs/2d05d0/tienda.iluminica.com/ilumuy/4257/original/catalogo/ECHR3CMB_ECHR3CMB_1/1024-1024/embutido-led-3cm-redondo-para-gabinete-1-8w-2700k-blanco-embutido-led-3cm-redondo-para-gabinete-1-8w-2700k-blanco.jpg,1,,
il-echr3cmb,,,,,,,,,,,,,,https://f.fcdn.app/imgs/5d4fe2/tienda.iluminica.com/ilumuy/2586/original/catalogo/ECHR3CMB_ECHR3CMB_2/1024-1024/embutido-led-3cm-redondo-para-gabinete-1-8w-2700k-blanco-embutido-led-3cm-redondo-para-gabinete-1-8w-2700k-blanco.jpg,2,,
il-echr3cmb,,,,,,,,,,,,,,https://f.fcdn.app/imgs/e60952/tienda.iluminica.com/ilumuy/956c/original/catalogo/ECHR3CMB_ECHR3CMB_3/1024-1024/embutido-led-3cm-redondo-para-gabinete-1-8w-2700k-blanco-embutido-led-3cm-redondo-para-gabinete-1-8w-2700k-blanco.jpg,3,,
il-echr3cmb,,,,,,,,,,,,,,https://f.fcdn.app/imgs/767de5/tienda.iluminica.com/ilumuy/224c/original/catalogo/ECHR3CMB_ECHR3CMB_4/1024-1024/embutido-led-3cm-redondo-para-gabinete-1-8w-2700k-blanco-embutido-led-3cm-redondo-para-gabinete-1-8w-2700k-blanco.jpg,4,,
il-echr3cmb,,,,,,,,,,,,,,https://f.fcdn.app/imgs/3bd4d3/tienda.iluminica.com/ilumuy/a463/original/catalogo/ECHR3CMB_ECHR3CMB_5/1024-1024/embutido-led-3cm-redondo-para-gabinete-1-8w-2700k-blanco-embutido-led-3cm-redondo-para-gabinete-1-8w-2700k-blanco.jpg,5,,
il-echc10wcc,Embutido led 10w cuadrado móvil DIMERIZABLE 2700K,Embutido led 10w cuadrado móvil DIMERIZABLE 2700K,Chiaro,Iluminación,"Paneles, Chiaro, stock-verificado",TRUE,Color,NEGRO,ECHC 10W CC:N:U,1489.00,,10,deny,https://f.fcdn.app/imgs/bd588f/tienda.iluminica.com/ilumuy/e5d5/original/catalogo/ECHC10WCC_N_1/1024-1024/embutido-led-10w-cuadrado-movil-dimerizable-2700k-negro.jpg,1,,
il-echc10wcc,,,,,,,,,,,,,,https://f.fcdn.app/imgs/a6cb4a/tienda.iluminica.com/ilumuy/3a09/original/catalogo/ECHC10WCC_N_2/1024-1024/embutido-led-10w-cuadrado-movil-dimerizable-2700k-negro.jpg,2,,
il-echc10wcc,,,,,,,,,,,,,,https://f.fcdn.app/imgs/8203e1/tienda.iluminica.com/ilumuy/0ca3/original/catalogo/ECHC10WCC_N_3/1024-1024/embutido-led-10w-cuadrado-movil-dimerizable-2700k-negro.jpg,3,,
il-echc10wcc,,,,,,,,,,,,,,https://f.fcdn.app/imgs/6f08a8/tienda.iluminica.com/ilumuy/e7e4/original/catalogo/ECHC10WCC_N_4/1024-1024/embutido-led-10w-cuadrado-movil-dimerizable-2700k-negro.jpg,4,,
il-echc10wcc,,,,,,,,,,,,,,https://f.fcdn.app/imgs/6764ab/tienda.iluminica.com/ilumuy/cf17/original/catalogo/ECHC10WCC_N_5/1024-1024/embutido-led-10w-cuadrado-movil-dimerizable-2700k-negro.jpg,5,,
il-echr5wdimn,"Spot LED 5W MÓVIL, de empotrar redondo, Dimerizable NEGRO","Spot LED 5W MÓVIL, de empotrar redondo, Dimerizable NEGRO",Chiaro,Iluminación,"Paneles, Chiaro, stock-verificado",TRUE,Color,"Spot LED 5W MÓVIL, de empotrar redondo, Dimerizable NEGRO",ECHR 5W DIM N::U,424.00,,10,deny,https://f.fcdn.app/imgs/f99a38/tienda.iluminica.com/ilumuy/630e/original/catalogo/ECHR5WDIMN_ECHR5WDIMN_1/1024-1024/spot-led-5w-movil-de-empotrar-redondo-dimerizable-negro-spot-led-5w-movil-de-empotrar-redondo-dimerizable-negro.jpg,1,,
il-echr5wdimn,,,,,,,,,,,,,,https://f.fcdn.app/imgs/a86137/tienda.iluminica.com/ilumuy/ff9e/original/catalogo/ECHR5WDIMN_ECHR5WDIMN_2/1024-1024/spot-led-5w-movil-de-empotrar-redondo-dimerizable-negro-spot-led-5w-movil-de-empotrar-redondo-dimerizable-negro.jpg,2,,
il-echr5wdimn,,,,,,,,,,,,,,https://f.fcdn.app/imgs/8a8bcd/tienda.iluminica.com/ilumuy/06da/original/catalogo/ECHR5WDIMN_ECHR5WDIMN_3/1024-1024/spot-led-5w-movil-de-empotrar-redondo-dimerizable-negro-spot-led-5w-movil-de-empotrar-redondo-dimerizable-negro.jpg,3,,
il-echr5wdimn,,,,,,,,,,,,,,https://f.fcdn.app/imgs/95bc0e/tienda.iluminica.com/ilumuy/eb0e/original/catalogo/ECHR5WDIMN_ECHR5WDIMN_4/1024-1024/spot-led-5w-movil-de-empotrar-redondo-dimerizable-negro-spot-led-5w-movil-de-empotrar-redondo-dimerizable-negro.jpg,4,,
il-echr5wdimn,,,,,,,,,,,,,,https://f.fcdn.app/imgs/3b72f2/tienda.iluminica.com/ilumuy/67f9/original/catalogo/ECHR5WDIMN_ECHR5WDIMN_5/1024-1024/spot-led-5w-movil-de-empotrar-redondo-dimerizable-negro-spot-led-5w-movil-de-empotrar-redondo-dimerizable-negro.jpg,5,,
il-echrex5wdn,Embutido led para intemperie 5W MÓVIL Dimerizable NEGRO,Embutido led para intemperie 5W MÓVIL Dimerizable NEGRO,Chiaro,Iluminación,"Paneles, Chiaro, stock-verificado",TRUE,Color,Embutido led para intemperie 5W MÓVIL Dimerizable NEGRO,ECHR EX 5W DN::U,1702.00,,10,deny,https://f.fcdn.app/imgs/f74cdd/tienda.iluminica.com/ilumuy/175a/original/catalogo/ECHREX5WDN_ECHREX5WDN_1/1024-1024/embutido-led-para-intemperie-5w-movil-dimerizable-negro-embutido-led-para-intemperie-5w-movil-dimerizable-negro.jpg,1,,
il-echrex5wdn,,,,,,,,,,,,,,https://f.fcdn.app/imgs/1bccdc/tienda.iluminica.com/ilumuy/0e3c/original/catalogo/ECHREX5WDN_ECHREX5WDN_2/1024-1024/embutido-led-para-intemperie-5w-movil-dimerizable-negro-embutido-led-para-intemperie-5w-movil-dimerizable-negro.jpg,2,,
il-echrex5wdn,,,,,,,,,,,,,,https://f.fcdn.app/imgs/bdb510/tienda.iluminica.com/ilumuy/8502/original/catalogo/ECHREX5WDN_ECHREX5WDN_3/1024-1024/embutido-led-para-intemperie-5w-movil-dimerizable-negro-embutido-led-para-intemperie-5w-movil-dimerizable-negro.jpg,3,,
il-echrex5wdn,,,,,,,,,,,,,,https://f.fcdn.app/imgs/ede850/tienda.iluminica.com/ilumuy/bd44/original/catalogo/ECHREX5WDN_ECHREX5WDN_4/1024-1024/embutido-led-para-intemperie-5w-movil-dimerizable-negro-embutido-led-para-intemperie-5w-movil-dimerizable-negro.jpg,4,,
il-echrex5wdn,,,,,,,,,,,,,,https://f.fcdn.app/imgs/b991d2/tienda.iluminica.com/ilumuy/b5ab/original/catalogo/ECHREX5WDN_ECHREX5WDN_5/1024-1024/embutido-led-para-intemperie-5w-movil-dimerizable-negro-embutido-led-para-intemperie-5w-movil-dimerizable-negro.jpg,5,,
il-echrex5wdp,Embutido led para intemperie 5W MÓVIL Dimerizable GRIS,Embutido led para intemperie 5W MÓVIL Dimerizable GRIS,Chiaro,Iluminación,"Paneles, Chiaro, stock-verificado",TRUE,Color,Embutido led para intemperie 5W MÓVIL Dimerizable GRIS,ECHR EX 5W DP::U,1702.00,,10,deny,https://f.fcdn.app/imgs/864a24/tienda.iluminica.com/ilumuy/d2d2/original/catalogo/ECHREX5WDP_ECHREX5WDP_1/1024-1024/embutido-led-para-intemperie-5w-movil-dimerizable-gris-embutido-led-para-intemperie-5w-movil-dimerizable-gris.jpg,1,,
il-echrex5wdp,,,,,,,,,,,,,,https://f.fcdn.app/imgs/508a45/tienda.iluminica.com/ilumuy/f622/original/catalogo/ECHREX5WDP_ECHREX5WDP_2/1024-1024/embutido-led-para-intemperie-5w-movil-dimerizable-gris-embutido-led-para-intemperie-5w-movil-dimerizable-gris.jpg,2,,
il-echrex5wdp,,,,,,,,,,,,,,https://f.fcdn.app/imgs/536359/tienda.iluminica.com/ilumuy/1b42/original/catalogo/ECHREX5WDP_ECHREX5WDP_3/1024-1024/embutido-led-para-intemperie-5w-movil-dimerizable-gris-embutido-led-para-intemperie-5w-movil-dimerizable-gris.jpg,3,,
il-echrex5wdp,,,,,,,,,,,,,,https://f.fcdn.app/imgs/f17eb7/tienda.iluminica.com/ilumuy/f7e0/original/catalogo/ECHREX5WDP_ECHREX5WDP_4/1024-1024/embutido-led-para-intemperie-5w-movil-dimerizable-gris-embutido-led-para-intemperie-5w-movil-dimerizable-gris.jpg,4,,
il-echrex5wdp,,,,,,,,,,,,,,https://f.fcdn.app/imgs/f28b7e/tienda.iluminica.com/ilumuy/11e3/original/catalogo/ECHREX5WDP_ECHREX5WDP_5/1024-1024/embutido-led-para-intemperie-5w-movil-dimerizable-gris-embutido-led-para-intemperie-5w-movil-dimerizable-gris.jpg,5,,
il-pulm,"Colgante led lineal motorizado con varias funciones, negro y simil madera","Colgante led lineal motorizado con varias funciones, negro y simil madera",Neuhaus pure,Iluminación,"Colgantes, Neuhaus pure, stock-verificado",TRUE,Color,"Colgante led lineal motorizado con varias funciones, negro y simil madera",PU LM::U,133510.00,,10,deny,https://f.fcdn.app/imgs/c76cb2/tienda.iluminica.com/ilumuy/d4cb/original/catalogo/PULM_PULM_1/1024-1024/colgante-led-lineal-motorizado-con-varias-funciones-negro-y-simil-madera-colgante-led-lineal-motorizado-con-varias-funciones-negro-y-simil-madera.jpg,1,,
il-pulm,,,,,,,,,,,,,,https://f.fcdn.app/imgs/dd1bab/tienda.iluminica.com/ilumuy/4700/original/catalogo/PULM_PULM_2/1024-1024/colgante-led-lineal-motorizado-con-varias-funciones-negro-y-simil-madera-colgante-led-lineal-motorizado-con-varias-funciones-negro-y-simil-madera.jpg,2,,
il-pulm,,,,,,,,,,,,,,https://f.fcdn.app/imgs/d6424d/tienda.iluminica.com/ilumuy/78ae/original/catalogo/PULM_PULM_3/1024-1024/colgante-led-lineal-motorizado-con-varias-funciones-negro-y-simil-madera-colgante-led-lineal-motorizado-con-varias-funciones-negro-y-simil-madera.jpg,3,,
il-pulm,,,,,,,,,,,,,,https://f.fcdn.app/imgs/cb7f9a/tienda.iluminica.com/ilumuy/2067/original/catalogo/PULM_PULM_4/1024-1024/colgante-led-lineal-motorizado-con-varias-funciones-negro-y-simil-madera-colgante-led-lineal-motorizado-con-varias-funciones-negro-y-simil-madera.jpg,4,,
il-pulm,,,,,,,,,,,,,,https://f.fcdn.app/imgs/4ecc0d/tienda.iluminica.com/ilumuy/9b24/original/catalogo/PULM_PULM_5/1024-1024/colgante-led-lineal-motorizado-con-varias-funciones-negro-y-simil-madera-colgante-led-lineal-motorizado-con-varias-funciones-negro-y-simil-madera.jpg,5,,
il-pulp,"Colgante led lineal motorizado con varias funciones, gris plata","Colgante led lineal motorizado con varias funciones, gris plata",Neuhaus pure,Iluminación,"Colgantes, Neuhaus pure, stock-verificado",TRUE,Color,"Colgante led lineal motorizado con varias funciones, gris plata",PU LP::U,118879.00,,10,deny,https://f.fcdn.app/imgs/d62f99/tienda.iluminica.com/ilumuy/2ac2/original/catalogo/PULP_PULP_1/1024-1024/colgante-led-lineal-motorizado-con-varias-funciones-gris-plata-colgante-led-lineal-motorizado-con-varias-funciones-gris-plata.jpg,1,,
il-pulp,,,,,,,,,,,,,,https://f.fcdn.app/imgs/41e857/tienda.iluminica.com/ilumuy/5a8c/original/catalogo/PULP_PULP_2/1024-1024/colgante-led-lineal-motorizado-con-varias-funciones-gris-plata-colgante-led-lineal-motorizado-con-varias-funciones-gris-plata.jpg,2,,
il-pulp,,,,,,,,,,,,,,https://f.fcdn.app/imgs/c59392/tienda.iluminica.com/ilumuy/3c9c/original/catalogo/PULP_PULP_3/1024-1024/colgante-led-lineal-motorizado-con-varias-funciones-gris-plata-colgante-led-lineal-motorizado-con-varias-funciones-gris-plata.jpg,3,,
il-pulp,,,,,,,,,,,,,,https://f.fcdn.app/imgs/6ad7e6/tienda.iluminica.com/ilumuy/214c/original/catalogo/PULP_PULP_4/1024-1024/colgante-led-lineal-motorizado-con-varias-funciones-gris-plata-colgante-led-lineal-motorizado-con-varias-funciones-gris-plata.jpg,4,,
il-pulp,,,,,,,,,,,,,,https://f.fcdn.app/imgs/4b9286/tienda.iluminica.com/ilumuy/03f5/original/catalogo/PULP_PULP_5/1024-1024/colgante-led-lineal-motorizado-con-varias-funciones-gris-plata-colgante-led-lineal-motorizado-con-varias-funciones-gris-plata.jpg,5,,
il-purp,"Colgante led anillo motorizado 44w 70cm a control remoto con varias funciones, gris grafito","Colgante led anillo motorizado 44w 70cm a control remoto con varias funciones, gris grafito",Neuhaus pure,Iluminación,"Colgantes, Neuhaus pure, stock-verificado",TRUE,Color,"Colgante led anillo motorizado 44w 70cm a control remoto con varias funciones, gris grafito",PU RP::U,96786.00,,10,deny,https://f.fcdn.app/imgs/8c521e/tienda.iluminica.com/ilumuy/d0d0/original/catalogo/PURP_PURP_1/1024-1024/colgante-led-anillo-motorizado-44w-70cm-a-control-remoto-con-varias-funciones-gris-grafito-colgante-led-anillo-motorizado-44w-70cm-a-control-remoto-con-varias-funciones-gris-grafito.jpg,1,,
il-purp,,,,,,,,,,,,,,https://f.fcdn.app/imgs/91fa4c/tienda.iluminica.com/ilumuy/f800/original/catalogo/PURP_PURP_2/1024-1024/colgante-led-anillo-motorizado-44w-70cm-a-control-remoto-con-varias-funciones-gris-grafito-colgante-led-anillo-motorizado-44w-70cm-a-control-remoto-con-varias-funciones-gris-grafito.jpg,2,,
il-purp,,,,,,,,,,,,,,https://f.fcdn.app/imgs/ce78b0/tienda.iluminica.com/ilumuy/a535/original/catalogo/PURP_PURP_3/1024-1024/colgante-led-anillo-motorizado-44w-70cm-a-control-remoto-con-varias-funciones-gris-grafito-colgante-led-anillo-motorizado-44w-70cm-a-control-remoto-con-varias-funciones-gris-grafito.jpg,3,,
il-purp,,,,,,,,,,,,,,https://f.fcdn.app/imgs/19473a/tienda.iluminica.com/ilumuy/225f/original/catalogo/PURP_PURP_4/1024-1024/colgante-led-anillo-motorizado-44w-70cm-a-control-remoto-con-varias-funciones-gris-grafito-colgante-led-anillo-motorizado-44w-70cm-a-control-remoto-con-varias-funciones-gris-grafito.jpg,4,,
il-purp,,,,,,,,,,,,,,https://f.fcdn.app/imgs/90b11e/tienda.iluminica.com/ilumuy/0b6c/original/catalogo/PURP_PURP_5/1024-1024/colgante-led-anillo-motorizado-44w-70cm-a-control-remoto-con-varias-funciones-gris-grafito-colgante-led-anillo-motorizado-44w-70cm-a-control-remoto-con-varias-funciones-gris-grafito.jpg,5,,
il-putd,Colgante led rotativo tubular dorado 7 posiciones de luz 3000K 10W,Colgante led rotativo tubular dorado 7 posiciones de luz 3000K 10W,Neuhaus pure,Iluminación,"Colgantes, Neuhaus pure, stock-verificado",TRUE,Color,Colgante led rotativo tubular dorado 7 posiciones de luz 3000K 10W,PU TD::U,16497.00,,10,deny,https://f.fcdn.app/imgs/2c4e79/tienda.iluminica.com/ilumuy/4677/original/catalogo/PUTD_PUTD_1/1024-1024/colgante-led-rotativo-tubular-dorado-7-posiciones-de-luz-3000k-10w-colgante-led-rotativo-tubular-dorado-7-posiciones-de-luz-3000k-10w.jpg,1,,
il-putd,,,,,,,,,,,,,,https://f.fcdn.app/imgs/df76bf/tienda.iluminica.com/ilumuy/ce65/original/catalogo/PUTD_PUTD_2/1024-1024/colgante-led-rotativo-tubular-dorado-7-posiciones-de-luz-3000k-10w-colgante-led-rotativo-tubular-dorado-7-posiciones-de-luz-3000k-10w.jpg,2,,
il-putd,,,,,,,,,,,,,,https://f.fcdn.app/imgs/7a6dbc/tienda.iluminica.com/ilumuy/5e15/original/catalogo/PUTD_PUTD_3/1024-1024/colgante-led-rotativo-tubular-dorado-7-posiciones-de-luz-3000k-10w-colgante-led-rotativo-tubular-dorado-7-posiciones-de-luz-3000k-10w.jpg,3,,
il-putd,,,,,,,,,,,,,,https://f.fcdn.app/imgs/9a5e00/tienda.iluminica.com/ilumuy/f252/original/catalogo/PUTD_PUTD_4/1024-1024/colgante-led-rotativo-tubular-dorado-7-posiciones-de-luz-3000k-10w-colgante-led-rotativo-tubular-dorado-7-posiciones-de-luz-3000k-10w.jpg,4,,
il-putd,,,,,,,,,,,,,,https://f.fcdn.app/imgs/110a44/tienda.iluminica.com/ilumuy/e4e1/original/catalogo/PUTD_PUTD_5/1024-1024/colgante-led-rotativo-tubular-dorado-7-posiciones-de-luz-3000k-10w-colgante-led-rotativo-tubular-dorado-7-posiciones-de-luz-3000k-10w.jpg,5,,
il-putn,Colgante led rotativo tubular negro 7 posiciones de luz 3000K 10W,Colgante led rotativo tubular negro 7 posiciones de luz 3000K 10W,Neuhaus pure,Iluminación,"Colgantes, Neuhaus pure, stock-verificado",TRUE,Color,Colgante led rotativo tubular negro 7 posiciones de luz 3000K 10W,PU TN::U,16497.00,,10,deny,https://f.fcdn.app/imgs/5615a8/tienda.iluminica.com/ilumuy/b771/original/catalogo/PUTN_PUTN_1/1024-1024/colgante-led-rotativo-tubular-negro-7-posiciones-de-luz-3000k-10w-colgante-led-rotativo-tubular-negro-7-posiciones-de-luz-3000k-10w.jpg,1,,
il-putn,,,,,,,,,,,,,,https://f.fcdn.app/imgs/1b580e/tienda.iluminica.com/ilumuy/a2f2/original/catalogo/PUTN_PUTN_2/1024-1024/colgante-led-rotativo-tubular-negro-7-posiciones-de-luz-3000k-10w-colgante-led-rotativo-tubular-negro-7-posiciones-de-luz-3000k-10w.jpg,2,,
il-putn,,,,,,,,,,,,,,https://f.fcdn.app/imgs/6e6ef7/tienda.iluminica.com/ilumuy/d8e0/original/catalogo/PUTN_PUTN_3/1024-1024/colgante-led-rotativo-tubular-negro-7-posiciones-de-luz-3000k-10w-colgante-led-rotativo-tubular-negro-7-posiciones-de-luz-3000k-10w.jpg,3,,
il-putn,,,,,,,,,,,,,,https://f.fcdn.app/imgs/9c9540/tienda.iluminica.com/ilumuy/fc21/original/catalogo/PUTN_PUTN_4/1024-1024/colgante-led-rotativo-tubular-negro-7-posiciones-de-luz-3000k-10w-colgante-led-rotativo-tubular-negro-7-posiciones-de-luz-3000k-10w.jpg,4,,
il-putn,,,,,,,,,,,,,,https://f.fcdn.app/imgs/71259a/tienda.iluminica.com/ilumuy/2698/original/catalogo/PUTN_PUTN_5/1024-1024/colgante-led-rotativo-tubular-negro-7-posiciones-de-luz-3000k-10w-colgante-led-rotativo-tubular-negro-7-posiciones-de-luz-3000k-10w.jpg,5,,
il-put3n,Colgante led rotativo tubular triple 7 posiciones de luz 3000K 30W,Colgante led rotativo tubular triple 7 posiciones de luz 3000K 30W,Neuhaus pure,Iluminación,"Colgantes, Neuhaus pure, stock-verificado",TRUE,Color,Colgante led rotativo tubular triple 7 posiciones de luz 3000K 30W,PU T3N::U,37264.00,,10,deny,https://f.fcdn.app/imgs/2f9928/tienda.iluminica.com/ilumuy/0765/original/catalogo/PUT3N_PUT3N_1/1024-1024/colgante-led-rotativo-tubular-triple-7-posiciones-de-luz-3000k-30w-colgante-led-rotativo-tubular-triple-7-posiciones-de-luz-3000k-30w.jpg,1,,
il-put3n,,,,,,,,,,,,,,https://f.fcdn.app/imgs/28c854/tienda.iluminica.com/ilumuy/342b/original/catalogo/PUT3N_PUT3N_2/1024-1024/colgante-led-rotativo-tubular-triple-7-posiciones-de-luz-3000k-30w-colgante-led-rotativo-tubular-triple-7-posiciones-de-luz-3000k-30w.jpg,2,,
il-put3n,,,,,,,,,,,,,,https://f.fcdn.app/imgs/0fe903/tienda.iluminica.com/ilumuy/09c4/original/catalogo/PUT3N_PUT3N_3/1024-1024/colgante-led-rotativo-tubular-triple-7-posiciones-de-luz-3000k-30w-colgante-led-rotativo-tubular-triple-7-posiciones-de-luz-3000k-30w.jpg,3,,
il-put3n,,,,,,,,,,,,,,https://f.fcdn.app/imgs/f2a6fa/tienda.iluminica.com/ilumuy/b9b2/original/catalogo/PUT3N_PUT3N_4/1024-1024/colgante-led-rotativo-tubular-triple-7-posiciones-de-luz-3000k-30w-colgante-led-rotativo-tubular-triple-7-posiciones-de-luz-3000k-30w.jpg,4,,
il-put3n,,,,,,,,,,,,,,https://f.fcdn.app/imgs/9eddfc/tienda.iluminica.com/ilumuy/ae87/original/catalogo/PUT3N_PUT3N_5/1024-1024/colgante-led-rotativo-tubular-triple-7-posiciones-de-luz-3000k-30w-colgante-led-rotativo-tubular-triple-7-posiciones-de-luz-3000k-30w.jpg,5,,
il-pulb,Colgante led 18 esferas 32w motorizado a control remoto con varias funciones,Colgante led 18 esferas 32w motorizado a control remoto con varias funciones,Neuhaus pure,Iluminación,"Colgantes, Neuhaus pure, stock-verificado",TRUE,Color,DORADA,PU LB:D:U,137697.00,,10,deny,https://f.fcdn.app/imgs/85a929/tienda.iluminica.com/ilumuy/cd17/original/catalogo/PULB_D_1/1024-1024/colgante-led-18-esferas-32w-motorizado-a-control-remoto-con-varias-funciones-dorada.jpg,1,,
il-pulb,,,,,,,,PLATA,PU LB:N:U,137697.00,,10,deny,,,,
il-pulb,,,,,,,,,,,,,,https://f.fcdn.app/imgs/148a84/tienda.iluminica.com/ilumuy/eda6/original/catalogo/PULB_D_2/1024-1024/colgante-led-18-esferas-32w-motorizado-a-control-remoto-con-varias-funciones-dorada.jpg,2,,
il-pulb,,,,,,,,,,,,,,https://f.fcdn.app/imgs/08303f/tienda.iluminica.com/ilumuy/9ea9/original/catalogo/PULB_D_3/1024-1024/colgante-led-18-esferas-32w-motorizado-a-control-remoto-con-varias-funciones-dorada.jpg,3,,
il-pulb,,,,,,,,,,,,,,https://f.fcdn.app/imgs/cb30e1/tienda.iluminica.com/ilumuy/26d1/original/catalogo/PULB_D_4/1024-1024/colgante-led-18-esferas-32w-motorizado-a-control-remoto-con-varias-funciones-dorada.jpg,4,,
il-pulb,,,,,,,,,,,,,,https://f.fcdn.app/imgs/84cdd9/tienda.iluminica.com/ilumuy/ac8e/original/catalogo/PULB_D_5/1024-1024/colgante-led-18-esferas-32w-motorizado-a-control-remoto-con-varias-funciones-dorada.jpg,5,,
il-pulb,,,,,,,,,,,,,,https://f.fcdn.app/imgs/cc9af9/tienda.iluminica.com/ilumuy/469c/original/catalogo/PULB_N_1/1024-1024/colgante-led-18-esferas-32w-motorizado-a-control-remoto-con-varias-funciones-plata.jpg,6,,
il-pulb,,,,,,,,,,,,,,https://f.fcdn.app/imgs/ce3b2c/tienda.iluminica.com/ilumuy/530e/original/catalogo/PULB_N_2/1024-1024/colgante-led-18-esferas-32w-motorizado-a-control-remoto-con-varias-funciones-plata.jpg,7,,
il-pulb,,,,,,,,,,,,,,https://f.fcdn.app/imgs/e4b2a5/tienda.iluminica.com/ilumuy/d578/original/catalogo/PULB_N_3/1024-1024/colgante-led-18-esferas-32w-motorizado-a-control-remoto-con-varias-funciones-plata.jpg,8,,
il-pulb,,,,,,,,,,,,,,https://f.fcdn.app/imgs/18ec19/tienda.iluminica.com/ilumuy/1509/original/catalogo/PULB_N_4/1024-1024/colgante-led-18-esferas-32w-motorizado-a-control-remoto-con-varias-funciones-plata.jpg,9,,
il-pulb,,,,,,,,,,,,,,https://f.fcdn.app/imgs/bc4568/tienda.iluminica.com/ilumuy/3818/original/catalogo/PULB_N_5/1024-1024/colgante-led-18-esferas-32w-motorizado-a-control-remoto-con-varias-funciones-plata.jpg,10,,
il-purd,"Colgante led anillo motorizado 44w 70cm a control remoto con varias funciones, Dorado.","Colgante led anillo motorizado 44w 70cm a control remoto con varias funciones, Dorado.",Neuhaus pure,Iluminación,"Colgantes, Neuhaus pure, stock-verificado",TRUE,Color,"Colgante led anillo motorizado 44w 70cm a control remoto con varias funciones, Dorado.",PU RD::U,124267.00,,10,deny,https://f.fcdn.app/imgs/1b6cd6/tienda.iluminica.com/ilumuy/865f/original/catalogo/PURD_PURD_1/1024-1024/colgante-led-anillo-motorizado-44w-70cm-a-control-remoto-con-varias-funciones-dorado-colgante-led-anillo-motorizado-44w-70cm-a-control-remoto-con-varias-funciones-dorado.jpg,1,,
il-purd,,,,,,,,,,,,,,https://f.fcdn.app/imgs/e7916d/tienda.iluminica.com/ilumuy/d70a/original/catalogo/PURD_PURD_2/1024-1024/colgante-led-anillo-motorizado-44w-70cm-a-control-remoto-con-varias-funciones-dorado-colgante-led-anillo-motorizado-44w-70cm-a-control-remoto-con-varias-funciones-dorado.jpg,2,,
il-purd,,,,,,,,,,,,,,https://f.fcdn.app/imgs/84ec3c/tienda.iluminica.com/ilumuy/36e1/original/catalogo/PURD_PURD_3/1024-1024/colgante-led-anillo-motorizado-44w-70cm-a-control-remoto-con-varias-funciones-dorado-colgante-led-anillo-motorizado-44w-70cm-a-control-remoto-con-varias-funciones-dorado.jpg,3,,
il-purd,,,,,,,,,,,,,,https://f.fcdn.app/imgs/1a22b6/tienda.iluminica.com/ilumuy/d518/original/catalogo/PURD_PURD_4/1024-1024/colgante-led-anillo-motorizado-44w-70cm-a-control-remoto-con-varias-funciones-dorado-colgante-led-anillo-motorizado-44w-70cm-a-control-remoto-con-varias-funciones-dorado.jpg,4,,
il-purd,,,,,,,,,,,,,,https://f.fcdn.app/imgs/83c78e/tienda.iluminica.com/ilumuy/ad1e/original/catalogo/PURD_PURD_5/1024-1024/colgante-led-anillo-motorizado-44w-70cm-a-control-remoto-con-varias-funciones-dorado-colgante-led-anillo-motorizado-44w-70cm-a-control-remoto-con-varias-funciones-dorado.jpg,5,,
il-pupbn,"Lampara de pie Esferas vidrio ahumado 29W -160cm dimerizable, 3 colores de luz","Lampara de pie Esferas vidrio ahumado 29W -160cm dimerizable, 3 colores de luz",Neuhaus pure,Iluminación,"Lámparas de pie, Neuhaus pure, stock-verificado",TRUE,Color,"Lampara de pie Esferas vidrio ahumado 29W -160cm dimerizable, 3 colores de luz",PU PBN::U,80496.00,,10,deny,https://f.fcdn.app/imgs/888033/tienda.iluminica.com/ilumuy/c39a/original/catalogo/PUPBN_PUPBN_1/1024-1024/lampara-de-pie-esferas-vidrio-ahumado-29w-160cm-dimerizable-3-colores-de-luz-lampara-de-pie-esferas-vidrio-ahumado-29w-160cm-dimerizable-3-colores-de-luz.jpg,1,,
il-pupbn,,,,,,,,,,,,,,https://f.fcdn.app/imgs/c6cdcd/tienda.iluminica.com/ilumuy/158d/original/catalogo/PUPBN_PUPBN_2/1024-1024/lampara-de-pie-esferas-vidrio-ahumado-29w-160cm-dimerizable-3-colores-de-luz-lampara-de-pie-esferas-vidrio-ahumado-29w-160cm-dimerizable-3-colores-de-luz.jpg,2,,
il-pupbn,,,,,,,,,,,,,,https://f.fcdn.app/imgs/55b52d/tienda.iluminica.com/ilumuy/3686/original/catalogo/PUPBN_PUPBN_3/1024-1024/lampara-de-pie-esferas-vidrio-ahumado-29w-160cm-dimerizable-3-colores-de-luz-lampara-de-pie-esferas-vidrio-ahumado-29w-160cm-dimerizable-3-colores-de-luz.jpg,3,,
il-pupbn,,,,,,,,,,,,,,https://f.fcdn.app/imgs/751828/tienda.iluminica.com/ilumuy/5c97/original/catalogo/PUPBN_PUPBN_4/1024-1024/lampara-de-pie-esferas-vidrio-ahumado-29w-160cm-dimerizable-3-colores-de-luz-lampara-de-pie-esferas-vidrio-ahumado-29w-160cm-dimerizable-3-colores-de-luz.jpg,4,,
il-pupbn,,,,,,,,,,,,,,https://f.fcdn.app/imgs/5740e7/tienda.iluminica.com/ilumuy/b9ec/original/catalogo/PUPBN_PUPBN_5/1024-1024/lampara-de-pie-esferas-vidrio-ahumado-29w-160cm-dimerizable-3-colores-de-luz-lampara-de-pie-esferas-vidrio-ahumado-29w-160cm-dimerizable-3-colores-de-luz.jpg,5,,
il-purnm,"Colgante led anillo motorizado 44w 70cm a control remoto con varias funciones, Negro y madera","Colgante led anillo motorizado 44w 70cm a control remoto con varias funciones, Negro y madera",Neuhaus pure,Iluminación,"Colgantes, Neuhaus pure, stock-verificado",TRUE,Color,"Colgante led anillo motorizado 44w 70cm a control remoto con varias funciones, Negro y madera",PU RNM::U,133510.00,,10,deny,https://f.fcdn.app/imgs/cee1b4/tienda.iluminica.com/ilumuy/6f00/original/catalogo/PURNM_PURNM_1/1024-1024/colgante-led-anillo-motorizado-44w-70cm-a-control-remoto-con-varias-funciones-negro-y-madera-colgante-led-anillo-motorizado-44w-70cm-a-control-remoto-con-varias-funciones-negro-y-madera.jpg,1,,
il-purnm,,,,,,,,,,,,,,https://f.fcdn.app/imgs/ae87ea/tienda.iluminica.com/ilumuy/0db2/original/catalogo/PURNM_PURNM_2/1024-1024/colgante-led-anillo-motorizado-44w-70cm-a-control-remoto-con-varias-funciones-negro-y-madera-colgante-led-anillo-motorizado-44w-70cm-a-control-remoto-con-varias-funciones-negro-y-madera.jpg,2,,
il-purnm,,,,,,,,,,,,,,https://f.fcdn.app/imgs/b8a209/tienda.iluminica.com/ilumuy/e802/original/catalogo/PURNM_PURNM_3/1024-1024/colgante-led-anillo-motorizado-44w-70cm-a-control-remoto-con-varias-funciones-negro-y-madera-colgante-led-anillo-motorizado-44w-70cm-a-control-remoto-con-varias-funciones-negro-y-madera.jpg,3,,
il-purnm,,,,,,,,,,,,,,https://f.fcdn.app/imgs/7b12aa/tienda.iluminica.com/ilumuy/6b7f/original/catalogo/PURNM_PURNM_4/1024-1024/colgante-led-anillo-motorizado-44w-70cm-a-control-remoto-con-varias-funciones-negro-y-madera-colgante-led-anillo-motorizado-44w-70cm-a-control-remoto-con-varias-funciones-negro-y-madera.jpg,4,,
il-purnm,,,,,,,,,,,,,,https://f.fcdn.app/imgs/fbb5e0/tienda.iluminica.com/ilumuy/b2c1/original/catalogo/PURNM_PURNM_5/1024-1024/colgante-led-anillo-motorizado-44w-70cm-a-control-remoto-con-varias-funciones-negro-y-madera-colgante-led-anillo-motorizado-44w-70cm-a-control-remoto-con-varias-funciones-negro-y-madera.jpg,5,,
il-aich36,Spot aplique símil madera bidireccional 6w IP65,Spot aplique símil madera bidireccional 6w IP65,Chiaro,Iluminación,"Apliques, Chiaro, stock-verificado",TRUE,Color,Spot aplique símil madera bidireccional 6w IP65,AICH 36::U,3416.00,,10,deny,https://f.fcdn.app/imgs/35fc20/tienda.iluminica.com/ilumuy/11d3/original/catalogo/AICH36_AICH36_1/1024-1024/spot-aplique-simil-madera-bidireccional-6w-ip65-spot-aplique-simil-madera-bidireccional-6w-ip65.jpg,1,,
il-aich36,,,,,,,,,,,,,,https://f.fcdn.app/imgs/f39553/tienda.iluminica.com/ilumuy/aa09/original/catalogo/AICH36_AICH36_2/1024-1024/spot-aplique-simil-madera-bidireccional-6w-ip65-spot-aplique-simil-madera-bidireccional-6w-ip65.jpg,2,,
il-aich36,,,,,,,,,,,,,,https://f.fcdn.app/imgs/644ca1/tienda.iluminica.com/ilumuy/9711/original/catalogo/AICH36_AICH36_3/1024-1024/spot-aplique-simil-madera-bidireccional-6w-ip65-spot-aplique-simil-madera-bidireccional-6w-ip65.jpg,3,,
il-aich36,,,,,,,,,,,,,,https://f.fcdn.app/imgs/5858fb/tienda.iluminica.com/ilumuy/159f/original/catalogo/AICH36_AICH36_4/1024-1024/spot-aplique-simil-madera-bidireccional-6w-ip65-spot-aplique-simil-madera-bidireccional-6w-ip65.jpg,4,,
il-aich36,,,,,,,,,,,,,,https://f.fcdn.app/imgs/21cf8b/tienda.iluminica.com/ilumuy/d6e4/original/catalogo/AICH36_AICH36_5/1024-1024/spot-aplique-simil-madera-bidireccional-6w-ip65-spot-aplique-simil-madera-bidireccional-6w-ip65.jpg,5,,
il-aich37,Luminaria con columna 3*E27 PARA LAMPARA 2.2M,Luminaria con columna 3*E27 PARA LAMPARA 2.2M,Chiaro,Iluminación,"Camineros, Chiaro, stock-verificado",TRUE,Color,Luminaria con columna 3*E27 PARA LAMPARA 2.2M,AICH 37::U,11812.00,,10,deny,https://f.fcdn.app/imgs/e2094a/tienda.iluminica.com/ilumuy/dba9/original/catalogo/AICH37_AICH37_1/1024-1024/luminaria-con-columna-3-e27-para-lampara-2-2m-luminaria-con-columna-3-e27-para-lampara-2-2m.jpg,1,,
il-aich37,,,,,,,,,,,,,,https://f.fcdn.app/imgs/1b00e7/tienda.iluminica.com/ilumuy/e40e/original/catalogo/AICH37_AICH37_2/1024-1024/luminaria-con-columna-3-e27-para-lampara-2-2m-luminaria-con-columna-3-e27-para-lampara-2-2m.jpg,2,,
il-aich37,,,,,,,,,,,,,,https://f.fcdn.app/imgs/ff2bac/tienda.iluminica.com/ilumuy/06b1/original/catalogo/AICH37_AICH37_3/1024-1024/luminaria-con-columna-3-e27-para-lampara-2-2m-luminaria-con-columna-3-e27-para-lampara-2-2m.jpg,3,,
il-aich37,,,,,,,,,,,,,,https://f.fcdn.app/imgs/2e99c5/tienda.iluminica.com/ilumuy/6dfc/original/catalogo/AICH37_AICH37_4/1024-1024/luminaria-con-columna-3-e27-para-lampara-2-2m-luminaria-con-columna-3-e27-para-lampara-2-2m.jpg,4,,
il-aich37,,,,,,,,,,,,,,https://f.fcdn.app/imgs/071017/tienda.iluminica.com/ilumuy/cfff/original/catalogo/AICH37_AICH37_5/1024-1024/luminaria-con-columna-3-e27-para-lampara-2-2m-luminaria-con-columna-3-e27-para-lampara-2-2m.jpg,5,,
il-be112700,Pincho led 3w Aluminio negro IP66 24 volt o base,Pincho led 3w Aluminio negro IP66 24 volt o base,Chiaro,Iluminación,"Pinchos, Chiaro, stock-verificado",TRUE,Color,Pincho led 3w Aluminio negro IP66 24 volt o base,BE 11 2700::U,4406.00,,10,deny,https://f.fcdn.app/imgs/b4d066/tienda.iluminica.com/ilumuy/4188/original/catalogo/BE112700_BE112700_1/1024-1024/pincho-led-3w-aluminio-negro-ip66-24-volt-o-base-pincho-led-3w-aluminio-negro-ip66-24-volt-o-base.jpg,1,,
il-be112700,,,,,,,,,,,,,,https://f.fcdn.app/imgs/882613/tienda.iluminica.com/ilumuy/8825/original/catalogo/BE112700_BE112700_2/1024-1024/pincho-led-3w-aluminio-negro-ip66-24-volt-o-base-pincho-led-3w-aluminio-negro-ip66-24-volt-o-base.jpg,2,,
il-be112700,,,,,,,,,,,,,,https://f.fcdn.app/imgs/bf164b/tienda.iluminica.com/ilumuy/0f26/original/catalogo/BE112700_BE112700_3/1024-1024/pincho-led-3w-aluminio-negro-ip66-24-volt-o-base-pincho-led-3w-aluminio-negro-ip66-24-volt-o-base.jpg,3,,
il-be112700,,,,,,,,,,,,,,https://f.fcdn.app/imgs/c69bc3/tienda.iluminica.com/ilumuy/d95d/original/catalogo/BE112700_BE112700_4/1024-1024/pincho-led-3w-aluminio-negro-ip66-24-volt-o-base-pincho-led-3w-aluminio-negro-ip66-24-volt-o-base.jpg,4,,
il-be112700,,,,,,,,,,,,,,https://f.fcdn.app/imgs/52b066/tienda.iluminica.com/ilumuy/65f6/original/catalogo/BE112700_BE112700_5/1024-1024/pincho-led-3w-aluminio-negro-ip66-24-volt-o-base-pincho-led-3w-aluminio-negro-ip66-24-volt-o-base.jpg,5,,
il-pkch3en1,"Parklight led 3EN1, plazas y caminerias","Parklight led 3EN1, plazas y caminerias",Chiaro,Iluminación,"Camineros, Chiaro, stock-verificado",TRUE,Color,"Parklight led 3EN1, plazas y caminerias",PKCH 3EN1::U,19979.00,,10,deny,https://f.fcdn.app/imgs/cdd42c/tienda.iluminica.com/ilumuy/16fd/original/catalogo/PKCH3EN1_PKCH3EN1_1/1024-1024/parklight-led-3en1-plazas-y-caminerias-parklight-led-3en1-plazas-y-caminerias.jpg,1,,
il-pkch3en1,,,,,,,,,,,,,,https://f.fcdn.app/imgs/8cd143/tienda.iluminica.com/ilumuy/8ea6/original/catalogo/PKCH3EN1_PKCH3EN1_2/1024-1024/parklight-led-3en1-plazas-y-caminerias-parklight-led-3en1-plazas-y-caminerias.jpg,2,,
il-pkch3en1,,,,,,,,,,,,,,https://f.fcdn.app/imgs/301322/tienda.iluminica.com/ilumuy/bf8f/original/catalogo/PKCH3EN1_PKCH3EN1_3/1024-1024/parklight-led-3en1-plazas-y-caminerias-parklight-led-3en1-plazas-y-caminerias.jpg,3,,
il-pkch3en1,,,,,,,,,,,,,,https://f.fcdn.app/imgs/53a41b/tienda.iluminica.com/ilumuy/ff36/original/catalogo/PKCH3EN1_PKCH3EN1_4/1024-1024/parklight-led-3en1-plazas-y-caminerias-parklight-led-3en1-plazas-y-caminerias.jpg,4,,
il-pkch3en1,,,,,,,,,,,,,,https://f.fcdn.app/imgs/b054e1/tienda.iluminica.com/ilumuy/9a6c/original/catalogo/PKCH3EN1_PKCH3EN1_5/1024-1024/parklight-led-3en1-plazas-y-caminerias-parklight-led-3en1-plazas-y-caminerias.jpg,5,,
il-lm15,"Plafón LED de diseño, Dimerizable 40W y 50CM","Plafón LED de diseño, Dimerizable 40W y 50CM",Chiaro,Iluminación,"Plafones, Chiaro, stock-verificado",TRUE,Color,DORADO,LM 15:D:U,7652.00,,10,deny,https://f.fcdn.app/imgs/54d384/tienda.iluminica.com/ilumuy/a0fc/original/catalogo/LM15_D_1/1024-1024/plafon-led-de-diseno-dimerizable-40w-y-50cm-dorado.jpg,1,,
il-lm15,,,,,,,,NEGRO,LM 15:N:U,7652.00,,10,deny,,,,
il-lm15,,,,,,,,,,,,,,https://f.fcdn.app/imgs/0f0ca2/tienda.iluminica.com/ilumuy/fb20/original/catalogo/LM15_D_2/1024-1024/plafon-led-de-diseno-dimerizable-40w-y-50cm-dorado.jpg,2,,
il-lm15,,,,,,,,,,,,,,https://f.fcdn.app/imgs/0bc322/tienda.iluminica.com/ilumuy/2b72/original/catalogo/LM15_D_3/1024-1024/plafon-led-de-diseno-dimerizable-40w-y-50cm-dorado.jpg,3,,
il-lm15,,,,,,,,,,,,,,https://f.fcdn.app/imgs/9b8e11/tienda.iluminica.com/ilumuy/07ae/original/catalogo/LM15_D_4/1024-1024/plafon-led-de-diseno-dimerizable-40w-y-50cm-dorado.jpg,4,,
il-lm15,,,,,,,,,,,,,,https://f.fcdn.app/imgs/28765a/tienda.iluminica.com/ilumuy/3ccb/original/catalogo/LM15_D_5/1024-1024/plafon-led-de-diseno-dimerizable-40w-y-50cm-dorado.jpg,5,,
il-lm15,,,,,,,,,,,,,,https://f.fcdn.app/imgs/f0c7b7/tienda.iluminica.com/ilumuy/888a/original/catalogo/LM15_N_1/1024-1024/plafon-led-de-diseno-dimerizable-40w-y-50cm-negro.jpg,6,,
il-lm15,,,,,,,,,,,,,,https://f.fcdn.app/imgs/658c4e/tienda.iluminica.com/ilumuy/58c8/original/catalogo/LM15_N_2/1024-1024/plafon-led-de-diseno-dimerizable-40w-y-50cm-negro.jpg,7,,
il-lm15,,,,,,,,,,,,,,https://f.fcdn.app/imgs/2067fd/tienda.iluminica.com/ilumuy/12dc/original/catalogo/LM15_N_3/1024-1024/plafon-led-de-diseno-dimerizable-40w-y-50cm-negro.jpg,8,,
il-lm15,,,,,,,,,,,,,,https://f.fcdn.app/imgs/60b7f4/tienda.iluminica.com/ilumuy/4bd3/original/catalogo/LM15_N_4/1024-1024/plafon-led-de-diseno-dimerizable-40w-y-50cm-negro.jpg,9,,
il-lm15,,,,,,,,,,,,,,https://f.fcdn.app/imgs/1203cc/tienda.iluminica.com/ilumuy/68a9/original/catalogo/LM15_N_5/1024-1024/plafon-led-de-diseno-dimerizable-40w-y-50cm-negro.jpg,10,,
il-cm31,Colgante Led lineal 3 barras 30W Dimerizable,Colgante Led lineal 3 barras 30W Dimerizable,Chiaro,Iluminación,"Colgantes, Chiaro, stock-verificado",TRUE,Color,DORADA,-CM 31:D:U,9503.00,,10,deny,https://f.fcdn.app/imgs/0f4016/tienda.iluminica.com/ilumuy/c8b9/original/catalogo/-CM31_D_1/1024-1024/colgante-led-lineal-3-barras-30w-dimerizable-dorada.jpg,1,,
il-cm31,,,,,,,,NEGRA,-CM 31:N:U,9503.00,,10,deny,,,,
il-cm31,,,,,,,,,,,,,,https://f.fcdn.app/imgs/063355/tienda.iluminica.com/ilumuy/7d1b/original/catalogo/-CM31_D_2/1024-1024/colgante-led-lineal-3-barras-30w-dimerizable-dorada.jpg,2,,
il-cm31,,,,,,,,,,,,,,https://f.fcdn.app/imgs/ba47b3/tienda.iluminica.com/ilumuy/3f6c/original/catalogo/-CM31_D_3/1024-1024/colgante-led-lineal-3-barras-30w-dimerizable-dorada.jpg,3,,
il-cm31,,,,,,,,,,,,,,https://f.fcdn.app/imgs/7a2f9f/tienda.iluminica.com/ilumuy/19fc/original/catalogo/-CM31_D_4/1024-1024/colgante-led-lineal-3-barras-30w-dimerizable-dorada.jpg,4,,
il-cm31,,,,,,,,,,,,,,https://f.fcdn.app/imgs/be8149/tienda.iluminica.com/ilumuy/4610/original/catalogo/-CM31_D_5/1024-1024/colgante-led-lineal-3-barras-30w-dimerizable-dorada.jpg,5,,
il-cm31,,,,,,,,,,,,,,https://f.fcdn.app/imgs/e61b7f/tienda.iluminica.com/ilumuy/3c4c/original/catalogo/-CM31_N_1/1024-1024/colgante-led-lineal-3-barras-30w-dimerizable-negra.jpg,6,,
il-cm31,,,,,,,,,,,,,,https://f.fcdn.app/imgs/4969bd/tienda.iluminica.com/ilumuy/5a2e/original/catalogo/-CM31_N_2/1024-1024/colgante-led-lineal-3-barras-30w-dimerizable-negra.jpg,7,,
il-cm31,,,,,,,,,,,,,,https://f.fcdn.app/imgs/9560c3/tienda.iluminica.com/ilumuy/d7fc/original/catalogo/-CM31_N_3/1024-1024/colgante-led-lineal-3-barras-30w-dimerizable-negra.jpg,8,,
il-cm31,,,,,,,,,,,,,,https://f.fcdn.app/imgs/85c91f/tienda.iluminica.com/ilumuy/c6f8/original/catalogo/-CM31_N_4/1024-1024/colgante-led-lineal-3-barras-30w-dimerizable-negra.jpg,9,,
il-cm31,,,,,,,,,,,,,,https://f.fcdn.app/imgs/f3e8fe/tienda.iluminica.com/ilumuy/824c/original/catalogo/-CM31_N_5/1024-1024/colgante-led-lineal-3-barras-30w-dimerizable-negra.jpg,10,,
il-lm14n,"Luminaria de susp. Led circular con corte, 60W Dimerizable, 60cm","Luminaria de susp. Led circular con corte, 60W Dimerizable, 60cm",Chiaro,Iluminación,"Colgantes, Chiaro, stock-verificado",TRUE,Color,"Luminaria de susp. Led circular con corte, 60W Dimerizable, 60cm",LM 14 N::U,13302.00,,10,deny,https://f.fcdn.app/imgs/9fd032/tienda.iluminica.com/ilumuy/7970/original/catalogo/LM14N_LM14N_1/1024-1024/luminaria-de-susp-led-circular-con-corte-60w-dimerizable-60cm-luminaria-de-susp-led-circular-con-corte-60w-dimerizable-60cm.jpg,1,,
il-lm14n,,,,,,,,,,,,,,https://f.fcdn.app/imgs/bfbfc5/tienda.iluminica.com/ilumuy/4a82/original/catalogo/LM14N_LM14N_2/1024-1024/luminaria-de-susp-led-circular-con-corte-60w-dimerizable-60cm-luminaria-de-susp-led-circular-con-corte-60w-dimerizable-60cm.jpg,2,,
il-lm14n,,,,,,,,,,,,,,https://f.fcdn.app/imgs/8b4d06/tienda.iluminica.com/ilumuy/078e/original/catalogo/LM14N_LM14N_3/1024-1024/luminaria-de-susp-led-circular-con-corte-60w-dimerizable-60cm-luminaria-de-susp-led-circular-con-corte-60w-dimerizable-60cm.jpg,3,,
il-lm14n,,,,,,,,,,,,,,https://f.fcdn.app/imgs/8b1894/tienda.iluminica.com/ilumuy/74fe/original/catalogo/LM14N_LM14N_4/1024-1024/luminaria-de-susp-led-circular-con-corte-60w-dimerizable-60cm-luminaria-de-susp-led-circular-con-corte-60w-dimerizable-60cm.jpg,4,,
il-lm14n,,,,,,,,,,,,,,https://f.fcdn.app/imgs/b52603/tienda.iluminica.com/ilumuy/4682/original/catalogo/LM14N_LM14N_5/1024-1024/luminaria-de-susp-led-circular-con-corte-60w-dimerizable-60cm-luminaria-de-susp-led-circular-con-corte-60w-dimerizable-60cm.jpg,5,,
il-lm16b,"Luminaria led suspender blanca y madera 48W dimerizable, 50cm","Luminaria led suspender blanca y madera 48W dimerizable, 50cm",Chiaro,Iluminación,"Colgantes, Chiaro, stock-verificado",TRUE,Color,"Luminaria led suspender blanca y madera 48W dimerizable, 50cm",LM 16 B::U,9748.00,,10,deny,https://f.fcdn.app/imgs/ddd67c/tienda.iluminica.com/ilumuy/68f6/original/catalogo/LM16B_LM16B_1/1024-1024/luminaria-led-suspender-blanca-y-madera-48w-dimerizable-50cm-luminaria-led-suspender-blanca-y-madera-48w-dimerizable-50cm.jpg,1,,
il-lm16b,,,,,,,,,,,,,,https://f.fcdn.app/imgs/75a5d9/tienda.iluminica.com/ilumuy/9fb6/original/catalogo/LM16B_LM16B_2/1024-1024/luminaria-led-suspender-blanca-y-madera-48w-dimerizable-50cm-luminaria-led-suspender-blanca-y-madera-48w-dimerizable-50cm.jpg,2,,
il-lm16b,,,,,,,,,,,,,,https://f.fcdn.app/imgs/37a898/tienda.iluminica.com/ilumuy/0a1d/original/catalogo/LM16B_LM16B_3/1024-1024/luminaria-led-suspender-blanca-y-madera-48w-dimerizable-50cm-luminaria-led-suspender-blanca-y-madera-48w-dimerizable-50cm.jpg,3,,
il-lm16b,,,,,,,,,,,,,,https://f.fcdn.app/imgs/235f93/tienda.iluminica.com/ilumuy/912c/original/catalogo/LM16B_LM16B_4/1024-1024/luminaria-led-suspender-blanca-y-madera-48w-dimerizable-50cm-luminaria-led-suspender-blanca-y-madera-48w-dimerizable-50cm.jpg,4,,
il-lm16b,,,,,,,,,,,,,,https://f.fcdn.app/imgs/870509/tienda.iluminica.com/ilumuy/5c56/original/catalogo/LM16B_LM16B_5/1024-1024/luminaria-led-suspender-blanca-y-madera-48w-dimerizable-50cm-luminaria-led-suspender-blanca-y-madera-48w-dimerizable-50cm.jpg,5,,
il-aich35,Caminero poste led de jardín diseño moderno 60 cm 13W,Caminero poste led de jardín diseño moderno 60 cm 13W,Chiaro,Iluminación,"Camineros, Chiaro, stock-verificado",TRUE,Color,Caminero poste led de jardín diseño moderno 60 cm 13W,AICH 35::U,5268.00,,10,deny,https://f.fcdn.app/imgs/b2ff33/tienda.iluminica.com/ilumuy/e960/original/catalogo/AICH35_AICH35_1/1024-1024/caminero-poste-led-de-jardin-diseno-moderno-60-cm-13w-caminero-poste-led-de-jardin-diseno-moderno-60-cm-13w.jpg,1,,
il-aich35,,,,,,,,,,,,,,https://f.fcdn.app/imgs/a5cc33/tienda.iluminica.com/ilumuy/2c95/original/catalogo/AICH35_AICH35_2/1024-1024/caminero-poste-led-de-jardin-diseno-moderno-60-cm-13w-caminero-poste-led-de-jardin-diseno-moderno-60-cm-13w.jpg,2,,
il-aich35,,,,,,,,,,,,,,https://f.fcdn.app/imgs/6af1fe/tienda.iluminica.com/ilumuy/6a05/original/catalogo/AICH35_AICH35_3/1024-1024/caminero-poste-led-de-jardin-diseno-moderno-60-cm-13w-caminero-poste-led-de-jardin-diseno-moderno-60-cm-13w.jpg,3,,
il-aich35,,,,,,,,,,,,,,https://f.fcdn.app/imgs/a66bc4/tienda.iluminica.com/ilumuy/c6a4/original/catalogo/AICH35_AICH35_4/1024-1024/caminero-poste-led-de-jardin-diseno-moderno-60-cm-13w-caminero-poste-led-de-jardin-diseno-moderno-60-cm-13w.jpg,4,,
il-aich35,,,,,,,,,,,,,,https://f.fcdn.app/imgs/e9a395/tienda.iluminica.com/ilumuy/6a23/original/catalogo/AICH35_AICH35_5/1024-1024/caminero-poste-led-de-jardin-diseno-moderno-60-cm-13w-caminero-poste-led-de-jardin-diseno-moderno-60-cm-13w.jpg,5,,
il-cm04-90,Luminaria Barra de led lineal 90cm BLANCO 16w,Luminaria Barra de led lineal 90cm BLANCO 16w,Chiaro,Iluminación,"Apliques, Chiaro, stock-verificado",TRUE,Color,Luminaria Barra de led lineal 90cm BLANCO 16w,CM 04-90::U,3076.00,,10,deny,https://f.fcdn.app/imgs/de2f00/tienda.iluminica.com/ilumuy/a3e7/original/catalogo/CM04-90_CM04-90_1/1024-1024/luminaria-barra-de-led-lineal-90cm-blanco-16w-luminaria-barra-de-led-lineal-90cm-blanco-16w.jpg,1,,
il-cm04-90,,,,,,,,,,,,,,https://f.fcdn.app/imgs/4f6f72/tienda.iluminica.com/ilumuy/b041/original/catalogo/CM04-90_CM04-90_2/1024-1024/luminaria-barra-de-led-lineal-90cm-blanco-16w-luminaria-barra-de-led-lineal-90cm-blanco-16w.jpg,2,,
il-cm04-90,,,,,,,,,,,,,,https://f.fcdn.app/imgs/964da7/tienda.iluminica.com/ilumuy/3f66/original/catalogo/CM04-90_CM04-90_3/1024-1024/luminaria-barra-de-led-lineal-90cm-blanco-16w-luminaria-barra-de-led-lineal-90cm-blanco-16w.jpg,3,,
il-cm04-90,,,,,,,,,,,,,,https://f.fcdn.app/imgs/255b92/tienda.iluminica.com/ilumuy/841f/original/catalogo/CM04-90_CM04-90_4/1024-1024/luminaria-barra-de-led-lineal-90cm-blanco-16w-luminaria-barra-de-led-lineal-90cm-blanco-16w.jpg,4,,
il-cm04-90,,,,,,,,,,,,,,https://f.fcdn.app/imgs/8d1f4a/tienda.iluminica.com/ilumuy/5536/original/catalogo/CM04-90_CM04-90_5/1024-1024/luminaria-barra-de-led-lineal-90cm-blanco-16w-luminaria-barra-de-led-lineal-90cm-blanco-16w.jpg,5,,
il-cm36-60,Luminaria Barra de led lineal 60cm negra 12w,Luminaria Barra de led lineal 60cm negra 12w,Chiaro,Iluminación,"Apliques, Chiaro, stock-verificado",TRUE,Color,Luminaria Barra de led lineal 60cm negra 12w,CM 36-60::U,2118.00,,10,deny,https://f.fcdn.app/imgs/d3a904/tienda.iluminica.com/ilumuy/8c19/original/catalogo/CM36-60_CM36-60_1/1024-1024/luminaria-barra-de-led-lineal-60cm-negra-12w-luminaria-barra-de-led-lineal-60cm-negra-12w.jpg,1,,
il-cm36-60,,,,,,,,,,,,,,https://f.fcdn.app/imgs/051726/tienda.iluminica.com/ilumuy/2350/original/catalogo/CM36-60_CM36-60_2/1024-1024/luminaria-barra-de-led-lineal-60cm-negra-12w-luminaria-barra-de-led-lineal-60cm-negra-12w.jpg,2,,
il-cm36-60,,,,,,,,,,,,,,https://f.fcdn.app/imgs/798f4c/tienda.iluminica.com/ilumuy/3b0a/original/catalogo/CM36-60_CM36-60_3/1024-1024/luminaria-barra-de-led-lineal-60cm-negra-12w-luminaria-barra-de-led-lineal-60cm-negra-12w.jpg,3,,
il-cm36-60,,,,,,,,,,,,,,https://f.fcdn.app/imgs/9449f1/tienda.iluminica.com/ilumuy/73b1/original/catalogo/CM36-60_CM36-60_4/1024-1024/luminaria-barra-de-led-lineal-60cm-negra-12w-luminaria-barra-de-led-lineal-60cm-negra-12w.jpg,4,,
il-cm36-60,,,,,,,,,,,,,,https://f.fcdn.app/imgs/13645f/tienda.iluminica.com/ilumuy/59bd/original/catalogo/CM36-60_CM36-60_5/1024-1024/luminaria-barra-de-led-lineal-60cm-negra-12w-luminaria-barra-de-led-lineal-60cm-negra-12w.jpg,5,,
il-cm65,Colgante led esfera efecto flotante 5W,Colgante led esfera efecto flotante 5W,Chiaro,Iluminación,"Colgantes, Chiaro, stock-verificado",TRUE,Color,Colgante led esfera efecto flotante 5W,CM 65::U,1660.00,,10,deny,https://f.fcdn.app/imgs/aa686c/tienda.iluminica.com/ilumuy/0eba/original/catalogo/CM65_CM65_1/1024-1024/colgante-led-esfera-efecto-flotante-5w-colgante-led-esfera-efecto-flotante-5w.jpg,1,,
il-cm65,,,,,,,,,,,,,,https://f.fcdn.app/imgs/bc904a/tienda.iluminica.com/ilumuy/34d2/original/catalogo/CM65_CM65_2/1024-1024/colgante-led-esfera-efecto-flotante-5w-colgante-led-esfera-efecto-flotante-5w.jpg,2,,
il-cm65,,,,,,,,,,,,,,https://f.fcdn.app/imgs/d64a80/tienda.iluminica.com/ilumuy/7e63/original/catalogo/CM65_CM65_3/1024-1024/colgante-led-esfera-efecto-flotante-5w-colgante-led-esfera-efecto-flotante-5w.jpg,3,,
il-cm65,,,,,,,,,,,,,,https://f.fcdn.app/imgs/33f8d0/tienda.iluminica.com/ilumuy/1c71/original/catalogo/CM65_CM65_4/1024-1024/colgante-led-esfera-efecto-flotante-5w-colgante-led-esfera-efecto-flotante-5w.jpg,4,,
il-cm65,,,,,,,,,,,,,,https://f.fcdn.app/imgs/68acec/tienda.iluminica.com/ilumuy/4748/original/catalogo/CM65_CM65_5/1024-1024/colgante-led-esfera-efecto-flotante-5w-colgante-led-esfera-efecto-flotante-5w.jpg,5,,
il-cm66,Colgante led dos Marcos 60 + 40cm 70W Dimerizable NEGRO,Colgante led dos Marcos 60 + 40cm 70W Dimerizable NEGRO,Chiaro,Iluminación,"Colgantes, Chiaro, stock-verificado",TRUE,Color,Colgante led dos Marcos 60 + 40cm 70W Dimerizable NEGRO,CM 66::U,9822.00,,10,deny,https://f.fcdn.app/imgs/89e94d/tienda.iluminica.com/ilumuy/f92d/original/catalogo/CM66_CM66_1/1024-1024/colgante-led-dos-marcos-60-40cm-70w-dimerizable-negro-colgante-led-dos-marcos-60-40cm-70w-dimerizable-negro.jpg,1,,
il-cm66,,,,,,,,,,,,,,https://f.fcdn.app/imgs/47974d/tienda.iluminica.com/ilumuy/9210/original/catalogo/CM66_CM66_2/1024-1024/colgante-led-dos-marcos-60-40cm-70w-dimerizable-negro-colgante-led-dos-marcos-60-40cm-70w-dimerizable-negro.jpg,2,,
il-cm66,,,,,,,,,,,,,,https://f.fcdn.app/imgs/e5b388/tienda.iluminica.com/ilumuy/e0dc/original/catalogo/CM66_CM66_3/1024-1024/colgante-led-dos-marcos-60-40cm-70w-dimerizable-negro-colgante-led-dos-marcos-60-40cm-70w-dimerizable-negro.jpg,3,,
il-cm66,,,,,,,,,,,,,,https://f.fcdn.app/imgs/0a04b2/tienda.iluminica.com/ilumuy/b7be/original/catalogo/CM66_CM66_4/1024-1024/colgante-led-dos-marcos-60-40cm-70w-dimerizable-negro-colgante-led-dos-marcos-60-40cm-70w-dimerizable-negro.jpg,4,,
il-cm66,,,,,,,,,,,,,,https://f.fcdn.app/imgs/e2bac3/tienda.iluminica.com/ilumuy/3697/original/catalogo/CM66_CM66_5/1024-1024/colgante-led-dos-marcos-60-40cm-70w-dimerizable-negro-colgante-led-dos-marcos-60-40cm-70w-dimerizable-negro.jpg,5,,
il-be08,Wallwasher bañador de pared led 51cm,Wallwasher bañador de pared led 51cm,Chiaro,Iluminación,"Apliques, Chiaro, stock-verificado",TRUE,Color,Wallwasher bañador de pared led 51cm,BE 08::U,5278.00,,10,deny,https://f.fcdn.app/imgs/6f385b/tienda.iluminica.com/ilumuy/0f4f/original/catalogo/BE08_BE08_1/1024-1024/wallwasher-banador-de-pared-led-51cm-wallwasher-banador-de-pared-led-51cm.jpg,1,,
il-be08,,,,,,,,,,,,,,https://f.fcdn.app/imgs/83d353/tienda.iluminica.com/ilumuy/e434/original/catalogo/BE08_BE08_2/1024-1024/wallwasher-banador-de-pared-led-51cm-wallwasher-banador-de-pared-led-51cm.jpg,2,,
il-be08,,,,,,,,,,,,,,https://f.fcdn.app/imgs/1d6a0f/tienda.iluminica.com/ilumuy/1081/original/catalogo/BE08_BE08_3/1024-1024/wallwasher-banador-de-pared-led-51cm-wallwasher-banador-de-pared-led-51cm.jpg,3,,
il-be08,,,,,,,,,,,,,,https://f.fcdn.app/imgs/d4a8e1/tienda.iluminica.com/ilumuy/97eb/original/catalogo/BE08_BE08_4/1024-1024/wallwasher-banador-de-pared-led-51cm-wallwasher-banador-de-pared-led-51cm.jpg,4,,
il-be08,,,,,,,,,,,,,,https://f.fcdn.app/imgs/a195f6/tienda.iluminica.com/ilumuy/d888/original/catalogo/BE08_BE08_5/1024-1024/wallwasher-banador-de-pared-led-51cm-wallwasher-banador-de-pared-led-51cm.jpg,5,,
il-be09,Pincho led 9w Aluminio negro IP66 24 volt o base,Pincho led 9w Aluminio negro IP66 24 volt o base,Chiaro,Iluminación,"Pinchos, Chiaro, stock-verificado",TRUE,Color,Ángulo 15°,BE 09:15:U,5832.00,,10,deny,https://f.fcdn.app/imgs/b0934e/tienda.iluminica.com/ilumuy/ea33/original/catalogo/BE09_15_1/1024-1024/pincho-led-9w-aluminio-negro-ip66-24-volt-o-base-angulo-15.jpg,1,,
il-be09,,,,,,,,Ángulo 60°,BE 09:60:U,5832.00,,10,deny,,,,
il-be09,,,,,,,,,,,,,,https://f.fcdn.app/imgs/c9cebc/tienda.iluminica.com/ilumuy/8825/original/catalogo/BE09_15_2/1024-1024/pincho-led-9w-aluminio-negro-ip66-24-volt-o-base-angulo-15.jpg,2,,
il-be09,,,,,,,,,,,,,,https://f.fcdn.app/imgs/19c737/tienda.iluminica.com/ilumuy/0f26/original/catalogo/BE09_15_3/1024-1024/pincho-led-9w-aluminio-negro-ip66-24-volt-o-base-angulo-15.jpg,3,,
il-be09,,,,,,,,,,,,,,https://f.fcdn.app/imgs/f7cab9/tienda.iluminica.com/ilumuy/d95d/original/catalogo/BE09_15_4/1024-1024/pincho-led-9w-aluminio-negro-ip66-24-volt-o-base-angulo-15.jpg,4,,
il-be09,,,,,,,,,,,,,,https://f.fcdn.app/imgs/4e1435/tienda.iluminica.com/ilumuy/65f6/original/catalogo/BE09_15_5/1024-1024/pincho-led-9w-aluminio-negro-ip66-24-volt-o-base-angulo-15.jpg,5,,
il-be09,,,,,,,,,,,,,,https://f.fcdn.app/imgs/0fe33a/tienda.iluminica.com/ilumuy/ea33/original/catalogo/BE09_60_1/1024-1024/pincho-led-9w-aluminio-negro-ip66-24-volt-o-base-angulo-60.jpg,6,,
il-be09,,,,,,,,,,,,,,https://f.fcdn.app/imgs/d1eaf5/tienda.iluminica.com/ilumuy/8825/original/catalogo/BE09_60_2/1024-1024/pincho-led-9w-aluminio-negro-ip66-24-volt-o-base-angulo-60.jpg,7,,
il-be09,,,,,,,,,,,,,,https://f.fcdn.app/imgs/b9357d/tienda.iluminica.com/ilumuy/0f26/original/catalogo/BE09_60_3/1024-1024/pincho-led-9w-aluminio-negro-ip66-24-volt-o-base-angulo-60.jpg,8,,
il-be09,,,,,,,,,,,,,,https://f.fcdn.app/imgs/3a51e6/tienda.iluminica.com/ilumuy/d95d/original/catalogo/BE09_60_4/1024-1024/pincho-led-9w-aluminio-negro-ip66-24-volt-o-base-angulo-60.jpg,9,,
il-be09,,,,,,,,,,,,,,https://f.fcdn.app/imgs/4bf4ee/tienda.iluminica.com/ilumuy/65f6/original/catalogo/BE09_60_5/1024-1024/pincho-led-9w-aluminio-negro-ip66-24-volt-o-base-angulo-60.jpg,10,,
il-be10,Pincho led 6w Aluminio negro IP66 24 volt o base,Pincho led 6w Aluminio negro IP66 24 volt o base,Chiaro,Iluminación,"Pinchos, Chiaro, stock-verificado",TRUE,Color,Pincho led 6w Aluminio negro IP66 24 volt o base,BE 10::U,4672.00,,10,deny,https://f.fcdn.app/imgs/71c375/tienda.iluminica.com/ilumuy/4188/original/catalogo/BE10_BE10_1/1024-1024/pincho-led-6w-aluminio-negro-ip66-24-volt-o-base-pincho-led-6w-aluminio-negro-ip66-24-volt-o-base.jpg,1,,
il-be10,,,,,,,,,,,,,,https://f.fcdn.app/imgs/2c7a50/tienda.iluminica.com/ilumuy/8825/original/catalogo/BE10_BE10_2/1024-1024/pincho-led-6w-aluminio-negro-ip66-24-volt-o-base-pincho-led-6w-aluminio-negro-ip66-24-volt-o-base.jpg,2,,
il-be10,,,,,,,,,,,,,,https://f.fcdn.app/imgs/80a52a/tienda.iluminica.com/ilumuy/0f26/original/catalogo/BE10_BE10_3/1024-1024/pincho-led-6w-aluminio-negro-ip66-24-volt-o-base-pincho-led-6w-aluminio-negro-ip66-24-volt-o-base.jpg,3,,
il-be10,,,,,,,,,,,,,,https://f.fcdn.app/imgs/d2bd8a/tienda.iluminica.com/ilumuy/d95d/original/catalogo/BE10_BE10_4/1024-1024/pincho-led-6w-aluminio-negro-ip66-24-volt-o-base-pincho-led-6w-aluminio-negro-ip66-24-volt-o-base.jpg,4,,
il-be10,,,,,,,,,,,,,,https://f.fcdn.app/imgs/2ae436/tienda.iluminica.com/ilumuy/65f6/original/catalogo/BE10_BE10_5/1024-1024/pincho-led-6w-aluminio-negro-ip66-24-volt-o-base-pincho-led-6w-aluminio-negro-ip66-24-volt-o-base.jpg,5,,
il-fb12,Colgante trapecio 1 lámpara negro 21cm E27,Colgante trapecio 1 lámpara negro 21cm E27,Chiaro,Iluminación,"Colgantes, Chiaro, stock-verificado",TRUE,Color,Colgante trapecio 1 lámpara negro 21cm E27,FB12::U,2309.00,,10,deny,https://f.fcdn.app/imgs/1c9952/tienda.iluminica.com/ilumuy/f926/original/catalogo/FB12_FB12_1/1024-1024/colgante-trapecio-1-lampara-negro-21cm-e27-colgante-trapecio-1-lampara-negro-21cm-e27.jpg,1,,
il-fb12,,,,,,,,,,,,,,https://f.fcdn.app/imgs/a5ef3b/tienda.iluminica.com/ilumuy/f7b2/original/catalogo/FB12_FB12_2/1024-1024/colgante-trapecio-1-lampara-negro-21cm-e27-colgante-trapecio-1-lampara-negro-21cm-e27.jpg,2,,
il-fb12,,,,,,,,,,,,,,https://f.fcdn.app/imgs/a76adf/tienda.iluminica.com/ilumuy/ee02/original/catalogo/FB12_FB12_3/1024-1024/colgante-trapecio-1-lampara-negro-21cm-e27-colgante-trapecio-1-lampara-negro-21cm-e27.jpg,3,,
il-fb12,,,,,,,,,,,,,,https://f.fcdn.app/imgs/8865d0/tienda.iluminica.com/ilumuy/0325/original/catalogo/FB12_FB12_4/1024-1024/colgante-trapecio-1-lampara-negro-21cm-e27-colgante-trapecio-1-lampara-negro-21cm-e27.jpg,4,,
il-fb12,,,,,,,,,,,,,,https://f.fcdn.app/imgs/437b03/tienda.iluminica.com/ilumuy/d846/original/catalogo/FB12_FB12_5/1024-1024/colgante-trapecio-1-lampara-negro-21cm-e27-colgante-trapecio-1-lampara-negro-21cm-e27.jpg,5,,
il-fb13,Colgante trapecio para 8 lámparas negro 89cm E27,Colgante trapecio para 8 lámparas negro 89cm E27,Chiaro,Iluminación,"Colgantes, Chiaro, stock-verificado",TRUE,Color,Colgante trapecio para 8 lámparas negro 89cm E27,FB13::U,7092.00,10131.00,10,deny,https://f.fcdn.app/imgs/058e87/tienda.iluminica.com/ilumuy/3a4d/original/catalogo/FB13_FB13_1/1024-1024/colgante-trapecio-para-8-lamparas-negro-89cm-e27-colgante-trapecio-para-8-lamparas-negro-89cm-e27.jpg,1,,
il-fb13,,,,,,,,,,,,,,https://f.fcdn.app/imgs/c48188/tienda.iluminica.com/ilumuy/95a9/original/catalogo/FB13_FB13_2/1024-1024/colgante-trapecio-para-8-lamparas-negro-89cm-e27-colgante-trapecio-para-8-lamparas-negro-89cm-e27.jpg,2,,
il-fb13,,,,,,,,,,,,,,https://f.fcdn.app/imgs/fe70fe/tienda.iluminica.com/ilumuy/82ea/original/catalogo/FB13_FB13_3/1024-1024/colgante-trapecio-para-8-lamparas-negro-89cm-e27-colgante-trapecio-para-8-lamparas-negro-89cm-e27.jpg,3,,
il-fb13,,,,,,,,,,,,,,https://f.fcdn.app/imgs/77ebb7/tienda.iluminica.com/ilumuy/3ff3/original/catalogo/FB13_FB13_4/1024-1024/colgante-trapecio-para-8-lamparas-negro-89cm-e27-colgante-trapecio-para-8-lamparas-negro-89cm-e27.jpg,4,,
il-aich28,Spot aplique prisma led ángulo regulable 18w IP65,Spot aplique prisma led ángulo regulable 18w IP65,Chiaro,Iluminación,"Apliques, Chiaro, stock-verificado",TRUE,Color,Spot aplique prisma led ángulo regulable 18w IP65,AICH 28::U,3182.00,,10,deny,https://f.fcdn.app/imgs/15a8e4/tienda.iluminica.com/ilumuy/b261/original/catalogo/AICH28_AICH28_1/1024-1024/spot-aplique-prisma-led-angulo-regulable-18w-ip65-spot-aplique-prisma-led-angulo-regulable-18w-ip65.jpg,1,,
il-aich28,,,,,,,,,,,,,,https://f.fcdn.app/imgs/742f17/tienda.iluminica.com/ilumuy/7b27/original/catalogo/AICH28_AICH28_2/1024-1024/spot-aplique-prisma-led-angulo-regulable-18w-ip65-spot-aplique-prisma-led-angulo-regulable-18w-ip65.jpg,2,,
il-aich28,,,,,,,,,,,,,,https://f.fcdn.app/imgs/e7c561/tienda.iluminica.com/ilumuy/d3ac/original/catalogo/AICH28_AICH28_3/1024-1024/spot-aplique-prisma-led-angulo-regulable-18w-ip65-spot-aplique-prisma-led-angulo-regulable-18w-ip65.jpg,3,,
il-aich28,,,,,,,,,,,,,,https://f.fcdn.app/imgs/e98f2b/tienda.iluminica.com/ilumuy/6d8e/original/catalogo/AICH28_AICH28_4/1024-1024/spot-aplique-prisma-led-angulo-regulable-18w-ip65-spot-aplique-prisma-led-angulo-regulable-18w-ip65.jpg,4,,
il-aich28,,,,,,,,,,,,,,https://f.fcdn.app/imgs/958be4/tienda.iluminica.com/ilumuy/5a7a/original/catalogo/AICH28_AICH28_5/1024-1024/spot-aplique-prisma-led-angulo-regulable-18w-ip65-spot-aplique-prisma-led-angulo-regulable-18w-ip65.jpg,5,,
il-aich29,Aplique led señalizador IP65 3W,Aplique led señalizador IP65 3W,Chiaro,Iluminación,"Apliques, Chiaro, stock-verificado",TRUE,Color,Aplique led señalizador IP65 3W,AICH 29::U,1660.00,1890.00,10,deny,https://f.fcdn.app/imgs/66c4de/tienda.iluminica.com/ilumuy/f034/original/catalogo/AICH29_AICH29_1/1024-1024/aplique-led-senalizador-ip65-3w-aplique-led-senalizador-ip65-3w.jpg,1,,
il-aich29,,,,,,,,,,,,,,https://f.fcdn.app/imgs/e42e68/tienda.iluminica.com/ilumuy/4807/original/catalogo/AICH29_AICH29_2/1024-1024/aplique-led-senalizador-ip65-3w-aplique-led-senalizador-ip65-3w.jpg,2,,
il-aich29,,,,,,,,,,,,,,https://f.fcdn.app/imgs/50bbbd/tienda.iluminica.com/ilumuy/3274/original/catalogo/AICH29_AICH29_3/1024-1024/aplique-led-senalizador-ip65-3w-aplique-led-senalizador-ip65-3w.jpg,3,,
il-aich29,,,,,,,,,,,,,,https://f.fcdn.app/imgs/c23d37/tienda.iluminica.com/ilumuy/881b/original/catalogo/AICH29_AICH29_4/1024-1024/aplique-led-senalizador-ip65-3w-aplique-led-senalizador-ip65-3w.jpg,4,,
il-aich29,,,,,,,,,,,,,,https://f.fcdn.app/imgs/f65f8d/tienda.iluminica.com/ilumuy/5692/original/catalogo/AICH29_AICH29_5/1024-1024/aplique-led-senalizador-ip65-3w-aplique-led-senalizador-ip65-3w.jpg,5,,
il-aich30,Aplique de pared estilo farol colonial 43cm,Aplique de pared estilo farol colonial 43cm,Chiaro,Iluminación,"Apliques, Chiaro, stock-verificado",TRUE,Color,Aplique de pared estilo farol colonial 43cm,AICH 30::U,3617.00,,10,deny,https://f.fcdn.app/imgs/882888/tienda.iluminica.com/ilumuy/749e/original/catalogo/AICH30_AICH30_1/1024-1024/aplique-de-pared-estilo-farol-colonial-43cm-aplique-de-pared-estilo-farol-colonial-43cm.jpg,1,,
il-aich30,,,,,,,,,,,,,,https://f.fcdn.app/imgs/6cbb69/tienda.iluminica.com/ilumuy/663b/original/catalogo/AICH30_AICH30_2/1024-1024/aplique-de-pared-estilo-farol-colonial-43cm-aplique-de-pared-estilo-farol-colonial-43cm.jpg,2,,
il-aich30,,,,,,,,,,,,,,https://f.fcdn.app/imgs/068d0e/tienda.iluminica.com/ilumuy/66f3/original/catalogo/AICH30_AICH30_3/1024-1024/aplique-de-pared-estilo-farol-colonial-43cm-aplique-de-pared-estilo-farol-colonial-43cm.jpg,3,,
il-aich30,,,,,,,,,,,,,,https://f.fcdn.app/imgs/aec197/tienda.iluminica.com/ilumuy/3521/original/catalogo/AICH30_AICH30_4/1024-1024/aplique-de-pared-estilo-farol-colonial-43cm-aplique-de-pared-estilo-farol-colonial-43cm.jpg,4,,
il-aich30,,,,,,,,,,,,,,https://f.fcdn.app/imgs/d9c7fa/tienda.iluminica.com/ilumuy/24a2/original/catalogo/AICH30_AICH30_5/1024-1024/aplique-de-pared-estilo-farol-colonial-43cm-aplique-de-pared-estilo-farol-colonial-43cm.jpg,5,,
il-aich31,Aplique de pared estilo farol colonial 29.5cm,Aplique de pared estilo farol colonial 29.5cm,Chiaro,Iluminación,"Apliques, Chiaro, stock-verificado",TRUE,Color,Aplique de pared estilo farol colonial 29.5cm,AICH 31::U,2996.00,3404.00,10,deny,https://f.fcdn.app/imgs/243708/tienda.iluminica.com/ilumuy/02d7/original/catalogo/AICH31_AICH31_1/1024-1024/aplique-de-pared-estilo-farol-colonial-29-5cm-aplique-de-pared-estilo-farol-colonial-29-5cm.jpg,1,,
il-aich31,,,,,,,,,,,,,,https://f.fcdn.app/imgs/293cff/tienda.iluminica.com/ilumuy/acf0/original/catalogo/AICH31_AICH31_2/1024-1024/aplique-de-pared-estilo-farol-colonial-29-5cm-aplique-de-pared-estilo-farol-colonial-29-5cm.jpg,2,,
il-aich31,,,,,,,,,,,,,,https://f.fcdn.app/imgs/cd6452/tienda.iluminica.com/ilumuy/4a00/original/catalogo/AICH31_AICH31_3/1024-1024/aplique-de-pared-estilo-farol-colonial-29-5cm-aplique-de-pared-estilo-farol-colonial-29-5cm.jpg,3,,
il-aich31,,,,,,,,,,,,,,https://f.fcdn.app/imgs/cc88db/tienda.iluminica.com/ilumuy/b179/original/catalogo/AICH31_AICH31_4/1024-1024/aplique-de-pared-estilo-farol-colonial-29-5cm-aplique-de-pared-estilo-farol-colonial-29-5cm.jpg,4,,
il-aich31,,,,,,,,,,,,,,https://f.fcdn.app/imgs/eee11d/tienda.iluminica.com/ilumuy/f89e/original/catalogo/AICH31_AICH31_5/1024-1024/aplique-de-pared-estilo-farol-colonial-29-5cm-aplique-de-pared-estilo-farol-colonial-29-5cm.jpg,5,,
il-aich32,Aplique de pared estilo farol colonial 20cm,Aplique de pared estilo farol colonial 20cm,Chiaro,Iluminación,"Apliques, Chiaro, stock-verificado",TRUE,Color,Aplique de pared estilo farol colonial 20cm,AICH 32::U,2790.00,,10,deny,https://f.fcdn.app/imgs/b83393/tienda.iluminica.com/ilumuy/70a4/original/catalogo/AICH32_AICH32_1/1024-1024/aplique-de-pared-estilo-farol-colonial-20cm-aplique-de-pared-estilo-farol-colonial-20cm.jpg,1,,
il-aich32,,,,,,,,,,,,,,https://f.fcdn.app/imgs/31c766/tienda.iluminica.com/ilumuy/41fc/original/catalogo/AICH32_AICH32_2/1024-1024/aplique-de-pared-estilo-farol-colonial-20cm-aplique-de-pared-estilo-farol-colonial-20cm.jpg,2,,
il-aich32,,,,,,,,,,,,,,https://f.fcdn.app/imgs/633069/tienda.iluminica.com/ilumuy/47fb/original/catalogo/AICH32_AICH32_3/1024-1024/aplique-de-pared-estilo-farol-colonial-20cm-aplique-de-pared-estilo-farol-colonial-20cm.jpg,3,,
il-aich32,,,,,,,,,,,,,,https://f.fcdn.app/imgs/856afc/tienda.iluminica.com/ilumuy/4a00/original/catalogo/AICH32_AICH32_4/1024-1024/aplique-de-pared-estilo-farol-colonial-20cm-aplique-de-pared-estilo-farol-colonial-20cm.jpg,4,,
il-aich32,,,,,,,,,,,,,,https://f.fcdn.app/imgs/47a9e6/tienda.iluminica.com/ilumuy/b179/original/catalogo/AICH32_AICH32_5/1024-1024/aplique-de-pared-estilo-farol-colonial-20cm-aplique-de-pared-estilo-farol-colonial-20cm.jpg,5,,
il-aich33,Aplique led plafón IP65 12w DIMERIZABLE 3 EN1,Aplique led plafón IP65 12w DIMERIZABLE 3 EN1,Chiaro,Iluminación,"Apliques, Chiaro, stock-verificado",TRUE,Color,Aplique led plafón IP65 12w DIMERIZABLE 3 EN1,AICH 33::U,2446.00,,10,deny,https://f.fcdn.app/imgs/d3df84/tienda.iluminica.com/ilumuy/1797/original/catalogo/AICH33_AICH33_1/1024-1024/aplique-led-plafon-ip65-12w-dimerizable-3-en1-aplique-led-plafon-ip65-12w-dimerizable-3-en1.jpg,1,,
il-aich33,,,,,,,,,,,,,,https://f.fcdn.app/imgs/b4de39/tienda.iluminica.com/ilumuy/76e3/original/catalogo/AICH33_AICH33_2/1024-1024/aplique-led-plafon-ip65-12w-dimerizable-3-en1-aplique-led-plafon-ip65-12w-dimerizable-3-en1.jpg,2,,
il-aich33,,,,,,,,,,,,,,https://f.fcdn.app/imgs/6ec742/tienda.iluminica.com/ilumuy/82a4/original/catalogo/AICH33_AICH33_3/1024-1024/aplique-led-plafon-ip65-12w-dimerizable-3-en1-aplique-led-plafon-ip65-12w-dimerizable-3-en1.jpg,3,,
il-aich33,,,,,,,,,,,,,,https://f.fcdn.app/imgs/1cca47/tienda.iluminica.com/ilumuy/3ab6/original/catalogo/AICH33_AICH33_4/1024-1024/aplique-led-plafon-ip65-12w-dimerizable-3-en1-aplique-led-plafon-ip65-12w-dimerizable-3-en1.jpg,4,,
il-aich33,,,,,,,,,,,,,,https://f.fcdn.app/imgs/71d8ca/tienda.iluminica.com/ilumuy/73cb/original/catalogo/AICH33_AICH33_5/1024-1024/aplique-led-plafon-ip65-12w-dimerizable-3-en1-aplique-led-plafon-ip65-12w-dimerizable-3-en1.jpg,5,,
il-aich34,Aplique spot led cilindro de techo DIMERIZABLE,Aplique spot led cilindro de techo DIMERIZABLE,Chiaro,Iluminación,"Apliques, Chiaro, stock-verificado",TRUE,Color,BLANCO,AICH 34:B:U,1585.00,,10,deny,https://f.fcdn.app/imgs/787cfc/tienda.iluminica.com/ilumuy/59e1/original/catalogo/AICH34_B_1/1024-1024/aplique-spot-led-cilindro-de-techo-dimerizable-blanco.jpg,1,,
il-aich34,,,,,,,,NEGRO,AICH 34:N:U,1585.00,,10,deny,,,,
il-aich34,,,,,,,,PLATA,AICH 34:P:U,1585.00,,10,deny,,,,
il-aich34,,,,,,,,,,,,,,https://f.fcdn.app/imgs/0a6553/tienda.iluminica.com/ilumuy/00db/original/catalogo/AICH34_B_2/1024-1024/aplique-spot-led-cilindro-de-techo-dimerizable-blanco.jpg,2,,
il-aich34,,,,,,,,,,,,,,https://f.fcdn.app/imgs/0be7f3/tienda.iluminica.com/ilumuy/0239/original/catalogo/AICH34_B_3/1024-1024/aplique-spot-led-cilindro-de-techo-dimerizable-blanco.jpg,3,,
il-aich34,,,,,,,,,,,,,,https://f.fcdn.app/imgs/4bba86/tienda.iluminica.com/ilumuy/1a59/original/catalogo/AICH34_B_4/1024-1024/aplique-spot-led-cilindro-de-techo-dimerizable-blanco.jpg,4,,
il-aich34,,,,,,,,,,,,,,https://f.fcdn.app/imgs/eef6d0/tienda.iluminica.com/ilumuy/9683/original/catalogo/AICH34_B_5/1024-1024/aplique-spot-led-cilindro-de-techo-dimerizable-blanco.jpg,5,,
il-aich34,,,,,,,,,,,,,,https://f.fcdn.app/imgs/fa5690/tienda.iluminica.com/ilumuy/4a90/original/catalogo/AICH34_N_1/1024-1024/aplique-spot-led-cilindro-de-techo-dimerizable-negro.jpg,6,,
il-aich34,,,,,,,,,,,,,,https://f.fcdn.app/imgs/101338/tienda.iluminica.com/ilumuy/5eeb/original/catalogo/AICH34_N_2/1024-1024/aplique-spot-led-cilindro-de-techo-dimerizable-negro.jpg,7,,
il-aich34,,,,,,,,,,,,,,https://f.fcdn.app/imgs/49990f/tienda.iluminica.com/ilumuy/cb2c/original/catalogo/AICH34_N_3/1024-1024/aplique-spot-led-cilindro-de-techo-dimerizable-negro.jpg,8,,
il-aich34,,,,,,,,,,,,,,https://f.fcdn.app/imgs/0f033d/tienda.iluminica.com/ilumuy/8788/original/catalogo/AICH34_N_4/1024-1024/aplique-spot-led-cilindro-de-techo-dimerizable-negro.jpg,9,,
il-aich34,,,,,,,,,,,,,,https://f.fcdn.app/imgs/568acf/tienda.iluminica.com/ilumuy/e2ba/original/catalogo/AICH34_N_5/1024-1024/aplique-spot-led-cilindro-de-techo-dimerizable-negro.jpg,10,,
il-aich34,,,,,,,,,,,,,,https://f.fcdn.app/imgs/70d741/tienda.iluminica.com/ilumuy/90c2/original/catalogo/AICH34_P_1/1024-1024/aplique-spot-led-cilindro-de-techo-dimerizable-plata.jpg,11,,
il-aich34,,,,,,,,,,,,,,https://f.fcdn.app/imgs/525eac/tienda.iluminica.com/ilumuy/f3d2/original/catalogo/AICH34_P_2/1024-1024/aplique-spot-led-cilindro-de-techo-dimerizable-plata.jpg,12,,
il-aich34,,,,,,,,,,,,,,https://f.fcdn.app/imgs/ab8f69/tienda.iluminica.com/ilumuy/6e0e/original/catalogo/AICH34_P_3/1024-1024/aplique-spot-led-cilindro-de-techo-dimerizable-plata.jpg,13,,
il-aich34,,,,,,,,,,,,,,https://f.fcdn.app/imgs/a081cd/tienda.iluminica.com/ilumuy/1923/original/catalogo/AICH34_P_4/1024-1024/aplique-spot-led-cilindro-de-techo-dimerizable-plata.jpg,14,,
il-aich34,,,,,,,,,,,,,,https://f.fcdn.app/imgs/046393/tienda.iluminica.com/ilumuy/9683/original/catalogo/AICH34_P_5/1024-1024/aplique-spot-led-cilindro-de-techo-dimerizable-plata.jpg,15,,
il-pmch18,Spot plafón led circular pequeño nórdico 8w,Spot plafón led circular pequeño nórdico 8w,Chiaro,Iluminación,"Apliques, Chiaro, stock-verificado",TRUE,Color,BLANCO,PMCH 18:B:U,999.00,,10,deny,https://f.fcdn.app/imgs/21d61c/tienda.iluminica.com/ilumuy/ad34/original/catalogo/PMCH18_B_1/1024-1024/spot-plafon-led-circular-pequeno-nordico-8w-blanco.jpg,1,,
il-pmch18,,,,,,,,GRIS,PMCH 18:G:U,999.00,,10,deny,,,,
il-pmch18,,,,,,,,NEGRO,PMCH 18:N:U,999.00,,10,deny,,,,
il-pmch18,,,,,,,,,,,,,,https://f.fcdn.app/imgs/5284cd/tienda.iluminica.com/ilumuy/ac8f/original/catalogo/PMCH18_B_2/1024-1024/spot-plafon-led-circular-pequeno-nordico-8w-blanco.jpg,2,,
il-pmch18,,,,,,,,,,,,,,https://f.fcdn.app/imgs/24b924/tienda.iluminica.com/ilumuy/9c78/original/catalogo/PMCH18_B_3/1024-1024/spot-plafon-led-circular-pequeno-nordico-8w-blanco.jpg,3,,
il-pmch18,,,,,,,,,,,,,,https://f.fcdn.app/imgs/6c8176/tienda.iluminica.com/ilumuy/6ed1/original/catalogo/PMCH18_B_4/1024-1024/spot-plafon-led-circular-pequeno-nordico-8w-blanco.jpg,4,,
il-pmch18,,,,,,,,,,,,,,https://f.fcdn.app/imgs/f7d160/tienda.iluminica.com/ilumuy/8b23/original/catalogo/PMCH18_B_5/1024-1024/spot-plafon-led-circular-pequeno-nordico-8w-blanco.jpg,5,,
il-pmch18,,,,,,,,,,,,,,https://f.fcdn.app/imgs/b609d1/tienda.iluminica.com/ilumuy/c2ee/original/catalogo/PMCH18_G_1/1024-1024/spot-plafon-led-circular-pequeno-nordico-8w-gris.jpg,6,,
il-pmch18,,,,,,,,,,,,,,https://f.fcdn.app/imgs/ef3be2/tienda.iluminica.com/ilumuy/5706/original/catalogo/PMCH18_G_2/1024-1024/spot-plafon-led-circular-pequeno-nordico-8w-gris.jpg,7,,
il-pmch18,,,,,,,,,,,,,,https://f.fcdn.app/imgs/d07b68/tienda.iluminica.com/ilumuy/9c78/original/catalogo/PMCH18_G_3/1024-1024/spot-plafon-led-circular-pequeno-nordico-8w-gris.jpg,8,,
il-pmch18,,,,,,,,,,,,,,https://f.fcdn.app/imgs/b9d2e0/tienda.iluminica.com/ilumuy/6ed1/original/catalogo/PMCH18_G_4/1024-1024/spot-plafon-led-circular-pequeno-nordico-8w-gris.jpg,9,,
il-pmch18,,,,,,,,,,,,,,https://f.fcdn.app/imgs/f02517/tienda.iluminica.com/ilumuy/37ba/original/catalogo/PMCH18_G_5/1024-1024/spot-plafon-led-circular-pequeno-nordico-8w-gris.jpg,10,,
il-pmch18,,,,,,,,,,,,,,https://f.fcdn.app/imgs/655d7f/tienda.iluminica.com/ilumuy/1977/original/catalogo/PMCH18_N_1/1024-1024/spot-plafon-led-circular-pequeno-nordico-8w-negro.jpg,11,,
il-pmch18,,,,,,,,,,,,,,https://f.fcdn.app/imgs/179f5d/tienda.iluminica.com/ilumuy/a63d/original/catalogo/PMCH18_N_2/1024-1024/spot-plafon-led-circular-pequeno-nordico-8w-negro.jpg,12,,
il-pmch18,,,,,,,,,,,,,,https://f.fcdn.app/imgs/1fbcd9/tienda.iluminica.com/ilumuy/37ba/original/catalogo/PMCH18_N_3/1024-1024/spot-plafon-led-circular-pequeno-nordico-8w-negro.jpg,13,,
il-pmch18,,,,,,,,,,,,,,https://f.fcdn.app/imgs/077f08/tienda.iluminica.com/ilumuy/6ed1/original/catalogo/PMCH18_N_4/1024-1024/spot-plafon-led-circular-pequeno-nordico-8w-negro.jpg,14,,
il-pmch18,,,,,,,,,,,,,,https://f.fcdn.app/imgs/cdc573/tienda.iluminica.com/ilumuy/c1be/original/catalogo/PMCH18_N_5/1024-1024/spot-plafon-led-circular-pequeno-nordico-8w-negro.jpg,15,,
il-t8pz9w,Tubo Led T8 9 watts 60cm Alto Brillo POTENZA,Tubo Led T8 9 watts 60cm Alto Brillo POTENZA,Potenza,Iluminación,"Lámparas – Tubos LED, Potenza, stock-verificado",TRUE,Color,NEUTRO,T8PZ 9W:N:U,94.00,,10,deny,https://f.fcdn.app/imgs/e4a3a2/tienda.iluminica.com/ilumuy/22da/original/catalogo/T8PZ9W_N_1/1024-1024/tubo-led-t8-9-watts-60cm-alto-brillo-potenza-neutro.jpg,1,,
il-t8pz9w,,,,,,,,,,,,,,https://f.fcdn.app/imgs/073eb7/tienda.iluminica.com/ilumuy/550b/original/catalogo/T8PZ9W_N_2/1024-1024/tubo-led-t8-9-watts-60cm-alto-brillo-potenza-neutro.jpg,2,,
il-t8pz9w,,,,,,,,,,,,,,https://f.fcdn.app/imgs/415793/tienda.iluminica.com/ilumuy/95bd/original/catalogo/T8PZ9W_N_3/1024-1024/tubo-led-t8-9-watts-60cm-alto-brillo-potenza-neutro.jpg,3,,
il-t8pz9w,,,,,,,,,,,,,,https://f.fcdn.app/imgs/2b555b/tienda.iluminica.com/ilumuy/3d9c/original/catalogo/T8PZ9W_N_4/1024-1024/tubo-led-t8-9-watts-60cm-alto-brillo-potenza-neutro.jpg,4,,
il-t8pz9w,,,,,,,,,,,,,,https://f.fcdn.app/imgs/2a4ecc/tienda.iluminica.com/ilumuy/fb8f/original/catalogo/T8PZ9W_N_5/1024-1024/tubo-led-t8-9-watts-60cm-alto-brillo-potenza-neutro.jpg,5,,
il-npch50w,Luminaria Vial LED 50W IP65,Luminaria Vial LED 50W IP65,Chiaro,Iluminación,"Palas, Chiaro, stock-verificado",TRUE,Color,Luminaria Vial LED 50W IP65,NPCH 50W::U,2106.00,3085.00,10,deny,https://f.fcdn.app/imgs/5120f6/tienda.iluminica.com/ilumuy/3a89/original/catalogo/NPCH50W_NPCH50W_1/1024-1024/luminaria-vial-led-50w-ip65-luminaria-vial-led-50w-ip65.jpg,1,,
il-npch50w,,,,,,,,,,,,,,https://f.fcdn.app/imgs/3d31d6/tienda.iluminica.com/ilumuy/372f/original/catalogo/NPCH50W_NPCH50W_2/1024-1024/luminaria-vial-led-50w-ip65-luminaria-vial-led-50w-ip65.jpg,2,,
il-npch50w,,,,,,,,,,,,,,https://f.fcdn.app/imgs/f0dbbd/tienda.iluminica.com/ilumuy/7c8c/original/catalogo/NPCH50W_NPCH50W_3/1024-1024/luminaria-vial-led-50w-ip65-luminaria-vial-led-50w-ip65.jpg,3,,
il-npch50w,,,,,,,,,,,,,,https://f.fcdn.app/imgs/d95dbe/tienda.iluminica.com/ilumuy/75a2/original/catalogo/NPCH50W_NPCH50W_4/1024-1024/luminaria-vial-led-50w-ip65-luminaria-vial-led-50w-ip65.jpg,4,,
il-npch50w,,,,,,,,,,,,,,https://f.fcdn.app/imgs/e0ca66/tienda.iluminica.com/ilumuy/3b03/original/catalogo/NPCH50W_NPCH50W_5/1024-1024/luminaria-vial-led-50w-ip65-luminaria-vial-led-50w-ip65.jpg,5,,
il-npch100w,Luminaria Vial LED 100W IP65,Luminaria Vial LED 100W IP65,Chiaro,Iluminación,"Palas, Chiaro, stock-verificado",TRUE,Color,Luminaria Vial LED 100W IP65,NPCH 100W::U,3033.00,4140.00,10,deny,https://f.fcdn.app/imgs/fa088a/tienda.iluminica.com/ilumuy/b5de/original/catalogo/NPCH100W_NPCH100W_1/1024-1024/luminaria-vial-led-100w-ip65-luminaria-vial-led-100w-ip65.jpg,1,,
il-npch100w,,,,,,,,,,,,,,https://f.fcdn.app/imgs/5a784c/tienda.iluminica.com/ilumuy/97c7/original/catalogo/NPCH100W_NPCH100W_2/1024-1024/luminaria-vial-led-100w-ip65-luminaria-vial-led-100w-ip65.jpg,2,,
il-npch100w,,,,,,,,,,,,,,https://f.fcdn.app/imgs/b1bea1/tienda.iluminica.com/ilumuy/8265/original/catalogo/NPCH100W_NPCH100W_3/1024-1024/luminaria-vial-led-100w-ip65-luminaria-vial-led-100w-ip65.jpg,3,,
il-npch100w,,,,,,,,,,,,,,https://f.fcdn.app/imgs/6cff27/tienda.iluminica.com/ilumuy/dc8d/original/catalogo/NPCH100W_NPCH100W_4/1024-1024/luminaria-vial-led-100w-ip65-luminaria-vial-led-100w-ip65.jpg,4,,
il-npch100w,,,,,,,,,,,,,,https://f.fcdn.app/imgs/044dd8/tienda.iluminica.com/ilumuy/e98b/original/catalogo/NPCH100W_NPCH100W_5/1024-1024/luminaria-vial-led-100w-ip65-luminaria-vial-led-100w-ip65.jpg,5,,
il-nrchs30f,Foco Led 30w con sensor de movimiento,Foco Led 30w con sensor de movimiento,Chiaro,Iluminación,"Reflectores, Chiaro, stock-verificado",TRUE,Color,Foco Led 30w con sensor de movimiento,NRCH S30F::U,1022.00,1489.00,10,deny,https://f.fcdn.app/imgs/4442d1/tienda.iluminica.com/ilumuy/3d59/original/catalogo/NRCHS30F_NRCHS30F_1/1024-1024/foco-led-30w-con-sensor-de-movimiento-foco-led-30w-con-sensor-de-movimiento.jpg,1,,
il-nrchs30f,,,,,,,,,,,,,,https://f.fcdn.app/imgs/829cfe/tienda.iluminica.com/ilumuy/ad7d/original/catalogo/NRCHS30F_NRCHS30F_2/1024-1024/foco-led-30w-con-sensor-de-movimiento-foco-led-30w-con-sensor-de-movimiento.jpg,2,,
il-nrchs30f,,,,,,,,,,,,,,https://f.fcdn.app/imgs/e7f238/tienda.iluminica.com/ilumuy/79c4/original/catalogo/NRCHS30F_NRCHS30F_3/1024-1024/foco-led-30w-con-sensor-de-movimiento-foco-led-30w-con-sensor-de-movimiento.jpg,3,,
il-nrchs30f,,,,,,,,,,,,,,https://f.fcdn.app/imgs/223ce4/tienda.iluminica.com/ilumuy/af6b/original/catalogo/NRCHS30F_NRCHS30F_4/1024-1024/foco-led-30w-con-sensor-de-movimiento-foco-led-30w-con-sensor-de-movimiento.jpg,4,,
il-nrchs30f,,,,,,,,,,,,,,https://f.fcdn.app/imgs/4f736b/tienda.iluminica.com/ilumuy/9959/original/catalogo/NRCHS30F_NRCHS30F_5/1024-1024/foco-led-30w-con-sensor-de-movimiento-foco-led-30w-con-sensor-de-movimiento.jpg,5,,
il-nrchs50f,Foco Led 50w con sensor de movimiento,Foco Led 50w con sensor de movimiento,Chiaro,Iluminación,"Reflectores, Chiaro, stock-verificado",TRUE,Color,Foco Led 50w con sensor de movimiento,NRCH S50F::U,1330.00,2011.00,10,deny,https://f.fcdn.app/imgs/f1ec9e/tienda.iluminica.com/ilumuy/edc6/original/catalogo/NRCHS50F_NRCHS50F_1/1024-1024/foco-led-50w-con-sensor-de-movimiento-foco-led-50w-con-sensor-de-movimiento.jpg,1,,
il-nrchs50f,,,,,,,,,,,,,,https://f.fcdn.app/imgs/8e15ac/tienda.iluminica.com/ilumuy/ad7d/original/catalogo/NRCHS50F_NRCHS50F_2/1024-1024/foco-led-50w-con-sensor-de-movimiento-foco-led-50w-con-sensor-de-movimiento.jpg,2,,
il-nrchs50f,,,,,,,,,,,,,,https://f.fcdn.app/imgs/4e55a8/tienda.iluminica.com/ilumuy/af6b/original/catalogo/NRCHS50F_NRCHS50F_3/1024-1024/foco-led-50w-con-sensor-de-movimiento-foco-led-50w-con-sensor-de-movimiento.jpg,3,,
il-nrchs50f,,,,,,,,,,,,,,https://f.fcdn.app/imgs/610732/tienda.iluminica.com/ilumuy/14c0/original/catalogo/NRCHS50F_NRCHS50F_4/1024-1024/foco-led-50w-con-sensor-de-movimiento-foco-led-50w-con-sensor-de-movimiento.jpg,4,,
il-nrchs50f,,,,,,,,,,,,,,https://f.fcdn.app/imgs/7cab98/tienda.iluminica.com/ilumuy/9959/original/catalogo/NRCHS50F_NRCHS50F_5/1024-1024/foco-led-50w-con-sensor-de-movimiento-foco-led-50w-con-sensor-de-movimiento.jpg,5,,
il-nrch50rgb,Foco Led Slim 50W RGB Multicolor a control remoto,Foco Led Slim 50W RGB Multicolor a control remoto,Chiaro,Iluminación,"Reflectores, Chiaro, stock-verificado",TRUE,Color,Foco Led Slim 50W RGB Multicolor a control remoto,NRCH 50 RGB::U,1660.00,1888.00,10,deny,https://f.fcdn.app/imgs/c4c0ce/tienda.iluminica.com/ilumuy/3c7e/original/catalogo/NRCH50RGB_NRCH50RGB_1/1024-1024/foco-led-slim-50w-rgb-multicolor-a-control-remoto-foco-led-slim-50w-rgb-multicolor-a-control-remoto.jpg,1,,
il-nrch50rgb,,,,,,,,,,,,,,https://f.fcdn.app/imgs/d1441e/tienda.iluminica.com/ilumuy/2bd9/original/catalogo/NRCH50RGB_NRCH50RGB_2/1024-1024/foco-led-slim-50w-rgb-multicolor-a-control-remoto-foco-led-slim-50w-rgb-multicolor-a-control-remoto.jpg,2,,
il-nrch50rgb,,,,,,,,,,,,,,https://f.fcdn.app/imgs/ebe02a/tienda.iluminica.com/ilumuy/c51d/original/catalogo/NRCH50RGB_NRCH50RGB_3/1024-1024/foco-led-slim-50w-rgb-multicolor-a-control-remoto-foco-led-slim-50w-rgb-multicolor-a-control-remoto.jpg,3,,
il-nrch50rgb,,,,,,,,,,,,,,https://f.fcdn.app/imgs/bdf64b/tienda.iluminica.com/ilumuy/09ed/original/catalogo/NRCH50RGB_NRCH50RGB_4/1024-1024/foco-led-slim-50w-rgb-multicolor-a-control-remoto-foco-led-slim-50w-rgb-multicolor-a-control-remoto.jpg,4,,
il-nrch50rgb,,,,,,,,,,,,,,https://f.fcdn.app/imgs/c6143b/tienda.iluminica.com/ilumuy/b7e7/original/catalogo/NRCH50RGB_NRCH50RGB_5/1024-1024/foco-led-slim-50w-rgb-multicolor-a-control-remoto-foco-led-slim-50w-rgb-multicolor-a-control-remoto.jpg,5,,
il-nrch50sol,"Foco Led Slim 50W Solar, con fotocélula y control remoto","Foco Led Slim 50W Solar, con fotocélula y control remoto",Chiaro,Iluminación,"Reflectores, Chiaro, stock-verificado",TRUE,Color,"Foco Led Slim 50W Solar, con fotocélula y control remoto",NRCH 50 SOL::U,2693.00,3064.00,10,deny,https://f.fcdn.app/imgs/4c0ebf/tienda.iluminica.com/ilumuy/039d/original/catalogo/NRCH50SOL_NRCH50SOL_1/1024-1024/foco-led-slim-50w-solar-con-fotocelula-y-control-remoto-foco-led-slim-50w-solar-con-fotocelula-y-control-remoto.jpg,1,,
il-nrch50sol,,,,,,,,,,,,,,https://f.fcdn.app/imgs/00c575/tienda.iluminica.com/ilumuy/6071/original/catalogo/NRCH50SOL_NRCH50SOL_2/1024-1024/foco-led-slim-50w-solar-con-fotocelula-y-control-remoto-foco-led-slim-50w-solar-con-fotocelula-y-control-remoto.jpg,2,,
il-nrch50sol,,,,,,,,,,,,,,https://f.fcdn.app/imgs/6c9753/tienda.iluminica.com/ilumuy/791d/original/catalogo/NRCH50SOL_NRCH50SOL_3/1024-1024/foco-led-slim-50w-solar-con-fotocelula-y-control-remoto-foco-led-slim-50w-solar-con-fotocelula-y-control-remoto.jpg,3,,
il-nrch50sol,,,,,,,,,,,,,,https://f.fcdn.app/imgs/4e0987/tienda.iluminica.com/ilumuy/f287/original/catalogo/NRCH50SOL_NRCH50SOL_4/1024-1024/foco-led-slim-50w-solar-con-fotocelula-y-control-remoto-foco-led-slim-50w-solar-con-fotocelula-y-control-remoto.jpg,4,,
il-nrch50sol,,,,,,,,,,,,,,https://f.fcdn.app/imgs/afa62b/tienda.iluminica.com/ilumuy/637c/original/catalogo/NRCH50SOL_NRCH50SOL_5/1024-1024/foco-led-slim-50w-solar-con-fotocelula-y-control-remoto-foco-led-slim-50w-solar-con-fotocelula-y-control-remoto.jpg,5,,
il-pnch606048w,Panel Led 48w 60.3*60.3cm Sistema interno modular,Panel Led 48w 60.3*60.3cm Sistema interno modular,Chiaro,Iluminación,"Paneles, Chiaro, stock-verificado",TRUE,Color,FRÍO,PNCH 6060 48W:F:U,1718.00,,10,deny,https://f.fcdn.app/imgs/9e5f43/tienda.iluminica.com/ilumuy/1f98/original/catalogo/PNCH606048W_F_1/1024-1024/panel-led-48w-60-3-60-3cm-sistema-interno-modular-frio.jpg,1,,
il-pnch606048w,,,,,,,,,,,,,,https://f.fcdn.app/imgs/0a6b6f/tienda.iluminica.com/ilumuy/b8e8/original/catalogo/PNCH606048W_F_2/1024-1024/panel-led-48w-60-3-60-3cm-sistema-interno-modular-frio.jpg,2,,
il-pnch606048w,,,,,,,,,,,,,,https://f.fcdn.app/imgs/a4306f/tienda.iluminica.com/ilumuy/b64a/original/catalogo/PNCH606048W_F_3/1024-1024/panel-led-48w-60-3-60-3cm-sistema-interno-modular-frio.jpg,3,,
il-pnch606048w,,,,,,,,,,,,,,https://f.fcdn.app/imgs/c33e87/tienda.iluminica.com/ilumuy/78b4/original/catalogo/PNCH606048W_F_4/1024-1024/panel-led-48w-60-3-60-3cm-sistema-interno-modular-frio.jpg,4,,
il-pnch606048w,,,,,,,,,,,,,,https://f.fcdn.app/imgs/b24b03/tienda.iluminica.com/ilumuy/1fbe/original/catalogo/PNCH606048W_F_5/1024-1024/panel-led-48w-60-3-60-3cm-sistema-interno-modular-frio.jpg,5,,
il-pnch6060mar,Panel Led Con Marco Para Adosar 48w 60.3*60.3cm,Panel Led Con Marco Para Adosar 48w 60.3*60.3cm,Chiaro,Iluminación,"Paneles, Chiaro, stock-verificado",TRUE,Color,FRÍO,PNCH 6060 MAR:F:U,2594.00,,10,deny,https://f.fcdn.app/imgs/bde08a/tienda.iluminica.com/ilumuy/73ba/original/catalogo/PNCH6060MAR_F_1/1024-1024/panel-led-con-marco-para-adosar-48w-60-3-60-3cm-frio.jpg,1,,
il-pnch6060mar,,,,,,,,,,,,,,https://f.fcdn.app/imgs/d2dd12/tienda.iluminica.com/ilumuy/d3ed/original/catalogo/PNCH6060MAR_F_2/1024-1024/panel-led-con-marco-para-adosar-48w-60-3-60-3cm-frio.jpg,2,,
il-pnch6060mar,,,,,,,,,,,,,,https://f.fcdn.app/imgs/ec0eea/tienda.iluminica.com/ilumuy/49a1/original/catalogo/PNCH6060MAR_F_3/1024-1024/panel-led-con-marco-para-adosar-48w-60-3-60-3cm-frio.jpg,3,,
il-pnch6060mar,,,,,,,,,,,,,,https://f.fcdn.app/imgs/2b6643/tienda.iluminica.com/ilumuy/9414/original/catalogo/PNCH6060MAR_F_4/1024-1024/panel-led-con-marco-para-adosar-48w-60-3-60-3cm-frio.jpg,4,,
il-pnch6060mar,,,,,,,,,,,,,,https://f.fcdn.app/imgs/826819/tienda.iluminica.com/ilumuy/1fbe/original/catalogo/PNCH6060MAR_F_5/1024-1024/panel-led-con-marco-para-adosar-48w-60-3-60-3cm-frio.jpg,5,,
il-pnch6060res,Panel Led Con Resortes De Embutir En Yeso 48w 60.3*60.3cm,Panel Led Con Resortes De Embutir En Yeso 48w 60.3*60.3cm,Chiaro,Iluminación,"Paneles, Chiaro, stock-verificado",TRUE,Color,FRÍO,PNCH 6060 RES:F:U,1915.00,,10,deny,https://f.fcdn.app/imgs/dea14b/tienda.iluminica.com/ilumuy/eb6f/original/catalogo/PNCH6060RES_F_1/1024-1024/panel-led-con-resortes-de-embutir-en-yeso-48w-60-3-60-3cm-frio.jpg,1,,
il-pnch6060res,,,,,,,,,,,,,,https://f.fcdn.app/imgs/7fb38d/tienda.iluminica.com/ilumuy/379e/original/catalogo/PNCH6060RES_F_2/1024-1024/panel-led-con-resortes-de-embutir-en-yeso-48w-60-3-60-3cm-frio.jpg,2,,
il-pnch6060res,,,,,,,,,,,,,,https://f.fcdn.app/imgs/ddfcba/tienda.iluminica.com/ilumuy/b64a/original/catalogo/PNCH6060RES_F_3/1024-1024/panel-led-con-resortes-de-embutir-en-yeso-48w-60-3-60-3cm-frio.jpg,3,,
il-pnch6060res,,,,,,,,,,,,,,https://f.fcdn.app/imgs/549ccf/tienda.iluminica.com/ilumuy/5bfe/original/catalogo/PNCH6060RES_F_4/1024-1024/panel-led-con-resortes-de-embutir-en-yeso-48w-60-3-60-3cm-frio.jpg,4,,
il-pnch6060res,,,,,,,,,,,,,,https://f.fcdn.app/imgs/a038b7/tienda.iluminica.com/ilumuy/1fbe/original/catalogo/PNCH6060RES_F_5/1024-1024/panel-led-con-resortes-de-embutir-en-yeso-48w-60-3-60-3cm-frio.jpg,5,,
il-pnch1203048w,Panel led 48w 121.3*30.3cm Sistema interno modular,Panel led 48w 121.3*30.3cm Sistema interno modular,Chiaro,Iluminación,"Paneles, Chiaro, stock-verificado",TRUE,Color,FRÍO,PNCH 12030 48W:F:U,1920.00,,10,deny,https://f.fcdn.app/imgs/988776/tienda.iluminica.com/ilumuy/9a62/original/catalogo/PNCH1203048W_F_1/1024-1024/panel-led-48w-121-3-30-3cm-sistema-interno-modular-frio.jpg,1,,
il-pnch1203048w,,,,,,,,,,,,,,https://f.fcdn.app/imgs/4105ee/tienda.iluminica.com/ilumuy/8021/original/catalogo/PNCH1203048W_F_2/1024-1024/panel-led-48w-121-3-30-3cm-sistema-interno-modular-frio.jpg,2,,
il-pnch1203048w,,,,,,,,,,,,,,https://f.fcdn.app/imgs/c014fc/tienda.iluminica.com/ilumuy/3b0e/original/catalogo/PNCH1203048W_F_3/1024-1024/panel-led-48w-121-3-30-3cm-sistema-interno-modular-frio.jpg,3,,
il-pnch1203048w,,,,,,,,,,,,,,https://f.fcdn.app/imgs/080a1d/tienda.iluminica.com/ilumuy/0ff5/original/catalogo/PNCH1203048W_F_4/1024-1024/panel-led-48w-121-3-30-3cm-sistema-interno-modular-frio.jpg,4,,
il-pnch1203048w,,,,,,,,,,,,,,https://f.fcdn.app/imgs/ec9222/tienda.iluminica.com/ilumuy/09d7/original/catalogo/PNCH1203048W_F_5/1024-1024/panel-led-48w-121-3-30-3cm-sistema-interno-modular-frio.jpg,5,,
il-pnch12030mar,Panel led con marco para adosar 48w 121.3*30.3cm,Panel led con marco para adosar 48w 121.3*30.3cm,Chiaro,Iluminación,"Paneles, Chiaro, stock-verificado",TRUE,Color,FRIO,PNCH 12030 MAR:F:U,3106.00,,10,deny,https://f.fcdn.app/imgs/881b92/tienda.iluminica.com/ilumuy/8b84/original/catalogo/PNCH12030MAR_F_1/1024-1024/panel-led-con-marco-para-adosar-48w-121-3-30-3cm-frio.jpg,1,,
il-pnch12030mar,,,,,,,,,,,,,,https://f.fcdn.app/imgs/2302c9/tienda.iluminica.com/ilumuy/bd04/original/catalogo/PNCH12030MAR_F_2/1024-1024/panel-led-con-marco-para-adosar-48w-121-3-30-3cm-frio.jpg,2,,
il-pnch12030mar,,,,,,,,,,,,,,https://f.fcdn.app/imgs/4fc37d/tienda.iluminica.com/ilumuy/9a62/original/catalogo/PNCH12030MAR_F_3/1024-1024/panel-led-con-marco-para-adosar-48w-121-3-30-3cm-frio.jpg,3,,
il-pnch12030mar,,,,,,,,,,,,,,https://f.fcdn.app/imgs/fcd886/tienda.iluminica.com/ilumuy/3b0e/original/catalogo/PNCH12030MAR_F_4/1024-1024/panel-led-con-marco-para-adosar-48w-121-3-30-3cm-frio.jpg,4,,
il-pnch12030mar,,,,,,,,,,,,,,https://f.fcdn.app/imgs/26e59a/tienda.iluminica.com/ilumuy/09d7/original/catalogo/PNCH12030MAR_F_5/1024-1024/panel-led-con-marco-para-adosar-48w-121-3-30-3cm-frio.jpg,5,,
il-pnch12030res,Panel led con resortes de embutir en yeso 48w 121.3*30.3cm,Panel led con resortes de embutir en yeso 48w 121.3*30.3cm,Chiaro,Iluminación,"Paneles, Chiaro, stock-verificado",TRUE,Color,FRÍO,PNCH 12030 RES:F:U,2117.00,,10,deny,https://f.fcdn.app/imgs/8efa0f/tienda.iluminica.com/ilumuy/c4ba/original/catalogo/PNCH12030RES_F_1/1024-1024/panel-led-con-resortes-de-embutir-en-yeso-48w-121-3-30-3cm-frio.jpg,1,,
il-pnch12030res,,,,,,,,,,,,,,https://f.fcdn.app/imgs/5dbb94/tienda.iluminica.com/ilumuy/7e30/original/catalogo/PNCH12030RES_F_2/1024-1024/panel-led-con-resortes-de-embutir-en-yeso-48w-121-3-30-3cm-frio.jpg,2,,
il-pnch12030res,,,,,,,,,,,,,,https://f.fcdn.app/imgs/f8c363/tienda.iluminica.com/ilumuy/3b0e/original/catalogo/PNCH12030RES_F_3/1024-1024/panel-led-con-resortes-de-embutir-en-yeso-48w-121-3-30-3cm-frio.jpg,3,,
il-pnch12030res,,,,,,,,,,,,,,https://f.fcdn.app/imgs/5201a5/tienda.iluminica.com/ilumuy/5bfe/original/catalogo/PNCH12030RES_F_4/1024-1024/panel-led-con-resortes-de-embutir-en-yeso-48w-121-3-30-3cm-frio.jpg,4,,
il-pnch12030res,,,,,,,,,,,,,,https://f.fcdn.app/imgs/99ef15/tienda.iluminica.com/ilumuy/09d7/original/catalogo/PNCH12030RES_F_5/1024-1024/panel-led-con-resortes-de-embutir-en-yeso-48w-121-3-30-3cm-frio.jpg,5,,
il-pnch606048wdimm,Panel Led 48w 60.3*60.3cm DIMERIZABLE,Panel Led 48w 60.3*60.3cm DIMERIZABLE,Chiaro,Iluminación,"Paneles, Chiaro, stock-verificado",TRUE,Color,FRÍO,PNCH 6060 48W DIMM:F:U,2565.00,,10,deny,https://f.fcdn.app/imgs/53af96/tienda.iluminica.com/ilumuy/a1a7/original/catalogo/PNCH606048WDIMM_F_1/1024-1024/panel-led-48w-60-3-60-3cm-dimerizable-frio.jpg,1,,
il-pnch606048wdimm,,,,,,,,,,,,,,https://f.fcdn.app/imgs/cd3c36/tienda.iluminica.com/ilumuy/b64a/original/catalogo/PNCH606048WDIMM_F_2/1024-1024/panel-led-48w-60-3-60-3cm-dimerizable-frio.jpg,2,,
il-pnch606048wdimm,,,,,,,,,,,,,,https://f.fcdn.app/imgs/99e876/tienda.iluminica.com/ilumuy/1fbe/original/catalogo/PNCH606048WDIMM_F_3/1024-1024/panel-led-48w-60-3-60-3cm-dimerizable-frio.jpg,3,,
il-pnch606048wdimm,,,,,,,,,,,,,,https://f.fcdn.app/imgs/72c7fe/tienda.iluminica.com/ilumuy/b8e8/original/catalogo/PNCH606048WDIMM_F_4/1024-1024/panel-led-48w-60-3-60-3cm-dimerizable-frio.jpg,4,,
il-pnch606048wdimm,,,,,,,,,,,,,,https://f.fcdn.app/imgs/c54529/tienda.iluminica.com/ilumuy/78b4/original/catalogo/PNCH606048WDIMM_F_5/1024-1024/panel-led-48w-60-3-60-3cm-dimerizable-frio.jpg,5,,
il-pnch1203048wdimm,Panel led 48w 121.3*30.3cm DIMERIZABLE,Panel led 48w 121.3*30.3cm DIMERIZABLE,Chiaro,Iluminación,"Paneles, Chiaro, stock-verificado",TRUE,Color,FRÍO,PNCH 12030 48W DIMM:F:U,2809.00,,10,deny,https://f.fcdn.app/imgs/bdea3e/tienda.iluminica.com/ilumuy/8d27/original/catalogo/PNCH1203048WDIMM_F_1/1024-1024/panel-led-48w-121-3-30-3cm-dimerizable-frio.jpg,1,,
il-pnch1203048wdimm,,,,,,,,,,,,,,https://f.fcdn.app/imgs/93fe4d/tienda.iluminica.com/ilumuy/8021/original/catalogo/PNCH1203048WDIMM_F_2/1024-1024/panel-led-48w-121-3-30-3cm-dimerizable-frio.jpg,2,,
il-pnch1203048wdimm,,,,,,,,,,,,,,https://f.fcdn.app/imgs/3b606e/tienda.iluminica.com/ilumuy/9a62/original/catalogo/PNCH1203048WDIMM_F_3/1024-1024/panel-led-48w-121-3-30-3cm-dimerizable-frio.jpg,3,,
il-pnch1203048wdimm,,,,,,,,,,,,,,https://f.fcdn.app/imgs/030ca1/tienda.iluminica.com/ilumuy/3b0e/original/catalogo/PNCH1203048WDIMM_F_4/1024-1024/panel-led-48w-121-3-30-3cm-dimerizable-frio.jpg,4,,
il-pnch1203048wdimm,,,,,,,,,,,,,,https://f.fcdn.app/imgs/092313/tienda.iluminica.com/ilumuy/09d7/original/catalogo/PNCH1203048WDIMM_F_5/1024-1024/panel-led-48w-121-3-30-3cm-dimerizable-frio.jpg,5,,
il-fb,Colgante rattan grande 68cm,Colgante rattan grande 68cm,Chiaro,Iluminación,"Colgantes, Chiaro, stock-verificado",TRUE,Color,NEGRA,-FB:17:U,8193.00,,10,deny,https://f.fcdn.app/imgs/665717/tienda.iluminica.com/ilumuy/1fc3/original/catalogo/-FB_17_1/1024-1024/colgante-rattan-grande-68cm-negra.jpg,1,,
il-fb,,,,,,,,NATURAL,-FB:18:U,8193.00,,10,deny,,,,
il-fb,,,,,,,,,,,,,,https://f.fcdn.app/imgs/32d5cd/tienda.iluminica.com/ilumuy/13fa/original/catalogo/-FB_17_2/1024-1024/colgante-rattan-grande-68cm-negra.jpg,2,,
il-fb,,,,,,,,,,,,,,https://f.fcdn.app/imgs/3492ad/tienda.iluminica.com/ilumuy/3d57/original/catalogo/-FB_17_3/1024-1024/colgante-rattan-grande-68cm-negra.jpg,3,,
il-fb,,,,,,,,,,,,,,https://f.fcdn.app/imgs/30f849/tienda.iluminica.com/ilumuy/79d4/original/catalogo/-FB_17_4/1024-1024/colgante-rattan-grande-68cm-negra.jpg,4,,
il-fb,,,,,,,,,,,,,,https://f.fcdn.app/imgs/dec5fe/tienda.iluminica.com/ilumuy/7fa2/original/catalogo/-FB_17_5/1024-1024/colgante-rattan-grande-68cm-negra.jpg,5,,
il-fb,,,,,,,,,,,,,,https://f.fcdn.app/imgs/e259e8/tienda.iluminica.com/ilumuy/389e/original/catalogo/-FB_18_1/1024-1024/colgante-rattan-grande-68cm-natural.jpg,6,,
il-fb,,,,,,,,,,,,,,https://f.fcdn.app/imgs/438371/tienda.iluminica.com/ilumuy/4b83/original/catalogo/-FB_18_2/1024-1024/colgante-rattan-grande-68cm-natural.jpg,7,,
il-fb,,,,,,,,,,,,,,https://f.fcdn.app/imgs/34616f/tienda.iluminica.com/ilumuy/36d1/original/catalogo/-FB_18_3/1024-1024/colgante-rattan-grande-68cm-natural.jpg,8,,
il-fb,,,,,,,,,,,,,,https://f.fcdn.app/imgs/0568ed/tienda.iluminica.com/ilumuy/8c9f/original/catalogo/-FB_18_4/1024-1024/colgante-rattan-grande-68cm-natural.jpg,9,,
il-fb,,,,,,,,,,,,,,https://f.fcdn.app/imgs/bb56ea/tienda.iluminica.com/ilumuy/93e5/original/catalogo/-FB_18_5/1024-1024/colgante-rattan-grande-68cm-natural.jpg,10,,
il-fb1,Colgante de fibras naturales 40cm,Colgante de fibras naturales 40cm,Chiaro,Iluminación,"Colgantes, Chiaro, stock-verificado",TRUE,Color,NEGRO,FB 1:4:U,5470.00,,10,deny,https://f.fcdn.app/imgs/788304/tienda.iluminica.com/ilumuy/c764/original/catalogo/FB1_4_1/1024-1024/colgante-de-fibras-naturales-40cm-negro.jpg,1,,
il-fb1,,,,,,,,NATURAL,FB 1:5:U,5470.00,,10,deny,,,,
il-fb1,,,,,,,,,,,,,,https://f.fcdn.app/imgs/aa6741/tienda.iluminica.com/ilumuy/9067/original/catalogo/FB1_4_2/1024-1024/colgante-de-fibras-naturales-40cm-negro.jpg,2,,
il-fb1,,,,,,,,,,,,,,https://f.fcdn.app/imgs/383929/tienda.iluminica.com/ilumuy/110b/original/catalogo/FB1_4_3/1024-1024/colgante-de-fibras-naturales-40cm-negro.jpg,3,,
il-fb1,,,,,,,,,,,,,,https://f.fcdn.app/imgs/c4752b/tienda.iluminica.com/ilumuy/6cb1/original/catalogo/FB1_4_4/1024-1024/colgante-de-fibras-naturales-40cm-negro.jpg,4,,
il-fb1,,,,,,,,,,,,,,https://f.fcdn.app/imgs/6509c5/tienda.iluminica.com/ilumuy/f995/original/catalogo/FB1_4_5/1024-1024/colgante-de-fibras-naturales-40cm-negro.jpg,5,,
il-fb1,,,,,,,,,,,,,,https://f.fcdn.app/imgs/0e2a93/tienda.iluminica.com/ilumuy/0975/original/catalogo/FB1_5_1/1024-1024/colgante-de-fibras-naturales-40cm-natural.jpg,6,,
il-fb1,,,,,,,,,,,,,,https://f.fcdn.app/imgs/106b0c/tienda.iluminica.com/ilumuy/d98b/original/catalogo/FB1_5_2/1024-1024/colgante-de-fibras-naturales-40cm-natural.jpg,7,,
il-fb1,,,,,,,,,,,,,,https://f.fcdn.app/imgs/77189d/tienda.iluminica.com/ilumuy/7b10/original/catalogo/FB1_5_3/1024-1024/colgante-de-fibras-naturales-40cm-natural.jpg,8,,
il-fb1,,,,,,,,,,,,,,https://f.fcdn.app/imgs/15c307/tienda.iluminica.com/ilumuy/8c2a/original/catalogo/FB1_5_4/1024-1024/colgante-de-fibras-naturales-40cm-natural.jpg,9,,
il-fb1,,,,,,,,,,,,,,https://f.fcdn.app/imgs/aee025/tienda.iluminica.com/ilumuy/f65e/original/catalogo/FB1_5_5/1024-1024/colgante-de-fibras-naturales-40cm-natural.jpg,10,,
il-fb16,Colgante hilos fibras naturales tostada 30cm,Colgante hilos fibras naturales tostada 30cm,Chiaro,Iluminación,"Colgantes, Chiaro, stock-verificado",TRUE,Color,Colgante hilos fibras naturales tostada 30cm,FB16::U,5310.00,,10,deny,https://f.fcdn.app/imgs/496653/tienda.iluminica.com/ilumuy/467e/original/catalogo/FB16_FB16_1/1024-1024/colgante-hilos-fibras-naturales-tostada-30cm-colgante-hilos-fibras-naturales-tostada-30cm.jpg,1,,
il-fb16,,,,,,,,,,,,,,https://f.fcdn.app/imgs/2354c7/tienda.iluminica.com/ilumuy/094b/original/catalogo/FB16_FB16_2/1024-1024/colgante-hilos-fibras-naturales-tostada-30cm-colgante-hilos-fibras-naturales-tostada-30cm.jpg,2,,
il-fb16,,,,,,,,,,,,,,https://f.fcdn.app/imgs/a73349/tienda.iluminica.com/ilumuy/67c2/original/catalogo/FB16_FB16_3/1024-1024/colgante-hilos-fibras-naturales-tostada-30cm-colgante-hilos-fibras-naturales-tostada-30cm.jpg,3,,
il-fb16,,,,,,,,,,,,,,https://f.fcdn.app/imgs/507605/tienda.iluminica.com/ilumuy/fbcd/original/catalogo/FB16_FB16_4/1024-1024/colgante-hilos-fibras-naturales-tostada-30cm-colgante-hilos-fibras-naturales-tostada-30cm.jpg,4,,
il-fb16,,,,,,,,,,,,,,https://f.fcdn.app/imgs/ee1901/tienda.iluminica.com/ilumuy/eafd/original/catalogo/FB16_FB16_5/1024-1024/colgante-hilos-fibras-naturales-tostada-30cm-colgante-hilos-fibras-naturales-tostada-30cm.jpg,5,,
il-marchn6060,Marco Para Adosar Panel Led 60.3*60.3cm,Marco Para Adosar Panel Led 60.3*60.3cm,Chiaro,Accesorios,"Chiaro, stock-verificado",TRUE,Color,Marco Para Adosar Panel Led 60.3*60.3cm,MARCH N 6060::U,877.00,,10,deny,https://f.fcdn.app/imgs/d974a4/tienda.iluminica.com/ilumuy/f6f5/original/catalogo/MARCHN6060_MARCHN6060_1/1024-1024/marco-para-adosar-panel-led-60-3-60-3cm-marco-para-adosar-panel-led-60-3-60-3cm.jpg,1,,
il-marchn6060,,,,,,,,,,,,,,https://f.fcdn.app/imgs/c9ee17/tienda.iluminica.com/ilumuy/1721/original/catalogo/MARCHN6060_MARCHN6060_2/1024-1024/marco-para-adosar-panel-led-60-3-60-3cm-marco-para-adosar-panel-led-60-3-60-3cm.jpg,2,,
il-marchn6060,,,,,,,,,,,,,,https://f.fcdn.app/imgs/14e9aa/tienda.iluminica.com/ilumuy/cc0d/original/catalogo/MARCHN6060_MARCHN6060_3/1024-1024/marco-para-adosar-panel-led-60-3-60-3cm-marco-para-adosar-panel-led-60-3-60-3cm.jpg,3,,
il-marchn6060,,,,,,,,,,,,,,https://f.fcdn.app/imgs/5f8b6c/tienda.iluminica.com/ilumuy/be40/original/catalogo/MARCHN6060_MARCHN6060_4/1024-1024/marco-para-adosar-panel-led-60-3-60-3cm-marco-para-adosar-panel-led-60-3-60-3cm.jpg,4,,
il-marchn6060,,,,,,,,,,,,,,https://f.fcdn.app/imgs/34194d/tienda.iluminica.com/ilumuy/d3ed/original/catalogo/MARCHN6060_MARCHN6060_5/1024-1024/marco-para-adosar-panel-led-60-3-60-3cm-marco-para-adosar-panel-led-60-3-60-3cm.jpg,5,,
il-marchn12030,Marco Para Adosar Panel Led 121.3*30.3cm,Marco Para Adosar Panel Led 121.3*30.3cm,Chiaro,Accesorios,"Chiaro, stock-verificado",TRUE,Color,Marco Para Adosar Panel Led 121.3*30.3cm,MARCH N 12030::U,1187.00,,10,deny,https://f.fcdn.app/imgs/fab5ad/tienda.iluminica.com/ilumuy/f260/original/catalogo/MARCHN12030_MARCHN12030_1/1024-1024/marco-para-adosar-panel-led-121-3-30-3cm-marco-para-adosar-panel-led-121-3-30-3cm.jpg,1,,
il-marchn12030,,,,,,,,,,,,,,https://f.fcdn.app/imgs/0f5490/tienda.iluminica.com/ilumuy/bd04/original/catalogo/MARCHN12030_MARCHN12030_2/1024-1024/marco-para-adosar-panel-led-121-3-30-3cm-marco-para-adosar-panel-led-121-3-30-3cm.jpg,2,,
il-marchn12030,,,,,,,,,,,,,,https://f.fcdn.app/imgs/c8dec2/tienda.iluminica.com/ilumuy/4dcc/original/catalogo/MARCHN12030_MARCHN12030_3/1024-1024/marco-para-adosar-panel-led-121-3-30-3cm-marco-para-adosar-panel-led-121-3-30-3cm.jpg,3,,
il-marchn12030,,,,,,,,,,,,,,https://f.fcdn.app/imgs/b70c9e/tienda.iluminica.com/ilumuy/cc0d/original/catalogo/MARCHN12030_MARCHN12030_4/1024-1024/marco-para-adosar-panel-led-121-3-30-3cm-marco-para-adosar-panel-led-121-3-30-3cm.jpg,4,,
il-marchn12030,,,,,,,,,,,,,,https://f.fcdn.app/imgs/ae538b/tienda.iluminica.com/ilumuy/0d91/original/catalogo/MARCHN12030_MARCHN12030_5/1024-1024/marco-para-adosar-panel-led-121-3-30-3cm-marco-para-adosar-panel-led-121-3-30-3cm.jpg,5,,
il-clchi100wf90,Campana led 100w UFO,Campana led 100w UFO,Chiaro,Iluminación,"Campanas LED, Chiaro, stock-verificado",TRUE,Color,Campana led 100w UFO,CLCHI 100WF 90::U,4435.00,,10,deny,https://f.fcdn.app/imgs/82b77e/tienda.iluminica.com/ilumuy/dfc5/original/catalogo/CLCHI100WF90_CLCHI100WF90_1/1024-1024/campana-led-100w-ufo-campana-led-100w-ufo.jpg,1,,
il-clchi100wf90,,,,,,,,,,,,,,https://f.fcdn.app/imgs/84f625/tienda.iluminica.com/ilumuy/512c/original/catalogo/CLCHI100WF90_CLCHI100WF90_2/1024-1024/campana-led-100w-ufo-campana-led-100w-ufo.jpg,2,,
il-clchi100wf90,,,,,,,,,,,,,,https://f.fcdn.app/imgs/36dce1/tienda.iluminica.com/ilumuy/2e4f/original/catalogo/CLCHI100WF90_CLCHI100WF90_3/1024-1024/campana-led-100w-ufo-campana-led-100w-ufo.jpg,3,,
il-clchi100wf90,,,,,,,,,,,,,,https://f.fcdn.app/imgs/321f76/tienda.iluminica.com/ilumuy/8de3/original/catalogo/CLCHI100WF90_CLCHI100WF90_4/1024-1024/campana-led-100w-ufo-campana-led-100w-ufo.jpg,4,,
il-clchi100wf90,,,,,,,,,,,,,,https://f.fcdn.app/imgs/8d4cd3/tienda.iluminica.com/ilumuy/5c02/original/catalogo/CLCHI100WF90_CLCHI100WF90_5/1024-1024/campana-led-100w-ufo-campana-led-100w-ufo.jpg,5,,
il-clchi200wfdim90,Campana led 200w UFO DIMERIZABLE,Campana led 200w UFO DIMERIZABLE,Chiaro,Iluminación,"Campanas LED, Chiaro, stock-verificado",TRUE,Color,Campana led 200w UFO DIMERIZABLE,CLCHI 200WF DIM 90::U,7751.00,,10,deny,https://f.fcdn.app/imgs/f42026/tienda.iluminica.com/ilumuy/dfc5/original/catalogo/CLCHI200WFDIM90_CLCHI200WFDIM90_1/1024-1024/campana-led-200w-ufo-dimerizable-campana-led-200w-ufo-dimerizable.jpg,1,,
il-clchi200wfdim90,,,,,,,,,,,,,,https://f.fcdn.app/imgs/1dfd15/tienda.iluminica.com/ilumuy/512c/original/catalogo/CLCHI200WFDIM90_CLCHI200WFDIM90_2/1024-1024/campana-led-200w-ufo-dimerizable-campana-led-200w-ufo-dimerizable.jpg,2,,
il-clchi200wfdim90,,,,,,,,,,,,,,https://f.fcdn.app/imgs/4b39cd/tienda.iluminica.com/ilumuy/d7c4/original/catalogo/CLCHI200WFDIM90_CLCHI200WFDIM90_3/1024-1024/campana-led-200w-ufo-dimerizable-campana-led-200w-ufo-dimerizable.jpg,3,,
il-clchi200wfdim90,,,,,,,,,,,,,,https://f.fcdn.app/imgs/e706e5/tienda.iluminica.com/ilumuy/5c02/original/catalogo/CLCHI200WFDIM90_CLCHI200WFDIM90_4/1024-1024/campana-led-200w-ufo-dimerizable-campana-led-200w-ufo-dimerizable.jpg,4,,
il-clchi200wfdim90,,,,,,,,,,,,,,https://f.fcdn.app/imgs/0d1992/tienda.iluminica.com/ilumuy/8435/original/catalogo/CLCHI200WFDIM90_CLCHI200WFDIM90_5/1024-1024/campana-led-200w-ufo-dimerizable-campana-led-200w-ufo-dimerizable.jpg,5,,
il-fb04,Luminaria de pie dorada E27 158cm,Luminaria de pie dorada E27 158cm,Chiaro,Iluminación,"Lámparas de pie, Chiaro, stock-verificado",TRUE,Color,Luminaria de pie dorada E27 158cm,FB04::U,6906.00,,10,deny,https://f.fcdn.app/imgs/1f0a52/tienda.iluminica.com/ilumuy/418f/original/catalogo/FB04_FB04_1/1024-1024/luminaria-de-pie-dorada-e27-158cm-luminaria-de-pie-dorada-e27-158cm.jpg,1,,
il-fb04,,,,,,,,,,,,,,https://f.fcdn.app/imgs/15a96a/tienda.iluminica.com/ilumuy/c348/original/catalogo/FB04_FB04_2/1024-1024/luminaria-de-pie-dorada-e27-158cm-luminaria-de-pie-dorada-e27-158cm.jpg,2,,
il-fb04,,,,,,,,,,,,,,https://f.fcdn.app/imgs/77b3b2/tienda.iluminica.com/ilumuy/888d/original/catalogo/FB04_FB04_3/1024-1024/luminaria-de-pie-dorada-e27-158cm-luminaria-de-pie-dorada-e27-158cm.jpg,3,,
il-fb04,,,,,,,,,,,,,,https://f.fcdn.app/imgs/541a62/tienda.iluminica.com/ilumuy/6e38/original/catalogo/FB04_FB04_4/1024-1024/luminaria-de-pie-dorada-e27-158cm-luminaria-de-pie-dorada-e27-158cm.jpg,4,,
il-fb04,,,,,,,,,,,,,,https://f.fcdn.app/imgs/f708f7/tienda.iluminica.com/ilumuy/b92a/original/catalogo/FB04_FB04_5/1024-1024/luminaria-de-pie-dorada-e27-158cm-luminaria-de-pie-dorada-e27-158cm.jpg,5,,
il-fb07,Colgante rattan color natural y reja negra 40cm,Colgante rattan color natural y reja negra 40cm,Chiaro,Iluminación,"Colgantes, Chiaro, stock-verificado",TRUE,Color,Colgante rattan color natural y reja negra 40cm,FB07::U,2894.00,,10,deny,https://f.fcdn.app/imgs/045af8/tienda.iluminica.com/ilumuy/0d62/original/catalogo/FB07_FB07_1/1024-1024/colgante-rattan-color-natural-y-reja-negra-40cm-colgante-rattan-color-natural-y-reja-negra-40cm.jpg,1,,
il-fb07,,,,,,,,,,,,,,https://f.fcdn.app/imgs/ac3f10/tienda.iluminica.com/ilumuy/0e7e/original/catalogo/FB07_FB07_2/1024-1024/colgante-rattan-color-natural-y-reja-negra-40cm-colgante-rattan-color-natural-y-reja-negra-40cm.jpg,2,,
il-fb07,,,,,,,,,,,,,,https://f.fcdn.app/imgs/5a2d68/tienda.iluminica.com/ilumuy/42bb/original/catalogo/FB07_FB07_3/1024-1024/colgante-rattan-color-natural-y-reja-negra-40cm-colgante-rattan-color-natural-y-reja-negra-40cm.jpg,3,,
il-fb07,,,,,,,,,,,,,,https://f.fcdn.app/imgs/cf4e19/tienda.iluminica.com/ilumuy/f708/original/catalogo/FB07_FB07_4/1024-1024/colgante-rattan-color-natural-y-reja-negra-40cm-colgante-rattan-color-natural-y-reja-negra-40cm.jpg,4,,
il-fb07,,,,,,,,,,,,,,https://f.fcdn.app/imgs/27498c/tienda.iluminica.com/ilumuy/085c/original/catalogo/FB07_FB07_5/1024-1024/colgante-rattan-color-natural-y-reja-negra-40cm-colgante-rattan-color-natural-y-reja-negra-40cm.jpg,5,,
il-fb08,Luminaria de pie pantalla negra y madera E27 147cm,Luminaria de pie pantalla negra y madera E27 147cm,Chiaro,Iluminación,"Lámparas de pie, Chiaro, stock-verificado",TRUE,Color,Luminaria de pie pantalla negra y madera E27 147cm,FB08::U,10621.00,,10,deny,https://f.fcdn.app/imgs/96fb83/tienda.iluminica.com/ilumuy/ace4/original/catalogo/FB08_FB08_1/1024-1024/luminaria-de-pie-pantalla-negra-y-madera-e27-147cm-luminaria-de-pie-pantalla-negra-y-madera-e27-147cm.jpg,1,,
il-fb08,,,,,,,,,,,,,,https://f.fcdn.app/imgs/96aefb/tienda.iluminica.com/ilumuy/3cd6/original/catalogo/FB08_FB08_2/1024-1024/luminaria-de-pie-pantalla-negra-y-madera-e27-147cm-luminaria-de-pie-pantalla-negra-y-madera-e27-147cm.jpg,2,,
il-fb08,,,,,,,,,,,,,,https://f.fcdn.app/imgs/90ec12/tienda.iluminica.com/ilumuy/e54c/original/catalogo/FB08_FB08_3/1024-1024/luminaria-de-pie-pantalla-negra-y-madera-e27-147cm-luminaria-de-pie-pantalla-negra-y-madera-e27-147cm.jpg,3,,
il-fb08,,,,,,,,,,,,,,https://f.fcdn.app/imgs/267595/tienda.iluminica.com/ilumuy/e723/original/catalogo/FB08_FB08_4/1024-1024/luminaria-de-pie-pantalla-negra-y-madera-e27-147cm-luminaria-de-pie-pantalla-negra-y-madera-e27-147cm.jpg,4,,
il-fb08,,,,,,,,,,,,,,https://f.fcdn.app/imgs/ba45b7/tienda.iluminica.com/ilumuy/aea5/original/catalogo/FB08_FB08_5/1024-1024/luminaria-de-pie-pantalla-negra-y-madera-e27-147cm-luminaria-de-pie-pantalla-negra-y-madera-e27-147cm.jpg,5,,
il-fb01,Portátil esfera y mármol E27 46cm,Portátil esfera y mármol E27 46cm,Chiaro,Iluminación,"Portátiles, Chiaro, stock-verificado",TRUE,Color,Portátil esfera y mármol E27 46cm,FB01::U,3672.00,,10,deny,https://f.fcdn.app/imgs/a9e496/tienda.iluminica.com/ilumuy/d87a/original/catalogo/FB01_FB01_1/1024-1024/portatil-esfera-y-marmol-e27-46cm-portatil-esfera-y-marmol-e27-46cm.jpg,1,,
il-fb01,,,,,,,,,,,,,,https://f.fcdn.app/imgs/055064/tienda.iluminica.com/ilumuy/9271/original/catalogo/FB01_FB01_2/1024-1024/portatil-esfera-y-marmol-e27-46cm-portatil-esfera-y-marmol-e27-46cm.jpg,2,,
il-fb01,,,,,,,,,,,,,,https://f.fcdn.app/imgs/042649/tienda.iluminica.com/ilumuy/7974/original/catalogo/FB01_FB01_3/1024-1024/portatil-esfera-y-marmol-e27-46cm-portatil-esfera-y-marmol-e27-46cm.jpg,3,,
il-fb01,,,,,,,,,,,,,,https://f.fcdn.app/imgs/782a61/tienda.iluminica.com/ilumuy/b4e4/original/catalogo/FB01_FB01_4/1024-1024/portatil-esfera-y-marmol-e27-46cm-portatil-esfera-y-marmol-e27-46cm.jpg,4,,
il-fb01,,,,,,,,,,,,,,https://f.fcdn.app/imgs/449c47/tienda.iluminica.com/ilumuy/44e3/original/catalogo/FB01_FB01_5/1024-1024/portatil-esfera-y-marmol-e27-46cm-portatil-esfera-y-marmol-e27-46cm.jpg,5,,
il-fb02,Luminaria de pie esfera y mármol E27 160cm,Luminaria de pie esfera y mármol E27 160cm,Chiaro,Iluminación,"Lámparas de pie, Chiaro, stock-verificado",TRUE,Color,Luminaria de pie esfera y mármol E27 160cm,FB02::U,6491.00,,10,deny,https://f.fcdn.app/imgs/72c4c1/tienda.iluminica.com/ilumuy/f844/original/catalogo/FB02_FB02_1/1024-1024/luminaria-de-pie-esfera-y-marmol-e27-160cm-luminaria-de-pie-esfera-y-marmol-e27-160cm.jpg,1,,
il-fb02,,,,,,,,,,,,,,https://f.fcdn.app/imgs/3182a3/tienda.iluminica.com/ilumuy/0e6c/original/catalogo/FB02_FB02_2/1024-1024/luminaria-de-pie-esfera-y-marmol-e27-160cm-luminaria-de-pie-esfera-y-marmol-e27-160cm.jpg,2,,
il-fb02,,,,,,,,,,,,,,https://f.fcdn.app/imgs/a7266f/tienda.iluminica.com/ilumuy/a2ad/original/catalogo/FB02_FB02_3/1024-1024/luminaria-de-pie-esfera-y-marmol-e27-160cm-luminaria-de-pie-esfera-y-marmol-e27-160cm.jpg,3,,
il-fb02,,,,,,,,,,,,,,https://f.fcdn.app/imgs/14f9bf/tienda.iluminica.com/ilumuy/5f9d/original/catalogo/FB02_FB02_4/1024-1024/luminaria-de-pie-esfera-y-marmol-e27-160cm-luminaria-de-pie-esfera-y-marmol-e27-160cm.jpg,4,,
il-fb02,,,,,,,,,,,,,,https://f.fcdn.app/imgs/5ea12a/tienda.iluminica.com/ilumuy/44e3/original/catalogo/FB02_FB02_5/1024-1024/luminaria-de-pie-esfera-y-marmol-e27-160cm-luminaria-de-pie-esfera-y-marmol-e27-160cm.jpg,5,,
il-fb03,Portátil dorada E27 50cm,Portátil dorada E27 50cm,Chiaro,Iluminación,"Portátiles, Chiaro, stock-verificado",TRUE,Color,Portátil dorada E27 50cm,FB03::U,4468.00,,10,deny,https://f.fcdn.app/imgs/176a09/tienda.iluminica.com/ilumuy/b4f7/original/catalogo/FB03_FB03_1/1024-1024/portatil-dorada-e27-50cm-portatil-dorada-e27-50cm.jpg,1,,
il-fb03,,,,,,,,,,,,,,https://f.fcdn.app/imgs/197742/tienda.iluminica.com/ilumuy/8f70/original/catalogo/FB03_FB03_2/1024-1024/portatil-dorada-e27-50cm-portatil-dorada-e27-50cm.jpg,2,,
il-fb03,,,,,,,,,,,,,,https://f.fcdn.app/imgs/6a4136/tienda.iluminica.com/ilumuy/2476/original/catalogo/FB03_FB03_3/1024-1024/portatil-dorada-e27-50cm-portatil-dorada-e27-50cm.jpg,3,,
il-fb03,,,,,,,,,,,,,,https://f.fcdn.app/imgs/8191b4/tienda.iluminica.com/ilumuy/4770/original/catalogo/FB03_FB03_4/1024-1024/portatil-dorada-e27-50cm-portatil-dorada-e27-50cm.jpg,4,,
il-fb03,,,,,,,,,,,,,,https://f.fcdn.app/imgs/8ab1aa/tienda.iluminica.com/ilumuy/d4d5/original/catalogo/FB03_FB03_5/1024-1024/portatil-dorada-e27-50cm-portatil-dorada-e27-50cm.jpg,5,,
il-cm61,Colgante led dos Marcos 60 + 40cm 70W Dimerizable Plata,Colgante led dos Marcos 60 + 40cm 70W Dimerizable Plata,Chiaro,Iluminación,"Colgantes, Chiaro, stock-verificado",TRUE,Color,Colgante led dos Marcos 60 + 40cm 70W Dimerizable Plata,CM 61::U,10854.00,,10,deny,https://f.fcdn.app/imgs/fdbcbb/tienda.iluminica.com/ilumuy/4b6b/original/catalogo/CM61_CM61_1/1024-1024/colgante-led-dos-marcos-60-40cm-70w-dimerizable-plata-colgante-led-dos-marcos-60-40cm-70w-dimerizable-plata.jpg,1,,
il-cm61,,,,,,,,,,,,,,https://f.fcdn.app/imgs/249448/tienda.iluminica.com/ilumuy/81c3/original/catalogo/CM61_CM61_2/1024-1024/colgante-led-dos-marcos-60-40cm-70w-dimerizable-plata-colgante-led-dos-marcos-60-40cm-70w-dimerizable-plata.jpg,2,,
il-cm61,,,,,,,,,,,,,,https://f.fcdn.app/imgs/9dbce1/tienda.iluminica.com/ilumuy/09d4/original/catalogo/CM61_CM61_3/1024-1024/colgante-led-dos-marcos-60-40cm-70w-dimerizable-plata-colgante-led-dos-marcos-60-40cm-70w-dimerizable-plata.jpg,3,,
il-cm61,,,,,,,,,,,,,,https://f.fcdn.app/imgs/203725/tienda.iluminica.com/ilumuy/dfa6/original/catalogo/CM61_CM61_4/1024-1024/colgante-led-dos-marcos-60-40cm-70w-dimerizable-plata-colgante-led-dos-marcos-60-40cm-70w-dimerizable-plata.jpg,4,,
il-cm61,,,,,,,,,,,,,,https://f.fcdn.app/imgs/aba8a0/tienda.iluminica.com/ilumuy/d28b/original/catalogo/CM61_CM61_5/1024-1024/colgante-led-dos-marcos-60-40cm-70w-dimerizable-plata-colgante-led-dos-marcos-60-40cm-70w-dimerizable-plata.jpg,5,,
il-cm54,Colgante led una luz tubular lineal 5W,Colgante led una luz tubular lineal 5W,Chiaro,Iluminación,"Colgantes, Chiaro, stock-verificado",TRUE,Color,Colgante led una luz tubular lineal 5W,CM 54::U,2863.00,,10,deny,https://f.fcdn.app/imgs/c5522d/tienda.iluminica.com/ilumuy/26e5/original/catalogo/CM54_CM54_1/1024-1024/colgante-led-una-luz-tubular-lineal-5w-colgante-led-una-luz-tubular-lineal-5w.jpg,1,,
il-cm54,,,,,,,,,,,,,,https://f.fcdn.app/imgs/35ee82/tienda.iluminica.com/ilumuy/108a/original/catalogo/CM54_CM54_2/1024-1024/colgante-led-una-luz-tubular-lineal-5w-colgante-led-una-luz-tubular-lineal-5w.jpg,2,,
il-cm54,,,,,,,,,,,,,,https://f.fcdn.app/imgs/4bf50f/tienda.iluminica.com/ilumuy/14d7/original/catalogo/CM54_CM54_3/1024-1024/colgante-led-una-luz-tubular-lineal-5w-colgante-led-una-luz-tubular-lineal-5w.jpg,3,,
il-cm54,,,,,,,,,,,,,,https://f.fcdn.app/imgs/387805/tienda.iluminica.com/ilumuy/1dfc/original/catalogo/CM54_CM54_4/1024-1024/colgante-led-una-luz-tubular-lineal-5w-colgante-led-una-luz-tubular-lineal-5w.jpg,4,,
il-cm54,,,,,,,,,,,,,,https://f.fcdn.app/imgs/2ab740/tienda.iluminica.com/ilumuy/95e2/original/catalogo/CM54_CM54_5/1024-1024/colgante-led-una-luz-tubular-lineal-5w-colgante-led-una-luz-tubular-lineal-5w.jpg,5,,
il-cm55,Colgante Led cinco luces lineales tubular 25W,Colgante Led cinco luces lineales tubular 25W,Chiaro,Iluminación,"Colgantes, Chiaro, stock-verificado",TRUE,Color,Colgante Led cinco luces lineales tubular 25W,CM 55::U,11270.00,,10,deny,https://f.fcdn.app/imgs/1ee693/tienda.iluminica.com/ilumuy/0537/original/catalogo/CM55_CM55_1/1024-1024/colgante-led-cinco-luces-lineales-tubular-25w-colgante-led-cinco-luces-lineales-tubular-25w.jpg,1,,
il-cm55,,,,,,,,,,,,,,https://f.fcdn.app/imgs/2bde04/tienda.iluminica.com/ilumuy/4f8a/original/catalogo/CM55_CM55_2/1024-1024/colgante-led-cinco-luces-lineales-tubular-25w-colgante-led-cinco-luces-lineales-tubular-25w.jpg,2,,
il-cm55,,,,,,,,,,,,,,https://f.fcdn.app/imgs/baa4d9/tienda.iluminica.com/ilumuy/fc52/original/catalogo/CM55_CM55_3/1024-1024/colgante-led-cinco-luces-lineales-tubular-25w-colgante-led-cinco-luces-lineales-tubular-25w.jpg,3,,
il-cm55,,,,,,,,,,,,,,https://f.fcdn.app/imgs/8d2d62/tienda.iluminica.com/ilumuy/44b3/original/catalogo/CM55_CM55_4/1024-1024/colgante-led-cinco-luces-lineales-tubular-25w-colgante-led-cinco-luces-lineales-tubular-25w.jpg,4,,
il-cm55,,,,,,,,,,,,,,https://f.fcdn.app/imgs/6e3a85/tienda.iluminica.com/ilumuy/c500/original/catalogo/CM55_CM55_5/1024-1024/colgante-led-cinco-luces-lineales-tubular-25w-colgante-led-cinco-luces-lineales-tubular-25w.jpg,5,,
il-cm30,Colgante Led esfera 18 luces 50W Dimerizable,Colgante Led esfera 18 luces 50W Dimerizable,Chiaro,Iluminación,"Colgantes, Chiaro, stock-verificado",TRUE,Color,Colgante Led esfera 18 luces 50W Dimerizable,CM 30::U,10631.00,15686.00,10,deny,https://f.fcdn.app/imgs/7b54b4/tienda.iluminica.com/ilumuy/6442/original/catalogo/CM30_CM30_1/1024-1024/colgante-led-esfera-18-luces-50w-dimerizable-colgante-led-esfera-18-luces-50w-dimerizable.jpg,1,,
il-cm30,,,,,,,,,,,,,,https://f.fcdn.app/imgs/6f4859/tienda.iluminica.com/ilumuy/4f0b/original/catalogo/CM30_CM30_2/1024-1024/colgante-led-esfera-18-luces-50w-dimerizable-colgante-led-esfera-18-luces-50w-dimerizable.jpg,2,,
il-cm30,,,,,,,,,,,,,,https://f.fcdn.app/imgs/ce076e/tienda.iluminica.com/ilumuy/46b7/original/catalogo/CM30_CM30_3/1024-1024/colgante-led-esfera-18-luces-50w-dimerizable-colgante-led-esfera-18-luces-50w-dimerizable.jpg,3,,
il-cm30,,,,,,,,,,,,,,https://f.fcdn.app/imgs/c54c59/tienda.iluminica.com/ilumuy/fd2d/original/catalogo/CM30_CM30_4/1024-1024/colgante-led-esfera-18-luces-50w-dimerizable-colgante-led-esfera-18-luces-50w-dimerizable.jpg,4,,
il-cm30,,,,,,,,,,,,,,https://f.fcdn.app/imgs/526d96/tienda.iluminica.com/ilumuy/f9c7/original/catalogo/CM30_CM30_5/1024-1024/colgante-led-esfera-18-luces-50w-dimerizable-colgante-led-esfera-18-luces-50w-dimerizable.jpg,5,,
il-cm42,Colgante Led linea y anillo 49W Dimerizable,Colgante Led linea y anillo 49W Dimerizable,Chiaro,Iluminación,"Colgantes, Chiaro, stock-verificado",TRUE,Color,Colgante Led linea y anillo 49W Dimerizable,CM 42::U,8407.00,,10,deny,https://f.fcdn.app/imgs/2765de/tienda.iluminica.com/ilumuy/5ede/original/catalogo/CM42_CM42_1/1024-1024/colgante-led-linea-y-anillo-49w-dimerizable-colgante-led-linea-y-anillo-49w-dimerizable.jpg,1,,
il-cm42,,,,,,,,,,,,,,https://f.fcdn.app/imgs/dae541/tienda.iluminica.com/ilumuy/3137/original/catalogo/CM42_CM42_2/1024-1024/colgante-led-linea-y-anillo-49w-dimerizable-colgante-led-linea-y-anillo-49w-dimerizable.jpg,2,,
il-cm42,,,,,,,,,,,,,,https://f.fcdn.app/imgs/19d9c7/tienda.iluminica.com/ilumuy/ffda/original/catalogo/CM42_CM42_3/1024-1024/colgante-led-linea-y-anillo-49w-dimerizable-colgante-led-linea-y-anillo-49w-dimerizable.jpg,3,,
il-cm42,,,,,,,,,,,,,,https://f.fcdn.app/imgs/0b354b/tienda.iluminica.com/ilumuy/d049/original/catalogo/CM42_CM42_4/1024-1024/colgante-led-linea-y-anillo-49w-dimerizable-colgante-led-linea-y-anillo-49w-dimerizable.jpg,4,,
il-cm42,,,,,,,,,,,,,,https://f.fcdn.app/imgs/384ad5/tienda.iluminica.com/ilumuy/e2b0/original/catalogo/CM42_CM42_5/1024-1024/colgante-led-linea-y-anillo-49w-dimerizable-colgante-led-linea-y-anillo-49w-dimerizable.jpg,5,,
il-cm50,Colgante led lineal tres marcos verticales 58W Dimerizable,Colgante led lineal tres marcos verticales 58W Dimerizable,Chiaro,Iluminación,"Colgantes, Chiaro, stock-verificado",TRUE,Color,Colgante led lineal tres marcos verticales 58W Dimerizable,CM 50::U,6678.00,9541.00,10,deny,https://f.fcdn.app/imgs/4d866a/tienda.iluminica.com/ilumuy/4c93/original/catalogo/CM50_CM50_1/1024-1024/colgante-led-lineal-tres-marcos-verticales-58w-dimerizable-colgante-led-lineal-tres-marcos-verticales-58w-dimerizable.jpg,1,,
il-cm50,,,,,,,,,,,,,,https://f.fcdn.app/imgs/5b8665/tienda.iluminica.com/ilumuy/a33a/original/catalogo/CM50_CM50_2/1024-1024/colgante-led-lineal-tres-marcos-verticales-58w-dimerizable-colgante-led-lineal-tres-marcos-verticales-58w-dimerizable.jpg,2,,
il-cm50,,,,,,,,,,,,,,https://f.fcdn.app/imgs/ff4168/tienda.iluminica.com/ilumuy/ce77/original/catalogo/CM50_CM50_3/1024-1024/colgante-led-lineal-tres-marcos-verticales-58w-dimerizable-colgante-led-lineal-tres-marcos-verticales-58w-dimerizable.jpg,3,,
il-cm50,,,,,,,,,,,,,,https://f.fcdn.app/imgs/dcab4f/tienda.iluminica.com/ilumuy/7c81/original/catalogo/CM50_CM50_4/1024-1024/colgante-led-lineal-tres-marcos-verticales-58w-dimerizable-colgante-led-lineal-tres-marcos-verticales-58w-dimerizable.jpg,4,,
il-cm50,,,,,,,,,,,,,,https://f.fcdn.app/imgs/0252e5/tienda.iluminica.com/ilumuy/1da7/original/catalogo/CM50_CM50_5/1024-1024/colgante-led-lineal-tres-marcos-verticales-58w-dimerizable-colgante-led-lineal-tres-marcos-verticales-58w-dimerizable.jpg,5,,
il-cm51,Colgante led lineal cuatro esferas dorado 28W,Colgante led lineal cuatro esferas dorado 28W,Chiaro,Iluminación,"Colgantes, Chiaro, stock-verificado",TRUE,Color,Colgante led lineal cuatro esferas dorado 28W,CM 51::U,6809.00,9727.00,10,deny,https://f.fcdn.app/imgs/2fec92/tienda.iluminica.com/ilumuy/ad8a/original/catalogo/CM51_CM51_1/1024-1024/colgante-led-lineal-cuatro-esferas-dorado-28w-colgante-led-lineal-cuatro-esferas-dorado-28w.jpg,1,,
il-cm51,,,,,,,,,,,,,,https://f.fcdn.app/imgs/6c0d1d/tienda.iluminica.com/ilumuy/e4df/original/catalogo/CM51_CM51_2/1024-1024/colgante-led-lineal-cuatro-esferas-dorado-28w-colgante-led-lineal-cuatro-esferas-dorado-28w.jpg,2,,
il-cm51,,,,,,,,,,,,,,https://f.fcdn.app/imgs/5c8bd6/tienda.iluminica.com/ilumuy/72cc/original/catalogo/CM51_CM51_3/1024-1024/colgante-led-lineal-cuatro-esferas-dorado-28w-colgante-led-lineal-cuatro-esferas-dorado-28w.jpg,3,,
il-cm51,,,,,,,,,,,,,,https://f.fcdn.app/imgs/4fa3a7/tienda.iluminica.com/ilumuy/8c3f/original/catalogo/CM51_CM51_4/1024-1024/colgante-led-lineal-cuatro-esferas-dorado-28w-colgante-led-lineal-cuatro-esferas-dorado-28w.jpg,4,,
il-cm51,,,,,,,,,,,,,,https://f.fcdn.app/imgs/faecb4/tienda.iluminica.com/ilumuy/745e/original/catalogo/CM51_CM51_5/1024-1024/colgante-led-lineal-cuatro-esferas-dorado-28w-colgante-led-lineal-cuatro-esferas-dorado-28w.jpg,5,,
il-cm52,Colgante led lineal cinco cilindros efecto agua 30W,Colgante led lineal cinco cilindros efecto agua 30W,Chiaro,Iluminación,"Colgantes, Chiaro, stock-verificado",TRUE,Color,Colgante led lineal cinco cilindros efecto agua 30W,CM 52::U,9471.00,,10,deny,https://f.fcdn.app/imgs/f1467d/tienda.iluminica.com/ilumuy/8376/original/catalogo/CM52_CM52_1/1024-1024/colgante-led-lineal-cinco-cilindros-efecto-agua-30w-colgante-led-lineal-cinco-cilindros-efecto-agua-30w.jpg,1,,
il-cm52,,,,,,,,,,,,,,https://f.fcdn.app/imgs/172175/tienda.iluminica.com/ilumuy/df5b/original/catalogo/CM52_CM52_2/1024-1024/colgante-led-lineal-cinco-cilindros-efecto-agua-30w-colgante-led-lineal-cinco-cilindros-efecto-agua-30w.jpg,2,,
il-cm52,,,,,,,,,,,,,,https://f.fcdn.app/imgs/b6e401/tienda.iluminica.com/ilumuy/7484/original/catalogo/CM52_CM52_3/1024-1024/colgante-led-lineal-cinco-cilindros-efecto-agua-30w-colgante-led-lineal-cinco-cilindros-efecto-agua-30w.jpg,3,,
il-cm52,,,,,,,,,,,,,,https://f.fcdn.app/imgs/2722c9/tienda.iluminica.com/ilumuy/4f9f/original/catalogo/CM52_CM52_4/1024-1024/colgante-led-lineal-cinco-cilindros-efecto-agua-30w-colgante-led-lineal-cinco-cilindros-efecto-agua-30w.jpg,4,,
il-cm52,,,,,,,,,,,,,,https://f.fcdn.app/imgs/e9c5f4/tienda.iluminica.com/ilumuy/6e7b/original/catalogo/CM52_CM52_5/1024-1024/colgante-led-lineal-cinco-cilindros-efecto-agua-30w-colgante-led-lineal-cinco-cilindros-efecto-agua-30w.jpg,5,,
il-cm53,Colgante led 9 esferas efecto flotante 9*5W,Colgante led 9 esferas efecto flotante 9*5W,Chiaro,Iluminación,"Colgantes, Chiaro, stock-verificado",TRUE,Color,Colgante led 9 esferas efecto flotante 9*5W,CM 53::U,9993.00,,10,deny,https://f.fcdn.app/imgs/d5464e/tienda.iluminica.com/ilumuy/e65f/original/catalogo/CM53_CM53_1/1024-1024/colgante-led-9-esferas-efecto-flotante-9-5w-colgante-led-9-esferas-efecto-flotante-9-5w.jpg,1,,
il-cm53,,,,,,,,,,,,,,https://f.fcdn.app/imgs/691823/tienda.iluminica.com/ilumuy/4510/original/catalogo/CM53_CM53_2/1024-1024/colgante-led-9-esferas-efecto-flotante-9-5w-colgante-led-9-esferas-efecto-flotante-9-5w.jpg,2,,
il-cm53,,,,,,,,,,,,,,https://f.fcdn.app/imgs/55a48a/tienda.iluminica.com/ilumuy/5988/original/catalogo/CM53_CM53_3/1024-1024/colgante-led-9-esferas-efecto-flotante-9-5w-colgante-led-9-esferas-efecto-flotante-9-5w.jpg,3,,
il-cm53,,,,,,,,,,,,,,https://f.fcdn.app/imgs/9e5fba/tienda.iluminica.com/ilumuy/dd74/original/catalogo/CM53_CM53_4/1024-1024/colgante-led-9-esferas-efecto-flotante-9-5w-colgante-led-9-esferas-efecto-flotante-9-5w.jpg,4,,
il-cm53,,,,,,,,,,,,,,https://f.fcdn.app/imgs/048473/tienda.iluminica.com/ilumuy/7fca/original/catalogo/CM53_CM53_5/1024-1024/colgante-led-9-esferas-efecto-flotante-9-5w-colgante-led-9-esferas-efecto-flotante-9-5w.jpg,5,,
il-cm56,Colgante led de suspender con 4 esferas flotantes 20W,Colgante led de suspender con 4 esferas flotantes 20W,Chiaro,Iluminación,"Colgantes, Chiaro, stock-verificado",TRUE,Color,Colgante led de suspender con 4 esferas flotantes 20W,CM 56::U,8833.00,,10,deny,https://f.fcdn.app/imgs/54a20c/tienda.iluminica.com/ilumuy/51de/original/catalogo/CM56_CM56_1/1024-1024/colgante-led-de-suspender-con-4-esferas-flotantes-20w-colgante-led-de-suspender-con-4-esferas-flotantes-20w.jpg,1,,
il-cm56,,,,,,,,,,,,,,https://f.fcdn.app/imgs/fde01d/tienda.iluminica.com/ilumuy/0310/original/catalogo/CM56_CM56_2/1024-1024/colgante-led-de-suspender-con-4-esferas-flotantes-20w-colgante-led-de-suspender-con-4-esferas-flotantes-20w.jpg,2,,
il-cm56,,,,,,,,,,,,,,https://f.fcdn.app/imgs/c3c757/tienda.iluminica.com/ilumuy/2758/original/catalogo/CM56_CM56_3/1024-1024/colgante-led-de-suspender-con-4-esferas-flotantes-20w-colgante-led-de-suspender-con-4-esferas-flotantes-20w.jpg,3,,
il-cm56,,,,,,,,,,,,,,https://f.fcdn.app/imgs/9c88ec/tienda.iluminica.com/ilumuy/ecde/original/catalogo/CM56_CM56_4/1024-1024/colgante-led-de-suspender-con-4-esferas-flotantes-20w-colgante-led-de-suspender-con-4-esferas-flotantes-20w.jpg,4,,
il-cm56,,,,,,,,,,,,,,https://f.fcdn.app/imgs/ab1068/tienda.iluminica.com/ilumuy/7d1a/original/catalogo/CM56_CM56_5/1024-1024/colgante-led-de-suspender-con-4-esferas-flotantes-20w-colgante-led-de-suspender-con-4-esferas-flotantes-20w.jpg,5,,
il-cm43,Colgante Led Diseño Átomo tres aros 80W Dimerizable,Colgante Led Diseño Átomo tres aros 80W Dimerizable,Chiaro,Iluminación,"Colgantes, Chiaro, stock-verificado",TRUE,Color,Colgante Led Diseño Átomo tres aros 80W Dimerizable,CM 43::U,10535.00,,10,deny,https://f.fcdn.app/imgs/5db9bc/tienda.iluminica.com/ilumuy/0cda/original/catalogo/CM43_CM43_1/1024-1024/colgante-led-diseno-atomo-tres-aros-80w-dimerizable-colgante-led-diseno-atomo-tres-aros-80w-dimerizable.jpg,1,,
il-cm43,,,,,,,,,,,,,,https://f.fcdn.app/imgs/584a2c/tienda.iluminica.com/ilumuy/dddf/original/catalogo/CM43_CM43_2/1024-1024/colgante-led-diseno-atomo-tres-aros-80w-dimerizable-colgante-led-diseno-atomo-tres-aros-80w-dimerizable.jpg,2,,
il-cm43,,,,,,,,,,,,,,https://f.fcdn.app/imgs/312dff/tienda.iluminica.com/ilumuy/917f/original/catalogo/CM43_CM43_3/1024-1024/colgante-led-diseno-atomo-tres-aros-80w-dimerizable-colgante-led-diseno-atomo-tres-aros-80w-dimerizable.jpg,3,,
il-cm43,,,,,,,,,,,,,,https://f.fcdn.app/imgs/ce3263/tienda.iluminica.com/ilumuy/c831/original/catalogo/CM43_CM43_4/1024-1024/colgante-led-diseno-atomo-tres-aros-80w-dimerizable-colgante-led-diseno-atomo-tres-aros-80w-dimerizable.jpg,4,,
il-cm43,,,,,,,,,,,,,,https://f.fcdn.app/imgs/4bac5a/tienda.iluminica.com/ilumuy/4276/original/catalogo/CM43_CM43_5/1024-1024/colgante-led-diseno-atomo-tres-aros-80w-dimerizable-colgante-led-diseno-atomo-tres-aros-80w-dimerizable.jpg,5,,
il-cm44,Colgante led 2 Fajas de anillos- 60W Dimerizable,Colgante led 2 Fajas de anillos- 60W Dimerizable,Chiaro,Iluminación,"Colgantes, Chiaro, stock-verificado",TRUE,Color,Colgante led 2 Fajas de anillos- 60W Dimerizable,CM 44::U,12983.00,,10,deny,https://f.fcdn.app/imgs/19e064/tienda.iluminica.com/ilumuy/17f9/original/catalogo/CM44_CM44_1/1024-1024/colgante-led-2-fajas-de-anillos-60w-dimerizable-colgante-led-2-fajas-de-anillos-60w-dimerizable.jpg,1,,
il-cm44,,,,,,,,,,,,,,https://f.fcdn.app/imgs/f211ec/tienda.iluminica.com/ilumuy/ef14/original/catalogo/CM44_CM44_2/1024-1024/colgante-led-2-fajas-de-anillos-60w-dimerizable-colgante-led-2-fajas-de-anillos-60w-dimerizable.jpg,2,,
il-cm44,,,,,,,,,,,,,,https://f.fcdn.app/imgs/c362c0/tienda.iluminica.com/ilumuy/e3d9/original/catalogo/CM44_CM44_3/1024-1024/colgante-led-2-fajas-de-anillos-60w-dimerizable-colgante-led-2-fajas-de-anillos-60w-dimerizable.jpg,3,,
il-cm44,,,,,,,,,,,,,,https://f.fcdn.app/imgs/1979d8/tienda.iluminica.com/ilumuy/9bc9/original/catalogo/CM44_CM44_4/1024-1024/colgante-led-2-fajas-de-anillos-60w-dimerizable-colgante-led-2-fajas-de-anillos-60w-dimerizable.jpg,4,,
il-cm44,,,,,,,,,,,,,,https://f.fcdn.app/imgs/c6d364/tienda.iluminica.com/ilumuy/bcee/original/catalogo/CM44_CM44_5/1024-1024/colgante-led-2-fajas-de-anillos-60w-dimerizable-colgante-led-2-fajas-de-anillos-60w-dimerizable.jpg,5,,
il-cm45,Colgante Led doble anillo negra y dorada 56W Dimerizable,Colgante Led doble anillo negra y dorada 56W Dimerizable,Chiaro,Iluminación,"Colgantes, Chiaro, stock-verificado",TRUE,Color,Colgante Led doble anillo negra y dorada 56W Dimerizable,CM 45::U,12664.00,,10,deny,https://f.fcdn.app/imgs/a892d9/tienda.iluminica.com/ilumuy/8246/original/catalogo/CM45_CM45_1/1024-1024/colgante-led-doble-anillo-negra-y-dorada-56w-dimerizable-colgante-led-doble-anillo-negra-y-dorada-56w-dimerizable.jpg,1,,
il-cm45,,,,,,,,,,,,,,https://f.fcdn.app/imgs/af8238/tienda.iluminica.com/ilumuy/df09/original/catalogo/CM45_CM45_2/1024-1024/colgante-led-doble-anillo-negra-y-dorada-56w-dimerizable-colgante-led-doble-anillo-negra-y-dorada-56w-dimerizable.jpg,2,,
il-cm45,,,,,,,,,,,,,,https://f.fcdn.app/imgs/829e62/tienda.iluminica.com/ilumuy/0811/original/catalogo/CM45_CM45_3/1024-1024/colgante-led-doble-anillo-negra-y-dorada-56w-dimerizable-colgante-led-doble-anillo-negra-y-dorada-56w-dimerizable.jpg,3,,
il-cm45,,,,,,,,,,,,,,https://f.fcdn.app/imgs/342350/tienda.iluminica.com/ilumuy/658e/original/catalogo/CM45_CM45_4/1024-1024/colgante-led-doble-anillo-negra-y-dorada-56w-dimerizable-colgante-led-doble-anillo-negra-y-dorada-56w-dimerizable.jpg,4,,
il-cm45,,,,,,,,,,,,,,https://f.fcdn.app/imgs/fce367/tienda.iluminica.com/ilumuy/ebd3/original/catalogo/CM45_CM45_5/1024-1024/colgante-led-doble-anillo-negra-y-dorada-56w-dimerizable-colgante-led-doble-anillo-negra-y-dorada-56w-dimerizable.jpg,5,,
il-cm46,Colgante Led circular anillo suspendido y spots 40W Dimerizable,Colgante Led circular anillo suspendido y spots 40W Dimerizable,Chiaro,Iluminación,"Colgantes, Chiaro, stock-verificado",TRUE,Color,Colgante Led circular anillo suspendido y spots 40W Dimerizable,CM 46::U,9304.00,13292.00,10,deny,https://f.fcdn.app/imgs/e9d66a/tienda.iluminica.com/ilumuy/6ae2/original/catalogo/CM46_CM46_1/1024-1024/colgante-led-circular-anillo-suspendido-y-spots-40w-dimerizable-colgante-led-circular-anillo-suspendido-y-spots-40w-dimerizable.jpg,1,,
il-cm46,,,,,,,,,,,,,,https://f.fcdn.app/imgs/995104/tienda.iluminica.com/ilumuy/66a8/original/catalogo/CM46_CM46_2/1024-1024/colgante-led-circular-anillo-suspendido-y-spots-40w-dimerizable-colgante-led-circular-anillo-suspendido-y-spots-40w-dimerizable.jpg,2,,
il-cm46,,,,,,,,,,,,,,https://f.fcdn.app/imgs/158a71/tienda.iluminica.com/ilumuy/ee97/original/catalogo/CM46_CM46_3/1024-1024/colgante-led-circular-anillo-suspendido-y-spots-40w-dimerizable-colgante-led-circular-anillo-suspendido-y-spots-40w-dimerizable.jpg,3,,
il-cm46,,,,,,,,,,,,,,https://f.fcdn.app/imgs/5b6666/tienda.iluminica.com/ilumuy/35e4/original/catalogo/CM46_CM46_4/1024-1024/colgante-led-circular-anillo-suspendido-y-spots-40w-dimerizable-colgante-led-circular-anillo-suspendido-y-spots-40w-dimerizable.jpg,4,,
il-cm46,,,,,,,,,,,,,,https://f.fcdn.app/imgs/f9505c/tienda.iluminica.com/ilumuy/d2e4/original/catalogo/CM46_CM46_5/1024-1024/colgante-led-circular-anillo-suspendido-y-spots-40w-dimerizable-colgante-led-circular-anillo-suspendido-y-spots-40w-dimerizable.jpg,5,,
il-cm57,Colgante Led lineal doble color negro 40w Dimerizable,Colgante Led lineal doble color negro 40w Dimerizable,Chiaro,Iluminación,"Colgantes, Chiaro, stock-verificado",TRUE,Color,Colgante Led lineal doble color negro 40w Dimerizable,CM 57::U,7588.00,,10,deny,https://f.fcdn.app/imgs/8d6a41/tienda.iluminica.com/ilumuy/b75d/original/catalogo/CM57_CM57_1/1024-1024/colgante-led-lineal-doble-color-negro-40w-dimerizable-colgante-led-lineal-doble-color-negro-40w-dimerizable.jpg,1,,
il-cm57,,,,,,,,,,,,,,https://f.fcdn.app/imgs/44902d/tienda.iluminica.com/ilumuy/fd07/original/catalogo/CM57_CM57_2/1024-1024/colgante-led-lineal-doble-color-negro-40w-dimerizable-colgante-led-lineal-doble-color-negro-40w-dimerizable.jpg,2,,
il-cm57,,,,,,,,,,,,,,https://f.fcdn.app/imgs/ea7f8c/tienda.iluminica.com/ilumuy/ea49/original/catalogo/CM57_CM57_3/1024-1024/colgante-led-lineal-doble-color-negro-40w-dimerizable-colgante-led-lineal-doble-color-negro-40w-dimerizable.jpg,3,,
il-cm57,,,,,,,,,,,,,,https://f.fcdn.app/imgs/8c5682/tienda.iluminica.com/ilumuy/47bd/original/catalogo/CM57_CM57_4/1024-1024/colgante-led-lineal-doble-color-negro-40w-dimerizable-colgante-led-lineal-doble-color-negro-40w-dimerizable.jpg,4,,
il-cm57,,,,,,,,,,,,,,https://f.fcdn.app/imgs/f0eae4/tienda.iluminica.com/ilumuy/ccf1/original/catalogo/CM57_CM57_5/1024-1024/colgante-led-lineal-doble-color-negro-40w-dimerizable-colgante-led-lineal-doble-color-negro-40w-dimerizable.jpg,5,,
il-cm58,Colgante led lineal doble color blanco 36w Dimerizable,Colgante led lineal doble color blanco 36w Dimerizable,Chiaro,Iluminación,"Colgantes, Chiaro, stock-verificado",TRUE,Color,Colgante led lineal doble color blanco 36w Dimerizable,CM 58::U,6172.00,,10,deny,https://f.fcdn.app/imgs/1bf2dc/tienda.iluminica.com/ilumuy/788e/original/catalogo/CM58_CM58_1/1024-1024/colgante-led-lineal-doble-color-blanco-36w-dimerizable-colgante-led-lineal-doble-color-blanco-36w-dimerizable.jpg,1,,
il-cm58,,,,,,,,,,,,,,https://f.fcdn.app/imgs/bdc684/tienda.iluminica.com/ilumuy/7d73/original/catalogo/CM58_CM58_2/1024-1024/colgante-led-lineal-doble-color-blanco-36w-dimerizable-colgante-led-lineal-doble-color-blanco-36w-dimerizable.jpg,2,,
il-cm58,,,,,,,,,,,,,,https://f.fcdn.app/imgs/bfda0d/tienda.iluminica.com/ilumuy/7491/original/catalogo/CM58_CM58_3/1024-1024/colgante-led-lineal-doble-color-blanco-36w-dimerizable-colgante-led-lineal-doble-color-blanco-36w-dimerizable.jpg,3,,
il-cm58,,,,,,,,,,,,,,https://f.fcdn.app/imgs/ffa247/tienda.iluminica.com/ilumuy/d5f4/original/catalogo/CM58_CM58_4/1024-1024/colgante-led-lineal-doble-color-blanco-36w-dimerizable-colgante-led-lineal-doble-color-blanco-36w-dimerizable.jpg,4,,
il-cm58,,,,,,,,,,,,,,https://f.fcdn.app/imgs/2a0b67/tienda.iluminica.com/ilumuy/0cac/original/catalogo/CM58_CM58_5/1024-1024/colgante-led-lineal-doble-color-blanco-36w-dimerizable-colgante-led-lineal-doble-color-blanco-36w-dimerizable.jpg,5,,
il-cm32,Aplique Led doble cilindro efecto agua 12W,Aplique Led doble cilindro efecto agua 12W,Chiaro,Iluminación,"Apliques, Chiaro, stock-verificado",TRUE,Color,Aplique Led doble cilindro efecto agua 12W,CM 32::U,2033.00,2905.00,10,deny,https://f.fcdn.app/imgs/e1e01e/tienda.iluminica.com/ilumuy/fc61/original/catalogo/CM32_CM32_1/1024-1024/aplique-led-doble-cilindro-efecto-agua-12w-aplique-led-doble-cilindro-efecto-agua-12w.jpg,1,,
il-cm32,,,,,,,,,,,,,,https://f.fcdn.app/imgs/2aece9/tienda.iluminica.com/ilumuy/0f07/original/catalogo/CM32_CM32_2/1024-1024/aplique-led-doble-cilindro-efecto-agua-12w-aplique-led-doble-cilindro-efecto-agua-12w.jpg,2,,
il-cm32,,,,,,,,,,,,,,https://f.fcdn.app/imgs/31daf6/tienda.iluminica.com/ilumuy/669d/original/catalogo/CM32_CM32_3/1024-1024/aplique-led-doble-cilindro-efecto-agua-12w-aplique-led-doble-cilindro-efecto-agua-12w.jpg,3,,
il-cm32,,,,,,,,,,,,,,https://f.fcdn.app/imgs/f3c33a/tienda.iluminica.com/ilumuy/ddfa/original/catalogo/CM32_CM32_4/1024-1024/aplique-led-doble-cilindro-efecto-agua-12w-aplique-led-doble-cilindro-efecto-agua-12w.jpg,4,,
il-cm32,,,,,,,,,,,,,,https://f.fcdn.app/imgs/3428ee/tienda.iluminica.com/ilumuy/31cf/original/catalogo/CM32_CM32_5/1024-1024/aplique-led-doble-cilindro-efecto-agua-12w-aplique-led-doble-cilindro-efecto-agua-12w.jpg,5,,
il-cm47,Plafon Spot Led doble marco dimerizable 30W,Plafon Spot Led doble marco dimerizable 30W,Chiaro,Iluminación,"Plafones, Chiaro, stock-verificado",TRUE,Color,Blanco,CM 47:B:U,6587.00,,10,deny,https://f.fcdn.app/imgs/d803e6/tienda.iluminica.com/ilumuy/0022/original/catalogo/CM47_B_1/1024-1024/plafon-spot-led-doble-marco-dimerizable-30w-blanco.jpg,1,,
il-cm47,,,,,,,,Negro,CM 47:N:U,6587.00,,10,deny,,,,
il-cm47,,,,,,,,,,,,,,https://f.fcdn.app/imgs/073536/tienda.iluminica.com/ilumuy/00c2/original/catalogo/CM47_B_2/1024-1024/plafon-spot-led-doble-marco-dimerizable-30w-blanco.jpg,2,,
il-cm47,,,,,,,,,,,,,,https://f.fcdn.app/imgs/cce9ac/tienda.iluminica.com/ilumuy/bed4/original/catalogo/CM47_B_3/1024-1024/plafon-spot-led-doble-marco-dimerizable-30w-blanco.jpg,3,,
il-cm47,,,,,,,,,,,,,,https://f.fcdn.app/imgs/70244e/tienda.iluminica.com/ilumuy/266f/original/catalogo/CM47_B_4/1024-1024/plafon-spot-led-doble-marco-dimerizable-30w-blanco.jpg,4,,
il-cm47,,,,,,,,,,,,,,https://f.fcdn.app/imgs/008ffd/tienda.iluminica.com/ilumuy/e977/original/catalogo/CM47_B_5/1024-1024/plafon-spot-led-doble-marco-dimerizable-30w-blanco.jpg,5,,
il-cm47,,,,,,,,,,,,,,https://f.fcdn.app/imgs/d3d8a3/tienda.iluminica.com/ilumuy/6af3/original/catalogo/CM47_N_1/1024-1024/plafon-spot-led-doble-marco-dimerizable-30w-negro.jpg,6,,
il-cm47,,,,,,,,,,,,,,https://f.fcdn.app/imgs/a7fb8a/tienda.iluminica.com/ilumuy/ac94/original/catalogo/CM47_N_2/1024-1024/plafon-spot-led-doble-marco-dimerizable-30w-negro.jpg,7,,
il-cm47,,,,,,,,,,,,,,https://f.fcdn.app/imgs/8cbfa5/tienda.iluminica.com/ilumuy/315f/original/catalogo/CM47_N_3/1024-1024/plafon-spot-led-doble-marco-dimerizable-30w-negro.jpg,8,,
il-cm47,,,,,,,,,,,,,,https://f.fcdn.app/imgs/95b8c3/tienda.iluminica.com/ilumuy/5c52/original/catalogo/CM47_N_4/1024-1024/plafon-spot-led-doble-marco-dimerizable-30w-negro.jpg,9,,
il-cm47,,,,,,,,,,,,,,https://f.fcdn.app/imgs/1b95e0/tienda.iluminica.com/ilumuy/fe42/original/catalogo/CM47_N_5/1024-1024/plafon-spot-led-doble-marco-dimerizable-30w-negro.jpg,10,,
il-cm48,"Plafón LED Diseño anillo multi luz negro, Dimerizable 32W 60CM","Plafón LED Diseño anillo multi luz negro, Dimerizable 32W 60CM",Chiaro,Iluminación,"Plafones, Chiaro, stock-verificado",TRUE,Color,"Plafón LED Diseño anillo multi luz negro, Dimerizable 32W 60CM",CM 48::U,8082.00,11546.00,10,deny,https://f.fcdn.app/imgs/0cd7a2/tienda.iluminica.com/ilumuy/1654/original/catalogo/CM48_CM48_1/1024-1024/plafon-led-diseno-anillo-multi-luz-negro-dimerizable-32w-60cm-plafon-led-diseno-anillo-multi-luz-negro-dimerizable-32w-60cm.jpg,1,,
il-cm48,,,,,,,,,,,,,,https://f.fcdn.app/imgs/83e0d9/tienda.iluminica.com/ilumuy/7ede/original/catalogo/CM48_CM48_2/1024-1024/plafon-led-diseno-anillo-multi-luz-negro-dimerizable-32w-60cm-plafon-led-diseno-anillo-multi-luz-negro-dimerizable-32w-60cm.jpg,2,,
il-cm48,,,,,,,,,,,,,,https://f.fcdn.app/imgs/cfb92d/tienda.iluminica.com/ilumuy/d8fa/original/catalogo/CM48_CM48_3/1024-1024/plafon-led-diseno-anillo-multi-luz-negro-dimerizable-32w-60cm-plafon-led-diseno-anillo-multi-luz-negro-dimerizable-32w-60cm.jpg,3,,
il-cm48,,,,,,,,,,,,,,https://f.fcdn.app/imgs/88ebf2/tienda.iluminica.com/ilumuy/4036/original/catalogo/CM48_CM48_4/1024-1024/plafon-led-diseno-anillo-multi-luz-negro-dimerizable-32w-60cm-plafon-led-diseno-anillo-multi-luz-negro-dimerizable-32w-60cm.jpg,4,,
il-cm48,,,,,,,,,,,,,,https://f.fcdn.app/imgs/242c22/tienda.iluminica.com/ilumuy/bc69/original/catalogo/CM48_CM48_5/1024-1024/plafon-led-diseno-anillo-multi-luz-negro-dimerizable-32w-60cm-plafon-led-diseno-anillo-multi-luz-negro-dimerizable-32w-60cm.jpg,5,,
il-cm49,Plafón Led diseño cinco anillos blanco 50W Dimerizable,Plafón Led diseño cinco anillos blanco 50W Dimerizable,Chiaro,Iluminación,"Plafones, Chiaro, stock-verificado",TRUE,Color,Plafón Led diseño cinco anillos blanco 50W Dimerizable,CM 49::U,10291.00,,10,deny,https://f.fcdn.app/imgs/bc1a94/tienda.iluminica.com/ilumuy/21f7/original/catalogo/CM49_CM49_1/1024-1024/plafon-led-diseno-cinco-anillos-blanco-50w-dimerizable-plafon-led-diseno-cinco-anillos-blanco-50w-dimerizable.jpg,1,,
il-cm49,,,,,,,,,,,,,,https://f.fcdn.app/imgs/0f2994/tienda.iluminica.com/ilumuy/5960/original/catalogo/CM49_CM49_2/1024-1024/plafon-led-diseno-cinco-anillos-blanco-50w-dimerizable-plafon-led-diseno-cinco-anillos-blanco-50w-dimerizable.jpg,2,,
il-cm49,,,,,,,,,,,,,,https://f.fcdn.app/imgs/315023/tienda.iluminica.com/ilumuy/e61b/original/catalogo/CM49_CM49_3/1024-1024/plafon-led-diseno-cinco-anillos-blanco-50w-dimerizable-plafon-led-diseno-cinco-anillos-blanco-50w-dimerizable.jpg,3,,
il-cm49,,,,,,,,,,,,,,https://f.fcdn.app/imgs/612790/tienda.iluminica.com/ilumuy/c560/original/catalogo/CM49_CM49_4/1024-1024/plafon-led-diseno-cinco-anillos-blanco-50w-dimerizable-plafon-led-diseno-cinco-anillos-blanco-50w-dimerizable.jpg,4,,
il-cm49,,,,,,,,,,,,,,https://f.fcdn.app/imgs/52f716/tienda.iluminica.com/ilumuy/60ef/original/catalogo/CM49_CM49_5/1024-1024/plafon-led-diseno-cinco-anillos-blanco-50w-dimerizable-plafon-led-diseno-cinco-anillos-blanco-50w-dimerizable.jpg,5,,
il-cm60,Aplique led de pared doble cubo indirecto 18W,Aplique led de pared doble cubo indirecto 18W,Chiaro,Iluminación,"Apliques, Chiaro, stock-verificado",TRUE,Color,Aplique led de pared doble cubo indirecto 18W,CM 60::U,5842.00,,10,deny,https://f.fcdn.app/imgs/25e925/tienda.iluminica.com/ilumuy/996e/original/catalogo/CM60_CM60_1/1024-1024/aplique-led-de-pared-doble-cubo-indirecto-18w-aplique-led-de-pared-doble-cubo-indirecto-18w.jpg,1,,
il-cm60,,,,,,,,,,,,,,https://f.fcdn.app/imgs/642c9d/tienda.iluminica.com/ilumuy/7d50/original/catalogo/CM60_CM60_2/1024-1024/aplique-led-de-pared-doble-cubo-indirecto-18w-aplique-led-de-pared-doble-cubo-indirecto-18w.jpg,2,,
il-cm60,,,,,,,,,,,,,,https://f.fcdn.app/imgs/8e3345/tienda.iluminica.com/ilumuy/9b10/original/catalogo/CM60_CM60_3/1024-1024/aplique-led-de-pared-doble-cubo-indirecto-18w-aplique-led-de-pared-doble-cubo-indirecto-18w.jpg,3,,
il-cm60,,,,,,,,,,,,,,https://f.fcdn.app/imgs/41361d/tienda.iluminica.com/ilumuy/2106/original/catalogo/CM60_CM60_4/1024-1024/aplique-led-de-pared-doble-cubo-indirecto-18w-aplique-led-de-pared-doble-cubo-indirecto-18w.jpg,4,,
il-cm60,,,,,,,,,,,,,,https://f.fcdn.app/imgs/abf5f3/tienda.iluminica.com/ilumuy/ee1c/original/catalogo/CM60_CM60_5/1024-1024/aplique-led-de-pared-doble-cubo-indirecto-18w-aplique-led-de-pared-doble-cubo-indirecto-18w.jpg,5,,
il-cm63,Aplique Led bocha dorada luz flotante 5W,Aplique Led bocha dorada luz flotante 5W,Chiaro,Iluminación,"Apliques, Chiaro, stock-verificado",TRUE,Color,Aplique Led bocha dorada luz flotante 5W,CM 63::U,3139.00,,10,deny,https://f.fcdn.app/imgs/1ae1ff/tienda.iluminica.com/ilumuy/4a81/original/catalogo/CM63_CM63_1/1024-1024/aplique-led-bocha-dorada-luz-flotante-5w-aplique-led-bocha-dorada-luz-flotante-5w.jpg,1,,
il-cm63,,,,,,,,,,,,,,https://f.fcdn.app/imgs/679269/tienda.iluminica.com/ilumuy/c3df/original/catalogo/CM63_CM63_2/1024-1024/aplique-led-bocha-dorada-luz-flotante-5w-aplique-led-bocha-dorada-luz-flotante-5w.jpg,2,,
il-cm63,,,,,,,,,,,,,,https://f.fcdn.app/imgs/2a8dec/tienda.iluminica.com/ilumuy/9a0c/original/catalogo/CM63_CM63_3/1024-1024/aplique-led-bocha-dorada-luz-flotante-5w-aplique-led-bocha-dorada-luz-flotante-5w.jpg,3,,
il-cm63,,,,,,,,,,,,,,https://f.fcdn.app/imgs/6fa368/tienda.iluminica.com/ilumuy/2605/original/catalogo/CM63_CM63_4/1024-1024/aplique-led-bocha-dorada-luz-flotante-5w-aplique-led-bocha-dorada-luz-flotante-5w.jpg,4,,
il-cm63,,,,,,,,,,,,,,https://f.fcdn.app/imgs/759407/tienda.iluminica.com/ilumuy/2953/original/catalogo/CM63_CM63_5/1024-1024/aplique-led-bocha-dorada-luz-flotante-5w-aplique-led-bocha-dorada-luz-flotante-5w.jpg,5,,
il-cm41,Aplique Led minimalista Diseño doble L 20W Cálido,Aplique Led minimalista Diseño doble L 20W Cálido,Chiaro,Iluminación,"Apliques, Chiaro, stock-verificado",TRUE,Color,BLANCO,-CM 41:B:U,4246.00,,10,deny,https://f.fcdn.app/imgs/95ba41/tienda.iluminica.com/ilumuy/9a97/original/catalogo/-CM41_B_1/1024-1024/aplique-led-minimalista-diseno-doble-l-20w-calido-blanco.jpg,1,,
il-cm41,,,,,,,,NEGRO,-CM 41:N:U,4246.00,,10,deny,,,,
il-cm41,,,,,,,,,,,,,,https://f.fcdn.app/imgs/bb6a1a/tienda.iluminica.com/ilumuy/05b2/original/catalogo/-CM41_B_2/1024-1024/aplique-led-minimalista-diseno-doble-l-20w-calido-blanco.jpg,2,,
il-cm41,,,,,,,,,,,,,,https://f.fcdn.app/imgs/da6ee0/tienda.iluminica.com/ilumuy/aee2/original/catalogo/-CM41_B_3/1024-1024/aplique-led-minimalista-diseno-doble-l-20w-calido-blanco.jpg,3,,
il-cm41,,,,,,,,,,,,,,https://f.fcdn.app/imgs/711b0f/tienda.iluminica.com/ilumuy/d77a/original/catalogo/-CM41_B_4/1024-1024/aplique-led-minimalista-diseno-doble-l-20w-calido-blanco.jpg,4,,
il-cm41,,,,,,,,,,,,,,https://f.fcdn.app/imgs/8f54d1/tienda.iluminica.com/ilumuy/3e41/original/catalogo/-CM41_B_5/1024-1024/aplique-led-minimalista-diseno-doble-l-20w-calido-blanco.jpg,5,,
il-cm41,,,,,,,,,,,,,,https://f.fcdn.app/imgs/fc080d/tienda.iluminica.com/ilumuy/9953/original/catalogo/-CM41_N_1/1024-1024/aplique-led-minimalista-diseno-doble-l-20w-calido-negro.jpg,6,,
il-cm41,,,,,,,,,,,,,,https://f.fcdn.app/imgs/f5411f/tienda.iluminica.com/ilumuy/9e6b/original/catalogo/-CM41_N_2/1024-1024/aplique-led-minimalista-diseno-doble-l-20w-calido-negro.jpg,7,,
il-cm41,,,,,,,,,,,,,,https://f.fcdn.app/imgs/3c1fee/tienda.iluminica.com/ilumuy/a96b/original/catalogo/-CM41_N_3/1024-1024/aplique-led-minimalista-diseno-doble-l-20w-calido-negro.jpg,8,,
il-cm41,,,,,,,,,,,,,,https://f.fcdn.app/imgs/eaeccb/tienda.iluminica.com/ilumuy/7ffc/original/catalogo/-CM41_N_4/1024-1024/aplique-led-minimalista-diseno-doble-l-20w-calido-negro.jpg,9,,
il-cm41,,,,,,,,,,,,,,https://f.fcdn.app/imgs/ed596a/tienda.iluminica.com/ilumuy/0a09/original/catalogo/-CM41_N_5/1024-1024/aplique-led-minimalista-diseno-doble-l-20w-calido-negro.jpg,10,,
il-cm33,Aplique Led triple cilindro efecto agua 18W,Aplique Led triple cilindro efecto agua 18W,Chiaro,Iluminación,"Apliques, Chiaro, stock-verificado",TRUE,Color,Aplique Led triple cilindro efecto agua 18W,CM 33::U,2308.00,3299.00,10,deny,https://f.fcdn.app/imgs/f8edcc/tienda.iluminica.com/ilumuy/31cc/original/catalogo/CM33_CM33_1/1024-1024/aplique-led-triple-cilindro-efecto-agua-18w-aplique-led-triple-cilindro-efecto-agua-18w.jpg,1,,
il-cm33,,,,,,,,,,,,,,https://f.fcdn.app/imgs/c0af13/tienda.iluminica.com/ilumuy/c0d5/original/catalogo/CM33_CM33_2/1024-1024/aplique-led-triple-cilindro-efecto-agua-18w-aplique-led-triple-cilindro-efecto-agua-18w.jpg,2,,
il-cm33,,,,,,,,,,,,,,https://f.fcdn.app/imgs/e74bb6/tienda.iluminica.com/ilumuy/9ee2/original/catalogo/CM33_CM33_3/1024-1024/aplique-led-triple-cilindro-efecto-agua-18w-aplique-led-triple-cilindro-efecto-agua-18w.jpg,3,,
il-cm33,,,,,,,,,,,,,,https://f.fcdn.app/imgs/bcb153/tienda.iluminica.com/ilumuy/4c9e/original/catalogo/CM33_CM33_4/1024-1024/aplique-led-triple-cilindro-efecto-agua-18w-aplique-led-triple-cilindro-efecto-agua-18w.jpg,4,,
il-cm33,,,,,,,,,,,,,,https://f.fcdn.app/imgs/f3dad2/tienda.iluminica.com/ilumuy/4618/original/catalogo/CM33_CM33_5/1024-1024/aplique-led-triple-cilindro-efecto-agua-18w-aplique-led-triple-cilindro-efecto-agua-18w.jpg,5,,
il-cm34,Aplique Led Oval luz indirecta 20W,Aplique Led Oval luz indirecta 20W,Chiaro,Iluminación,"Apliques, Chiaro, stock-verificado",TRUE,Color,Blanco,CM34:B:U,3182.00,,10,deny,https://f.fcdn.app/imgs/fa2d95/tienda.iluminica.com/ilumuy/d7b8/original/catalogo/CM34_B_1/1024-1024/aplique-led-oval-luz-indirecta-20w-blanco.jpg,1,,
il-cm34,,,,,,,,Negro,CM34:N:U,3182.00,,10,deny,,,,
il-cm34,,,,,,,,,,,,,,https://f.fcdn.app/imgs/0c7a24/tienda.iluminica.com/ilumuy/6f47/original/catalogo/CM34_B_2/1024-1024/aplique-led-oval-luz-indirecta-20w-blanco.jpg,2,,
il-cm34,,,,,,,,,,,,,,https://f.fcdn.app/imgs/c7b849/tienda.iluminica.com/ilumuy/957c/original/catalogo/CM34_B_3/1024-1024/aplique-led-oval-luz-indirecta-20w-blanco.jpg,3,,
il-cm34,,,,,,,,,,,,,,https://f.fcdn.app/imgs/2d6beb/tienda.iluminica.com/ilumuy/c73a/original/catalogo/CM34_B_4/1024-1024/aplique-led-oval-luz-indirecta-20w-blanco.jpg,4,,
il-cm34,,,,,,,,,,,,,,https://f.fcdn.app/imgs/e6d5e1/tienda.iluminica.com/ilumuy/7e84/original/catalogo/CM34_B_5/1024-1024/aplique-led-oval-luz-indirecta-20w-blanco.jpg,5,,
il-cm34,,,,,,,,,,,,,,https://f.fcdn.app/imgs/258e95/tienda.iluminica.com/ilumuy/f37a/original/catalogo/CM34_N_1/1024-1024/aplique-led-oval-luz-indirecta-20w-negro.jpg,6,,
il-cm34,,,,,,,,,,,,,,https://f.fcdn.app/imgs/f22891/tienda.iluminica.com/ilumuy/5a60/original/catalogo/CM34_N_2/1024-1024/aplique-led-oval-luz-indirecta-20w-negro.jpg,7,,
il-cm34,,,,,,,,,,,,,,https://f.fcdn.app/imgs/b964a6/tienda.iluminica.com/ilumuy/86b4/original/catalogo/CM34_N_3/1024-1024/aplique-led-oval-luz-indirecta-20w-negro.jpg,8,,
il-cm34,,,,,,,,,,,,,,https://f.fcdn.app/imgs/98e19c/tienda.iluminica.com/ilumuy/5728/original/catalogo/CM34_N_4/1024-1024/aplique-led-oval-luz-indirecta-20w-negro.jpg,9,,
il-cm34,,,,,,,,,,,,,,https://f.fcdn.app/imgs/b2c32d/tienda.iluminica.com/ilumuy/9d5a/original/catalogo/CM34_N_5/1024-1024/aplique-led-oval-luz-indirecta-20w-negro.jpg,10,,
il-cm35,Aplique led circular luz indirecta 9w,Aplique led circular luz indirecta 9w,Chiaro,Iluminación,"Apliques, Chiaro, stock-verificado",TRUE,Color,BLANCO,CM 35:B:U,2352.00,,10,deny,https://f.fcdn.app/imgs/e0494b/tienda.iluminica.com/ilumuy/f2f3/original/catalogo/CM35_B_1/1024-1024/aplique-led-circular-luz-indirecta-9w-blanco.jpg,1,,
il-cm35,,,,,,,,NEGRO,CM 35:N:U,2352.00,,10,deny,,,,
il-cm35,,,,,,,,,,,,,,https://f.fcdn.app/imgs/a10703/tienda.iluminica.com/ilumuy/62df/original/catalogo/CM35_B_2/1024-1024/aplique-led-circular-luz-indirecta-9w-blanco.jpg,2,,
il-cm35,,,,,,,,,,,,,,https://f.fcdn.app/imgs/e95e08/tienda.iluminica.com/ilumuy/6179/original/catalogo/CM35_B_3/1024-1024/aplique-led-circular-luz-indirecta-9w-blanco.jpg,3,,
il-cm35,,,,,,,,,,,,,,https://f.fcdn.app/imgs/fd0966/tienda.iluminica.com/ilumuy/d8a2/original/catalogo/CM35_B_4/1024-1024/aplique-led-circular-luz-indirecta-9w-blanco.jpg,4,,
il-cm35,,,,,,,,,,,,,,https://f.fcdn.app/imgs/e48b2c/tienda.iluminica.com/ilumuy/d706/original/catalogo/CM35_B_5/1024-1024/aplique-led-circular-luz-indirecta-9w-blanco.jpg,5,,
il-cm35,,,,,,,,,,,,,,https://f.fcdn.app/imgs/e0befc/tienda.iluminica.com/ilumuy/5619/original/catalogo/CM35_N_1/1024-1024/aplique-led-circular-luz-indirecta-9w-negro.jpg,6,,
il-cm35,,,,,,,,,,,,,,https://f.fcdn.app/imgs/c7137b/tienda.iluminica.com/ilumuy/979d/original/catalogo/CM35_N_2/1024-1024/aplique-led-circular-luz-indirecta-9w-negro.jpg,7,,
il-cm35,,,,,,,,,,,,,,https://f.fcdn.app/imgs/4110f8/tienda.iluminica.com/ilumuy/f096/original/catalogo/CM35_N_3/1024-1024/aplique-led-circular-luz-indirecta-9w-negro.jpg,8,,
il-cm35,,,,,,,,,,,,,,https://f.fcdn.app/imgs/679c89/tienda.iluminica.com/ilumuy/314c/original/catalogo/CM35_N_4/1024-1024/aplique-led-circular-luz-indirecta-9w-negro.jpg,9,,
il-cm35,,,,,,,,,,,,,,https://f.fcdn.app/imgs/cca541/tienda.iluminica.com/ilumuy/4304/original/catalogo/CM35_N_5/1024-1024/aplique-led-circular-luz-indirecta-9w-negro.jpg,10,,
il-cm37,Aplique Led Diseño Doble Varal cruzado 12W Luz cálida,Aplique Led Diseño Doble Varal cruzado 12W Luz cálida,Chiaro,Iluminación,"Apliques, Chiaro, stock-verificado",TRUE,Color,BLANCO,CM 37:B:U,2650.00,,10,deny,https://f.fcdn.app/imgs/cf5b08/tienda.iluminica.com/ilumuy/965a/original/catalogo/CM37_B_1/1024-1024/aplique-led-diseno-doble-varal-cruzado-12w-luz-calida-blanco.jpg,1,,
il-cm37,,,,,,,,NEGRO,CM 37:N:U,2650.00,,10,deny,,,,
il-cm37,,,,,,,,,,,,,,https://f.fcdn.app/imgs/328306/tienda.iluminica.com/ilumuy/29aa/original/catalogo/CM37_B_2/1024-1024/aplique-led-diseno-doble-varal-cruzado-12w-luz-calida-blanco.jpg,2,,
il-cm37,,,,,,,,,,,,,,https://f.fcdn.app/imgs/4b73e2/tienda.iluminica.com/ilumuy/98d4/original/catalogo/CM37_B_3/1024-1024/aplique-led-diseno-doble-varal-cruzado-12w-luz-calida-blanco.jpg,3,,
il-cm37,,,,,,,,,,,,,,https://f.fcdn.app/imgs/77da9c/tienda.iluminica.com/ilumuy/03fe/original/catalogo/CM37_B_4/1024-1024/aplique-led-diseno-doble-varal-cruzado-12w-luz-calida-blanco.jpg,4,,
il-cm37,,,,,,,,,,,,,,https://f.fcdn.app/imgs/840898/tienda.iluminica.com/ilumuy/b609/original/catalogo/CM37_B_5/1024-1024/aplique-led-diseno-doble-varal-cruzado-12w-luz-calida-blanco.jpg,5,,
il-cm37,,,,,,,,,,,,,,https://f.fcdn.app/imgs/871bd9/tienda.iluminica.com/ilumuy/5751/original/catalogo/CM37_N_1/1024-1024/aplique-led-diseno-doble-varal-cruzado-12w-luz-calida-negro.jpg,6,,
il-cm37,,,,,,,,,,,,,,https://f.fcdn.app/imgs/61453d/tienda.iluminica.com/ilumuy/c841/original/catalogo/CM37_N_2/1024-1024/aplique-led-diseno-doble-varal-cruzado-12w-luz-calida-negro.jpg,7,,
il-cm37,,,,,,,,,,,,,,https://f.fcdn.app/imgs/9330cf/tienda.iluminica.com/ilumuy/2097/original/catalogo/CM37_N_3/1024-1024/aplique-led-diseno-doble-varal-cruzado-12w-luz-calida-negro.jpg,8,,
il-cm37,,,,,,,,,,,,,,https://f.fcdn.app/imgs/431679/tienda.iluminica.com/ilumuy/9fe0/original/catalogo/CM37_N_4/1024-1024/aplique-led-diseno-doble-varal-cruzado-12w-luz-calida-negro.jpg,9,,
il-cm37,,,,,,,,,,,,,,https://f.fcdn.app/imgs/ad64f3/tienda.iluminica.com/ilumuy/a622/original/catalogo/CM37_N_5/1024-1024/aplique-led-diseno-doble-varal-cruzado-12w-luz-calida-negro.jpg,10,,
il-cm39,Aplique Led doble cilindro plata efecto agua 10w,Aplique Led doble cilindro plata efecto agua 10w,Chiaro,Iluminación,"Apliques, Chiaro, stock-verificado",TRUE,Color,Aplique Led doble cilindro plata efecto agua 10w,CM 39::U,2234.00,3192.00,10,deny,https://f.fcdn.app/imgs/b865b9/tienda.iluminica.com/ilumuy/9553/original/catalogo/CM39_CM39_1/1024-1024/aplique-led-doble-cilindro-plata-efecto-agua-10w-aplique-led-doble-cilindro-plata-efecto-agua-10w.jpg,1,,
il-cm39,,,,,,,,,,,,,,https://f.fcdn.app/imgs/251cbf/tienda.iluminica.com/ilumuy/b06d/original/catalogo/CM39_CM39_2/1024-1024/aplique-led-doble-cilindro-plata-efecto-agua-10w-aplique-led-doble-cilindro-plata-efecto-agua-10w.jpg,2,,
il-cm39,,,,,,,,,,,,,,https://f.fcdn.app/imgs/a95e2a/tienda.iluminica.com/ilumuy/9283/original/catalogo/CM39_CM39_3/1024-1024/aplique-led-doble-cilindro-plata-efecto-agua-10w-aplique-led-doble-cilindro-plata-efecto-agua-10w.jpg,3,,
il-cm39,,,,,,,,,,,,,,https://f.fcdn.app/imgs/0bd8b1/tienda.iluminica.com/ilumuy/1a1c/original/catalogo/CM39_CM39_4/1024-1024/aplique-led-doble-cilindro-plata-efecto-agua-10w-aplique-led-doble-cilindro-plata-efecto-agua-10w.jpg,4,,
il-cm39,,,,,,,,,,,,,,https://f.fcdn.app/imgs/05699b/tienda.iluminica.com/ilumuy/ecec/original/catalogo/CM39_CM39_5/1024-1024/aplique-led-doble-cilindro-plata-efecto-agua-10w-aplique-led-doble-cilindro-plata-efecto-agua-10w.jpg,5,,
il-cm40,Aplique led de pared blanco efecto luz flotante 5W,Aplique led de pared blanco efecto luz flotante 5W,Chiaro,Iluminación,"Apliques, Chiaro, stock-verificado",TRUE,Color,Aplique led de pared blanco efecto luz flotante 5W,CM 40::U,2916.00,,10,deny,https://f.fcdn.app/imgs/3e3245/tienda.iluminica.com/ilumuy/85fb/original/catalogo/CM40_CM40_1/1024-1024/aplique-led-de-pared-blanco-efecto-luz-flotante-5w-aplique-led-de-pared-blanco-efecto-luz-flotante-5w.jpg,1,,
il-cm40,,,,,,,,,,,,,,https://f.fcdn.app/imgs/9653e9/tienda.iluminica.com/ilumuy/0ad3/original/catalogo/CM40_CM40_2/1024-1024/aplique-led-de-pared-blanco-efecto-luz-flotante-5w-aplique-led-de-pared-blanco-efecto-luz-flotante-5w.jpg,2,,
il-cm40,,,,,,,,,,,,,,https://f.fcdn.app/imgs/9a33c7/tienda.iluminica.com/ilumuy/2cf9/original/catalogo/CM40_CM40_3/1024-1024/aplique-led-de-pared-blanco-efecto-luz-flotante-5w-aplique-led-de-pared-blanco-efecto-luz-flotante-5w.jpg,3,,
il-cm40,,,,,,,,,,,,,,https://f.fcdn.app/imgs/1a3d2f/tienda.iluminica.com/ilumuy/bd8b/original/catalogo/CM40_CM40_4/1024-1024/aplique-led-de-pared-blanco-efecto-luz-flotante-5w-aplique-led-de-pared-blanco-efecto-luz-flotante-5w.jpg,4,,
il-cm40,,,,,,,,,,,,,,https://f.fcdn.app/imgs/2cd126/tienda.iluminica.com/ilumuy/7b7d/original/catalogo/CM40_CM40_5/1024-1024/aplique-led-de-pared-blanco-efecto-luz-flotante-5w-aplique-led-de-pared-blanco-efecto-luz-flotante-5w.jpg,5,,
il-cm62,Portátil led plegable 8w 60cm,Portátil led plegable 8w 60cm,Chiaro,Iluminación,"Portátiles, Chiaro, stock-verificado",TRUE,Color,Blanca,CM62:B:U,5207.00,7439.00,10,deny,https://f.fcdn.app/imgs/ea3d47/tienda.iluminica.com/ilumuy/fb6e/original/catalogo/CM62_B_1/1024-1024/portatil-led-plegable-8w-60cm-blanca.jpg,1,,
il-cm62,,,,,,,,Negra,CM62:N:U,5207.00,7439.00,10,deny,,,,
il-cm62,,,,,,,,,,,,,,https://f.fcdn.app/imgs/addc66/tienda.iluminica.com/ilumuy/774d/original/catalogo/CM62_B_2/1024-1024/portatil-led-plegable-8w-60cm-blanca.jpg,2,,
il-cm62,,,,,,,,,,,,,,https://f.fcdn.app/imgs/a068bd/tienda.iluminica.com/ilumuy/a427/original/catalogo/CM62_B_3/1024-1024/portatil-led-plegable-8w-60cm-blanca.jpg,3,,
il-cm62,,,,,,,,,,,,,,https://f.fcdn.app/imgs/a1f8bd/tienda.iluminica.com/ilumuy/1faf/original/catalogo/CM62_B_4/1024-1024/portatil-led-plegable-8w-60cm-blanca.jpg,4,,
il-cm62,,,,,,,,,,,,,,https://f.fcdn.app/imgs/0bb436/tienda.iluminica.com/ilumuy/f523/original/catalogo/CM62_B_5/1024-1024/portatil-led-plegable-8w-60cm-blanca.jpg,5,,
il-cm62,,,,,,,,,,,,,,https://f.fcdn.app/imgs/abd3ff/tienda.iluminica.com/ilumuy/d0aa/original/catalogo/CM62_N_1/1024-1024/portatil-led-plegable-8w-60cm-negra.jpg,6,,
il-cm62,,,,,,,,,,,,,,https://f.fcdn.app/imgs/f220fd/tienda.iluminica.com/ilumuy/092d/original/catalogo/CM62_N_2/1024-1024/portatil-led-plegable-8w-60cm-negra.jpg,7,,
il-cm62,,,,,,,,,,,,,,https://f.fcdn.app/imgs/5a242e/tienda.iluminica.com/ilumuy/8ff5/original/catalogo/CM62_N_3/1024-1024/portatil-led-plegable-8w-60cm-negra.jpg,8,,
il-cm62,,,,,,,,,,,,,,https://f.fcdn.app/imgs/b08988/tienda.iluminica.com/ilumuy/9b22/original/catalogo/CM62_N_4/1024-1024/portatil-led-plegable-8w-60cm-negra.jpg,9,,
il-cm62,,,,,,,,,,,,,,https://f.fcdn.app/imgs/67b0aa/tienda.iluminica.com/ilumuy/918d/original/catalogo/CM62_N_5/1024-1024/portatil-led-plegable-8w-60cm-negra.jpg,10,,
il-cm36-90,Luminaria Barra de led lineal 90cm negra 16w,Luminaria Barra de led lineal 90cm negra 16w,Chiaro,Iluminación,"Apliques, Chiaro, stock-verificado",TRUE,Color,Luminaria Barra de led lineal 90cm negra 16w,CM 36-90::U,3076.00,,10,deny,https://f.fcdn.app/imgs/600feb/tienda.iluminica.com/ilumuy/8c19/original/catalogo/CM36-90_CM36-90_1/1024-1024/luminaria-barra-de-led-lineal-90cm-negra-16w-luminaria-barra-de-led-lineal-90cm-negra-16w.jpg,1,,
il-cm36-90,,,,,,,,,,,,,,https://f.fcdn.app/imgs/51a381/tienda.iluminica.com/ilumuy/2350/original/catalogo/CM36-90_CM36-90_2/1024-1024/luminaria-barra-de-led-lineal-90cm-negra-16w-luminaria-barra-de-led-lineal-90cm-negra-16w.jpg,2,,
il-cm36-90,,,,,,,,,,,,,,https://f.fcdn.app/imgs/76a9d4/tienda.iluminica.com/ilumuy/817a/original/catalogo/CM36-90_CM36-90_3/1024-1024/luminaria-barra-de-led-lineal-90cm-negra-16w-luminaria-barra-de-led-lineal-90cm-negra-16w.jpg,3,,
il-cm36-90,,,,,,,,,,,,,,https://f.fcdn.app/imgs/8c8a8f/tienda.iluminica.com/ilumuy/ccdd/original/catalogo/CM36-90_CM36-90_4/1024-1024/luminaria-barra-de-led-lineal-90cm-negra-16w-luminaria-barra-de-led-lineal-90cm-negra-16w.jpg,4,,
il-cm36-90,,,,,,,,,,,,,,https://f.fcdn.app/imgs/94aef8/tienda.iluminica.com/ilumuy/2815/original/catalogo/CM36-90_CM36-90_5/1024-1024/luminaria-barra-de-led-lineal-90cm-negra-16w-luminaria-barra-de-led-lineal-90cm-negra-16w.jpg,5,,
il-lm10,"Plafón LED, Diseño anillo cortado, Dimerizable 30W 40CM","Plafón LED, Diseño anillo cortado, Dimerizable 30W 40CM",Chiaro,Iluminación,"Plafones, Chiaro, stock-verificado",TRUE,Color,DORADO,LM 10:D:U,8183.00,,10,deny,https://f.fcdn.app/imgs/9daf4f/tienda.iluminica.com/ilumuy/f8d9/original/catalogo/LM10_D_1/1024-1024/plafon-led-diseno-anillo-cortado-dimerizable-30w-40cm-dorado.jpg,1,,
il-lm10,,,,,,,,NEGRO,LM 10:N:U,8183.00,,10,deny,,,,
il-lm10,,,,,,,,PLATA,LM 10:P:U,8183.00,,10,deny,,,,
il-lm10,,,,,,,,,,,,,,https://f.fcdn.app/imgs/9e4bef/tienda.iluminica.com/ilumuy/b6b9/original/catalogo/LM10_D_2/1024-1024/plafon-led-diseno-anillo-cortado-dimerizable-30w-40cm-dorado.jpg,2,,
il-lm10,,,,,,,,,,,,,,https://f.fcdn.app/imgs/f911c7/tienda.iluminica.com/ilumuy/2656/original/catalogo/LM10_D_3/1024-1024/plafon-led-diseno-anillo-cortado-dimerizable-30w-40cm-dorado.jpg,3,,
il-lm10,,,,,,,,,,,,,,https://f.fcdn.app/imgs/cbf101/tienda.iluminica.com/ilumuy/34aa/original/catalogo/LM10_D_4/1024-1024/plafon-led-diseno-anillo-cortado-dimerizable-30w-40cm-dorado.jpg,4,,
il-lm10,,,,,,,,,,,,,,https://f.fcdn.app/imgs/77b460/tienda.iluminica.com/ilumuy/7fae/original/catalogo/LM10_D_5/1024-1024/plafon-led-diseno-anillo-cortado-dimerizable-30w-40cm-dorado.jpg,5,,
il-lm10,,,,,,,,,,,,,,https://f.fcdn.app/imgs/b0c1b6/tienda.iluminica.com/ilumuy/13dc/original/catalogo/LM10_N_1/1024-1024/plafon-led-diseno-anillo-cortado-dimerizable-30w-40cm-negro.jpg,6,,
il-lm10,,,,,,,,,,,,,,https://f.fcdn.app/imgs/db7b99/tienda.iluminica.com/ilumuy/e980/original/catalogo/LM10_N_2/1024-1024/plafon-led-diseno-anillo-cortado-dimerizable-30w-40cm-negro.jpg,7,,
il-lm10,,,,,,,,,,,,,,https://f.fcdn.app/imgs/5b09e6/tienda.iluminica.com/ilumuy/ff31/original/catalogo/LM10_N_3/1024-1024/plafon-led-diseno-anillo-cortado-dimerizable-30w-40cm-negro.jpg,8,,
il-lm10,,,,,,,,,,,,,,https://f.fcdn.app/imgs/bfe496/tienda.iluminica.com/ilumuy/0a02/original/catalogo/LM10_N_4/1024-1024/plafon-led-diseno-anillo-cortado-dimerizable-30w-40cm-negro.jpg,9,,
il-lm10,,,,,,,,,,,,,,https://f.fcdn.app/imgs/908f00/tienda.iluminica.com/ilumuy/3c27/original/catalogo/LM10_N_5/1024-1024/plafon-led-diseno-anillo-cortado-dimerizable-30w-40cm-negro.jpg,10,,
il-lm10,,,,,,,,,,,,,,https://f.fcdn.app/imgs/faf815/tienda.iluminica.com/ilumuy/f437/original/catalogo/LM10_P_1/1024-1024/plafon-led-diseno-anillo-cortado-dimerizable-30w-40cm-plata.jpg,11,,
il-lm10,,,,,,,,,,,,,,https://f.fcdn.app/imgs/f9288f/tienda.iluminica.com/ilumuy/1b22/original/catalogo/LM10_P_2/1024-1024/plafon-led-diseno-anillo-cortado-dimerizable-30w-40cm-plata.jpg,12,,
il-lm10,,,,,,,,,,,,,,https://f.fcdn.app/imgs/326e00/tienda.iluminica.com/ilumuy/544a/original/catalogo/LM10_P_3/1024-1024/plafon-led-diseno-anillo-cortado-dimerizable-30w-40cm-plata.jpg,13,,
il-lm10,,,,,,,,,,,,,,https://f.fcdn.app/imgs/6626ca/tienda.iluminica.com/ilumuy/118f/original/catalogo/LM10_P_4/1024-1024/plafon-led-diseno-anillo-cortado-dimerizable-30w-40cm-plata.jpg,14,,
il-lm10,,,,,,,,,,,,,,https://f.fcdn.app/imgs/af1bfc/tienda.iluminica.com/ilumuy/0f22/original/catalogo/LM10_P_5/1024-1024/plafon-led-diseno-anillo-cortado-dimerizable-30w-40cm-plata.jpg,15,,
il-lm11,"Plafón LED, Diseño anillo cortado, Dimerizable 40W 60CM","Plafón LED, Diseño anillo cortado, Dimerizable 40W 60CM",Chiaro,Iluminación,"Plafones, Chiaro, stock-verificado",TRUE,Color,DORADO,LM 11:D:U,10418.00,,10,deny,https://f.fcdn.app/imgs/092654/tienda.iluminica.com/ilumuy/f8d9/original/catalogo/LM11_D_1/1024-1024/plafon-led-diseno-anillo-cortado-dimerizable-40w-60cm-dorado.jpg,1,,
il-lm11,,,,,,,,NEGRO,LM 11:N:U,10418.00,,10,deny,,,,
il-lm11,,,,,,,,PLATA,LM 11:P:U,10418.00,,10,deny,,,,
il-lm11,,,,,,,,,,,,,,https://f.fcdn.app/imgs/825522/tienda.iluminica.com/ilumuy/9712/original/catalogo/LM11_D_2/1024-1024/plafon-led-diseno-anillo-cortado-dimerizable-40w-60cm-dorado.jpg,2,,
il-lm11,,,,,,,,,,,,,,https://f.fcdn.app/imgs/e2bd34/tienda.iluminica.com/ilumuy/34aa/original/catalogo/LM11_D_3/1024-1024/plafon-led-diseno-anillo-cortado-dimerizable-40w-60cm-dorado.jpg,3,,
il-lm11,,,,,,,,,,,,,,https://f.fcdn.app/imgs/0e44c0/tienda.iluminica.com/ilumuy/baa7/original/catalogo/LM11_D_4/1024-1024/plafon-led-diseno-anillo-cortado-dimerizable-40w-60cm-dorado.jpg,4,,
il-lm11,,,,,,,,,,,,,,https://f.fcdn.app/imgs/aa40d3/tienda.iluminica.com/ilumuy/e00a/original/catalogo/LM11_D_5/1024-1024/plafon-led-diseno-anillo-cortado-dimerizable-40w-60cm-dorado.jpg,5,,
il-lm11,,,,,,,,,,,,,,https://f.fcdn.app/imgs/0c73dc/tienda.iluminica.com/ilumuy/13dc/original/catalogo/LM11_N_1/1024-1024/plafon-led-diseno-anillo-cortado-dimerizable-40w-60cm-negro.jpg,6,,
il-lm11,,,,,,,,,,,,,,https://f.fcdn.app/imgs/ad831e/tienda.iluminica.com/ilumuy/7911/original/catalogo/LM11_N_2/1024-1024/plafon-led-diseno-anillo-cortado-dimerizable-40w-60cm-negro.jpg,7,,
il-lm11,,,,,,,,,,,,,,https://f.fcdn.app/imgs/a7bf28/tienda.iluminica.com/ilumuy/ae19/original/catalogo/LM11_N_3/1024-1024/plafon-led-diseno-anillo-cortado-dimerizable-40w-60cm-negro.jpg,8,,
il-lm11,,,,,,,,,,,,,,https://f.fcdn.app/imgs/76e47d/tienda.iluminica.com/ilumuy/d9ba/original/catalogo/LM11_N_4/1024-1024/plafon-led-diseno-anillo-cortado-dimerizable-40w-60cm-negro.jpg,9,,
il-lm11,,,,,,,,,,,,,,https://f.fcdn.app/imgs/16d84e/tienda.iluminica.com/ilumuy/e098/original/catalogo/LM11_N_5/1024-1024/plafon-led-diseno-anillo-cortado-dimerizable-40w-60cm-negro.jpg,10,,
il-lm11,,,,,,,,,,,,,,https://f.fcdn.app/imgs/1636b6/tienda.iluminica.com/ilumuy/f437/original/catalogo/LM11_P_1/1024-1024/plafon-led-diseno-anillo-cortado-dimerizable-40w-60cm-plata.jpg,11,,
il-lm11,,,,,,,,,,,,,,https://f.fcdn.app/imgs/44c95d/tienda.iluminica.com/ilumuy/7f39/original/catalogo/LM11_P_2/1024-1024/plafon-led-diseno-anillo-cortado-dimerizable-40w-60cm-plata.jpg,12,,
il-lm11,,,,,,,,,,,,,,https://f.fcdn.app/imgs/be751f/tienda.iluminica.com/ilumuy/1941/original/catalogo/LM11_P_3/1024-1024/plafon-led-diseno-anillo-cortado-dimerizable-40w-60cm-plata.jpg,13,,
il-lm11,,,,,,,,,,,,,,https://f.fcdn.app/imgs/70a9c5/tienda.iluminica.com/ilumuy/8850/original/catalogo/LM11_P_4/1024-1024/plafon-led-diseno-anillo-cortado-dimerizable-40w-60cm-plata.jpg,14,,
il-lm11,,,,,,,,,,,,,,https://f.fcdn.app/imgs/fa2ad9/tienda.iluminica.com/ilumuy/a7f2/original/catalogo/LM11_P_5/1024-1024/plafon-led-diseno-anillo-cortado-dimerizable-40w-60cm-plata.jpg,15,,
il-lm12,Campana led de Suspender DIMERIZABLE interior champagne 50W,Campana led de Suspender DIMERIZABLE interior champagne 50W,Chiaro,Iluminación,"Colgantes, Chiaro, stock-verificado",TRUE,Color,BLANCA,LM 12:B:U,11472.00,,10,deny,https://f.fcdn.app/imgs/acd585/tienda.iluminica.com/ilumuy/5f7f/original/catalogo/LM12_B_1/1024-1024/campana-led-de-suspender-dimerizable-interior-champagne-50w-blanca.jpg,1,,
il-lm12,,,,,,,,NEGRA,LM 12:N:U,11472.00,,10,deny,,,,
il-lm12,,,,,,,,,,,,,,https://f.fcdn.app/imgs/d0f25d/tienda.iluminica.com/ilumuy/ea57/original/catalogo/LM12_B_2/1024-1024/campana-led-de-suspender-dimerizable-interior-champagne-50w-blanca.jpg,2,,
il-lm12,,,,,,,,,,,,,,https://f.fcdn.app/imgs/89d4a2/tienda.iluminica.com/ilumuy/a30e/original/catalogo/LM12_B_3/1024-1024/campana-led-de-suspender-dimerizable-interior-champagne-50w-blanca.jpg,3,,
il-lm12,,,,,,,,,,,,,,https://f.fcdn.app/imgs/34627b/tienda.iluminica.com/ilumuy/1de3/original/catalogo/LM12_B_4/1024-1024/campana-led-de-suspender-dimerizable-interior-champagne-50w-blanca.jpg,4,,
il-lm12,,,,,,,,,,,,,,https://f.fcdn.app/imgs/263eff/tienda.iluminica.com/ilumuy/1d01/original/catalogo/LM12_B_5/1024-1024/campana-led-de-suspender-dimerizable-interior-champagne-50w-blanca.jpg,5,,
il-lm12,,,,,,,,,,,,,,https://f.fcdn.app/imgs/36ecdf/tienda.iluminica.com/ilumuy/5563/original/catalogo/LM12_N_1/1024-1024/campana-led-de-suspender-dimerizable-interior-champagne-50w-negra.jpg,6,,
il-lm12,,,,,,,,,,,,,,https://f.fcdn.app/imgs/367944/tienda.iluminica.com/ilumuy/1585/original/catalogo/LM12_N_2/1024-1024/campana-led-de-suspender-dimerizable-interior-champagne-50w-negra.jpg,7,,
il-lm12,,,,,,,,,,,,,,https://f.fcdn.app/imgs/a035f8/tienda.iluminica.com/ilumuy/3cd3/original/catalogo/LM12_N_3/1024-1024/campana-led-de-suspender-dimerizable-interior-champagne-50w-negra.jpg,8,,
il-lm12,,,,,,,,,,,,,,https://f.fcdn.app/imgs/4514f3/tienda.iluminica.com/ilumuy/8ccf/original/catalogo/LM12_N_4/1024-1024/campana-led-de-suspender-dimerizable-interior-champagne-50w-negra.jpg,9,,
il-lm12,,,,,,,,,,,,,,https://f.fcdn.app/imgs/5f4b1e/tienda.iluminica.com/ilumuy/2f2b/original/catalogo/LM12_N_5/1024-1024/campana-led-de-suspender-dimerizable-interior-champagne-50w-negra.jpg,10,,
il-lm13p,Lineal de Suspender Led DIMERIZABLE 118cm 40W,Lineal de Suspender Led DIMERIZABLE 118cm 40W,Chiaro,Iluminación,"Colgantes, Chiaro, stock-verificado",TRUE,Color,Lineal de Suspender Led DIMERIZABLE 118cm 40W,LM 13 P::U,9514.00,,10,deny,https://f.fcdn.app/imgs/b84c7c/tienda.iluminica.com/ilumuy/fbf9/original/catalogo/LM13P_LM13P_1/1024-1024/lineal-de-suspender-led-dimerizable-118cm-40w-lineal-de-suspender-led-dimerizable-118cm-40w.jpg,1,,
il-lm13p,,,,,,,,,,,,,,https://f.fcdn.app/imgs/bd60db/tienda.iluminica.com/ilumuy/a025/original/catalogo/LM13P_LM13P_2/1024-1024/lineal-de-suspender-led-dimerizable-118cm-40w-lineal-de-suspender-led-dimerizable-118cm-40w.jpg,2,,
il-lm13p,,,,,,,,,,,,,,https://f.fcdn.app/imgs/c7e300/tienda.iluminica.com/ilumuy/de35/original/catalogo/LM13P_LM13P_3/1024-1024/lineal-de-suspender-led-dimerizable-118cm-40w-lineal-de-suspender-led-dimerizable-118cm-40w.jpg,3,,
il-lm13p,,,,,,,,,,,,,,https://f.fcdn.app/imgs/257806/tienda.iluminica.com/ilumuy/a044/original/catalogo/LM13P_LM13P_4/1024-1024/lineal-de-suspender-led-dimerizable-118cm-40w-lineal-de-suspender-led-dimerizable-118cm-40w.jpg,4,,
il-lm13p,,,,,,,,,,,,,,https://f.fcdn.app/imgs/19375c/tienda.iluminica.com/ilumuy/3874/original/catalogo/LM13P_LM13P_5/1024-1024/lineal-de-suspender-led-dimerizable-118cm-40w-lineal-de-suspender-led-dimerizable-118cm-40w.jpg,5,,
il-lm05,"Plafón LED, Diseño triangular, Dimerizable 48W 65CM","Plafón LED, Diseño triangular, Dimerizable 48W 65CM",Chiaro,Iluminación,"Plafones, Chiaro, stock-verificado",TRUE,Color,BLANCO,LM 05:B:U,11415.00,,10,deny,https://f.fcdn.app/imgs/12ba16/tienda.iluminica.com/ilumuy/ee27/original/catalogo/LM05_B_1/1024-1024/plafon-led-diseno-triangular-dimerizable-48w-65cm-blanco.jpg,1,,
il-lm05,,,,,,,,DORADO,LM 05:D:U,11415.00,,10,deny,,,,
il-lm05,,,,,,,,NEGRO,LM 05:N:U,11415.00,,10,deny,,,,
il-lm05,,,,,,,,PLATA,LM 05:P:U,11415.00,,10,deny,,,,
il-lm05,,,,,,,,,,,,,,https://f.fcdn.app/imgs/b2155a/tienda.iluminica.com/ilumuy/b7d5/original/catalogo/LM05_B_2/1024-1024/plafon-led-diseno-triangular-dimerizable-48w-65cm-blanco.jpg,2,,
il-lm05,,,,,,,,,,,,,,https://f.fcdn.app/imgs/7d4591/tienda.iluminica.com/ilumuy/01ad/original/catalogo/LM05_B_3/1024-1024/plafon-led-diseno-triangular-dimerizable-48w-65cm-blanco.jpg,3,,
il-lm05,,,,,,,,,,,,,,https://f.fcdn.app/imgs/7a676f/tienda.iluminica.com/ilumuy/d532/original/catalogo/LM05_B_4/1024-1024/plafon-led-diseno-triangular-dimerizable-48w-65cm-blanco.jpg,4,,
il-lm05,,,,,,,,,,,,,,https://f.fcdn.app/imgs/54be97/tienda.iluminica.com/ilumuy/a90a/original/catalogo/LM05_B_5/1024-1024/plafon-led-diseno-triangular-dimerizable-48w-65cm-blanco.jpg,5,,
il-lm05,,,,,,,,,,,,,,https://f.fcdn.app/imgs/42d0f0/tienda.iluminica.com/ilumuy/a788/original/catalogo/LM05_D_1/1024-1024/plafon-led-diseno-triangular-dimerizable-48w-65cm-dorado.jpg,6,,
il-lm05,,,,,,,,,,,,,,https://f.fcdn.app/imgs/5e508c/tienda.iluminica.com/ilumuy/8222/original/catalogo/LM05_D_2/1024-1024/plafon-led-diseno-triangular-dimerizable-48w-65cm-dorado.jpg,7,,
il-lm05,,,,,,,,,,,,,,https://f.fcdn.app/imgs/ef2351/tienda.iluminica.com/ilumuy/d41a/original/catalogo/LM05_D_3/1024-1024/plafon-led-diseno-triangular-dimerizable-48w-65cm-dorado.jpg,8,,
il-lm05,,,,,,,,,,,,,,https://f.fcdn.app/imgs/59c970/tienda.iluminica.com/ilumuy/769a/original/catalogo/LM05_D_4/1024-1024/plafon-led-diseno-triangular-dimerizable-48w-65cm-dorado.jpg,9,,
il-lm05,,,,,,,,,,,,,,https://f.fcdn.app/imgs/15098d/tienda.iluminica.com/ilumuy/4577/original/catalogo/LM05_D_5/1024-1024/plafon-led-diseno-triangular-dimerizable-48w-65cm-dorado.jpg,10,,
il-lm05,,,,,,,,,,,,,,https://f.fcdn.app/imgs/b0554d/tienda.iluminica.com/ilumuy/8358/original/catalogo/LM05_N_1/1024-1024/plafon-led-diseno-triangular-dimerizable-48w-65cm-negro.jpg,11,,
il-lm05,,,,,,,,,,,,,,https://f.fcdn.app/imgs/c3d2b0/tienda.iluminica.com/ilumuy/2cbc/original/catalogo/LM05_N_2/1024-1024/plafon-led-diseno-triangular-dimerizable-48w-65cm-negro.jpg,12,,
il-lm05,,,,,,,,,,,,,,https://f.fcdn.app/imgs/9449a9/tienda.iluminica.com/ilumuy/e692/original/catalogo/LM05_N_3/1024-1024/plafon-led-diseno-triangular-dimerizable-48w-65cm-negro.jpg,13,,
il-lm05,,,,,,,,,,,,,,https://f.fcdn.app/imgs/511f22/tienda.iluminica.com/ilumuy/e0e8/original/catalogo/LM05_N_4/1024-1024/plafon-led-diseno-triangular-dimerizable-48w-65cm-negro.jpg,14,,
il-lm05,,,,,,,,,,,,,,https://f.fcdn.app/imgs/991aac/tienda.iluminica.com/ilumuy/45d8/original/catalogo/LM05_N_5/1024-1024/plafon-led-diseno-triangular-dimerizable-48w-65cm-negro.jpg,15,,
il-lm05,,,,,,,,,,,,,,https://f.fcdn.app/imgs/ba635d/tienda.iluminica.com/ilumuy/f374/original/catalogo/LM05_P_1/1024-1024/plafon-led-diseno-triangular-dimerizable-48w-65cm-plata.jpg,16,,
il-lm05,,,,,,,,,,,,,,https://f.fcdn.app/imgs/963b38/tienda.iluminica.com/ilumuy/b328/original/catalogo/LM05_P_2/1024-1024/plafon-led-diseno-triangular-dimerizable-48w-65cm-plata.jpg,17,,
il-lm05,,,,,,,,,,,,,,https://f.fcdn.app/imgs/c6072b/tienda.iluminica.com/ilumuy/2a03/original/catalogo/LM05_P_3/1024-1024/plafon-led-diseno-triangular-dimerizable-48w-65cm-plata.jpg,18,,
il-lm05,,,,,,,,,,,,,,https://f.fcdn.app/imgs/8e578e/tienda.iluminica.com/ilumuy/7e80/original/catalogo/LM05_P_4/1024-1024/plafon-led-diseno-triangular-dimerizable-48w-65cm-plata.jpg,19,,
il-lm05,,,,,,,,,,,,,,https://f.fcdn.app/imgs/4e76e2/tienda.iluminica.com/ilumuy/3add/original/catalogo/LM05_P_5/1024-1024/plafon-led-diseno-triangular-dimerizable-48w-65cm-plata.jpg,20,,
il-aich19,Spot aplique cubo led ángulo regulable 10w IP65,Spot aplique cubo led ángulo regulable 10w IP65,Chiaro,Iluminación,"Apliques, Chiaro, stock-verificado",TRUE,Color,BLANCO,AICH 19:B:U,2118.00,,10,deny,https://f.fcdn.app/imgs/1f72ca/tienda.iluminica.com/ilumuy/52ba/original/catalogo/AICH19_B_1/1024-1024/spot-aplique-cubo-led-angulo-regulable-10w-ip65-blanco.jpg,1,,
il-aich19,,,,,,,,GRIS,AICH 19:G:U,2437.00,,10,deny,,,,
il-aich19,,,,,,,,NEGRO,AICH 19:N:U,2118.00,,10,deny,,,,
il-aich19,,,,,,,,,,,,,,https://f.fcdn.app/imgs/30d202/tienda.iluminica.com/ilumuy/fc32/original/catalogo/AICH19_B_2/1024-1024/spot-aplique-cubo-led-angulo-regulable-10w-ip65-blanco.jpg,2,,
il-aich19,,,,,,,,,,,,,,https://f.fcdn.app/imgs/cf6f99/tienda.iluminica.com/ilumuy/c831/original/catalogo/AICH19_B_3/1024-1024/spot-aplique-cubo-led-angulo-regulable-10w-ip65-blanco.jpg,3,,
il-aich19,,,,,,,,,,,,,,https://f.fcdn.app/imgs/7d7645/tienda.iluminica.com/ilumuy/ba19/original/catalogo/AICH19_B_4/1024-1024/spot-aplique-cubo-led-angulo-regulable-10w-ip65-blanco.jpg,4,,
il-aich19,,,,,,,,,,,,,,https://f.fcdn.app/imgs/2d052c/tienda.iluminica.com/ilumuy/6e9b/original/catalogo/AICH19_B_5/1024-1024/spot-aplique-cubo-led-angulo-regulable-10w-ip65-blanco.jpg,5,,
il-aich19,,,,,,,,,,,,,,https://f.fcdn.app/imgs/5c6323/tienda.iluminica.com/ilumuy/f7c2/original/catalogo/AICH19_G_1/1024-1024/spot-aplique-cubo-led-angulo-regulable-10w-ip65-gris.jpg,6,,
il-aich19,,,,,,,,,,,,,,https://f.fcdn.app/imgs/11556f/tienda.iluminica.com/ilumuy/5af2/original/catalogo/AICH19_G_2/1024-1024/spot-aplique-cubo-led-angulo-regulable-10w-ip65-gris.jpg,7,,
il-aich19,,,,,,,,,,,,,,https://f.fcdn.app/imgs/5349e2/tienda.iluminica.com/ilumuy/6dd7/original/catalogo/AICH19_G_3/1024-1024/spot-aplique-cubo-led-angulo-regulable-10w-ip65-gris.jpg,8,,
il-aich19,,,,,,,,,,,,,,https://f.fcdn.app/imgs/9ad17e/tienda.iluminica.com/ilumuy/b0c5/original/catalogo/AICH19_G_4/1024-1024/spot-aplique-cubo-led-angulo-regulable-10w-ip65-gris.jpg,9,,
il-aich19,,,,,,,,,,,,,,https://f.fcdn.app/imgs/7acbf7/tienda.iluminica.com/ilumuy/6e9b/original/catalogo/AICH19_G_5/1024-1024/spot-aplique-cubo-led-angulo-regulable-10w-ip65-gris.jpg,10,,
il-aich19,,,,,,,,,,,,,,https://f.fcdn.app/imgs/430b01/tienda.iluminica.com/ilumuy/9246/original/catalogo/AICH19_N_1/1024-1024/spot-aplique-cubo-led-angulo-regulable-10w-ip65-negro.jpg,11,,
il-aich19,,,,,,,,,,,,,,https://f.fcdn.app/imgs/ce366c/tienda.iluminica.com/ilumuy/7f0b/original/catalogo/AICH19_N_2/1024-1024/spot-aplique-cubo-led-angulo-regulable-10w-ip65-negro.jpg,12,,
il-aich19,,,,,,,,,,,,,,https://f.fcdn.app/imgs/66b97e/tienda.iluminica.com/ilumuy/c4a1/original/catalogo/AICH19_N_3/1024-1024/spot-aplique-cubo-led-angulo-regulable-10w-ip65-negro.jpg,13,,
il-aich19,,,,,,,,,,,,,,https://f.fcdn.app/imgs/e20716/tienda.iluminica.com/ilumuy/6e9b/original/catalogo/AICH19_N_4/1024-1024/spot-aplique-cubo-led-angulo-regulable-10w-ip65-negro.jpg,14,,
il-aich19,,,,,,,,,,,,,,https://f.fcdn.app/imgs/969882/tienda.iluminica.com/ilumuy/ebd8/original/catalogo/AICH19_N_5/1024-1024/spot-aplique-cubo-led-angulo-regulable-10w-ip65-negro.jpg,15,,
il-aich25,Spot aplique doble led ángulo regulable 18W IP65,Spot aplique doble led ángulo regulable 18W IP65,Chiaro,Iluminación,"Apliques, Chiaro, stock-verificado",TRUE,Color,BLANCO,AICH 25:B:U,2894.00,3288.00,10,deny,https://f.fcdn.app/imgs/d787e4/tienda.iluminica.com/ilumuy/528e/original/catalogo/AICH25_B_1/1024-1024/spot-aplique-doble-led-angulo-regulable-18w-ip65-blanco.jpg,1,,
il-aich25,,,,,,,,GRIS,AICH 25:G:U,3511.00,,10,deny,,,,
il-aich25,,,,,,,,NEGRO,AICH 25:N:U,3288.00,,10,deny,,,,
il-aich25,,,,,,,,,,,,,,https://f.fcdn.app/imgs/8c58b9/tienda.iluminica.com/ilumuy/c507/original/catalogo/AICH25_B_2/1024-1024/spot-aplique-doble-led-angulo-regulable-18w-ip65-blanco.jpg,2,,
il-aich25,,,,,,,,,,,,,,https://f.fcdn.app/imgs/861382/tienda.iluminica.com/ilumuy/dd16/original/catalogo/AICH25_B_3/1024-1024/spot-aplique-doble-led-angulo-regulable-18w-ip65-blanco.jpg,3,,
il-aich25,,,,,,,,,,,,,,https://f.fcdn.app/imgs/bbeb49/tienda.iluminica.com/ilumuy/2221/original/catalogo/AICH25_B_4/1024-1024/spot-aplique-doble-led-angulo-regulable-18w-ip65-blanco.jpg,4,,
il-aich25,,,,,,,,,,,,,,https://f.fcdn.app/imgs/8252ef/tienda.iluminica.com/ilumuy/07c5/original/catalogo/AICH25_B_5/1024-1024/spot-aplique-doble-led-angulo-regulable-18w-ip65-blanco.jpg,5,,
il-aich25,,,,,,,,,,,,,,https://f.fcdn.app/imgs/28fd52/tienda.iluminica.com/ilumuy/0dc5/original/catalogo/AICH25_G_1/1024-1024/spot-aplique-doble-led-angulo-regulable-18w-ip65-gris.jpg,6,,
il-aich25,,,,,,,,,,,,,,https://f.fcdn.app/imgs/97741a/tienda.iluminica.com/ilumuy/b3cb/original/catalogo/AICH25_G_2/1024-1024/spot-aplique-doble-led-angulo-regulable-18w-ip65-gris.jpg,7,,
il-aich25,,,,,,,,,,,,,,https://f.fcdn.app/imgs/cd1243/tienda.iluminica.com/ilumuy/cf14/original/catalogo/AICH25_G_3/1024-1024/spot-aplique-doble-led-angulo-regulable-18w-ip65-gris.jpg,8,,
il-aich25,,,,,,,,,,,,,,https://f.fcdn.app/imgs/0150d0/tienda.iluminica.com/ilumuy/dad5/original/catalogo/AICH25_G_4/1024-1024/spot-aplique-doble-led-angulo-regulable-18w-ip65-gris.jpg,9,,
il-aich25,,,,,,,,,,,,,,https://f.fcdn.app/imgs/16c999/tienda.iluminica.com/ilumuy/1c7f/original/catalogo/AICH25_G_5/1024-1024/spot-aplique-doble-led-angulo-regulable-18w-ip65-gris.jpg,10,,
il-aich25,,,,,,,,,,,,,,https://f.fcdn.app/imgs/1612d2/tienda.iluminica.com/ilumuy/fb05/original/catalogo/AICH25_N_1/1024-1024/spot-aplique-doble-led-angulo-regulable-18w-ip65-negro.jpg,11,,
il-aich25,,,,,,,,,,,,,,https://f.fcdn.app/imgs/3507db/tienda.iluminica.com/ilumuy/d735/original/catalogo/AICH25_N_2/1024-1024/spot-aplique-doble-led-angulo-regulable-18w-ip65-negro.jpg,12,,
il-aich25,,,,,,,,,,,,,,https://f.fcdn.app/imgs/774e96/tienda.iluminica.com/ilumuy/cf14/original/catalogo/AICH25_N_3/1024-1024/spot-aplique-doble-led-angulo-regulable-18w-ip65-negro.jpg,13,,
il-aich25,,,,,,,,,,,,,,https://f.fcdn.app/imgs/0e7864/tienda.iluminica.com/ilumuy/f266/original/catalogo/AICH25_N_4/1024-1024/spot-aplique-doble-led-angulo-regulable-18w-ip65-negro.jpg,14,,
il-aich25,,,,,,,,,,,,,,https://f.fcdn.app/imgs/ab387e/tienda.iluminica.com/ilumuy/1c7f/original/catalogo/AICH25_N_5/1024-1024/spot-aplique-doble-led-angulo-regulable-18w-ip65-negro.jpg,15,,
il-aich26,Aplique spot led 6w cilindro de techo cálido,Aplique spot led 6w cilindro de techo cálido,Chiaro,Iluminación,"Apliques, Chiaro, stock-verificado",TRUE,Color,BLANCO,AICH 26:B:U,2118.00,,10,deny,https://f.fcdn.app/imgs/f40977/tienda.iluminica.com/ilumuy/d69a/original/catalogo/AICH26_B_1/1024-1024/aplique-spot-led-6w-cilindro-de-techo-calido-blanco.jpg,1,,
il-aich26,,,,,,,,GRIS,AICH 26:G:U,2340.00,,10,deny,,,,
il-aich26,,,,,,,,NEGRO,AICH 26:N:U,2118.00,,10,deny,,,,
il-aich26,,,,,,,,,,,,,,https://f.fcdn.app/imgs/37461c/tienda.iluminica.com/ilumuy/901f/original/catalogo/AICH26_B_2/1024-1024/aplique-spot-led-6w-cilindro-de-techo-calido-blanco.jpg,2,,
il-aich26,,,,,,,,,,,,,,https://f.fcdn.app/imgs/daa451/tienda.iluminica.com/ilumuy/2135/original/catalogo/AICH26_B_3/1024-1024/aplique-spot-led-6w-cilindro-de-techo-calido-blanco.jpg,3,,
il-aich26,,,,,,,,,,,,,,https://f.fcdn.app/imgs/e636f1/tienda.iluminica.com/ilumuy/ecbe/original/catalogo/AICH26_B_4/1024-1024/aplique-spot-led-6w-cilindro-de-techo-calido-blanco.jpg,4,,
il-aich26,,,,,,,,,,,,,,https://f.fcdn.app/imgs/34e302/tienda.iluminica.com/ilumuy/8d6d/original/catalogo/AICH26_B_5/1024-1024/aplique-spot-led-6w-cilindro-de-techo-calido-blanco.jpg,5,,
il-aich26,,,,,,,,,,,,,,https://f.fcdn.app/imgs/2be1f6/tienda.iluminica.com/ilumuy/b498/original/catalogo/AICH26_G_1/1024-1024/aplique-spot-led-6w-cilindro-de-techo-calido-gris.jpg,6,,
il-aich26,,,,,,,,,,,,,,https://f.fcdn.app/imgs/a5abdb/tienda.iluminica.com/ilumuy/a335/original/catalogo/AICH26_G_2/1024-1024/aplique-spot-led-6w-cilindro-de-techo-calido-gris.jpg,7,,
il-aich26,,,,,,,,,,,,,,https://f.fcdn.app/imgs/6e7d51/tienda.iluminica.com/ilumuy/4ce3/original/catalogo/AICH26_G_3/1024-1024/aplique-spot-led-6w-cilindro-de-techo-calido-gris.jpg,8,,
il-aich26,,,,,,,,,,,,,,https://f.fcdn.app/imgs/47198a/tienda.iluminica.com/ilumuy/ecbe/original/catalogo/AICH26_G_4/1024-1024/aplique-spot-led-6w-cilindro-de-techo-calido-gris.jpg,9,,
il-aich26,,,,,,,,,,,,,,https://f.fcdn.app/imgs/18870a/tienda.iluminica.com/ilumuy/3cda/original/catalogo/AICH26_G_5/1024-1024/aplique-spot-led-6w-cilindro-de-techo-calido-gris.jpg,10,,
il-aich26,,,,,,,,,,,,,,https://f.fcdn.app/imgs/b5637e/tienda.iluminica.com/ilumuy/2711/original/catalogo/AICH26_N_1/1024-1024/aplique-spot-led-6w-cilindro-de-techo-calido-negro.jpg,11,,
il-aich26,,,,,,,,,,,,,,https://f.fcdn.app/imgs/33c76f/tienda.iluminica.com/ilumuy/5a72/original/catalogo/AICH26_N_2/1024-1024/aplique-spot-led-6w-cilindro-de-techo-calido-negro.jpg,12,,
il-aich26,,,,,,,,,,,,,,https://f.fcdn.app/imgs/e23f14/tienda.iluminica.com/ilumuy/4ce3/original/catalogo/AICH26_N_3/1024-1024/aplique-spot-led-6w-cilindro-de-techo-calido-negro.jpg,13,,
il-aich26,,,,,,,,,,,,,,https://f.fcdn.app/imgs/934f63/tienda.iluminica.com/ilumuy/3cda/original/catalogo/AICH26_N_4/1024-1024/aplique-spot-led-6w-cilindro-de-techo-calido-negro.jpg,14,,
il-aich26,,,,,,,,,,,,,,https://f.fcdn.app/imgs/43b5f9/tienda.iluminica.com/ilumuy/ecbe/original/catalogo/AICH26_N_5/1024-1024/aplique-spot-led-6w-cilindro-de-techo-calido-negro.jpg,15,,
il-aich27,Aplique spot led DIMERIZABLE 10w CUBO de techo 3000K,Aplique spot led DIMERIZABLE 10w CUBO de techo 3000K,Chiaro,Iluminación,"Apliques, Chiaro, stock-verificado",TRUE,Color,BLANCO,AICH 27:B:U,2395.00,,10,deny,https://f.fcdn.app/imgs/08045d/tienda.iluminica.com/ilumuy/90a2/original/catalogo/AICH27_B_1/1024-1024/aplique-spot-led-dimerizable-10w-cubo-de-techo-3000k-blanco.jpg,1,,
il-aich27,,,,,,,,GRIS,AICH 27:G:U,2607.00,,10,deny,,,,
il-aich27,,,,,,,,NEGRO,AICH 27:N:U,2395.00,,10,deny,,,,
il-aich27,,,,,,,,,,,,,,https://f.fcdn.app/imgs/50ec2a/tienda.iluminica.com/ilumuy/3873/original/catalogo/AICH27_B_2/1024-1024/aplique-spot-led-dimerizable-10w-cubo-de-techo-3000k-blanco.jpg,2,,
il-aich27,,,,,,,,,,,,,,https://f.fcdn.app/imgs/b6a8d1/tienda.iluminica.com/ilumuy/fe46/original/catalogo/AICH27_B_3/1024-1024/aplique-spot-led-dimerizable-10w-cubo-de-techo-3000k-blanco.jpg,3,,
il-aich27,,,,,,,,,,,,,,https://f.fcdn.app/imgs/a47789/tienda.iluminica.com/ilumuy/aa53/original/catalogo/AICH27_B_4/1024-1024/aplique-spot-led-dimerizable-10w-cubo-de-techo-3000k-blanco.jpg,4,,
il-aich27,,,,,,,,,,,,,,https://f.fcdn.app/imgs/5b5bfd/tienda.iluminica.com/ilumuy/0862/original/catalogo/AICH27_B_5/1024-1024/aplique-spot-led-dimerizable-10w-cubo-de-techo-3000k-blanco.jpg,5,,
il-aich27,,,,,,,,,,,,,,https://f.fcdn.app/imgs/c1f6f8/tienda.iluminica.com/ilumuy/0108/original/catalogo/AICH27_G_1/1024-1024/aplique-spot-led-dimerizable-10w-cubo-de-techo-3000k-gris.jpg,6,,
il-aich27,,,,,,,,,,,,,,https://f.fcdn.app/imgs/fa01f4/tienda.iluminica.com/ilumuy/e0d5/original/catalogo/AICH27_G_2/1024-1024/aplique-spot-led-dimerizable-10w-cubo-de-techo-3000k-gris.jpg,7,,
il-aich27,,,,,,,,,,,,,,https://f.fcdn.app/imgs/ba6858/tienda.iluminica.com/ilumuy/68f9/original/catalogo/AICH27_G_3/1024-1024/aplique-spot-led-dimerizable-10w-cubo-de-techo-3000k-gris.jpg,8,,
il-aich27,,,,,,,,,,,,,,https://f.fcdn.app/imgs/cce241/tienda.iluminica.com/ilumuy/aa53/original/catalogo/AICH27_G_4/1024-1024/aplique-spot-led-dimerizable-10w-cubo-de-techo-3000k-gris.jpg,9,,
il-aich27,,,,,,,,,,,,,,https://f.fcdn.app/imgs/c5b462/tienda.iluminica.com/ilumuy/9304/original/catalogo/AICH27_G_5/1024-1024/aplique-spot-led-dimerizable-10w-cubo-de-techo-3000k-gris.jpg,10,,
il-aich27,,,,,,,,,,,,,,https://f.fcdn.app/imgs/343e66/tienda.iluminica.com/ilumuy/f397/original/catalogo/AICH27_N_1/1024-1024/aplique-spot-led-dimerizable-10w-cubo-de-techo-3000k-negro.jpg,11,,
il-aich27,,,,,,,,,,,,,,https://f.fcdn.app/imgs/d67548/tienda.iluminica.com/ilumuy/36b7/original/catalogo/AICH27_N_2/1024-1024/aplique-spot-led-dimerizable-10w-cubo-de-techo-3000k-negro.jpg,12,,
il-aich27,,,,,,,,,,,,,,https://f.fcdn.app/imgs/216340/tienda.iluminica.com/ilumuy/9304/original/catalogo/AICH27_N_3/1024-1024/aplique-spot-led-dimerizable-10w-cubo-de-techo-3000k-negro.jpg,13,,
il-aich27,,,,,,,,,,,,,,https://f.fcdn.app/imgs/e97e71/tienda.iluminica.com/ilumuy/2975/original/catalogo/AICH27_N_4/1024-1024/aplique-spot-led-dimerizable-10w-cubo-de-techo-3000k-negro.jpg,14,,
il-aich27,,,,,,,,,,,,,,https://f.fcdn.app/imgs/02be54/tienda.iluminica.com/ilumuy/aa53/original/catalogo/AICH27_N_5/1024-1024/aplique-spot-led-dimerizable-10w-cubo-de-techo-3000k-negro.jpg,15,,
il-aich24,Luminaria Aplique Led Bidireccional 6w Ip65,Luminaria Aplique Led Bidireccional 6w Ip65,Chiaro,Iluminación,"Apliques, Chiaro, stock-verificado",TRUE,Color,Luminaria Aplique Led Bidireccional 6w Ip65,AICH24::U,2659.00,,10,deny,https://f.fcdn.app/imgs/a90109/tienda.iluminica.com/ilumuy/baaf/original/catalogo/AICH24_AICH24_1/1024-1024/luminaria-aplique-led-bidireccional-6w-ip65-luminaria-aplique-led-bidireccional-6w-ip65.jpg,1,,
il-aich24,,,,,,,,,,,,,,https://f.fcdn.app/imgs/4ccc1d/tienda.iluminica.com/ilumuy/6670/original/catalogo/AICH24_AICH24_2/1024-1024/luminaria-aplique-led-bidireccional-6w-ip65-luminaria-aplique-led-bidireccional-6w-ip65.jpg,2,,
il-aich24,,,,,,,,,,,,,,https://f.fcdn.app/imgs/55045a/tienda.iluminica.com/ilumuy/21dc/original/catalogo/AICH24_AICH24_3/1024-1024/luminaria-aplique-led-bidireccional-6w-ip65-luminaria-aplique-led-bidireccional-6w-ip65.jpg,3,,
il-aich24,,,,,,,,,,,,,,https://f.fcdn.app/imgs/f62bf8/tienda.iluminica.com/ilumuy/51e5/original/catalogo/AICH24_AICH24_4/1024-1024/luminaria-aplique-led-bidireccional-6w-ip65-luminaria-aplique-led-bidireccional-6w-ip65.jpg,4,,
il-aich24,,,,,,,,,,,,,,https://f.fcdn.app/imgs/4b8ef0/tienda.iluminica.com/ilumuy/e8dd/original/catalogo/AICH24_AICH24_5/1024-1024/luminaria-aplique-led-bidireccional-6w-ip65-luminaria-aplique-led-bidireccional-6w-ip65.jpg,5,,
il-aich20,Aplique de pared estilo Jaula,Aplique de pared estilo Jaula,Chiaro,Iluminación,"Apliques, Chiaro, stock-verificado",TRUE,Color,Aplique de pared estilo Jaula,AICH 20::U,4140.00,,10,deny,https://f.fcdn.app/imgs/a3f05a/tienda.iluminica.com/ilumuy/8326/original/catalogo/AICH20_AICH20_1/1024-1024/aplique-de-pared-estilo-jaula-aplique-de-pared-estilo-jaula.jpg,1,,
il-aich20,,,,,,,,,,,,,,https://f.fcdn.app/imgs/25ef4f/tienda.iluminica.com/ilumuy/7544/original/catalogo/AICH20_AICH20_2/1024-1024/aplique-de-pared-estilo-jaula-aplique-de-pared-estilo-jaula.jpg,2,,
il-aich20,,,,,,,,,,,,,,https://f.fcdn.app/imgs/ccc750/tienda.iluminica.com/ilumuy/ffe3/original/catalogo/AICH20_AICH20_3/1024-1024/aplique-de-pared-estilo-jaula-aplique-de-pared-estilo-jaula.jpg,3,,
il-aich20,,,,,,,,,,,,,,https://f.fcdn.app/imgs/a27268/tienda.iluminica.com/ilumuy/fa22/original/catalogo/AICH20_AICH20_4/1024-1024/aplique-de-pared-estilo-jaula-aplique-de-pared-estilo-jaula.jpg,4,,
il-aich20,,,,,,,,,,,,,,https://f.fcdn.app/imgs/842104/tienda.iluminica.com/ilumuy/adc5/original/catalogo/AICH20_AICH20_5/1024-1024/aplique-de-pared-estilo-jaula-aplique-de-pared-estilo-jaula.jpg,5,,
il-aich22,Luminaria Aplique Led 13w Pared con rotacion,Luminaria Aplique Led 13w Pared con rotacion,Chiaro,Iluminación,"Apliques, Chiaro, stock-verificado",TRUE,Color,Luminaria Aplique Led 13w Pared con rotacion,AICH22::U,2659.00,,10,deny,https://f.fcdn.app/imgs/4cb6fb/tienda.iluminica.com/ilumuy/b30a/original/catalogo/AICH22_AICH22_1/1024-1024/luminaria-aplique-led-13w-pared-con-rotacion-luminaria-aplique-led-13w-pared-con-rotacion.jpg,1,,
il-aich22,,,,,,,,,,,,,,https://f.fcdn.app/imgs/2f5374/tienda.iluminica.com/ilumuy/814e/original/catalogo/AICH22_AICH22_2/1024-1024/luminaria-aplique-led-13w-pared-con-rotacion-luminaria-aplique-led-13w-pared-con-rotacion.jpg,2,,
il-aich22,,,,,,,,,,,,,,https://f.fcdn.app/imgs/d93d07/tienda.iluminica.com/ilumuy/7e0f/original/catalogo/AICH22_AICH22_3/1024-1024/luminaria-aplique-led-13w-pared-con-rotacion-luminaria-aplique-led-13w-pared-con-rotacion.jpg,3,,
il-aich22,,,,,,,,,,,,,,https://f.fcdn.app/imgs/ca6374/tienda.iluminica.com/ilumuy/b472/original/catalogo/AICH22_AICH22_4/1024-1024/luminaria-aplique-led-13w-pared-con-rotacion-luminaria-aplique-led-13w-pared-con-rotacion.jpg,4,,
il-aich22,,,,,,,,,,,,,,https://f.fcdn.app/imgs/6e4396/tienda.iluminica.com/ilumuy/1510/original/catalogo/AICH22_AICH22_5/1024-1024/luminaria-aplique-led-13w-pared-con-rotacion-luminaria-aplique-led-13w-pared-con-rotacion.jpg,5,,
il-pkch50w,"Parklight led 50w, plazas y caminerias","Parklight led 50w, plazas y caminerias",Chiaro,Iluminación,"Reflectores, Chiaro, stock-verificado",TRUE,Color,"Parklight led 50w, plazas y caminerias",PKCH 50W::U,18652.00,,10,deny,https://f.fcdn.app/imgs/9e0ca3/tienda.iluminica.com/ilumuy/0854/original/catalogo/PKCH50W_PKCH50W_1/1024-1024/parklight-led-50w-plazas-y-caminerias-parklight-led-50w-plazas-y-caminerias.jpg,1,,
il-pkch50w,,,,,,,,,,,,,,https://f.fcdn.app/imgs/d41c8e/tienda.iluminica.com/ilumuy/6acf/original/catalogo/PKCH50W_PKCH50W_2/1024-1024/parklight-led-50w-plazas-y-caminerias-parklight-led-50w-plazas-y-caminerias.jpg,2,,
il-pkch50w,,,,,,,,,,,,,,https://f.fcdn.app/imgs/83750b/tienda.iluminica.com/ilumuy/bf8f/original/catalogo/PKCH50W_PKCH50W_3/1024-1024/parklight-led-50w-plazas-y-caminerias-parklight-led-50w-plazas-y-caminerias.jpg,3,,
il-pkch50w,,,,,,,,,,,,,,https://f.fcdn.app/imgs/f97c6c/tienda.iluminica.com/ilumuy/8ea6/original/catalogo/PKCH50W_PKCH50W_4/1024-1024/parklight-led-50w-plazas-y-caminerias-parklight-led-50w-plazas-y-caminerias.jpg,4,,
il-pkch50w,,,,,,,,,,,,,,https://f.fcdn.app/imgs/1001d8/tienda.iluminica.com/ilumuy/ff36/original/catalogo/PKCH50W_PKCH50W_5/1024-1024/parklight-led-50w-plazas-y-caminerias-parklight-led-50w-plazas-y-caminerias.jpg,5,,
il-rlpe200w,Reflector Proyector Led 200w Profesional,Reflector Proyector Led 200w Profesional,Chiaro,Iluminación,"Reflectores, Chiaro, stock-verificado",TRUE,Color,Reflector Proyector Led 200w Profesional,RLPE 200W::U,15502.00,,10,deny,https://f.fcdn.app/imgs/d976a2/tienda.iluminica.com/ilumuy/90a5/original/catalogo/RLPE200W_RLPE200W_1/1024-1024/reflector-proyector-led-200w-profesional-reflector-proyector-led-200w-profesional.jpg,1,,
il-rlpe200w,,,,,,,,,,,,,,https://f.fcdn.app/imgs/56db0b/tienda.iluminica.com/ilumuy/f9a3/original/catalogo/RLPE200W_RLPE200W_2/1024-1024/reflector-proyector-led-200w-profesional-reflector-proyector-led-200w-profesional.jpg,2,,
il-rlpe200w,,,,,,,,,,,,,,https://f.fcdn.app/imgs/75ca30/tienda.iluminica.com/ilumuy/c1e9/original/catalogo/RLPE200W_RLPE200W_3/1024-1024/reflector-proyector-led-200w-profesional-reflector-proyector-led-200w-profesional.jpg,3,,
il-rlpe200w,,,,,,,,,,,,,,https://f.fcdn.app/imgs/9bce2f/tienda.iluminica.com/ilumuy/05c2/original/catalogo/RLPE200W_RLPE200W_4/1024-1024/reflector-proyector-led-200w-profesional-reflector-proyector-led-200w-profesional.jpg,4,,
il-rlpe200w,,,,,,,,,,,,,,https://f.fcdn.app/imgs/99e2fc/tienda.iluminica.com/ilumuy/9db3/original/catalogo/RLPE200W_RLPE200W_5/1024-1024/reflector-proyector-led-200w-profesional-reflector-proyector-led-200w-profesional.jpg,5,,
il-rlpe400w,Reflector Proyector Led 400w Profesional,Reflector Proyector Led 400w Profesional,Chiaro,Iluminación,"Reflectores, Chiaro, stock-verificado",TRUE,Color,Reflector Proyector Led 400w Profesional,RLPE 400W::U,27813.00,,10,deny,https://f.fcdn.app/imgs/a6a312/tienda.iluminica.com/ilumuy/b18c/original/catalogo/RLPE400W_RLPE400W_1/1024-1024/reflector-proyector-led-400w-profesional-reflector-proyector-led-400w-profesional.jpg,1,,
il-rlpe400w,,,,,,,,,,,,,,https://f.fcdn.app/imgs/2034ca/tienda.iluminica.com/ilumuy/05c2/original/catalogo/RLPE400W_RLPE400W_2/1024-1024/reflector-proyector-led-400w-profesional-reflector-proyector-led-400w-profesional.jpg,2,,
il-rlpe400w,,,,,,,,,,,,,,https://f.fcdn.app/imgs/aff262/tienda.iluminica.com/ilumuy/cb5f/original/catalogo/RLPE400W_RLPE400W_3/1024-1024/reflector-proyector-led-400w-profesional-reflector-proyector-led-400w-profesional.jpg,3,,
il-rlpe400w,,,,,,,,,,,,,,https://f.fcdn.app/imgs/a7a9a7/tienda.iluminica.com/ilumuy/c1e9/original/catalogo/RLPE400W_RLPE400W_4/1024-1024/reflector-proyector-led-400w-profesional-reflector-proyector-led-400w-profesional.jpg,4,,
il-rlpe400w,,,,,,,,,,,,,,https://f.fcdn.app/imgs/bbf4c5/tienda.iluminica.com/ilumuy/f9a3/original/catalogo/RLPE400W_RLPE400W_5/1024-1024/reflector-proyector-led-400w-profesional-reflector-proyector-led-400w-profesional.jpg,5,,
il-psc18wn,"Panel led 18w con sensor de movimiento, cuadrado","Panel led 18w con sensor de movimiento, cuadrado",Chiaro,Iluminación,"Paneles, Chiaro, stock-verificado",TRUE,Color,"Panel led 18w con sensor de movimiento, cuadrado",PSC 18WN::U,1340.00,,10,deny,https://f.fcdn.app/imgs/bad243/tienda.iluminica.com/ilumuy/f230/original/catalogo/PSC18WN_PSC18WN_1/1024-1024/panel-led-18w-con-sensor-de-movimiento-cuadrado-panel-led-18w-con-sensor-de-movimiento-cuadrado.jpg,1,,
il-psc18wn,,,,,,,,,,,,,,https://f.fcdn.app/imgs/8b68a4/tienda.iluminica.com/ilumuy/ee7a/original/catalogo/PSC18WN_PSC18WN_2/1024-1024/panel-led-18w-con-sensor-de-movimiento-cuadrado-panel-led-18w-con-sensor-de-movimiento-cuadrado.jpg,2,,
il-psc18wn,,,,,,,,,,,,,,https://f.fcdn.app/imgs/d4d4e9/tienda.iluminica.com/ilumuy/dc2c/original/catalogo/PSC18WN_PSC18WN_3/1024-1024/panel-led-18w-con-sensor-de-movimiento-cuadrado-panel-led-18w-con-sensor-de-movimiento-cuadrado.jpg,3,,
il-psc18wn,,,,,,,,,,,,,,https://f.fcdn.app/imgs/60d308/tienda.iluminica.com/ilumuy/959d/original/catalogo/PSC18WN_PSC18WN_4/1024-1024/panel-led-18w-con-sensor-de-movimiento-cuadrado-panel-led-18w-con-sensor-de-movimiento-cuadrado.jpg,4,,
il-psc18wn,,,,,,,,,,,,,,https://f.fcdn.app/imgs/99d792/tienda.iluminica.com/ilumuy/4163/original/catalogo/PSC18WN_PSC18WN_5/1024-1024/panel-led-18w-con-sensor-de-movimiento-cuadrado-panel-led-18w-con-sensor-de-movimiento-cuadrado.jpg,5,,
il-psr12wn,"Panel led 12w con sensor de movimiento, circular","Panel led 12w con sensor de movimiento, circular",Chiaro,Iluminación,"Paneles, Chiaro, stock-verificado",TRUE,Color,"Panel led 12w con sensor de movimiento, circular",PSR 12WN::U,1127.00,,10,deny,https://f.fcdn.app/imgs/0f3b98/tienda.iluminica.com/ilumuy/9276/original/catalogo/PSR12WN_PSR12WN_1/1024-1024/panel-led-12w-con-sensor-de-movimiento-circular-panel-led-12w-con-sensor-de-movimiento-circular.jpg,1,,
il-psr12wn,,,,,,,,,,,,,,https://f.fcdn.app/imgs/fe1416/tienda.iluminica.com/ilumuy/c85f/original/catalogo/PSR12WN_PSR12WN_2/1024-1024/panel-led-12w-con-sensor-de-movimiento-circular-panel-led-12w-con-sensor-de-movimiento-circular.jpg,2,,
il-psr12wn,,,,,,,,,,,,,,https://f.fcdn.app/imgs/792929/tienda.iluminica.com/ilumuy/5384/original/catalogo/PSR12WN_PSR12WN_3/1024-1024/panel-led-12w-con-sensor-de-movimiento-circular-panel-led-12w-con-sensor-de-movimiento-circular.jpg,3,,
il-psr12wn,,,,,,,,,,,,,,https://f.fcdn.app/imgs/c307d2/tienda.iluminica.com/ilumuy/1f2d/original/catalogo/PSR12WN_PSR12WN_4/1024-1024/panel-led-12w-con-sensor-de-movimiento-circular-panel-led-12w-con-sensor-de-movimiento-circular.jpg,4,,
il-psr12wn,,,,,,,,,,,,,,https://f.fcdn.app/imgs/672b7b/tienda.iluminica.com/ilumuy/f8a7/original/catalogo/PSR12WN_PSR12WN_5/1024-1024/panel-led-12w-con-sensor-de-movimiento-circular-panel-led-12w-con-sensor-de-movimiento-circular.jpg,5,,
il-psr18wn,"Panel led 18w con sensor de movimiento, circular","Panel led 18w con sensor de movimiento, circular",Chiaro,Iluminación,"Paneles, Chiaro, stock-verificado",TRUE,Color,"Panel led 18w con sensor de movimiento, circular",PSR 18WN::U,1255.00,,10,deny,https://f.fcdn.app/imgs/9ad521/tienda.iluminica.com/ilumuy/9276/original/catalogo/PSR18WN_PSR18WN_1/1024-1024/panel-led-18w-con-sensor-de-movimiento-circular-panel-led-18w-con-sensor-de-movimiento-circular.jpg,1,,
il-psr18wn,,,,,,,,,,,,,,https://f.fcdn.app/imgs/0787ab/tienda.iluminica.com/ilumuy/c85f/original/catalogo/PSR18WN_PSR18WN_2/1024-1024/panel-led-18w-con-sensor-de-movimiento-circular-panel-led-18w-con-sensor-de-movimiento-circular.jpg,2,,
il-psr18wn,,,,,,,,,,,,,,https://f.fcdn.app/imgs/8ebae5/tienda.iluminica.com/ilumuy/5384/original/catalogo/PSR18WN_PSR18WN_3/1024-1024/panel-led-18w-con-sensor-de-movimiento-circular-panel-led-18w-con-sensor-de-movimiento-circular.jpg,3,,
il-psr18wn,,,,,,,,,,,,,,https://f.fcdn.app/imgs/690607/tienda.iluminica.com/ilumuy/1f2d/original/catalogo/PSR18WN_PSR18WN_4/1024-1024/panel-led-18w-con-sensor-de-movimiento-circular-panel-led-18w-con-sensor-de-movimiento-circular.jpg,4,,
il-psr18wn,,,,,,,,,,,,,,https://f.fcdn.app/imgs/02b165/tienda.iluminica.com/ilumuy/f8a7/original/catalogo/PSR18WN_PSR18WN_5/1024-1024/panel-led-18w-con-sensor-de-movimiento-circular-panel-led-18w-con-sensor-de-movimiento-circular.jpg,5,,
il-clchi150wfdim90,Campana led 150w UFO DIMERIZABLE,Campana led 150w UFO DIMERIZABLE,Chiaro,Iluminación,"Campanas LED, Chiaro, stock-verificado",TRUE,Color,Campana led 150w UFO DIMERIZABLE,CLCHI 150WF DIM 90::U,5762.00,,10,deny,https://f.fcdn.app/imgs/7dd626/tienda.iluminica.com/ilumuy/2e4f/original/catalogo/CLCHI150WFDIM90_CLCHI150WFDIM90_1/1024-1024/campana-led-150w-ufo-dimerizable-campana-led-150w-ufo-dimerizable.jpg,1,,
il-clchi150wfdim90,,,,,,,,,,,,,,https://f.fcdn.app/imgs/7bdb3b/tienda.iluminica.com/ilumuy/512c/original/catalogo/CLCHI150WFDIM90_CLCHI150WFDIM90_2/1024-1024/campana-led-150w-ufo-dimerizable-campana-led-150w-ufo-dimerizable.jpg,2,,
il-clchi150wfdim90,,,,,,,,,,,,,,https://f.fcdn.app/imgs/602de8/tienda.iluminica.com/ilumuy/dfc5/original/catalogo/CLCHI150WFDIM90_CLCHI150WFDIM90_3/1024-1024/campana-led-150w-ufo-dimerizable-campana-led-150w-ufo-dimerizable.jpg,3,,
il-clchi150wfdim90,,,,,,,,,,,,,,https://f.fcdn.app/imgs/5b057a/tienda.iluminica.com/ilumuy/8de3/original/catalogo/CLCHI150WFDIM90_CLCHI150WFDIM90_4/1024-1024/campana-led-150w-ufo-dimerizable-campana-led-150w-ufo-dimerizable.jpg,4,,
il-clchi150wfdim90,,,,,,,,,,,,,,https://f.fcdn.app/imgs/148126/tienda.iluminica.com/ilumuy/5c02/original/catalogo/CLCHI150WFDIM90_CLCHI150WFDIM90_5/1024-1024/campana-led-150w-ufo-dimerizable-campana-led-150w-ufo-dimerizable.jpg,5,,
il-bep1060,Pincho led 10W Aluminio negro IP65 24 volt 60º,Pincho led 10W Aluminio negro IP65 24 volt 60º,Chiaro,Iluminación,"Pinchos, Chiaro, stock-verificado",TRUE,Color,Pincho led 10W Aluminio negro IP65 24 volt 60º,BEP 1060::U,4082.00,,10,deny,https://f.fcdn.app/imgs/6de10d/tienda.iluminica.com/ilumuy/1e0e/original/catalogo/BEP1060_BEP1060_1/1024-1024/pincho-led-10w-aluminio-negro-ip65-24-volt-60-pincho-led-10w-aluminio-negro-ip65-24-volt-60.jpg,1,,
il-bep1060,,,,,,,,,,,,,,https://f.fcdn.app/imgs/30e594/tienda.iluminica.com/ilumuy/53ff/original/catalogo/BEP1060_BEP1060_2/1024-1024/pincho-led-10w-aluminio-negro-ip65-24-volt-60-pincho-led-10w-aluminio-negro-ip65-24-volt-60.jpg,2,,
il-bep1060,,,,,,,,,,,,,,https://f.fcdn.app/imgs/5e64d2/tienda.iluminica.com/ilumuy/f014/original/catalogo/BEP1060_BEP1060_3/1024-1024/pincho-led-10w-aluminio-negro-ip65-24-volt-60-pincho-led-10w-aluminio-negro-ip65-24-volt-60.jpg,3,,
il-bep1060,,,,,,,,,,,,,,https://f.fcdn.app/imgs/173dee/tienda.iluminica.com/ilumuy/edde/original/catalogo/BEP1060_BEP1060_4/1024-1024/pincho-led-10w-aluminio-negro-ip65-24-volt-60-pincho-led-10w-aluminio-negro-ip65-24-volt-60.jpg,4,,
il-bep1060,,,,,,,,,,,,,,https://f.fcdn.app/imgs/b0b544/tienda.iluminica.com/ilumuy/56eb/original/catalogo/BEP1060_BEP1060_5/1024-1024/pincho-led-10w-aluminio-negro-ip65-24-volt-60-pincho-led-10w-aluminio-negro-ip65-24-volt-60.jpg,5,,
il-pmch17,Plafón led circular de madera y aluminio gris mate,Plafón led circular de madera y aluminio gris mate,Chiaro,Iluminación,"Plafones, Chiaro, stock-verificado",TRUE,Color,Luz Cálida,PMCH 17:C:U,2118.00,,10,deny,https://f.fcdn.app/imgs/0f5870/tienda.iluminica.com/ilumuy/9563/original/catalogo/PMCH17_C_1/1024-1024/plafon-led-circular-de-madera-y-aluminio-gris-mate-luz-calida.jpg,1,,
il-pmch17,,,,,,,,Luz Neutra,PMCH 17:N:U,2118.00,,10,deny,,,,
il-pmch17,,,,,,,,,,,,,,https://f.fcdn.app/imgs/4fe940/tienda.iluminica.com/ilumuy/12e2/original/catalogo/PMCH17_C_2/1024-1024/plafon-led-circular-de-madera-y-aluminio-gris-mate-luz-calida.jpg,2,,
il-pmch17,,,,,,,,,,,,,,https://f.fcdn.app/imgs/544752/tienda.iluminica.com/ilumuy/6a3c/original/catalogo/PMCH17_C_3/1024-1024/plafon-led-circular-de-madera-y-aluminio-gris-mate-luz-calida.jpg,3,,
il-pmch17,,,,,,,,,,,,,,https://f.fcdn.app/imgs/0302ba/tienda.iluminica.com/ilumuy/3070/original/catalogo/PMCH17_C_4/1024-1024/plafon-led-circular-de-madera-y-aluminio-gris-mate-luz-calida.jpg,4,,
il-pmch17,,,,,,,,,,,,,,https://f.fcdn.app/imgs/20ad20/tienda.iluminica.com/ilumuy/01a1/original/catalogo/PMCH17_C_5/1024-1024/plafon-led-circular-de-madera-y-aluminio-gris-mate-luz-calida.jpg,5,,
il-pmch17,,,,,,,,,,,,,,https://f.fcdn.app/imgs/0cdaa4/tienda.iluminica.com/ilumuy/207f/original/catalogo/PMCH17_N_1/1024-1024/plafon-led-circular-de-madera-y-aluminio-gris-mate-luz-neutra.jpg,6,,
il-pmch17,,,,,,,,,,,,,,https://f.fcdn.app/imgs/0bc434/tienda.iluminica.com/ilumuy/12e2/original/catalogo/PMCH17_N_2/1024-1024/plafon-led-circular-de-madera-y-aluminio-gris-mate-luz-neutra.jpg,7,,
il-pmch17,,,,,,,,,,,,,,https://f.fcdn.app/imgs/1f19ce/tienda.iluminica.com/ilumuy/b4c5/original/catalogo/PMCH17_N_3/1024-1024/plafon-led-circular-de-madera-y-aluminio-gris-mate-luz-neutra.jpg,8,,
il-pmch17,,,,,,,,,,,,,,https://f.fcdn.app/imgs/c28cae/tienda.iluminica.com/ilumuy/3070/original/catalogo/PMCH17_N_4/1024-1024/plafon-led-circular-de-madera-y-aluminio-gris-mate-luz-neutra.jpg,9,,
il-pmch17,,,,,,,,,,,,,,https://f.fcdn.app/imgs/0514cf/tienda.iluminica.com/ilumuy/01a1/original/catalogo/PMCH17_N_5/1024-1024/plafon-led-circular-de-madera-y-aluminio-gris-mate-luz-neutra.jpg,10,,
il-be05,Embutido led piso 5w - 5.8 cm IP67 24 volt,Embutido led piso 5w - 5.8 cm IP67 24 volt,Chiaro,Iluminación,"Apliques, Chiaro, stock-verificado",TRUE,Color,Embutido led piso 5w - 5.8 cm IP67 24 volt,BE 05::U,3086.00,3511.00,10,deny,https://f.fcdn.app/imgs/80001f/tienda.iluminica.com/ilumuy/f5c7/original/catalogo/BE05_BE05_1/1024-1024/embutido-led-piso-5w-5-8-cm-ip67-24-volt-embutido-led-piso-5w-5-8-cm-ip67-24-volt.jpg,1,,
il-be05,,,,,,,,,,,,,,https://f.fcdn.app/imgs/1e2147/tienda.iluminica.com/ilumuy/e538/original/catalogo/BE05_BE05_2/1024-1024/embutido-led-piso-5w-5-8-cm-ip67-24-volt-embutido-led-piso-5w-5-8-cm-ip67-24-volt.jpg,2,,
il-be05,,,,,,,,,,,,,,https://f.fcdn.app/imgs/f18499/tienda.iluminica.com/ilumuy/6e8d/original/catalogo/BE05_BE05_3/1024-1024/embutido-led-piso-5w-5-8-cm-ip67-24-volt-embutido-led-piso-5w-5-8-cm-ip67-24-volt.jpg,3,,
il-be05,,,,,,,,,,,,,,https://f.fcdn.app/imgs/af5b59/tienda.iluminica.com/ilumuy/ee8d/original/catalogo/BE05_BE05_4/1024-1024/embutido-led-piso-5w-5-8-cm-ip67-24-volt-embutido-led-piso-5w-5-8-cm-ip67-24-volt.jpg,4,,
il-be05,,,,,,,,,,,,,,https://f.fcdn.app/imgs/622364/tienda.iluminica.com/ilumuy/fd0a/original/catalogo/BE05_BE05_5/1024-1024/embutido-led-piso-5w-5-8-cm-ip67-24-volt-embutido-led-piso-5w-5-8-cm-ip67-24-volt.jpg,5,,
il-be06,Embutido led piso 1-2w - 5cm IP67 24 volt,Embutido led piso 1-2w - 5cm IP67 24 volt,Chiaro,Iluminación,"Apliques, Chiaro, stock-verificado",TRUE,Color,Embutido led piso 1-2w - 5cm IP67 24 volt,BE 06::U,2928.00,,10,deny,https://f.fcdn.app/imgs/83971d/tienda.iluminica.com/ilumuy/6341/original/catalogo/BE06_BE06_1/1024-1024/embutido-led-piso-1-2w-5cm-ip67-24-volt-embutido-led-piso-1-2w-5cm-ip67-24-volt.jpg,1,,
il-be06,,,,,,,,,,,,,,https://f.fcdn.app/imgs/f53ad7/tienda.iluminica.com/ilumuy/22e8/original/catalogo/BE06_BE06_2/1024-1024/embutido-led-piso-1-2w-5cm-ip67-24-volt-embutido-led-piso-1-2w-5cm-ip67-24-volt.jpg,2,,
il-be06,,,,,,,,,,,,,,https://f.fcdn.app/imgs/51725b/tienda.iluminica.com/ilumuy/6e8d/original/catalogo/BE06_BE06_3/1024-1024/embutido-led-piso-1-2w-5cm-ip67-24-volt-embutido-led-piso-1-2w-5cm-ip67-24-volt.jpg,3,,
il-be06,,,,,,,,,,,,,,https://f.fcdn.app/imgs/05c823/tienda.iluminica.com/ilumuy/7824/original/catalogo/BE06_BE06_4/1024-1024/embutido-led-piso-1-2w-5cm-ip67-24-volt-embutido-led-piso-1-2w-5cm-ip67-24-volt.jpg,4,,
il-be06,,,,,,,,,,,,,,https://f.fcdn.app/imgs/fb45a6/tienda.iluminica.com/ilumuy/f3b7/original/catalogo/BE06_BE06_5/1024-1024/embutido-led-piso-1-2w-5cm-ip67-24-volt-embutido-led-piso-1-2w-5cm-ip67-24-volt.jpg,5,,
il-be07,Pincho led 10w Aluminio negro IP66 24 volt,Pincho led 10w Aluminio negro IP66 24 volt,Chiaro,Iluminación,"Pinchos, Chiaro, stock-verificado",TRUE,Color,Pincho led 10w Aluminio negro IP66 24 volt,BE 07::U,4082.00,,10,deny,https://f.fcdn.app/imgs/924736/tienda.iluminica.com/ilumuy/6398/original/catalogo/BE07_BE07_1/1024-1024/pincho-led-10w-aluminio-negro-ip66-24-volt-pincho-led-10w-aluminio-negro-ip66-24-volt.jpg,1,,
il-be07,,,,,,,,,,,,,,https://f.fcdn.app/imgs/9e145d/tienda.iluminica.com/ilumuy/4be2/original/catalogo/BE07_BE07_2/1024-1024/pincho-led-10w-aluminio-negro-ip66-24-volt-pincho-led-10w-aluminio-negro-ip66-24-volt.jpg,2,,
il-be07,,,,,,,,,,,,,,https://f.fcdn.app/imgs/783b78/tienda.iluminica.com/ilumuy/4acf/original/catalogo/BE07_BE07_3/1024-1024/pincho-led-10w-aluminio-negro-ip66-24-volt-pincho-led-10w-aluminio-negro-ip66-24-volt.jpg,3,,
il-be07,,,,,,,,,,,,,,https://f.fcdn.app/imgs/ef7c57/tienda.iluminica.com/ilumuy/9cbc/original/catalogo/BE07_BE07_4/1024-1024/pincho-led-10w-aluminio-negro-ip66-24-volt-pincho-led-10w-aluminio-negro-ip66-24-volt.jpg,4,,
il-be07,,,,,,,,,,,,,,https://f.fcdn.app/imgs/3ef9a8/tienda.iluminica.com/ilumuy/cf75/original/catalogo/BE07_BE07_5/1024-1024/pincho-led-10w-aluminio-negro-ip66-24-volt-pincho-led-10w-aluminio-negro-ip66-24-volt.jpg,5,,
il-chfs445w,Lámpara led 45w E40 remplazo sodio-mercurio,Lámpara led 45w E40 remplazo sodio-mercurio,Chiaro,Iluminación,"Lámparas – Tubos LED, Chiaro, stock-verificado",TRUE,Color,Luz Fría,CHF S4 45W:F:U,1367.00,,10,deny,https://f.fcdn.app/imgs/c2d771/tienda.iluminica.com/ilumuy/0c31/original/catalogo/CHFS445W_F_1/1024-1024/lampara-led-45w-e40-remplazo-sodio-mercurio-luz-fria.jpg,1,,
il-chfs445w,,,,,,,,Luz Neutra,CHF S4 45W:N:U,1367.00,,10,deny,,,,
il-chfs445w,,,,,,,,,,,,,,https://f.fcdn.app/imgs/431655/tienda.iluminica.com/ilumuy/fceb/original/catalogo/CHFS445W_F_2/1024-1024/lampara-led-45w-e40-remplazo-sodio-mercurio-luz-fria.jpg,2,,
il-chfs445w,,,,,,,,,,,,,,https://f.fcdn.app/imgs/d10727/tienda.iluminica.com/ilumuy/187b/original/catalogo/CHFS445W_F_3/1024-1024/lampara-led-45w-e40-remplazo-sodio-mercurio-luz-fria.jpg,3,,
il-chfs445w,,,,,,,,,,,,,,https://f.fcdn.app/imgs/97c1ca/tienda.iluminica.com/ilumuy/1cbe/original/catalogo/CHFS445W_F_4/1024-1024/lampara-led-45w-e40-remplazo-sodio-mercurio-luz-fria.jpg,4,,
il-chfs445w,,,,,,,,,,,,,,https://f.fcdn.app/imgs/29d649/tienda.iluminica.com/ilumuy/ba2b/original/catalogo/CHFS445W_N_1/1024-1024/lampara-led-45w-e40-remplazo-sodio-mercurio-luz-neutra.jpg,5,,
il-chfs445w,,,,,,,,,,,,,,https://f.fcdn.app/imgs/fc8bd0/tienda.iluminica.com/ilumuy/25ac/original/catalogo/CHFS445W_N_2/1024-1024/lampara-led-45w-e40-remplazo-sodio-mercurio-luz-neutra.jpg,6,,
il-chfs445w,,,,,,,,,,,,,,https://f.fcdn.app/imgs/bb71e3/tienda.iluminica.com/ilumuy/4acf/original/catalogo/CHFS445W_N_3/1024-1024/lampara-led-45w-e40-remplazo-sodio-mercurio-luz-neutra.jpg,7,,
il-chfs445w,,,,,,,,,,,,,,https://f.fcdn.app/imgs/edc86c/tienda.iluminica.com/ilumuy/4e71/original/catalogo/CHFS445W_N_4/1024-1024/lampara-led-45w-e40-remplazo-sodio-mercurio-luz-neutra.jpg,8,,
il-be01,Embutido Led 1 haz de luz Rasante IP67 24 volt,Embutido Led 1 haz de luz Rasante IP67 24 volt,Chiaro,Iluminación,"Apliques, Chiaro, stock-verificado",TRUE,Color,Embutido Led 1 haz de luz Rasante IP67 24 volt,BE 01::U,5419.00,,10,deny,https://f.fcdn.app/imgs/b313ad/tienda.iluminica.com/ilumuy/a107/original/catalogo/BE01_BE01_1/1024-1024/embutido-led-1-haz-de-luz-rasante-ip67-24-volt-embutido-led-1-haz-de-luz-rasante-ip67-24-volt.jpg,1,,
il-be01,,,,,,,,,,,,,,https://f.fcdn.app/imgs/0182c0/tienda.iluminica.com/ilumuy/f935/original/catalogo/BE01_BE01_2/1024-1024/embutido-led-1-haz-de-luz-rasante-ip67-24-volt-embutido-led-1-haz-de-luz-rasante-ip67-24-volt.jpg,2,,
il-be01,,,,,,,,,,,,,,https://f.fcdn.app/imgs/373160/tienda.iluminica.com/ilumuy/d842/original/catalogo/BE01_BE01_3/1024-1024/embutido-led-1-haz-de-luz-rasante-ip67-24-volt-embutido-led-1-haz-de-luz-rasante-ip67-24-volt.jpg,3,,
il-be01,,,,,,,,,,,,,,https://f.fcdn.app/imgs/f01dbc/tienda.iluminica.com/ilumuy/8591/original/catalogo/BE01_BE01_4/1024-1024/embutido-led-1-haz-de-luz-rasante-ip67-24-volt-embutido-led-1-haz-de-luz-rasante-ip67-24-volt.jpg,4,,
il-be02,"Embutido led anillo, de pared, IP65 24 volt","Embutido led anillo, de pared, IP65 24 volt",Chiaro,Iluminación,"Apliques, Chiaro, stock-verificado",TRUE,Color,"Embutido led anillo, de pared, IP65 24 volt",BE 02::U,2340.00,,10,deny,https://f.fcdn.app/imgs/2530c4/tienda.iluminica.com/ilumuy/9a70/original/catalogo/BE02_BE02_1/1024-1024/embutido-led-anillo-de-pared-ip65-24-volt-embutido-led-anillo-de-pared-ip65-24-volt.jpg,1,,
il-be02,,,,,,,,,,,,,,https://f.fcdn.app/imgs/12d2aa/tienda.iluminica.com/ilumuy/e40f/original/catalogo/BE02_BE02_2/1024-1024/embutido-led-anillo-de-pared-ip65-24-volt-embutido-led-anillo-de-pared-ip65-24-volt.jpg,2,,
il-be02,,,,,,,,,,,,,,https://f.fcdn.app/imgs/266abe/tienda.iluminica.com/ilumuy/150a/original/catalogo/BE02_BE02_3/1024-1024/embutido-led-anillo-de-pared-ip65-24-volt-embutido-led-anillo-de-pared-ip65-24-volt.jpg,3,,
il-be02,,,,,,,,,,,,,,https://f.fcdn.app/imgs/37e9c4/tienda.iluminica.com/ilumuy/97d5/original/catalogo/BE02_BE02_4/1024-1024/embutido-led-anillo-de-pared-ip65-24-volt-embutido-led-anillo-de-pared-ip65-24-volt.jpg,4,,
il-be03c,"Embutido led haz Señalizador cuadrado, de pared, IP65 240 volt","Embutido led haz Señalizador cuadrado, de pared, IP65 240 volt",Chiaro,Iluminación,"Apliques, Chiaro, stock-verificado",TRUE,Color,"Embutido led haz Señalizador cuadrado, de pared, IP65 240 volt",BE 03C::U,2841.00,,10,deny,https://f.fcdn.app/imgs/8a5867/tienda.iluminica.com/ilumuy/03e4/original/catalogo/BE03C_BE03C_1/1024-1024/embutido-led-haz-senalizador-cuadrado-de-pared-ip65-240-volt-embutido-led-haz-senalizador-cuadrado-de-pared-ip65-240-volt.jpg,1,,
il-be03c,,,,,,,,,,,,,,https://f.fcdn.app/imgs/e732f2/tienda.iluminica.com/ilumuy/e40d/original/catalogo/BE03C_BE03C_2/1024-1024/embutido-led-haz-senalizador-cuadrado-de-pared-ip65-240-volt-embutido-led-haz-senalizador-cuadrado-de-pared-ip65-240-volt.jpg,2,,
il-be03c,,,,,,,,,,,,,,https://f.fcdn.app/imgs/eb3140/tienda.iluminica.com/ilumuy/851b/original/catalogo/BE03C_BE03C_3/1024-1024/embutido-led-haz-senalizador-cuadrado-de-pared-ip65-240-volt-embutido-led-haz-senalizador-cuadrado-de-pared-ip65-240-volt.jpg,3,,
il-be03c,,,,,,,,,,,,,,https://f.fcdn.app/imgs/021832/tienda.iluminica.com/ilumuy/e878/original/catalogo/BE03C_BE03C_4/1024-1024/embutido-led-haz-senalizador-cuadrado-de-pared-ip65-240-volt-embutido-led-haz-senalizador-cuadrado-de-pared-ip65-240-volt.jpg,4,,
il-be03c,,,,,,,,,,,,,,https://f.fcdn.app/imgs/69e406/tienda.iluminica.com/ilumuy/00a1/original/catalogo/BE03C_BE03C_5/1024-1024/embutido-led-haz-senalizador-cuadrado-de-pared-ip65-240-volt-embutido-led-haz-senalizador-cuadrado-de-pared-ip65-240-volt.jpg,5,,
il-be03r,"Embutido led haz Señalizador redondo, de pared, IP65 240 volt","Embutido led haz Señalizador redondo, de pared, IP65 240 volt",Chiaro,Iluminación,"Apliques, Chiaro, stock-verificado",TRUE,Color,"Embutido led haz Señalizador redondo, de pared, IP65 240 volt",BE 03R::U,2841.00,,10,deny,https://f.fcdn.app/imgs/7324a1/tienda.iluminica.com/ilumuy/f9d4/original/catalogo/BE03R_BE03R_1/1024-1024/embutido-led-haz-senalizador-redondo-de-pared-ip65-240-volt-embutido-led-haz-senalizador-redondo-de-pared-ip65-240-volt.jpg,1,,
il-be03r,,,,,,,,,,,,,,https://f.fcdn.app/imgs/89e13d/tienda.iluminica.com/ilumuy/79a1/original/catalogo/BE03R_BE03R_2/1024-1024/embutido-led-haz-senalizador-redondo-de-pared-ip65-240-volt-embutido-led-haz-senalizador-redondo-de-pared-ip65-240-volt.jpg,2,,
il-be03r,,,,,,,,,,,,,,https://f.fcdn.app/imgs/95bdd1/tienda.iluminica.com/ilumuy/11c1/original/catalogo/BE03R_BE03R_3/1024-1024/embutido-led-haz-senalizador-redondo-de-pared-ip65-240-volt-embutido-led-haz-senalizador-redondo-de-pared-ip65-240-volt.jpg,3,,
il-be03r,,,,,,,,,,,,,,https://f.fcdn.app/imgs/81ec98/tienda.iluminica.com/ilumuy/851b/original/catalogo/BE03R_BE03R_4/1024-1024/embutido-led-haz-senalizador-redondo-de-pared-ip65-240-volt-embutido-led-haz-senalizador-redondo-de-pared-ip65-240-volt.jpg,4,,
il-be03r,,,,,,,,,,,,,,https://f.fcdn.app/imgs/8aaaee/tienda.iluminica.com/ilumuy/53a7/original/catalogo/BE03R_BE03R_5/1024-1024/embutido-led-haz-senalizador-redondo-de-pared-ip65-240-volt-embutido-led-haz-senalizador-redondo-de-pared-ip65-240-volt.jpg,5,,
il-tlch10w,"Spot de riel tracklight led 10w Luz Cálida 3000K, 2 vías","Spot de riel tracklight led 10w Luz Cálida 3000K, 2 vías",Chiaro,Iluminación,"Rieles, Chiaro, stock-verificado",TRUE,Color,Negro,TLCH 10W:N-C:U,734.00,,10,deny,https://f.fcdn.app/imgs/36b00e/tienda.iluminica.com/ilumuy/cac5/original/catalogo/TLCH10W_N-C_1/1024-1024/spot-de-riel-tracklight-led-10w-luz-calida-3000k-2-vias-negro.jpg,1,,
il-tlch10w,,,,,,,,,,,,,,https://f.fcdn.app/imgs/44d52f/tienda.iluminica.com/ilumuy/21ca/original/catalogo/TLCH10W_N-C_2/1024-1024/spot-de-riel-tracklight-led-10w-luz-calida-3000k-2-vias-negro.jpg,2,,
il-tlch10w,,,,,,,,,,,,,,https://f.fcdn.app/imgs/ac2b42/tienda.iluminica.com/ilumuy/24fc/original/catalogo/TLCH10W_N-C_3/1024-1024/spot-de-riel-tracklight-led-10w-luz-calida-3000k-2-vias-negro.jpg,3,,
il-tlch10w,,,,,,,,,,,,,,https://f.fcdn.app/imgs/1153bd/tienda.iluminica.com/ilumuy/8ae4/original/catalogo/TLCH10W_N-C_4/1024-1024/spot-de-riel-tracklight-led-10w-luz-calida-3000k-2-vias-negro.jpg,4,,
il-tlch10w,,,,,,,,,,,,,,https://f.fcdn.app/imgs/88e9ae/tienda.iluminica.com/ilumuy/f937/original/catalogo/TLCH10W_N-C_5/1024-1024/spot-de-riel-tracklight-led-10w-luz-calida-3000k-2-vias-negro.jpg,5,,
il-epzr18w,"Panel LED 18W, de embutir, empotrar redondo BLANCO POTENZA","Panel LED 18W, de embutir, empotrar redondo BLANCO POTENZA",Potenza,Iluminación,"Paneles, Potenza, stock-verificado",TRUE,Color,"Panel LED 18W, de embutir, empotrar redondo BLANCO POTENZA",EPZR 18W::U,197.00,,10,deny,https://f.fcdn.app/imgs/83f71e/tienda.iluminica.com/ilumuy/2268/original/catalogo/EPZR18W_EPZR18W_1/1024-1024/panel-led-18w-de-embutir-empotrar-redondo-blanco-potenza-panel-led-18w-de-embutir-empotrar-redondo-blanco-potenza.jpg,1,,
il-epzr18w,,,,,,,,,,,,,,https://f.fcdn.app/imgs/50c23b/tienda.iluminica.com/ilumuy/269c/original/catalogo/EPZR18W_EPZR18W_2/1024-1024/panel-led-18w-de-embutir-empotrar-redondo-blanco-potenza-panel-led-18w-de-embutir-empotrar-redondo-blanco-potenza.jpg,2,,
il-epzr18w,,,,,,,,,,,,,,https://f.fcdn.app/imgs/ca95cd/tienda.iluminica.com/ilumuy/7ebd/original/catalogo/EPZR18W_EPZR18W_3/1024-1024/panel-led-18w-de-embutir-empotrar-redondo-blanco-potenza-panel-led-18w-de-embutir-empotrar-redondo-blanco-potenza.jpg,3,,
il-epzr18w,,,,,,,,,,,,,,https://f.fcdn.app/imgs/10f9e0/tienda.iluminica.com/ilumuy/8ad7/original/catalogo/EPZR18W_EPZR18W_4/1024-1024/panel-led-18w-de-embutir-empotrar-redondo-blanco-potenza-panel-led-18w-de-embutir-empotrar-redondo-blanco-potenza.jpg,4,,
il-nrch30w,"Foco Led Reflector 30w Slim Smd, Chip Led Lumileds","Foco Led Reflector 30w Slim Smd, Chip Led Lumileds",Chiaro,Iluminación,"Reflectores, Chiaro, stock-verificado",TRUE,Color,Luz Cálida,NRCH 30W:C:U,664.00,,10,deny,https://f.fcdn.app/imgs/662d0c/tienda.iluminica.com/ilumuy/4368/original/catalogo/NRCH30W_C_1/1024-1024/foco-led-reflector-30w-slim-smd-chip-led-lumileds-luz-calida.jpg,1,,
il-nrch30w,,,,,,,,,,,,,,https://f.fcdn.app/imgs/5fb4f6/tienda.iluminica.com/ilumuy/6cd8/original/catalogo/NRCH30W_C_2/1024-1024/foco-led-reflector-30w-slim-smd-chip-led-lumileds-luz-calida.jpg,2,,
il-nrch30w,,,,,,,,,,,,,,https://f.fcdn.app/imgs/3e0aa5/tienda.iluminica.com/ilumuy/593f/original/catalogo/NRCH30W_C_3/1024-1024/foco-led-reflector-30w-slim-smd-chip-led-lumileds-luz-calida.jpg,3,,
il-nrch30w,,,,,,,,,,,,,,https://f.fcdn.app/imgs/1fcf31/tienda.iluminica.com/ilumuy/dcdb/original/catalogo/NRCH30W_C_4/1024-1024/foco-led-reflector-30w-slim-smd-chip-led-lumileds-luz-calida.jpg,4,,
il-nrch30w,,,,,,,,,,,,,,https://f.fcdn.app/imgs/604df2/tienda.iluminica.com/ilumuy/d388/original/catalogo/NRCH30W_C_5/1024-1024/foco-led-reflector-30w-slim-smd-chip-led-lumileds-luz-calida.jpg,5,,
il-nrch50w,"Foco Led Reflector 50w Slim Smd, Chip Led Lumileds","Foco Led Reflector 50w Slim Smd, Chip Led Lumileds",Chiaro,Iluminación,"Reflectores, Chiaro, stock-verificado",TRUE,Color,Luz Cálida,NRCH 50W:C:U,940.00,,10,deny,https://f.fcdn.app/imgs/aa9585/tienda.iluminica.com/ilumuy/0fc2/original/catalogo/NRCH50W_C_1/1024-1024/foco-led-reflector-50w-slim-smd-chip-led-lumileds-luz-calida.jpg,1,,
il-nrch50w,,,,,,,,,,,,,,https://f.fcdn.app/imgs/225d6e/tienda.iluminica.com/ilumuy/9080/original/catalogo/NRCH50W_C_2/1024-1024/foco-led-reflector-50w-slim-smd-chip-led-lumileds-luz-calida.jpg,2,,
il-nrch50w,,,,,,,,,,,,,,https://f.fcdn.app/imgs/46d0cd/tienda.iluminica.com/ilumuy/4a32/original/catalogo/NRCH50W_C_3/1024-1024/foco-led-reflector-50w-slim-smd-chip-led-lumileds-luz-calida.jpg,3,,
il-nrch50w,,,,,,,,,,,,,,https://f.fcdn.app/imgs/4beead/tienda.iluminica.com/ilumuy/dcdb/original/catalogo/NRCH50W_C_4/1024-1024/foco-led-reflector-50w-slim-smd-chip-led-lumileds-luz-calida.jpg,4,,
il-nrch50w,,,,,,,,,,,,,,https://f.fcdn.app/imgs/1a54e6/tienda.iluminica.com/ilumuy/d388/original/catalogo/NRCH50W_C_5/1024-1024/foco-led-reflector-50w-slim-smd-chip-led-lumileds-luz-calida.jpg,5,,
il-ppzr18w,"Panel LED 18W, de adosar, aplicar redondo BLANCO POTENZA","Panel LED 18W, de adosar, aplicar redondo BLANCO POTENZA",Potenza,Iluminación,"Paneles, Potenza, stock-verificado",TRUE,Color,"Panel LED 18W, de adosar, aplicar redondo BLANCO POTENZA",PPZR 18W::U,244.00,,10,deny,https://f.fcdn.app/imgs/ca8136/tienda.iluminica.com/ilumuy/9b84/original/catalogo/PPZR18W_PPZR18W_1/1024-1024/panel-led-18w-de-adosar-aplicar-redondo-blanco-potenza-panel-led-18w-de-adosar-aplicar-redondo-blanco-potenza.jpg,1,,
il-ppzr18w,,,,,,,,,,,,,,https://f.fcdn.app/imgs/462fc2/tienda.iluminica.com/ilumuy/9beb/original/catalogo/PPZR18W_PPZR18W_2/1024-1024/panel-led-18w-de-adosar-aplicar-redondo-blanco-potenza-panel-led-18w-de-adosar-aplicar-redondo-blanco-potenza.jpg,2,,
il-ppzr18w,,,,,,,,,,,,,,https://f.fcdn.app/imgs/e67bed/tienda.iluminica.com/ilumuy/ec0d/original/catalogo/PPZR18W_PPZR18W_3/1024-1024/panel-led-18w-de-adosar-aplicar-redondo-blanco-potenza-panel-led-18w-de-adosar-aplicar-redondo-blanco-potenza.jpg,3,,
il-ppzr18w,,,,,,,,,,,,,,https://f.fcdn.app/imgs/b3a6eb/tienda.iluminica.com/ilumuy/2fb9/original/catalogo/PPZR18W_PPZR18W_4/1024-1024/panel-led-18w-de-adosar-aplicar-redondo-blanco-potenza-panel-led-18w-de-adosar-aplicar-redondo-blanco-potenza.jpg,4,,
il-t8pz18w,Tubo Led T8 18 watts 120cm Alto Brillo POTENZA,Tubo Led T8 18 watts 120cm Alto Brillo POTENZA,Potenza,Iluminación,"Lámparas – Tubos LED, Potenza, stock-verificado",TRUE,Color,FRIO,T8PZ 18W:F:U,109.00,,10,deny,https://f.fcdn.app/imgs/0408de/tienda.iluminica.com/ilumuy/72d8/original/catalogo/T8PZ18W_F_1/1024-1024/tubo-led-t8-18-watts-120cm-alto-brillo-potenza-frio.jpg,1,,
il-t8pz18w,,,,,,,,NEUTRO,T8PZ 18W:N:U,109.00,,10,deny,,,,
il-t8pz18w,,,,,,,,,,,,,,https://f.fcdn.app/imgs/d23133/tienda.iluminica.com/ilumuy/550b/original/catalogo/T8PZ18W_F_2/1024-1024/tubo-led-t8-18-watts-120cm-alto-brillo-potenza-frio.jpg,2,,
il-t8pz18w,,,,,,,,,,,,,,https://f.fcdn.app/imgs/a8a0e3/tienda.iluminica.com/ilumuy/15a9/original/catalogo/T8PZ18W_F_3/1024-1024/tubo-led-t8-18-watts-120cm-alto-brillo-potenza-frio.jpg,3,,
il-t8pz18w,,,,,,,,,,,,,,https://f.fcdn.app/imgs/4c8a5a/tienda.iluminica.com/ilumuy/77bb/original/catalogo/T8PZ18W_F_4/1024-1024/tubo-led-t8-18-watts-120cm-alto-brillo-potenza-frio.jpg,4,,
il-t8pz18w,,,,,,,,,,,,,,https://f.fcdn.app/imgs/36f92b/tienda.iluminica.com/ilumuy/3d9c/original/catalogo/T8PZ18W_F_5/1024-1024/tubo-led-t8-18-watts-120cm-alto-brillo-potenza-frio.jpg,5,,
il-t8pz18w,,,,,,,,,,,,,,https://f.fcdn.app/imgs/368521/tienda.iluminica.com/ilumuy/15a9/original/catalogo/T8PZ18W_N_1/1024-1024/tubo-led-t8-18-watts-120cm-alto-brillo-potenza-neutro.jpg,6,,
il-t8pz18w,,,,,,,,,,,,,,https://f.fcdn.app/imgs/92a21a/tienda.iluminica.com/ilumuy/550b/original/catalogo/T8PZ18W_N_2/1024-1024/tubo-led-t8-18-watts-120cm-alto-brillo-potenza-neutro.jpg,7,,
il-t8pz18w,,,,,,,,,,,,,,https://f.fcdn.app/imgs/ff5047/tienda.iluminica.com/ilumuy/77bb/original/catalogo/T8PZ18W_N_3/1024-1024/tubo-led-t8-18-watts-120cm-alto-brillo-potenza-neutro.jpg,8,,
il-t8pz18w,,,,,,,,,,,,,,https://f.fcdn.app/imgs/c5c9e8/tienda.iluminica.com/ilumuy/2d43/original/catalogo/T8PZ18W_N_4/1024-1024/tubo-led-t8-18-watts-120cm-alto-brillo-potenza-neutro.jpg,9,,
il-t8pz18w,,,,,,,,,,,,,,https://f.fcdn.app/imgs/56adfc/tienda.iluminica.com/ilumuy/3d9c/original/catalogo/T8PZ18W_N_5/1024-1024/tubo-led-t8-18-watts-120cm-alto-brillo-potenza-neutro.jpg,10,,
il-nrch100w,"Foco Led Reflector 100w Slim Smd, Chip Led Lumileds","Foco Led Reflector 100w Slim Smd, Chip Led Lumileds",Chiaro,Iluminación,"Reflectores, Chiaro, stock-verificado",TRUE,Color,Luz Cálida,NRCH 100W:C:U,1862.00,,10,deny,https://f.fcdn.app/imgs/1f03d6/tienda.iluminica.com/ilumuy/4b82/original/catalogo/NRCH100W_C_1/1024-1024/foco-led-reflector-100w-slim-smd-chip-led-lumileds-luz-calida.jpg,1,,
il-nrch100w,,,,,,,,,,,,,,https://f.fcdn.app/imgs/b36855/tienda.iluminica.com/ilumuy/9080/original/catalogo/NRCH100W_C_2/1024-1024/foco-led-reflector-100w-slim-smd-chip-led-lumileds-luz-calida.jpg,2,,
il-nrch100w,,,,,,,,,,,,,,https://f.fcdn.app/imgs/d2b7fb/tienda.iluminica.com/ilumuy/530f/original/catalogo/NRCH100W_C_3/1024-1024/foco-led-reflector-100w-slim-smd-chip-led-lumileds-luz-calida.jpg,3,,
il-nrch100w,,,,,,,,,,,,,,https://f.fcdn.app/imgs/cd65fc/tienda.iluminica.com/ilumuy/dcdb/original/catalogo/NRCH100W_C_4/1024-1024/foco-led-reflector-100w-slim-smd-chip-led-lumileds-luz-calida.jpg,4,,
il-nrch100w,,,,,,,,,,,,,,https://f.fcdn.app/imgs/98e42e/tienda.iluminica.com/ilumuy/d388/original/catalogo/NRCH100W_C_5/1024-1024/foco-led-reflector-100w-slim-smd-chip-led-lumileds-luz-calida.jpg,5,,
il-nrch200w,"Foco Led Reflector 200w Slim Smd, Chip Led Lumileds","Foco Led Reflector 200w Slim Smd, Chip Led Lumileds",Chiaro,Iluminación,"Reflectores, Chiaro, stock-verificado",TRUE,Color,Luz Cálida,NRCH 200W:C:U,4142.00,,10,deny,https://f.fcdn.app/imgs/dde619/tienda.iluminica.com/ilumuy/cb8f/original/catalogo/NRCH200W_C_1/1024-1024/foco-led-reflector-200w-slim-smd-chip-led-lumileds-luz-calida.jpg,1,,
il-nrch200w,,,,,,,,Luz Fría,NRCH 200W:F:U,4142.00,,10,deny,,,,
il-nrch200w,,,,,,,,Luz Neutra,NRCH 200W:N:U,4142.00,,10,deny,,,,
il-nrch200w,,,,,,,,,,,,,,https://f.fcdn.app/imgs/11adb8/tienda.iluminica.com/ilumuy/9080/original/catalogo/NRCH200W_C_2/1024-1024/foco-led-reflector-200w-slim-smd-chip-led-lumileds-luz-calida.jpg,2,,
il-nrch200w,,,,,,,,,,,,,,https://f.fcdn.app/imgs/c16f77/tienda.iluminica.com/ilumuy/e2d0/original/catalogo/NRCH200W_C_3/1024-1024/foco-led-reflector-200w-slim-smd-chip-led-lumileds-luz-calida.jpg,3,,
il-nrch200w,,,,,,,,,,,,,,https://f.fcdn.app/imgs/244701/tienda.iluminica.com/ilumuy/d388/original/catalogo/NRCH200W_C_4/1024-1024/foco-led-reflector-200w-slim-smd-chip-led-lumileds-luz-calida.jpg,4,,
il-nrch200w,,,,,,,,,,,,,,https://f.fcdn.app/imgs/3092a9/tienda.iluminica.com/ilumuy/dcdb/original/catalogo/NRCH200W_C_5/1024-1024/foco-led-reflector-200w-slim-smd-chip-led-lumileds-luz-calida.jpg,5,,
il-nrch200w,,,,,,,,,,,,,,https://f.fcdn.app/imgs/ecd650/tienda.iluminica.com/ilumuy/cb8f/original/catalogo/NRCH200W_F_1/1024-1024/foco-led-reflector-200w-slim-smd-chip-led-lumileds-luz-fria.jpg,6,,
il-nrch200w,,,,,,,,,,,,,,https://f.fcdn.app/imgs/4e43c4/tienda.iluminica.com/ilumuy/c57a/original/catalogo/NRCH200W_F_2/1024-1024/foco-led-reflector-200w-slim-smd-chip-led-lumileds-luz-fria.jpg,7,,
il-nrch200w,,,,,,,,,,,,,,https://f.fcdn.app/imgs/034a21/tienda.iluminica.com/ilumuy/e2d0/original/catalogo/NRCH200W_F_3/1024-1024/foco-led-reflector-200w-slim-smd-chip-led-lumileds-luz-fria.jpg,8,,
il-nrch200w,,,,,,,,,,,,,,https://f.fcdn.app/imgs/cf1692/tienda.iluminica.com/ilumuy/dcdb/original/catalogo/NRCH200W_F_4/1024-1024/foco-led-reflector-200w-slim-smd-chip-led-lumileds-luz-fria.jpg,9,,
il-nrch200w,,,,,,,,,,,,,,https://f.fcdn.app/imgs/84ae5a/tienda.iluminica.com/ilumuy/d388/original/catalogo/NRCH200W_F_5/1024-1024/foco-led-reflector-200w-slim-smd-chip-led-lumileds-luz-fria.jpg,10,,
il-nrch200w,,,,,,,,,,,,,,https://f.fcdn.app/imgs/fd1a7b/tienda.iluminica.com/ilumuy/cb8f/original/catalogo/NRCH200W_N_1/1024-1024/foco-led-reflector-200w-slim-smd-chip-led-lumileds-luz-neutra.jpg,11,,
il-nrch200w,,,,,,,,,,,,,,https://f.fcdn.app/imgs/c4408f/tienda.iluminica.com/ilumuy/10b4/original/catalogo/NRCH200W_N_2/1024-1024/foco-led-reflector-200w-slim-smd-chip-led-lumileds-luz-neutra.jpg,12,,
il-nrch200w,,,,,,,,,,,,,,https://f.fcdn.app/imgs/d0a2d1/tienda.iluminica.com/ilumuy/e2d0/original/catalogo/NRCH200W_N_3/1024-1024/foco-led-reflector-200w-slim-smd-chip-led-lumileds-luz-neutra.jpg,13,,
il-nrch200w,,,,,,,,,,,,,,https://f.fcdn.app/imgs/95e38b/tienda.iluminica.com/ilumuy/d388/original/catalogo/NRCH200W_N_4/1024-1024/foco-led-reflector-200w-slim-smd-chip-led-lumileds-luz-neutra.jpg,14,,
il-nrch200w,,,,,,,,,,,,,,https://f.fcdn.app/imgs/866ee9/tienda.iluminica.com/ilumuy/dcdb/original/catalogo/NRCH200W_N_5/1024-1024/foco-led-reflector-200w-slim-smd-chip-led-lumileds-luz-neutra.jpg,15,,
il-ca34,Colgante jaula negra diamante 38cm E27,Colgante jaula negra diamante 38cm E27,Chiaro,Iluminación,"Colgantes, Chiaro, stock-verificado",TRUE,Color,Colgante jaula negra diamante 38cm E27,CA34::U,1171.00,,10,deny,https://f.fcdn.app/imgs/66904b/tienda.iluminica.com/ilumuy/ce47/original/catalogo/CA34_CA34_1/1024-1024/colgante-jaula-negra-diamante-38cm-e27-colgante-jaula-negra-diamante-38cm-e27.jpg,1,,
il-ca34,,,,,,,,,,,,,,https://f.fcdn.app/imgs/9f4ab1/tienda.iluminica.com/ilumuy/6c17/original/catalogo/CA34_CA34_2/1024-1024/colgante-jaula-negra-diamante-38cm-e27-colgante-jaula-negra-diamante-38cm-e27.jpg,2,,
il-ca34,,,,,,,,,,,,,,https://f.fcdn.app/imgs/f84c33/tienda.iluminica.com/ilumuy/e856/original/catalogo/CA34_CA34_3/1024-1024/colgante-jaula-negra-diamante-38cm-e27-colgante-jaula-negra-diamante-38cm-e27.jpg,3,,
il-ca34,,,,,,,,,,,,,,https://f.fcdn.app/imgs/bf3db9/tienda.iluminica.com/ilumuy/25a2/original/catalogo/CA34_CA34_4/1024-1024/colgante-jaula-negra-diamante-38cm-e27-colgante-jaula-negra-diamante-38cm-e27.jpg,4,,
il-ca34,,,,,,,,,,,,,,https://f.fcdn.app/imgs/1e1558/tienda.iluminica.com/ilumuy/b868/original/catalogo/CA34_CA34_5/1024-1024/colgante-jaula-negra-diamante-38cm-e27-colgante-jaula-negra-diamante-38cm-e27.jpg,5,,
il-cm24,"Luminaria led 3 anillos, a control remoto con varias funciones","Luminaria led 3 anillos, a control remoto con varias funciones",Chiaro,Iluminación,"Colgantes, Chiaro, stock-verificado",TRUE,Color,"Luminaria led 3 anillos, a control remoto con varias funciones",CM24::U,17513.00,,10,deny,https://f.fcdn.app/imgs/12aae9/tienda.iluminica.com/ilumuy/37c5/original/catalogo/CM24_CM24_1/1024-1024/luminaria-led-3-anillos-a-control-remoto-con-varias-funciones-luminaria-led-3-anillos-a-control-remoto-con-varias-funciones.jpg,1,,
il-cm24,,,,,,,,,,,,,,https://f.fcdn.app/imgs/ca488e/tienda.iluminica.com/ilumuy/f578/original/catalogo/CM24_CM24_2/1024-1024/luminaria-led-3-anillos-a-control-remoto-con-varias-funciones-luminaria-led-3-anillos-a-control-remoto-con-varias-funciones.jpg,2,,
il-cm24,,,,,,,,,,,,,,https://f.fcdn.app/imgs/3922ba/tienda.iluminica.com/ilumuy/57e6/original/catalogo/CM24_CM24_3/1024-1024/luminaria-led-3-anillos-a-control-remoto-con-varias-funciones-luminaria-led-3-anillos-a-control-remoto-con-varias-funciones.jpg,3,,
il-cm24,,,,,,,,,,,,,,https://f.fcdn.app/imgs/9470d8/tienda.iluminica.com/ilumuy/affa/original/catalogo/CM24_CM24_4/1024-1024/luminaria-led-3-anillos-a-control-remoto-con-varias-funciones-luminaria-led-3-anillos-a-control-remoto-con-varias-funciones.jpg,4,,
il-cm24,,,,,,,,,,,,,,https://f.fcdn.app/imgs/d02a3b/tienda.iluminica.com/ilumuy/3776/original/catalogo/CM24_CM24_5/1024-1024/luminaria-led-3-anillos-a-control-remoto-con-varias-funciones-luminaria-led-3-anillos-a-control-remoto-con-varias-funciones.jpg,5,,
il-cm26,Portátil led de pared - efecto luz flotante,Portátil led de pared - efecto luz flotante,Chiaro,Iluminación,"Portátiles, Chiaro, stock-verificado",TRUE,Color,Blanca,CM 26:B:U,2659.00,,10,deny,https://f.fcdn.app/imgs/2688ed/tienda.iluminica.com/ilumuy/a893/original/catalogo/CM26_B_1/1024-1024/portatil-led-de-pared-efecto-luz-flotante-blanca.jpg,1,,
il-cm26,,,,,,,,,,,,,,https://f.fcdn.app/imgs/5efba5/tienda.iluminica.com/ilumuy/5de1/original/catalogo/CM26_B_2/1024-1024/portatil-led-de-pared-efecto-luz-flotante-blanca.jpg,2,,
il-cm26,,,,,,,,,,,,,,https://f.fcdn.app/imgs/31f5a8/tienda.iluminica.com/ilumuy/6779/original/catalogo/CM26_B_3/1024-1024/portatil-led-de-pared-efecto-luz-flotante-blanca.jpg,3,,
il-cm26,,,,,,,,,,,,,,https://f.fcdn.app/imgs/100d1e/tienda.iluminica.com/ilumuy/eac0/original/catalogo/CM26_B_4/1024-1024/portatil-led-de-pared-efecto-luz-flotante-blanca.jpg,4,,
il-cm26,,,,,,,,,,,,,,https://f.fcdn.app/imgs/cce5b2/tienda.iluminica.com/ilumuy/31fc/original/catalogo/CM26_B_5/1024-1024/portatil-led-de-pared-efecto-luz-flotante-blanca.jpg,5,,
il-cm28,Luminaria Barra de led lineal 80cm 17w,Luminaria Barra de led lineal 80cm 17w,Chiaro,Iluminación,"Apliques, Chiaro, stock-verificado",TRUE,Color,Luz Cálida,CM28:C:U,3154.00,,10,deny,https://f.fcdn.app/imgs/134e8d/tienda.iluminica.com/ilumuy/f1c5/original/catalogo/CM28_C_1/1024-1024/luminaria-barra-de-led-lineal-80cm-17w-luz-calida.jpg,1,,
il-cm28,,,,,,,,Luz Neutra,CM28:N:U,3154.00,,10,deny,,,,
il-cm28,,,,,,,,,,,,,,https://f.fcdn.app/imgs/48d355/tienda.iluminica.com/ilumuy/a0fe/original/catalogo/CM28_C_2/1024-1024/luminaria-barra-de-led-lineal-80cm-17w-luz-calida.jpg,2,,
il-cm28,,,,,,,,,,,,,,https://f.fcdn.app/imgs/cd65de/tienda.iluminica.com/ilumuy/2bff/original/catalogo/CM28_C_3/1024-1024/luminaria-barra-de-led-lineal-80cm-17w-luz-calida.jpg,3,,
il-cm28,,,,,,,,,,,,,,https://f.fcdn.app/imgs/9b1cb0/tienda.iluminica.com/ilumuy/e6f1/original/catalogo/CM28_C_4/1024-1024/luminaria-barra-de-led-lineal-80cm-17w-luz-calida.jpg,4,,
il-cm28,,,,,,,,,,,,,,https://f.fcdn.app/imgs/79fd6d/tienda.iluminica.com/ilumuy/0bf7/original/catalogo/CM28_C_5/1024-1024/luminaria-barra-de-led-lineal-80cm-17w-luz-calida.jpg,5,,
il-cm28,,,,,,,,,,,,,,https://f.fcdn.app/imgs/307ed6/tienda.iluminica.com/ilumuy/2496/original/catalogo/CM28_N_1/1024-1024/luminaria-barra-de-led-lineal-80cm-17w-luz-neutra.jpg,6,,
il-cm28,,,,,,,,,,,,,,https://f.fcdn.app/imgs/22adf7/tienda.iluminica.com/ilumuy/a0fe/original/catalogo/CM28_N_2/1024-1024/luminaria-barra-de-led-lineal-80cm-17w-luz-neutra.jpg,7,,
il-cm28,,,,,,,,,,,,,,https://f.fcdn.app/imgs/dd546e/tienda.iluminica.com/ilumuy/610d/original/catalogo/CM28_N_3/1024-1024/luminaria-barra-de-led-lineal-80cm-17w-luz-neutra.jpg,8,,
il-cm28,,,,,,,,,,,,,,https://f.fcdn.app/imgs/db0850/tienda.iluminica.com/ilumuy/e6f1/original/catalogo/CM28_N_4/1024-1024/luminaria-barra-de-led-lineal-80cm-17w-luz-neutra.jpg,9,,
il-cm28,,,,,,,,,,,,,,https://f.fcdn.app/imgs/6be53e/tienda.iluminica.com/ilumuy/0bf7/original/catalogo/CM28_N_5/1024-1024/luminaria-barra-de-led-lineal-80cm-17w-luz-neutra.jpg,10,,
il-urchl,"Unión para riel electrificado 2 vías Formato ""L""","Unión para riel electrificado 2 vías Formato ""L""",Chiaro,Accesorios,"Chiaro, stock-verificado",TRUE,Color,Blanco,URCHL:B:U,170.00,202.00,10,deny,https://f.fcdn.app/imgs/acf09c/tienda.iluminica.com/ilumuy/6026/original/catalogo/URCHL_B_1/1024-1024/union-para-riel-electrificado-2-vias-formato-l-blanco.jpg,1,,
il-urchl,,,,,,,,Negro,URCHL:N:U,170.00,202.00,10,deny,,,,
il-urchl,,,,,,,,,,,,,,https://f.fcdn.app/imgs/30b450/tienda.iluminica.com/ilumuy/86f6/original/catalogo/URCHL_B_2/1024-1024/union-para-riel-electrificado-2-vias-formato-l-blanco.jpg,2,,
il-urchl,,,,,,,,,,,,,,https://f.fcdn.app/imgs/e3d361/tienda.iluminica.com/ilumuy/b1b8/original/catalogo/URCHL_N_1/1024-1024/union-para-riel-electrificado-2-vias-formato-l-negro.jpg,3,,
il-urchl,,,,,,,,,,,,,,https://f.fcdn.app/imgs/c314e7/tienda.iluminica.com/ilumuy/86f6/original/catalogo/URCHL_N_2/1024-1024/union-para-riel-electrificado-2-vias-formato-l-negro.jpg,4,,
il-nrch10w,"Foco Led Reflector 10w Slim Smd, Chip Lumileds","Foco Led Reflector 10w Slim Smd, Chip Lumileds",Chiaro,Iluminación,"Reflectores, Chiaro, stock-verificado",TRUE,Color,Luz Cálida,NRCH 10W:C:U,343.00,,10,deny,https://f.fcdn.app/imgs/16da94/tienda.iluminica.com/ilumuy/396b/original/catalogo/NRCH10W_C_1/1024-1024/foco-led-reflector-10w-slim-smd-chip-lumileds-luz-calida.jpg,1,,
il-nrch10w,,,,,,,,Luz Fría,NRCH 10W:F:U,343.00,,10,deny,,,,
il-nrch10w,,,,,,,,,,,,,,https://f.fcdn.app/imgs/8a71bb/tienda.iluminica.com/ilumuy/ab44/original/catalogo/NRCH10W_C_2/1024-1024/foco-led-reflector-10w-slim-smd-chip-lumileds-luz-calida.jpg,2,,
il-nrch10w,,,,,,,,,,,,,,https://f.fcdn.app/imgs/d07f43/tienda.iluminica.com/ilumuy/fa4a/original/catalogo/NRCH10W_C_3/1024-1024/foco-led-reflector-10w-slim-smd-chip-lumileds-luz-calida.jpg,3,,
il-nrch10w,,,,,,,,,,,,,,https://f.fcdn.app/imgs/ed9d14/tienda.iluminica.com/ilumuy/dcdb/original/catalogo/NRCH10W_C_4/1024-1024/foco-led-reflector-10w-slim-smd-chip-lumileds-luz-calida.jpg,4,,
il-nrch10w,,,,,,,,,,,,,,https://f.fcdn.app/imgs/091e24/tienda.iluminica.com/ilumuy/d388/original/catalogo/NRCH10W_C_5/1024-1024/foco-led-reflector-10w-slim-smd-chip-lumileds-luz-calida.jpg,5,,
il-nrch10w,,,,,,,,,,,,,,https://f.fcdn.app/imgs/d0f7a2/tienda.iluminica.com/ilumuy/396b/original/catalogo/NRCH10W_F_1/1024-1024/foco-led-reflector-10w-slim-smd-chip-lumileds-luz-fria.jpg,6,,
il-nrch10w,,,,,,,,,,,,,,https://f.fcdn.app/imgs/ff6d1b/tienda.iluminica.com/ilumuy/20ce/original/catalogo/NRCH10W_F_2/1024-1024/foco-led-reflector-10w-slim-smd-chip-lumileds-luz-fria.jpg,7,,
il-nrch10w,,,,,,,,,,,,,,https://f.fcdn.app/imgs/f5658d/tienda.iluminica.com/ilumuy/fa4a/original/catalogo/NRCH10W_F_3/1024-1024/foco-led-reflector-10w-slim-smd-chip-lumileds-luz-fria.jpg,8,,
il-nrch10w,,,,,,,,,,,,,,https://f.fcdn.app/imgs/f2b49a/tienda.iluminica.com/ilumuy/dcdb/original/catalogo/NRCH10W_F_4/1024-1024/foco-led-reflector-10w-slim-smd-chip-lumileds-luz-fria.jpg,9,,
il-nrch10w,,,,,,,,,,,,,,https://f.fcdn.app/imgs/6fd2b2/tienda.iluminica.com/ilumuy/d388/original/catalogo/NRCH10W_F_5/1024-1024/foco-led-reflector-10w-slim-smd-chip-lumileds-luz-fria.jpg,10,,
il-nrch20w,"Foco Led Reflector 20w Slim Smd, Chip Led Lumileds","Foco Led Reflector 20w Slim Smd, Chip Led Lumileds",Chiaro,Iluminación,"Reflectores, Chiaro, stock-verificado",TRUE,Color,Luz Cálida,NRCH 20W:C:U,509.00,,10,deny,https://f.fcdn.app/imgs/d90217/tienda.iluminica.com/ilumuy/5dfb/original/catalogo/NRCH20W_C_1/1024-1024/foco-led-reflector-20w-slim-smd-chip-led-lumileds-luz-calida.jpg,1,,
il-nrch20w,,,,,,,,,,,,,,https://f.fcdn.app/imgs/6a6911/tienda.iluminica.com/ilumuy/ab44/original/catalogo/NRCH20W_C_2/1024-1024/foco-led-reflector-20w-slim-smd-chip-led-lumileds-luz-calida.jpg,2,,
il-nrch20w,,,,,,,,,,,,,,https://f.fcdn.app/imgs/cba484/tienda.iluminica.com/ilumuy/6be3/original/catalogo/NRCH20W_C_3/1024-1024/foco-led-reflector-20w-slim-smd-chip-led-lumileds-luz-calida.jpg,3,,
il-nrch20w,,,,,,,,,,,,,,https://f.fcdn.app/imgs/7cb22b/tienda.iluminica.com/ilumuy/dcdb/original/catalogo/NRCH20W_C_4/1024-1024/foco-led-reflector-20w-slim-smd-chip-led-lumileds-luz-calida.jpg,4,,
il-nrch20w,,,,,,,,,,,,,,https://f.fcdn.app/imgs/230707/tienda.iluminica.com/ilumuy/d388/original/catalogo/NRCH20W_C_5/1024-1024/foco-led-reflector-20w-slim-smd-chip-led-lumileds-luz-calida.jpg,5,,
il-cm29-100,Luminaria Barra de led lineal 100cm 20 w,Luminaria Barra de led lineal 100cm 20 w,Chiaro,Iluminación,"Apliques, Chiaro, stock-verificado",TRUE,Color,Luminaria Barra de led lineal 100cm 20 w,CM 29-100::U,3414.00,,10,deny,https://f.fcdn.app/imgs/695496/tienda.iluminica.com/ilumuy/6322/original/catalogo/CM29-100_CM29-100_1/1024-1024/luminaria-barra-de-led-lineal-100cm-20-w-luminaria-barra-de-led-lineal-100cm-20-w.jpg,1,,
il-cm29-100,,,,,,,,,,,,,,https://f.fcdn.app/imgs/94f4c1/tienda.iluminica.com/ilumuy/368b/original/catalogo/CM29-100_CM29-100_2/1024-1024/luminaria-barra-de-led-lineal-100cm-20-w-luminaria-barra-de-led-lineal-100cm-20-w.jpg,2,,
il-cm29-100,,,,,,,,,,,,,,https://f.fcdn.app/imgs/40b4a8/tienda.iluminica.com/ilumuy/38ff/original/catalogo/CM29-100_CM29-100_3/1024-1024/luminaria-barra-de-led-lineal-100cm-20-w-luminaria-barra-de-led-lineal-100cm-20-w.jpg,3,,
il-cm29-100,,,,,,,,,,,,,,https://f.fcdn.app/imgs/bd07a7/tienda.iluminica.com/ilumuy/39f0/original/catalogo/CM29-100_CM29-100_4/1024-1024/luminaria-barra-de-led-lineal-100cm-20-w-luminaria-barra-de-led-lineal-100cm-20-w.jpg,4,,
il-cm29-100,,,,,,,,,,,,,,https://f.fcdn.app/imgs/e96e03/tienda.iluminica.com/ilumuy/3455/original/catalogo/CM29-100_CM29-100_5/1024-1024/luminaria-barra-de-led-lineal-100cm-20-w-luminaria-barra-de-led-lineal-100cm-20-w.jpg,5,,
il-lvst64-8wd,Lampara Led Filamento Vintage Pera ámbar 8W Dimerizable,Lampara Led Filamento Vintage Pera ámbar 8W Dimerizable,Chiaro,Iluminación,"Lámparas – Tubos LED, Chiaro, stock-verificado",TRUE,Color,Lampara Led Filamento Vintage Pera ámbar 8W Dimerizable,LV ST64-8WD::U,376.00,,10,deny,https://f.fcdn.app/imgs/58fc0a/tienda.iluminica.com/ilumuy/4e93/original/catalogo/LVST64-8WD_LVST64-8WD_1/1024-1024/lampara-led-filamento-vintage-pera-ambar-8w-dimerizable-lampara-led-filamento-vintage-pera-ambar-8w-dimerizable.jpg,1,,
il-lvst64-8wd,,,,,,,,,,,,,,https://f.fcdn.app/imgs/157d7b/tienda.iluminica.com/ilumuy/92f5/original/catalogo/LVST64-8WD_LVST64-8WD_2/1024-1024/lampara-led-filamento-vintage-pera-ambar-8w-dimerizable-lampara-led-filamento-vintage-pera-ambar-8w-dimerizable.jpg,2,,
il-lvst64-8wd,,,,,,,,,,,,,,https://f.fcdn.app/imgs/00e7e1/tienda.iluminica.com/ilumuy/b737/original/catalogo/LVST64-8WD_LVST64-8WD_3/1024-1024/lampara-led-filamento-vintage-pera-ambar-8w-dimerizable-lampara-led-filamento-vintage-pera-ambar-8w-dimerizable.jpg,3,,
il-lvst64-8wd,,,,,,,,,,,,,,https://f.fcdn.app/imgs/d64d58/tienda.iluminica.com/ilumuy/58fb/original/catalogo/LVST64-8WD_LVST64-8WD_4/1024-1024/lampara-led-filamento-vintage-pera-ambar-8w-dimerizable-lampara-led-filamento-vintage-pera-ambar-8w-dimerizable.jpg,4,,
il-lvst64-8wd,,,,,,,,,,,,,,https://f.fcdn.app/imgs/668cad/tienda.iluminica.com/ilumuy/03f5/original/catalogo/LVST64-8WD_LVST64-8WD_5/1024-1024/lampara-led-filamento-vintage-pera-ambar-8w-dimerizable-lampara-led-filamento-vintage-pera-ambar-8w-dimerizable.jpg,5,,
il-cm25,Luminaria Led integrada Cónica 32cm 18w,Luminaria Led integrada Cónica 32cm 18w,Chiaro,Iluminación,"Colgantes, Chiaro, stock-verificado",TRUE,Color,Rosa,CM25:R:U,5214.00,7401.00,10,deny,https://f.fcdn.app/imgs/b6c9ec/tienda.iluminica.com/ilumuy/4439/original/catalogo/CM25_R_1/1024-1024/luminaria-led-integrada-conica-32cm-18w-rosa.jpg,1,,
il-cm25,,,,,,,,Verde claro,CM25:V:U,5214.00,7401.00,10,deny,,,,
il-cm25,,,,,,,,,,,,,,https://f.fcdn.app/imgs/c3be50/tienda.iluminica.com/ilumuy/6cc6/original/catalogo/CM25_R_2/1024-1024/luminaria-led-integrada-conica-32cm-18w-rosa.jpg,2,,
il-cm25,,,,,,,,,,,,,,https://f.fcdn.app/imgs/263130/tienda.iluminica.com/ilumuy/5710/original/catalogo/CM25_R_3/1024-1024/luminaria-led-integrada-conica-32cm-18w-rosa.jpg,3,,
il-cm25,,,,,,,,,,,,,,https://f.fcdn.app/imgs/7a1b49/tienda.iluminica.com/ilumuy/a3e4/original/catalogo/CM25_R_4/1024-1024/luminaria-led-integrada-conica-32cm-18w-rosa.jpg,4,,
il-cm25,,,,,,,,,,,,,,https://f.fcdn.app/imgs/668bc7/tienda.iluminica.com/ilumuy/2811/original/catalogo/CM25_R_5/1024-1024/luminaria-led-integrada-conica-32cm-18w-rosa.jpg,5,,
il-cm25,,,,,,,,,,,,,,https://f.fcdn.app/imgs/6b3515/tienda.iluminica.com/ilumuy/e475/original/catalogo/CM25_V_1/1024-1024/luminaria-led-integrada-conica-32cm-18w-verde-claro.jpg,6,,
il-cm25,,,,,,,,,,,,,,https://f.fcdn.app/imgs/645304/tienda.iluminica.com/ilumuy/8032/original/catalogo/CM25_V_2/1024-1024/luminaria-led-integrada-conica-32cm-18w-verde-claro.jpg,7,,
il-cm25,,,,,,,,,,,,,,https://f.fcdn.app/imgs/16fd63/tienda.iluminica.com/ilumuy/2a21/original/catalogo/CM25_V_3/1024-1024/luminaria-led-integrada-conica-32cm-18w-verde-claro.jpg,8,,
il-cm25,,,,,,,,,,,,,,https://f.fcdn.app/imgs/fcbb15/tienda.iluminica.com/ilumuy/fa11/original/catalogo/CM25_V_4/1024-1024/luminaria-led-integrada-conica-32cm-18w-verde-claro.jpg,9,,
il-cm25,,,,,,,,,,,,,,https://f.fcdn.app/imgs/390dc4/tienda.iluminica.com/ilumuy/2811/original/catalogo/CM25_V_5/1024-1024/luminaria-led-integrada-conica-32cm-18w-verde-claro.jpg,10,,
il-lm01,"Luminaria Led Diseño triangular Dimerizable 38W, 45cm","Luminaria Led Diseño triangular Dimerizable 38W, 45cm",Chiaro,Iluminación,"Colgantes, Chiaro, stock-verificado",TRUE,Color,BLANCO,LM 01:B:U,8234.00,,10,deny,https://f.fcdn.app/imgs/e42704/tienda.iluminica.com/ilumuy/8688/original/catalogo/LM01_B_1/1024-1024/luminaria-led-diseno-triangular-dimerizable-38w-45cm-blanco.jpg,1,,
il-lm01,,,,,,,,DORADO,LM 01:D:U,8234.00,,10,deny,,,,
il-lm01,,,,,,,,MARRÓN CAFÉ,LM 01:M:U,8234.00,,10,deny,,,,
il-lm01,,,,,,,,PLATA,LM 01:P:U,8234.00,,10,deny,,,,
il-lm01,,,,,,,,,,,,,,https://f.fcdn.app/imgs/58c6ac/tienda.iluminica.com/ilumuy/ea49/original/catalogo/LM01_B_2/1024-1024/luminaria-led-diseno-triangular-dimerizable-38w-45cm-blanco.jpg,2,,
il-lm01,,,,,,,,,,,,,,https://f.fcdn.app/imgs/a0de4e/tienda.iluminica.com/ilumuy/3dbd/original/catalogo/LM01_B_3/1024-1024/luminaria-led-diseno-triangular-dimerizable-38w-45cm-blanco.jpg,3,,
il-lm01,,,,,,,,,,,,,,https://f.fcdn.app/imgs/d744dc/tienda.iluminica.com/ilumuy/7a5a/original/catalogo/LM01_B_4/1024-1024/luminaria-led-diseno-triangular-dimerizable-38w-45cm-blanco.jpg,4,,
il-lm01,,,,,,,,,,,,,,https://f.fcdn.app/imgs/730045/tienda.iluminica.com/ilumuy/81a8/original/catalogo/LM01_B_5/1024-1024/luminaria-led-diseno-triangular-dimerizable-38w-45cm-blanco.jpg,5,,
il-lm01,,,,,,,,,,,,,,https://f.fcdn.app/imgs/0c6602/tienda.iluminica.com/ilumuy/14fd/original/catalogo/LM01_D_1/1024-1024/luminaria-led-diseno-triangular-dimerizable-38w-45cm-dorado.jpg,6,,
il-lm01,,,,,,,,,,,,,,https://f.fcdn.app/imgs/127835/tienda.iluminica.com/ilumuy/5a93/original/catalogo/LM01_D_2/1024-1024/luminaria-led-diseno-triangular-dimerizable-38w-45cm-dorado.jpg,7,,
il-lm01,,,,,,,,,,,,,,https://f.fcdn.app/imgs/f8b015/tienda.iluminica.com/ilumuy/2152/original/catalogo/LM01_D_3/1024-1024/luminaria-led-diseno-triangular-dimerizable-38w-45cm-dorado.jpg,8,,
il-lm01,,,,,,,,,,,,,,https://f.fcdn.app/imgs/037e48/tienda.iluminica.com/ilumuy/34d5/original/catalogo/LM01_D_4/1024-1024/luminaria-led-diseno-triangular-dimerizable-38w-45cm-dorado.jpg,9,,
il-lm01,,,,,,,,,,,,,,https://f.fcdn.app/imgs/627cb4/tienda.iluminica.com/ilumuy/8097/original/catalogo/LM01_D_5/1024-1024/luminaria-led-diseno-triangular-dimerizable-38w-45cm-dorado.jpg,10,,
il-lm01,,,,,,,,,,,,,,https://f.fcdn.app/imgs/1664f9/tienda.iluminica.com/ilumuy/6032/original/catalogo/LM01_M_1/1024-1024/luminaria-led-diseno-triangular-dimerizable-38w-45cm-marron-cafe.jpg,11,,
il-lm01,,,,,,,,,,,,,,https://f.fcdn.app/imgs/c7c905/tienda.iluminica.com/ilumuy/fdc2/original/catalogo/LM01_M_2/1024-1024/luminaria-led-diseno-triangular-dimerizable-38w-45cm-marron-cafe.jpg,12,,
il-lm01,,,,,,,,,,,,,,https://f.fcdn.app/imgs/565ef9/tienda.iluminica.com/ilumuy/da40/original/catalogo/LM01_M_3/1024-1024/luminaria-led-diseno-triangular-dimerizable-38w-45cm-marron-cafe.jpg,13,,
il-lm01,,,,,,,,,,,,,,https://f.fcdn.app/imgs/af8112/tienda.iluminica.com/ilumuy/67e8/original/catalogo/LM01_M_4/1024-1024/luminaria-led-diseno-triangular-dimerizable-38w-45cm-marron-cafe.jpg,14,,
il-lm01,,,,,,,,,,,,,,https://f.fcdn.app/imgs/5460f0/tienda.iluminica.com/ilumuy/ceba/original/catalogo/LM01_M_5/1024-1024/luminaria-led-diseno-triangular-dimerizable-38w-45cm-marron-cafe.jpg,15,,
il-lm01,,,,,,,,,,,,,,https://f.fcdn.app/imgs/5aacb0/tienda.iluminica.com/ilumuy/3975/original/catalogo/LM01_P_1/1024-1024/luminaria-led-diseno-triangular-dimerizable-38w-45cm-plata.jpg,16,,
il-lm01,,,,,,,,,,,,,,https://f.fcdn.app/imgs/828b8d/tienda.iluminica.com/ilumuy/0ad5/original/catalogo/LM01_P_2/1024-1024/luminaria-led-diseno-triangular-dimerizable-38w-45cm-plata.jpg,17,,
il-lm01,,,,,,,,,,,,,,https://f.fcdn.app/imgs/daec59/tienda.iluminica.com/ilumuy/b713/original/catalogo/LM01_P_3/1024-1024/luminaria-led-diseno-triangular-dimerizable-38w-45cm-plata.jpg,18,,
il-lm01,,,,,,,,,,,,,,https://f.fcdn.app/imgs/07a4a0/tienda.iluminica.com/ilumuy/592d/original/catalogo/LM01_P_4/1024-1024/luminaria-led-diseno-triangular-dimerizable-38w-45cm-plata.jpg,19,,
il-lm01,,,,,,,,,,,,,,https://f.fcdn.app/imgs/8c196a/tienda.iluminica.com/ilumuy/ce93/original/catalogo/LM01_P_5/1024-1024/luminaria-led-diseno-triangular-dimerizable-38w-45cm-plata.jpg,20,,
il-lm02,"Luminaria Led Diseño triangular Dimerizable 48W, 65cm","Luminaria Led Diseño triangular Dimerizable 48W, 65cm",Chiaro,Iluminación,"Colgantes, Chiaro, stock-verificado",TRUE,Color,BLANCO,LM 02:B:U,11589.00,,10,deny,https://f.fcdn.app/imgs/f4ac77/tienda.iluminica.com/ilumuy/5f43/original/catalogo/LM02_B_1/1024-1024/luminaria-led-diseno-triangular-dimerizable-48w-65cm-blanco.jpg,1,,
il-lm02,,,,,,,,DORADO,LM 02:D:U,11589.00,,10,deny,,,,
il-lm02,,,,,,,,MARRÓN CAFÉ,LM 02:M:U,11589.00,,10,deny,,,,
il-lm02,,,,,,,,PLATA,LM 02:P:U,11589.00,,10,deny,,,,
il-lm02,,,,,,,,,,,,,,https://f.fcdn.app/imgs/8fcd7c/tienda.iluminica.com/ilumuy/ea49/original/catalogo/LM02_B_2/1024-1024/luminaria-led-diseno-triangular-dimerizable-48w-65cm-blanco.jpg,2,,
il-lm02,,,,,,,,,,,,,,https://f.fcdn.app/imgs/d10d51/tienda.iluminica.com/ilumuy/d2d4/original/catalogo/LM02_B_3/1024-1024/luminaria-led-diseno-triangular-dimerizable-48w-65cm-blanco.jpg,3,,
il-lm02,,,,,,,,,,,,,,https://f.fcdn.app/imgs/eb9e10/tienda.iluminica.com/ilumuy/7a5a/original/catalogo/LM02_B_4/1024-1024/luminaria-led-diseno-triangular-dimerizable-48w-65cm-blanco.jpg,4,,
il-lm02,,,,,,,,,,,,,,https://f.fcdn.app/imgs/f8d397/tienda.iluminica.com/ilumuy/85b2/original/catalogo/LM02_B_5/1024-1024/luminaria-led-diseno-triangular-dimerizable-48w-65cm-blanco.jpg,5,,
il-lm02,,,,,,,,,,,,,,https://f.fcdn.app/imgs/e8b2ac/tienda.iluminica.com/ilumuy/0596/original/catalogo/LM02_D_1/1024-1024/luminaria-led-diseno-triangular-dimerizable-48w-65cm-dorado.jpg,6,,
il-lm02,,,,,,,,,,,,,,https://f.fcdn.app/imgs/b2490e/tienda.iluminica.com/ilumuy/5a93/original/catalogo/LM02_D_2/1024-1024/luminaria-led-diseno-triangular-dimerizable-48w-65cm-dorado.jpg,7,,
il-lm02,,,,,,,,,,,,,,https://f.fcdn.app/imgs/5f693f/tienda.iluminica.com/ilumuy/0865/original/catalogo/LM02_D_3/1024-1024/luminaria-led-diseno-triangular-dimerizable-48w-65cm-dorado.jpg,8,,
il-lm02,,,,,,,,,,,,,,https://f.fcdn.app/imgs/391745/tienda.iluminica.com/ilumuy/34d5/original/catalogo/LM02_D_4/1024-1024/luminaria-led-diseno-triangular-dimerizable-48w-65cm-dorado.jpg,9,,
il-lm02,,,,,,,,,,,,,,https://f.fcdn.app/imgs/314c3f/tienda.iluminica.com/ilumuy/404d/original/catalogo/LM02_D_5/1024-1024/luminaria-led-diseno-triangular-dimerizable-48w-65cm-dorado.jpg,10,,
il-lm02,,,,,,,,,,,,,,https://f.fcdn.app/imgs/0d3f76/tienda.iluminica.com/ilumuy/7ba0/original/catalogo/LM02_M_1/1024-1024/luminaria-led-diseno-triangular-dimerizable-48w-65cm-marron-cafe.jpg,11,,
il-lm02,,,,,,,,,,,,,,https://f.fcdn.app/imgs/9b460f/tienda.iluminica.com/ilumuy/fdc2/original/catalogo/LM02_M_2/1024-1024/luminaria-led-diseno-triangular-dimerizable-48w-65cm-marron-cafe.jpg,12,,
il-lm02,,,,,,,,,,,,,,https://f.fcdn.app/imgs/9fa19e/tienda.iluminica.com/ilumuy/92f7/original/catalogo/LM02_M_3/1024-1024/luminaria-led-diseno-triangular-dimerizable-48w-65cm-marron-cafe.jpg,13,,
il-lm02,,,,,,,,,,,,,,https://f.fcdn.app/imgs/826040/tienda.iluminica.com/ilumuy/67e8/original/catalogo/LM02_M_4/1024-1024/luminaria-led-diseno-triangular-dimerizable-48w-65cm-marron-cafe.jpg,14,,
il-lm02,,,,,,,,,,,,,,https://f.fcdn.app/imgs/7867d6/tienda.iluminica.com/ilumuy/3e5e/original/catalogo/LM02_M_5/1024-1024/luminaria-led-diseno-triangular-dimerizable-48w-65cm-marron-cafe.jpg,15,,
il-lm02,,,,,,,,,,,,,,https://f.fcdn.app/imgs/d81a35/tienda.iluminica.com/ilumuy/8e4d/original/catalogo/LM02_P_1/1024-1024/luminaria-led-diseno-triangular-dimerizable-48w-65cm-plata.jpg,16,,
il-lm02,,,,,,,,,,,,,,https://f.fcdn.app/imgs/51c816/tienda.iluminica.com/ilumuy/0ad5/original/catalogo/LM02_P_2/1024-1024/luminaria-led-diseno-triangular-dimerizable-48w-65cm-plata.jpg,17,,
il-lm02,,,,,,,,,,,,,,https://f.fcdn.app/imgs/c51440/tienda.iluminica.com/ilumuy/ae62/original/catalogo/LM02_P_3/1024-1024/luminaria-led-diseno-triangular-dimerizable-48w-65cm-plata.jpg,18,,
il-lm02,,,,,,,,,,,,,,https://f.fcdn.app/imgs/5287b8/tienda.iluminica.com/ilumuy/592d/original/catalogo/LM02_P_4/1024-1024/luminaria-led-diseno-triangular-dimerizable-48w-65cm-plata.jpg,19,,
il-lm02,,,,,,,,,,,,,,https://f.fcdn.app/imgs/29ffee/tienda.iluminica.com/ilumuy/c0b1/original/catalogo/LM02_P_5/1024-1024/luminaria-led-diseno-triangular-dimerizable-48w-65cm-plata.jpg,20,,
il-lm03,"Luminaria Led Diseño triangular Dimerizable 60W, 85cm","Luminaria Led Diseño triangular Dimerizable 60W, 85cm",Chiaro,Iluminación,"Colgantes, Chiaro, stock-verificado",TRUE,Color,BLANCO,LM 03:B:U,14682.00,,10,deny,https://f.fcdn.app/imgs/3dabc7/tienda.iluminica.com/ilumuy/7b20/original/catalogo/LM03_B_1/1024-1024/luminaria-led-diseno-triangular-dimerizable-60w-85cm-blanco.jpg,1,,
il-lm03,,,,,,,,DORADO,LM 03:D:U,14682.00,,10,deny,,,,
il-lm03,,,,,,,,MARRÓN CAFÉ,LM 03:M:U,14682.00,,10,deny,,,,
il-lm03,,,,,,,,PLATA,LM 03:P:U,14682.00,,10,deny,,,,
il-lm03,,,,,,,,,,,,,,https://f.fcdn.app/imgs/028ecf/tienda.iluminica.com/ilumuy/5813/original/catalogo/LM03_B_2/1024-1024/luminaria-led-diseno-triangular-dimerizable-60w-85cm-blanco.jpg,2,,
il-lm03,,,,,,,,,,,,,,https://f.fcdn.app/imgs/4dcf43/tienda.iluminica.com/ilumuy/253a/original/catalogo/LM03_B_3/1024-1024/luminaria-led-diseno-triangular-dimerizable-60w-85cm-blanco.jpg,3,,
il-lm03,,,,,,,,,,,,,,https://f.fcdn.app/imgs/af3582/tienda.iluminica.com/ilumuy/7a5a/original/catalogo/LM03_B_4/1024-1024/luminaria-led-diseno-triangular-dimerizable-60w-85cm-blanco.jpg,4,,
il-lm03,,,,,,,,,,,,,,https://f.fcdn.app/imgs/d0d919/tienda.iluminica.com/ilumuy/bcea/original/catalogo/LM03_B_5/1024-1024/luminaria-led-diseno-triangular-dimerizable-60w-85cm-blanco.jpg,5,,
il-lm03,,,,,,,,,,,,,,https://f.fcdn.app/imgs/2cbfa8/tienda.iluminica.com/ilumuy/7e6c/original/catalogo/LM03_D_1/1024-1024/luminaria-led-diseno-triangular-dimerizable-60w-85cm-dorado.jpg,6,,
il-lm03,,,,,,,,,,,,,,https://f.fcdn.app/imgs/8c6e45/tienda.iluminica.com/ilumuy/5a93/original/catalogo/LM03_D_2/1024-1024/luminaria-led-diseno-triangular-dimerizable-60w-85cm-dorado.jpg,7,,
il-lm03,,,,,,,,,,,,,,https://f.fcdn.app/imgs/50bc55/tienda.iluminica.com/ilumuy/6d96/original/catalogo/LM03_D_3/1024-1024/luminaria-led-diseno-triangular-dimerizable-60w-85cm-dorado.jpg,8,,
il-lm03,,,,,,,,,,,,,,https://f.fcdn.app/imgs/02cc92/tienda.iluminica.com/ilumuy/34d5/original/catalogo/LM03_D_4/1024-1024/luminaria-led-diseno-triangular-dimerizable-60w-85cm-dorado.jpg,9,,
il-lm03,,,,,,,,,,,,,,https://f.fcdn.app/imgs/62a545/tienda.iluminica.com/ilumuy/973d/original/catalogo/LM03_D_5/1024-1024/luminaria-led-diseno-triangular-dimerizable-60w-85cm-dorado.jpg,10,,
il-lm03,,,,,,,,,,,,,,https://f.fcdn.app/imgs/f71c72/tienda.iluminica.com/ilumuy/2d2d/original/catalogo/LM03_M_1/1024-1024/luminaria-led-diseno-triangular-dimerizable-60w-85cm-marron-cafe.jpg,11,,
il-lm03,,,,,,,,,,,,,,https://f.fcdn.app/imgs/109c90/tienda.iluminica.com/ilumuy/fdc2/original/catalogo/LM03_M_2/1024-1024/luminaria-led-diseno-triangular-dimerizable-60w-85cm-marron-cafe.jpg,12,,
il-lm03,,,,,,,,,,,,,,https://f.fcdn.app/imgs/1bc5e2/tienda.iluminica.com/ilumuy/5549/original/catalogo/LM03_M_3/1024-1024/luminaria-led-diseno-triangular-dimerizable-60w-85cm-marron-cafe.jpg,13,,
il-lm03,,,,,,,,,,,,,,https://f.fcdn.app/imgs/cf64a2/tienda.iluminica.com/ilumuy/67e8/original/catalogo/LM03_M_4/1024-1024/luminaria-led-diseno-triangular-dimerizable-60w-85cm-marron-cafe.jpg,14,,
il-lm03,,,,,,,,,,,,,,https://f.fcdn.app/imgs/d47e08/tienda.iluminica.com/ilumuy/b7b0/original/catalogo/LM03_M_5/1024-1024/luminaria-led-diseno-triangular-dimerizable-60w-85cm-marron-cafe.jpg,15,,
il-lm03,,,,,,,,,,,,,,https://f.fcdn.app/imgs/ccaaaf/tienda.iluminica.com/ilumuy/ea7f/original/catalogo/LM03_P_1/1024-1024/luminaria-led-diseno-triangular-dimerizable-60w-85cm-plata.jpg,16,,
il-lm03,,,,,,,,,,,,,,https://f.fcdn.app/imgs/0d2c1b/tienda.iluminica.com/ilumuy/0ad5/original/catalogo/LM03_P_2/1024-1024/luminaria-led-diseno-triangular-dimerizable-60w-85cm-plata.jpg,17,,
il-lm03,,,,,,,,,,,,,,https://f.fcdn.app/imgs/488466/tienda.iluminica.com/ilumuy/2ecf/original/catalogo/LM03_P_3/1024-1024/luminaria-led-diseno-triangular-dimerizable-60w-85cm-plata.jpg,18,,
il-lm03,,,,,,,,,,,,,,https://f.fcdn.app/imgs/e2a058/tienda.iluminica.com/ilumuy/592d/original/catalogo/LM03_P_4/1024-1024/luminaria-led-diseno-triangular-dimerizable-60w-85cm-plata.jpg,19,,
il-lm03,,,,,,,,,,,,,,https://f.fcdn.app/imgs/171dc5/tienda.iluminica.com/ilumuy/ae72/original/catalogo/LM03_P_5/1024-1024/luminaria-led-diseno-triangular-dimerizable-60w-85cm-plata.jpg,20,,
il-lm04,"Plafón LED, Diseño triangular, Dimerizable 38W 45CM","Plafón LED, Diseño triangular, Dimerizable 38W 45CM",Chiaro,Iluminación,"Plafones, Chiaro, stock-verificado",TRUE,Color,BLANCO,LM 04:B:U,8234.00,,10,deny,https://f.fcdn.app/imgs/28c778/tienda.iluminica.com/ilumuy/ee27/original/catalogo/LM04_B_1/1024-1024/plafon-led-diseno-triangular-dimerizable-38w-45cm-blanco.jpg,1,,
il-lm04,,,,,,,,DORADO,LM 04:D:U,8234.00,,10,deny,,,,
il-lm04,,,,,,,,MARRÓN CAFÉ,LM 04:M:U,8234.00,,10,deny,,,,
il-lm04,,,,,,,,PLATA,LM 04:P:U,8234.00,,10,deny,,,,
il-lm04,,,,,,,,,,,,,,https://f.fcdn.app/imgs/a77816/tienda.iluminica.com/ilumuy/b7d5/original/catalogo/LM04_B_2/1024-1024/plafon-led-diseno-triangular-dimerizable-38w-45cm-blanco.jpg,2,,
il-lm04,,,,,,,,,,,,,,https://f.fcdn.app/imgs/71cd00/tienda.iluminica.com/ilumuy/7863/original/catalogo/LM04_B_3/1024-1024/plafon-led-diseno-triangular-dimerizable-38w-45cm-blanco.jpg,3,,
il-lm04,,,,,,,,,,,,,,https://f.fcdn.app/imgs/5fb315/tienda.iluminica.com/ilumuy/16aa/original/catalogo/LM04_B_4/1024-1024/plafon-led-diseno-triangular-dimerizable-38w-45cm-blanco.jpg,4,,
il-lm04,,,,,,,,,,,,,,https://f.fcdn.app/imgs/03d216/tienda.iluminica.com/ilumuy/e2f2/original/catalogo/LM04_B_5/1024-1024/plafon-led-diseno-triangular-dimerizable-38w-45cm-blanco.jpg,5,,
il-lm04,,,,,,,,,,,,,,https://f.fcdn.app/imgs/ff56d6/tienda.iluminica.com/ilumuy/a788/original/catalogo/LM04_D_1/1024-1024/plafon-led-diseno-triangular-dimerizable-38w-45cm-dorado.jpg,6,,
il-lm04,,,,,,,,,,,,,,https://f.fcdn.app/imgs/25168f/tienda.iluminica.com/ilumuy/40bb/original/catalogo/LM04_D_2/1024-1024/plafon-led-diseno-triangular-dimerizable-38w-45cm-dorado.jpg,7,,
il-lm04,,,,,,,,,,,,,,https://f.fcdn.app/imgs/4aa9f3/tienda.iluminica.com/ilumuy/25a8/original/catalogo/LM04_D_3/1024-1024/plafon-led-diseno-triangular-dimerizable-38w-45cm-dorado.jpg,8,,
il-lm04,,,,,,,,,,,,,,https://f.fcdn.app/imgs/756bde/tienda.iluminica.com/ilumuy/3229/original/catalogo/LM04_D_4/1024-1024/plafon-led-diseno-triangular-dimerizable-38w-45cm-dorado.jpg,9,,
il-lm04,,,,,,,,,,,,,,https://f.fcdn.app/imgs/47c940/tienda.iluminica.com/ilumuy/5d72/original/catalogo/LM04_D_5/1024-1024/plafon-led-diseno-triangular-dimerizable-38w-45cm-dorado.jpg,10,,
il-lm04,,,,,,,,,,,,,,https://f.fcdn.app/imgs/7ae106/tienda.iluminica.com/ilumuy/8358/original/catalogo/LM04_M_1/1024-1024/plafon-led-diseno-triangular-dimerizable-38w-45cm-marron-cafe.jpg,11,,
il-lm04,,,,,,,,,,,,,,https://f.fcdn.app/imgs/99fec6/tienda.iluminica.com/ilumuy/635e/original/catalogo/LM04_M_2/1024-1024/plafon-led-diseno-triangular-dimerizable-38w-45cm-marron-cafe.jpg,12,,
il-lm04,,,,,,,,,,,,,,https://f.fcdn.app/imgs/e81f23/tienda.iluminica.com/ilumuy/6631/original/catalogo/LM04_M_3/1024-1024/plafon-led-diseno-triangular-dimerizable-38w-45cm-marron-cafe.jpg,13,,
il-lm04,,,,,,,,,,,,,,https://f.fcdn.app/imgs/fb517d/tienda.iluminica.com/ilumuy/bd08/original/catalogo/LM04_M_4/1024-1024/plafon-led-diseno-triangular-dimerizable-38w-45cm-marron-cafe.jpg,14,,
il-lm04,,,,,,,,,,,,,,https://f.fcdn.app/imgs/999df5/tienda.iluminica.com/ilumuy/df7a/original/catalogo/LM04_M_5/1024-1024/plafon-led-diseno-triangular-dimerizable-38w-45cm-marron-cafe.jpg,15,,
il-lm04,,,,,,,,,,,,,,https://f.fcdn.app/imgs/9c125e/tienda.iluminica.com/ilumuy/f374/original/catalogo/LM04_P_1/1024-1024/plafon-led-diseno-triangular-dimerizable-38w-45cm-plata.jpg,16,,
il-lm04,,,,,,,,,,,,,,https://f.fcdn.app/imgs/d513d2/tienda.iluminica.com/ilumuy/b328/original/catalogo/LM04_P_2/1024-1024/plafon-led-diseno-triangular-dimerizable-38w-45cm-plata.jpg,17,,
il-lm04,,,,,,,,,,,,,,https://f.fcdn.app/imgs/f261be/tienda.iluminica.com/ilumuy/dd56/original/catalogo/LM04_P_3/1024-1024/plafon-led-diseno-triangular-dimerizable-38w-45cm-plata.jpg,18,,
il-lm04,,,,,,,,,,,,,,https://f.fcdn.app/imgs/656dd1/tienda.iluminica.com/ilumuy/c279/original/catalogo/LM04_P_4/1024-1024/plafon-led-diseno-triangular-dimerizable-38w-45cm-plata.jpg,19,,
il-lm04,,,,,,,,,,,,,,https://f.fcdn.app/imgs/cef504/tienda.iluminica.com/ilumuy/9870/original/catalogo/LM04_P_5/1024-1024/plafon-led-diseno-triangular-dimerizable-38w-45cm-plata.jpg,20,,
il-lm06,"Luminaria de susp. Led circular con corte, 40W Dimerizable, 60cm","Luminaria de susp. Led circular con corte, 40W Dimerizable, 60cm",Chiaro,Iluminación,"Colgantes, Chiaro, stock-verificado",TRUE,Color,COBRE,LM 06:C:U,12291.00,,10,deny,https://f.fcdn.app/imgs/2f29a2/tienda.iluminica.com/ilumuy/c7ab/original/catalogo/LM06_C_1/1024-1024/luminaria-de-susp-led-circular-con-corte-40w-dimerizable-60cm-cobre.jpg,1,,
il-lm06,,,,,,,,PLATA,LM 06:P:U,12291.00,,10,deny,,,,
il-lm06,,,,,,,,,,,,,,https://f.fcdn.app/imgs/da2c98/tienda.iluminica.com/ilumuy/54bf/original/catalogo/LM06_C_2/1024-1024/luminaria-de-susp-led-circular-con-corte-40w-dimerizable-60cm-cobre.jpg,2,,
il-lm06,,,,,,,,,,,,,,https://f.fcdn.app/imgs/e91d82/tienda.iluminica.com/ilumuy/5297/original/catalogo/LM06_C_3/1024-1024/luminaria-de-susp-led-circular-con-corte-40w-dimerizable-60cm-cobre.jpg,3,,
il-lm06,,,,,,,,,,,,,,https://f.fcdn.app/imgs/367029/tienda.iluminica.com/ilumuy/7a47/original/catalogo/LM06_C_4/1024-1024/luminaria-de-susp-led-circular-con-corte-40w-dimerizable-60cm-cobre.jpg,4,,
il-lm06,,,,,,,,,,,,,,https://f.fcdn.app/imgs/a99cbc/tienda.iluminica.com/ilumuy/974c/original/catalogo/LM06_C_5/1024-1024/luminaria-de-susp-led-circular-con-corte-40w-dimerizable-60cm-cobre.jpg,5,,
il-lm06,,,,,,,,,,,,,,https://f.fcdn.app/imgs/b295ae/tienda.iluminica.com/ilumuy/bffa/original/catalogo/LM06_P_1/1024-1024/luminaria-de-susp-led-circular-con-corte-40w-dimerizable-60cm-plata.jpg,6,,
il-lm06,,,,,,,,,,,,,,https://f.fcdn.app/imgs/7bab20/tienda.iluminica.com/ilumuy/adb6/original/catalogo/LM06_P_2/1024-1024/luminaria-de-susp-led-circular-con-corte-40w-dimerizable-60cm-plata.jpg,7,,
il-lm06,,,,,,,,,,,,,,https://f.fcdn.app/imgs/04e6b6/tienda.iluminica.com/ilumuy/f762/original/catalogo/LM06_P_3/1024-1024/luminaria-de-susp-led-circular-con-corte-40w-dimerizable-60cm-plata.jpg,8,,
il-lm06,,,,,,,,,,,,,,https://f.fcdn.app/imgs/0bd8bc/tienda.iluminica.com/ilumuy/bb89/original/catalogo/LM06_P_4/1024-1024/luminaria-de-susp-led-circular-con-corte-40w-dimerizable-60cm-plata.jpg,9,,
il-lm06,,,,,,,,,,,,,,https://f.fcdn.app/imgs/21fc71/tienda.iluminica.com/ilumuy/ec6b/original/catalogo/LM06_P_5/1024-1024/luminaria-de-susp-led-circular-con-corte-40w-dimerizable-60cm-plata.jpg,10,,
il-lm08,"Luminaria led Diseño circular con Símil madera 40W Dimerizable, 45cm","Luminaria led Diseño circular con Símil madera 40W Dimerizable, 45cm",Chiaro,Iluminación,"Plafones, Chiaro, stock-verificado",TRUE,Color,BLANCO,-LM 08:B:U,7883.00,,10,deny,https://f.fcdn.app/imgs/f981a2/tienda.iluminica.com/ilumuy/1f98/original/catalogo/-LM08_B_1/1024-1024/luminaria-led-diseno-circular-con-simil-madera-40w-dimerizable-45cm-blanco.jpg,1,,
il-lm08,,,,,,,,NEGRO,-LM 08:N:U,7883.00,,10,deny,,,,
il-lm08,,,,,,,,,,,,,,https://f.fcdn.app/imgs/7dd4c7/tienda.iluminica.com/ilumuy/23ac/original/catalogo/-LM08_B_2/1024-1024/luminaria-led-diseno-circular-con-simil-madera-40w-dimerizable-45cm-blanco.jpg,2,,
il-lm08,,,,,,,,,,,,,,https://f.fcdn.app/imgs/0d694e/tienda.iluminica.com/ilumuy/b560/original/catalogo/-LM08_B_3/1024-1024/luminaria-led-diseno-circular-con-simil-madera-40w-dimerizable-45cm-blanco.jpg,3,,
il-lm08,,,,,,,,,,,,,,https://f.fcdn.app/imgs/4be8f3/tienda.iluminica.com/ilumuy/0366/original/catalogo/-LM08_B_4/1024-1024/luminaria-led-diseno-circular-con-simil-madera-40w-dimerizable-45cm-blanco.jpg,4,,
il-lm08,,,,,,,,,,,,,,https://f.fcdn.app/imgs/11caa6/tienda.iluminica.com/ilumuy/cdd8/original/catalogo/-LM08_B_5/1024-1024/luminaria-led-diseno-circular-con-simil-madera-40w-dimerizable-45cm-blanco.jpg,5,,
il-lm08,,,,,,,,,,,,,,https://f.fcdn.app/imgs/f735fd/tienda.iluminica.com/ilumuy/2a2f/original/catalogo/-LM08_N_1/1024-1024/luminaria-led-diseno-circular-con-simil-madera-40w-dimerizable-45cm-negro.jpg,6,,
il-lm08,,,,,,,,,,,,,,https://f.fcdn.app/imgs/f0bd7d/tienda.iluminica.com/ilumuy/8fc3/original/catalogo/-LM08_N_2/1024-1024/luminaria-led-diseno-circular-con-simil-madera-40w-dimerizable-45cm-negro.jpg,7,,
il-lm08,,,,,,,,,,,,,,https://f.fcdn.app/imgs/d63b22/tienda.iluminica.com/ilumuy/4e40/original/catalogo/-LM08_N_3/1024-1024/luminaria-led-diseno-circular-con-simil-madera-40w-dimerizable-45cm-negro.jpg,8,,
il-lm08,,,,,,,,,,,,,,https://f.fcdn.app/imgs/0ca611/tienda.iluminica.com/ilumuy/b771/original/catalogo/-LM08_N_4/1024-1024/luminaria-led-diseno-circular-con-simil-madera-40w-dimerizable-45cm-negro.jpg,9,,
il-lm08,,,,,,,,,,,,,,https://f.fcdn.app/imgs/7faa59/tienda.iluminica.com/ilumuy/d9c0/original/catalogo/-LM08_N_5/1024-1024/luminaria-led-diseno-circular-con-simil-madera-40w-dimerizable-45cm-negro.jpg,10,,
il-lm07m,"Luminaria Led circular marrón cepillado 35W dimerizable, 45cm","Luminaria Led circular marrón cepillado 35W dimerizable, 45cm",Chiaro,Iluminación,"Colgantes, Chiaro, stock-verificado",TRUE,Color,"Luminaria Led circular marrón cepillado 35W dimerizable, 45cm",LM 07 M::U,8428.00,,10,deny,https://f.fcdn.app/imgs/85010b/tienda.iluminica.com/ilumuy/348f/original/catalogo/LM07M_LM07M_1/1024-1024/luminaria-led-circular-marron-cepillado-35w-dimerizable-45cm-luminaria-led-circular-marron-cepillado-35w-dimerizable-45cm.jpg,1,,
il-lm07m,,,,,,,,,,,,,,https://f.fcdn.app/imgs/3915ba/tienda.iluminica.com/ilumuy/0127/original/catalogo/LM07M_LM07M_2/1024-1024/luminaria-led-circular-marron-cepillado-35w-dimerizable-45cm-luminaria-led-circular-marron-cepillado-35w-dimerizable-45cm.jpg,2,,
il-lm07m,,,,,,,,,,,,,,https://f.fcdn.app/imgs/e650b4/tienda.iluminica.com/ilumuy/4b16/original/catalogo/LM07M_LM07M_3/1024-1024/luminaria-led-circular-marron-cepillado-35w-dimerizable-45cm-luminaria-led-circular-marron-cepillado-35w-dimerizable-45cm.jpg,3,,
il-lm07m,,,,,,,,,,,,,,https://f.fcdn.app/imgs/340eb0/tienda.iluminica.com/ilumuy/c6b7/original/catalogo/LM07M_LM07M_4/1024-1024/luminaria-led-circular-marron-cepillado-35w-dimerizable-45cm-luminaria-led-circular-marron-cepillado-35w-dimerizable-45cm.jpg,4,,
il-lm07m,,,,,,,,,,,,,,https://f.fcdn.app/imgs/51dc57/tienda.iluminica.com/ilumuy/b023/original/catalogo/LM07M_LM07M_5/1024-1024/luminaria-led-circular-marron-cepillado-35w-dimerizable-45cm-luminaria-led-circular-marron-cepillado-35w-dimerizable-45cm.jpg,5,,
il-pmch07,"Plafón led moderno rítmico, blanco y negro 24w - 40 cm","Plafón led moderno rítmico, blanco y negro 24w - 40 cm",Chiaro,Iluminación,"Plafones, Chiaro, stock-verificado",TRUE,Color,"Plafón led moderno rítmico, blanco y negro 24w - 40 cm",PMCH 07::U,3192.00,5310.00,10,deny,https://f.fcdn.app/imgs/13e549/tienda.iluminica.com/ilumuy/6606/original/catalogo/PMCH07_PMCH07_1/1024-1024/plafon-led-moderno-ritmico-blanco-y-negro-24w-40-cm-plafon-led-moderno-ritmico-blanco-y-negro-24w-40-cm.jpg,1,,
il-pmch07,,,,,,,,,,,,,,https://f.fcdn.app/imgs/13d5e5/tienda.iluminica.com/ilumuy/bcab/original/catalogo/PMCH07_PMCH07_2/1024-1024/plafon-led-moderno-ritmico-blanco-y-negro-24w-40-cm-plafon-led-moderno-ritmico-blanco-y-negro-24w-40-cm.jpg,2,,
il-pmch07,,,,,,,,,,,,,,https://f.fcdn.app/imgs/62db75/tienda.iluminica.com/ilumuy/3f61/original/catalogo/PMCH07_PMCH07_3/1024-1024/plafon-led-moderno-ritmico-blanco-y-negro-24w-40-cm-plafon-led-moderno-ritmico-blanco-y-negro-24w-40-cm.jpg,3,,
il-pmch07,,,,,,,,,,,,,,https://f.fcdn.app/imgs/c0b441/tienda.iluminica.com/ilumuy/4638/original/catalogo/PMCH07_PMCH07_4/1024-1024/plafon-led-moderno-ritmico-blanco-y-negro-24w-40-cm-plafon-led-moderno-ritmico-blanco-y-negro-24w-40-cm.jpg,4,,
il-pmch07,,,,,,,,,,,,,,https://f.fcdn.app/imgs/0e2110/tienda.iluminica.com/ilumuy/dd94/original/catalogo/PMCH07_PMCH07_5/1024-1024/plafon-led-moderno-ritmico-blanco-y-negro-24w-40-cm-plafon-led-moderno-ritmico-blanco-y-negro-24w-40-cm.jpg,5,,
il-pmch08,Plafón de led diseño cuadrado con corte 18W - 41cm,Plafón de led diseño cuadrado con corte 18W - 41cm,Chiaro,Iluminación,"Plafones, Chiaro, stock-verificado",TRUE,Color,Plafón de led diseño cuadrado con corte 18W - 41cm,PMCH 08::U,3192.00,5002.00,10,deny,https://f.fcdn.app/imgs/81fbf8/tienda.iluminica.com/ilumuy/78da/original/catalogo/PMCH08_PMCH08_1/1024-1024/plafon-de-led-diseno-cuadrado-con-corte-18w-41cm-plafon-de-led-diseno-cuadrado-con-corte-18w-41cm.jpg,1,,
il-pmch08,,,,,,,,,,,,,,https://f.fcdn.app/imgs/95946d/tienda.iluminica.com/ilumuy/73ee/original/catalogo/PMCH08_PMCH08_2/1024-1024/plafon-de-led-diseno-cuadrado-con-corte-18w-41cm-plafon-de-led-diseno-cuadrado-con-corte-18w-41cm.jpg,2,,
il-pmch08,,,,,,,,,,,,,,https://f.fcdn.app/imgs/fced44/tienda.iluminica.com/ilumuy/1104/original/catalogo/PMCH08_PMCH08_3/1024-1024/plafon-de-led-diseno-cuadrado-con-corte-18w-41cm-plafon-de-led-diseno-cuadrado-con-corte-18w-41cm.jpg,3,,
il-pmch08,,,,,,,,,,,,,,https://f.fcdn.app/imgs/d12258/tienda.iluminica.com/ilumuy/d8f8/original/catalogo/PMCH08_PMCH08_4/1024-1024/plafon-de-led-diseno-cuadrado-con-corte-18w-41cm-plafon-de-led-diseno-cuadrado-con-corte-18w-41cm.jpg,4,,
il-pmch08,,,,,,,,,,,,,,https://f.fcdn.app/imgs/8b0f68/tienda.iluminica.com/ilumuy/de8f/original/catalogo/PMCH08_PMCH08_5/1024-1024/plafon-de-led-diseno-cuadrado-con-corte-18w-41cm-plafon-de-led-diseno-cuadrado-con-corte-18w-41cm.jpg,5,,
il-pmch06c,"Plafón de led diseño moderno, color tostado 24W 3000K","Plafón de led diseño moderno, color tostado 24W 3000K",Chiaro,Iluminación,"Plafones, Chiaro, stock-verificado",TRUE,Color,"Plafón de led diseño moderno, color tostado 24W 3000K",PMCH 06 C::U,4831.00,,10,deny,https://f.fcdn.app/imgs/1e2496/tienda.iluminica.com/ilumuy/5111/original/catalogo/PMCH06C_PMCH06C_1/1024-1024/plafon-de-led-diseno-moderno-color-tostado-24w-3000k-plafon-de-led-diseno-moderno-color-tostado-24w-3000k.jpg,1,,
il-pmch06c,,,,,,,,,,,,,,https://f.fcdn.app/imgs/0c5003/tienda.iluminica.com/ilumuy/2102/original/catalogo/PMCH06C_PMCH06C_2/1024-1024/plafon-de-led-diseno-moderno-color-tostado-24w-3000k-plafon-de-led-diseno-moderno-color-tostado-24w-3000k.jpg,2,,
il-pmch06c,,,,,,,,,,,,,,https://f.fcdn.app/imgs/2c0b66/tienda.iluminica.com/ilumuy/735e/original/catalogo/PMCH06C_PMCH06C_3/1024-1024/plafon-de-led-diseno-moderno-color-tostado-24w-3000k-plafon-de-led-diseno-moderno-color-tostado-24w-3000k.jpg,3,,
il-pmch06c,,,,,,,,,,,,,,https://f.fcdn.app/imgs/1ebb2b/tienda.iluminica.com/ilumuy/0423/original/catalogo/PMCH06C_PMCH06C_4/1024-1024/plafon-de-led-diseno-moderno-color-tostado-24w-3000k-plafon-de-led-diseno-moderno-color-tostado-24w-3000k.jpg,4,,
il-pmch06c,,,,,,,,,,,,,,https://f.fcdn.app/imgs/712120/tienda.iluminica.com/ilumuy/2b29/original/catalogo/PMCH06C_PMCH06C_5/1024-1024/plafon-de-led-diseno-moderno-color-tostado-24w-3000k-plafon-de-led-diseno-moderno-color-tostado-24w-3000k.jpg,5,,
il-aich04,Aplique led tipo bocha ip65 3.5W,Aplique led tipo bocha ip65 3.5W,Chiaro,Iluminación,"Apliques, Chiaro, stock-verificado",TRUE,Color,Aplique led tipo bocha ip65 3.5W,AICH 04::U,1878.00,2135.00,10,deny,https://f.fcdn.app/imgs/f00468/tienda.iluminica.com/ilumuy/8d55/original/catalogo/AICH04_AICH04_1/1024-1024/aplique-led-tipo-bocha-ip65-3-5w-aplique-led-tipo-bocha-ip65-3-5w.jpg,1,,
il-aich04,,,,,,,,,,,,,,https://f.fcdn.app/imgs/3cac3d/tienda.iluminica.com/ilumuy/0ed8/original/catalogo/AICH04_AICH04_2/1024-1024/aplique-led-tipo-bocha-ip65-3-5w-aplique-led-tipo-bocha-ip65-3-5w.jpg,2,,
il-aich04,,,,,,,,,,,,,,https://f.fcdn.app/imgs/7936d4/tienda.iluminica.com/ilumuy/5d26/original/catalogo/AICH04_AICH04_3/1024-1024/aplique-led-tipo-bocha-ip65-3-5w-aplique-led-tipo-bocha-ip65-3-5w.jpg,3,,
il-aich04,,,,,,,,,,,,,,https://f.fcdn.app/imgs/64f40a/tienda.iluminica.com/ilumuy/a4c1/original/catalogo/AICH04_AICH04_4/1024-1024/aplique-led-tipo-bocha-ip65-3-5w-aplique-led-tipo-bocha-ip65-3-5w.jpg,4,,
il-aich04,,,,,,,,,,,,,,https://f.fcdn.app/imgs/223154/tienda.iluminica.com/ilumuy/9a1e/original/catalogo/AICH04_AICH04_5/1024-1024/aplique-led-tipo-bocha-ip65-3-5w-aplique-led-tipo-bocha-ip65-3-5w.jpg,5,,
il-aich14,Caminero led de jardín 20cm 9W,Caminero led de jardín 20cm 9W,Chiaro,Iluminación,"Camineros, Chiaro, stock-verificado",TRUE,Color,Caminero led de jardín 20cm 9W,AICH 14::U,3249.00,,10,deny,https://f.fcdn.app/imgs/1ec3ee/tienda.iluminica.com/ilumuy/72fa/original/catalogo/AICH14_AICH14_1/1024-1024/caminero-led-de-jardin-20cm-9w-caminero-led-de-jardin-20cm-9w.jpg,1,,
il-aich14,,,,,,,,,,,,,,https://f.fcdn.app/imgs/aa517a/tienda.iluminica.com/ilumuy/a32f/original/catalogo/AICH14_AICH14_2/1024-1024/caminero-led-de-jardin-20cm-9w-caminero-led-de-jardin-20cm-9w.jpg,2,,
il-aich14,,,,,,,,,,,,,,https://f.fcdn.app/imgs/20f809/tienda.iluminica.com/ilumuy/601a/original/catalogo/AICH14_AICH14_3/1024-1024/caminero-led-de-jardin-20cm-9w-caminero-led-de-jardin-20cm-9w.jpg,3,,
il-aich14,,,,,,,,,,,,,,https://f.fcdn.app/imgs/f7eb20/tienda.iluminica.com/ilumuy/ae58/original/catalogo/AICH14_AICH14_4/1024-1024/caminero-led-de-jardin-20cm-9w-caminero-led-de-jardin-20cm-9w.jpg,4,,
il-aich17,Luminaria aplique led bocha IP65 13W,Luminaria aplique led bocha IP65 13W,Chiaro,Iluminación,"Apliques, Chiaro, stock-verificado",TRUE,Color,Luminaria aplique led bocha IP65 13W,AICH 17::U,3106.00,,10,deny,https://f.fcdn.app/imgs/376a25/tienda.iluminica.com/ilumuy/4a87/original/catalogo/AICH17_AICH17_1/1024-1024/luminaria-aplique-led-bocha-ip65-13w-luminaria-aplique-led-bocha-ip65-13w.jpg,1,,
il-aich17,,,,,,,,,,,,,,https://f.fcdn.app/imgs/b3d18e/tienda.iluminica.com/ilumuy/d0da/original/catalogo/AICH17_AICH17_2/1024-1024/luminaria-aplique-led-bocha-ip65-13w-luminaria-aplique-led-bocha-ip65-13w.jpg,2,,
il-aich17,,,,,,,,,,,,,,https://f.fcdn.app/imgs/a77799/tienda.iluminica.com/ilumuy/d4b3/original/catalogo/AICH17_AICH17_3/1024-1024/luminaria-aplique-led-bocha-ip65-13w-luminaria-aplique-led-bocha-ip65-13w.jpg,3,,
il-aich17,,,,,,,,,,,,,,https://f.fcdn.app/imgs/bb33ec/tienda.iluminica.com/ilumuy/10d2/original/catalogo/AICH17_AICH17_4/1024-1024/luminaria-aplique-led-bocha-ip65-13w-luminaria-aplique-led-bocha-ip65-13w.jpg,4,,
il-aich17,,,,,,,,,,,,,,https://f.fcdn.app/imgs/b2ad09/tienda.iluminica.com/ilumuy/35c8/original/catalogo/AICH17_AICH17_5/1024-1024/luminaria-aplique-led-bocha-ip65-13w-luminaria-aplique-led-bocha-ip65-13w.jpg,5,,
il-aich01,Aplique led bidireccional para intemperie IP65 10w,Aplique led bidireccional para intemperie IP65 10w,Chiaro,Iluminación,"Apliques, Chiaro, stock-verificado",TRUE,Color,Aplique led bidireccional para intemperie IP65 10w,AICH 01::U,1967.00,,10,deny,https://f.fcdn.app/imgs/465779/tienda.iluminica.com/ilumuy/affe/original/catalogo/AICH01_AICH01_1/1024-1024/aplique-led-bidireccional-para-intemperie-ip65-10w-aplique-led-bidireccional-para-intemperie-ip65-10w.jpg,1,,
il-aich01,,,,,,,,,,,,,,https://f.fcdn.app/imgs/2c4703/tienda.iluminica.com/ilumuy/717a/original/catalogo/AICH01_AICH01_2/1024-1024/aplique-led-bidireccional-para-intemperie-ip65-10w-aplique-led-bidireccional-para-intemperie-ip65-10w.jpg,2,,
il-aich01,,,,,,,,,,,,,,https://f.fcdn.app/imgs/2deb06/tienda.iluminica.com/ilumuy/0f43/original/catalogo/AICH01_AICH01_3/1024-1024/aplique-led-bidireccional-para-intemperie-ip65-10w-aplique-led-bidireccional-para-intemperie-ip65-10w.jpg,3,,
il-aich01,,,,,,,,,,,,,,https://f.fcdn.app/imgs/56a512/tienda.iluminica.com/ilumuy/e74a/original/catalogo/AICH01_AICH01_4/1024-1024/aplique-led-bidireccional-para-intemperie-ip65-10w-aplique-led-bidireccional-para-intemperie-ip65-10w.jpg,4,,
il-aich01,,,,,,,,,,,,,,https://f.fcdn.app/imgs/ac3f84/tienda.iluminica.com/ilumuy/aa5a/original/catalogo/AICH01_AICH01_5/1024-1024/aplique-led-bidireccional-para-intemperie-ip65-10w-aplique-led-bidireccional-para-intemperie-ip65-10w.jpg,5,,
il-aich08,Aplique spot tubular para dicroica led 1*GU10,Aplique spot tubular para dicroica led 1*GU10,Chiaro,Iluminación,"Apliques, Chiaro, stock-verificado",TRUE,Color,Aplique spot tubular para dicroica led 1*GU10,AICH 08::U,1399.00,1589.00,10,deny,https://f.fcdn.app/imgs/629390/tienda.iluminica.com/ilumuy/c501/original/catalogo/AICH08_AICH08_1/1024-1024/aplique-spot-tubular-para-dicroica-led-1-gu10-aplique-spot-tubular-para-dicroica-led-1-gu10.jpg,1,,
il-aich08,,,,,,,,,,,,,,https://f.fcdn.app/imgs/c3a5b0/tienda.iluminica.com/ilumuy/198b/original/catalogo/AICH08_AICH08_2/1024-1024/aplique-spot-tubular-para-dicroica-led-1-gu10-aplique-spot-tubular-para-dicroica-led-1-gu10.jpg,2,,
il-aich08,,,,,,,,,,,,,,https://f.fcdn.app/imgs/dd248f/tienda.iluminica.com/ilumuy/7caf/original/catalogo/AICH08_AICH08_3/1024-1024/aplique-spot-tubular-para-dicroica-led-1-gu10-aplique-spot-tubular-para-dicroica-led-1-gu10.jpg,3,,
il-aich08,,,,,,,,,,,,,,https://f.fcdn.app/imgs/1f90c1/tienda.iluminica.com/ilumuy/c937/original/catalogo/AICH08_AICH08_4/1024-1024/aplique-spot-tubular-para-dicroica-led-1-gu10-aplique-spot-tubular-para-dicroica-led-1-gu10.jpg,4,,
il-aich08,,,,,,,,,,,,,,https://f.fcdn.app/imgs/036497/tienda.iluminica.com/ilumuy/ad6e/original/catalogo/AICH08_AICH08_5/1024-1024/aplique-spot-tubular-para-dicroica-led-1-gu10-aplique-spot-tubular-para-dicroica-led-1-gu10.jpg,5,,
il-aich09,Aplique spot tubular para dicroica led 2*GU10,Aplique spot tubular para dicroica led 2*GU10,Chiaro,Iluminación,"Apliques, Chiaro, stock-verificado",TRUE,Color,Aplique spot tubular para dicroica led 2*GU10,AICH 09::U,1958.00,,10,deny,https://f.fcdn.app/imgs/301cb5/tienda.iluminica.com/ilumuy/feca/original/catalogo/AICH09_AICH09_1/1024-1024/aplique-spot-tubular-para-dicroica-led-2-gu10-aplique-spot-tubular-para-dicroica-led-2-gu10.jpg,1,,
il-aich09,,,,,,,,,,,,,,https://f.fcdn.app/imgs/265df8/tienda.iluminica.com/ilumuy/1c57/original/catalogo/AICH09_AICH09_2/1024-1024/aplique-spot-tubular-para-dicroica-led-2-gu10-aplique-spot-tubular-para-dicroica-led-2-gu10.jpg,2,,
il-aich09,,,,,,,,,,,,,,https://f.fcdn.app/imgs/de3086/tienda.iluminica.com/ilumuy/8327/original/catalogo/AICH09_AICH09_3/1024-1024/aplique-spot-tubular-para-dicroica-led-2-gu10-aplique-spot-tubular-para-dicroica-led-2-gu10.jpg,3,,
il-aich09,,,,,,,,,,,,,,https://f.fcdn.app/imgs/395cc5/tienda.iluminica.com/ilumuy/2671/original/catalogo/AICH09_AICH09_4/1024-1024/aplique-spot-tubular-para-dicroica-led-2-gu10-aplique-spot-tubular-para-dicroica-led-2-gu10.jpg,4,,
il-aich09,,,,,,,,,,,,,,https://f.fcdn.app/imgs/2c693b/tienda.iluminica.com/ilumuy/2648/original/catalogo/AICH09_AICH09_5/1024-1024/aplique-spot-tubular-para-dicroica-led-2-gu10-aplique-spot-tubular-para-dicroica-led-2-gu10.jpg,5,,
il-aich07,Aplique led de embutir rectangular IP65 13W,Aplique led de embutir rectangular IP65 13W,Chiaro,Iluminación,"Apliques, Chiaro, stock-verificado",TRUE,Color,Aplique led de embutir rectangular IP65 13W,AICH 07::U,2189.00,,10,deny,https://f.fcdn.app/imgs/de78be/tienda.iluminica.com/ilumuy/e5c7/original/catalogo/AICH07_AICH07_1/1024-1024/aplique-led-de-embutir-rectangular-ip65-13w-aplique-led-de-embutir-rectangular-ip65-13w.jpg,1,,
il-aich07,,,,,,,,,,,,,,https://f.fcdn.app/imgs/f06068/tienda.iluminica.com/ilumuy/30d9/original/catalogo/AICH07_AICH07_2/1024-1024/aplique-led-de-embutir-rectangular-ip65-13w-aplique-led-de-embutir-rectangular-ip65-13w.jpg,2,,
il-aich07,,,,,,,,,,,,,,https://f.fcdn.app/imgs/ad5f3f/tienda.iluminica.com/ilumuy/0f58/original/catalogo/AICH07_AICH07_3/1024-1024/aplique-led-de-embutir-rectangular-ip65-13w-aplique-led-de-embutir-rectangular-ip65-13w.jpg,3,,
il-aich07,,,,,,,,,,,,,,https://f.fcdn.app/imgs/e79e58/tienda.iluminica.com/ilumuy/e1f9/original/catalogo/AICH07_AICH07_4/1024-1024/aplique-led-de-embutir-rectangular-ip65-13w-aplique-led-de-embutir-rectangular-ip65-13w.jpg,4,,
il-aich07,,,,,,,,,,,,,,https://f.fcdn.app/imgs/60ba83/tienda.iluminica.com/ilumuy/cdb6/original/catalogo/AICH07_AICH07_5/1024-1024/aplique-led-de-embutir-rectangular-ip65-13w-aplique-led-de-embutir-rectangular-ip65-13w.jpg,5,,
il-cm0,Portátil led Minimalista 3 intensidades 3 Toques,Portátil led Minimalista 3 intensidades 3 Toques,Chiaro,Iluminación,"Portátiles, Chiaro, stock-verificado",TRUE,Color,BLANCA,CM0:8:U,3086.00,4436.00,10,deny,https://f.fcdn.app/imgs/59f6f9/tienda.iluminica.com/ilumuy/1a84/original/catalogo/CM0_8_1/1024-1024/portatil-led-minimalista-3-intensidades-3-toques-blanca.jpg,1,,
il-cm0,,,,,,,,NEGRA,CM0:9:U,3086.00,4436.00,10,deny,,,,
il-cm0,,,,,,,,,,,,,,https://f.fcdn.app/imgs/cbd3af/tienda.iluminica.com/ilumuy/84fa/original/catalogo/CM0_8_2/1024-1024/portatil-led-minimalista-3-intensidades-3-toques-blanca.jpg,2,,
il-cm0,,,,,,,,,,,,,,https://f.fcdn.app/imgs/5a5f7a/tienda.iluminica.com/ilumuy/112c/original/catalogo/CM0_8_3/1024-1024/portatil-led-minimalista-3-intensidades-3-toques-blanca.jpg,3,,
il-cm0,,,,,,,,,,,,,,https://f.fcdn.app/imgs/aa2261/tienda.iluminica.com/ilumuy/b215/original/catalogo/CM0_8_4/1024-1024/portatil-led-minimalista-3-intensidades-3-toques-blanca.jpg,4,,
il-cm0,,,,,,,,,,,,,,https://f.fcdn.app/imgs/f4ea81/tienda.iluminica.com/ilumuy/6f1b/original/catalogo/CM0_8_5/1024-1024/portatil-led-minimalista-3-intensidades-3-toques-blanca.jpg,5,,
il-cm0,,,,,,,,,,,,,,https://f.fcdn.app/imgs/02dd20/tienda.iluminica.com/ilumuy/416b/original/catalogo/CM0_9_1/1024-1024/portatil-led-minimalista-3-intensidades-3-toques-negra.jpg,6,,
il-cm0,,,,,,,,,,,,,,https://f.fcdn.app/imgs/d99ce1/tienda.iluminica.com/ilumuy/28cd/original/catalogo/CM0_9_2/1024-1024/portatil-led-minimalista-3-intensidades-3-toques-negra.jpg,7,,
il-cm0,,,,,,,,,,,,,,https://f.fcdn.app/imgs/d70492/tienda.iluminica.com/ilumuy/956f/original/catalogo/CM0_9_3/1024-1024/portatil-led-minimalista-3-intensidades-3-toques-negra.jpg,8,,
il-cm0,,,,,,,,,,,,,,https://f.fcdn.app/imgs/1621f8/tienda.iluminica.com/ilumuy/2690/original/catalogo/CM0_9_4/1024-1024/portatil-led-minimalista-3-intensidades-3-toques-negra.jpg,9,,
il-cm0,,,,,,,,,,,,,,https://f.fcdn.app/imgs/9775ec/tienda.iluminica.com/ilumuy/960d/original/catalogo/CM0_9_5/1024-1024/portatil-led-minimalista-3-intensidades-3-toques-negra.jpg,10,,
il-ca,Lampara colgante jaula circular,Lampara colgante jaula circular,Chiaro,Iluminación,"Colgantes, Chiaro, stock-verificado",TRUE,Color,Negra,-- CA:11:U,1352.00,2235.00,10,deny,https://f.fcdn.app/imgs/f5ed59/tienda.iluminica.com/ilumuy/1317/original/catalogo/--CA_11_1/1024-1024/lampara-colgante-jaula-circular-negra.jpg,1,,
il-ca,,,,,,,,Blanca,-- CA:12:U,1352.00,2235.00,10,deny,,,,
il-ca,,,,,,,,,,,,,,https://f.fcdn.app/imgs/8dae2f/tienda.iluminica.com/ilumuy/1ede/original/catalogo/--CA_11_2/1024-1024/lampara-colgante-jaula-circular-negra.jpg,2,,
il-ca,,,,,,,,,,,,,,https://f.fcdn.app/imgs/8d413b/tienda.iluminica.com/ilumuy/9d4c/original/catalogo/--CA_11_3/1024-1024/lampara-colgante-jaula-circular-negra.jpg,3,,
il-ca,,,,,,,,,,,,,,https://f.fcdn.app/imgs/332343/tienda.iluminica.com/ilumuy/6377/original/catalogo/--CA_11_4/1024-1024/lampara-colgante-jaula-circular-negra.jpg,4,,
il-ca,,,,,,,,,,,,,,https://f.fcdn.app/imgs/e3efa1/tienda.iluminica.com/ilumuy/59ba/original/catalogo/--CA_11_5/1024-1024/lampara-colgante-jaula-circular-negra.jpg,5,,
il-ca,,,,,,,,,,,,,,https://f.fcdn.app/imgs/be79b7/tienda.iluminica.com/ilumuy/d80b/original/catalogo/--CA_12_1/1024-1024/lampara-colgante-jaula-circular-blanca.jpg,6,,
il-ca,,,,,,,,,,,,,,https://f.fcdn.app/imgs/d9e498/tienda.iluminica.com/ilumuy/c5f0/original/catalogo/--CA_12_2/1024-1024/lampara-colgante-jaula-circular-blanca.jpg,7,,
il-ca,,,,,,,,,,,,,,https://f.fcdn.app/imgs/dc2351/tienda.iluminica.com/ilumuy/5614/original/catalogo/--CA_12_3/1024-1024/lampara-colgante-jaula-circular-blanca.jpg,8,,
il-ca,,,,,,,,,,,,,,https://f.fcdn.app/imgs/b76dbe/tienda.iluminica.com/ilumuy/e0e8/original/catalogo/--CA_12_4/1024-1024/lampara-colgante-jaula-circular-blanca.jpg,9,,
il-ca,,,,,,,,,,,,,,https://f.fcdn.app/imgs/e5a6b8/tienda.iluminica.com/ilumuy/a7df/original/catalogo/--CA_12_5/1024-1024/lampara-colgante-jaula-circular-blanca.jpg,10,,
il-echr24w,"Panel LED 24W, de embutir, empotrar redondo BLANCO","Panel LED 24W, de embutir, empotrar redondo BLANCO",Chiaro,Iluminación,"Paneles, Chiaro, stock-verificado",TRUE,Color,Cálido 3000K,ECHR 24W:C:U,441.00,,10,deny,https://f.fcdn.app/imgs/13a3f2/tienda.iluminica.com/ilumuy/3afb/original/catalogo/ECHR24W_C_1/1024-1024/panel-led-24w-de-embutir-empotrar-redondo-blanco-calido-3000k.jpg,1,,
il-echr24w,,,,,,,,Frío 6500K,ECHR 24W:F:U,441.00,,10,deny,,,,
il-echr24w,,,,,,,,Neutro 4000K,ECHR 24W:N:U,441.00,,10,deny,,,,
il-echr24w,,,,,,,,,,,,,,https://f.fcdn.app/imgs/77395e/tienda.iluminica.com/ilumuy/8a08/original/catalogo/ECHR24W_C_2/1024-1024/panel-led-24w-de-embutir-empotrar-redondo-blanco-calido-3000k.jpg,2,,
il-echr24w,,,,,,,,,,,,,,https://f.fcdn.app/imgs/e1b045/tienda.iluminica.com/ilumuy/ace2/original/catalogo/ECHR24W_C_3/1024-1024/panel-led-24w-de-embutir-empotrar-redondo-blanco-calido-3000k.jpg,3,,
il-echr24w,,,,,,,,,,,,,,https://f.fcdn.app/imgs/312a31/tienda.iluminica.com/ilumuy/6b5c/original/catalogo/ECHR24W_C_4/1024-1024/panel-led-24w-de-embutir-empotrar-redondo-blanco-calido-3000k.jpg,4,,
il-echr24w,,,,,,,,,,,,,,https://f.fcdn.app/imgs/ca7993/tienda.iluminica.com/ilumuy/3ac1/original/catalogo/ECHR24W_C_5/1024-1024/panel-led-24w-de-embutir-empotrar-redondo-blanco-calido-3000k.jpg,5,,
il-echr24w,,,,,,,,,,,,,,https://f.fcdn.app/imgs/999f90/tienda.iluminica.com/ilumuy/3afb/original/catalogo/ECHR24W_F_1/1024-1024/panel-led-24w-de-embutir-empotrar-redondo-blanco-frio-6500k.jpg,6,,
il-echr24w,,,,,,,,,,,,,,https://f.fcdn.app/imgs/3973ed/tienda.iluminica.com/ilumuy/8a08/original/catalogo/ECHR24W_F_2/1024-1024/panel-led-24w-de-embutir-empotrar-redondo-blanco-frio-6500k.jpg,7,,
il-echr24w,,,,,,,,,,,,,,https://f.fcdn.app/imgs/75dc38/tienda.iluminica.com/ilumuy/ace2/original/catalogo/ECHR24W_F_3/1024-1024/panel-led-24w-de-embutir-empotrar-redondo-blanco-frio-6500k.jpg,8,,
il-echr24w,,,,,,,,,,,,,,https://f.fcdn.app/imgs/fa6f5a/tienda.iluminica.com/ilumuy/6b5c/original/catalogo/ECHR24W_F_4/1024-1024/panel-led-24w-de-embutir-empotrar-redondo-blanco-frio-6500k.jpg,9,,
il-echr24w,,,,,,,,,,,,,,https://f.fcdn.app/imgs/3934a9/tienda.iluminica.com/ilumuy/3ac1/original/catalogo/ECHR24W_F_5/1024-1024/panel-led-24w-de-embutir-empotrar-redondo-blanco-frio-6500k.jpg,10,,
il-echr24w,,,,,,,,,,,,,,https://f.fcdn.app/imgs/ede828/tienda.iluminica.com/ilumuy/3afb/original/catalogo/ECHR24W_N_1/1024-1024/panel-led-24w-de-embutir-empotrar-redondo-blanco-neutro-4000k.jpg,11,,
il-echr24w,,,,,,,,,,,,,,https://f.fcdn.app/imgs/685067/tienda.iluminica.com/ilumuy/8a08/original/catalogo/ECHR24W_N_2/1024-1024/panel-led-24w-de-embutir-empotrar-redondo-blanco-neutro-4000k.jpg,12,,
il-echr24w,,,,,,,,,,,,,,https://f.fcdn.app/imgs/5bbf27/tienda.iluminica.com/ilumuy/ace2/original/catalogo/ECHR24W_N_3/1024-1024/panel-led-24w-de-embutir-empotrar-redondo-blanco-neutro-4000k.jpg,13,,
il-echr24w,,,,,,,,,,,,,,https://f.fcdn.app/imgs/083154/tienda.iluminica.com/ilumuy/6b5c/original/catalogo/ECHR24W_N_4/1024-1024/panel-led-24w-de-embutir-empotrar-redondo-blanco-neutro-4000k.jpg,14,,
il-echr24w,,,,,,,,,,,,,,https://f.fcdn.app/imgs/7e375b/tienda.iluminica.com/ilumuy/3ac1/original/catalogo/ECHR24W_N_5/1024-1024/panel-led-24w-de-embutir-empotrar-redondo-blanco-neutro-4000k.jpg,15,,
il-c,Campana de aluminio y madera cónica estilo nórdico,Campana de aluminio y madera cónica estilo nórdico,Chiaro,Iluminación,"Colgantes, Chiaro, stock-verificado",TRUE,Color,Blanca,C:A31:U,957.00,1744.00,10,deny,https://f.fcdn.app/imgs/416614/tienda.iluminica.com/ilumuy/2d09/original/catalogo/C_A31_1/1024-1024/campana-de-aluminio-y-madera-conica-estilo-nordico-blanca.jpg,1,,
il-c,,,,,,,,,,,,,,https://f.fcdn.app/imgs/c7a614/tienda.iluminica.com/ilumuy/8668/original/catalogo/C_A31_2/1024-1024/campana-de-aluminio-y-madera-conica-estilo-nordico-blanca.jpg,2,,
il-c,,,,,,,,,,,,,,https://f.fcdn.app/imgs/b957c2/tienda.iluminica.com/ilumuy/14c4/original/catalogo/C_A31_3/1024-1024/campana-de-aluminio-y-madera-conica-estilo-nordico-blanca.jpg,3,,
il-c,,,,,,,,,,,,,,https://f.fcdn.app/imgs/7a31e6/tienda.iluminica.com/ilumuy/080d/original/catalogo/C_A31_4/1024-1024/campana-de-aluminio-y-madera-conica-estilo-nordico-blanca.jpg,4,,
il-c,,,,,,,,,,,,,,https://f.fcdn.app/imgs/c34939/tienda.iluminica.com/ilumuy/ef83/original/catalogo/C_A31_5/1024-1024/campana-de-aluminio-y-madera-conica-estilo-nordico-blanca.jpg,5,,
il-ci04,Luminaria tipo industrial cromada lisa con cadena e27,Luminaria tipo industrial cromada lisa con cadena e27,Chiaro,Iluminación,"Colgantes, Chiaro, stock-verificado",TRUE,Color,Luminaria tipo industrial cromada lisa con cadena e27,CI04::U,8183.00,,10,deny,https://f.fcdn.app/imgs/d8d148/tienda.iluminica.com/ilumuy/7355/original/catalogo/CI04_CI04_1/1024-1024/luminaria-tipo-industrial-cromada-lisa-con-cadena-e27-luminaria-tipo-industrial-cromada-lisa-con-cadena-e27.jpg,1,,
il-ci04,,,,,,,,,,,,,,https://f.fcdn.app/imgs/2736eb/tienda.iluminica.com/ilumuy/2bba/original/catalogo/CI04_CI04_2/1024-1024/luminaria-tipo-industrial-cromada-lisa-con-cadena-e27-luminaria-tipo-industrial-cromada-lisa-con-cadena-e27.jpg,2,,
il-ci04,,,,,,,,,,,,,,https://f.fcdn.app/imgs/249012/tienda.iluminica.com/ilumuy/6ebc/original/catalogo/CI04_CI04_3/1024-1024/luminaria-tipo-industrial-cromada-lisa-con-cadena-e27-luminaria-tipo-industrial-cromada-lisa-con-cadena-e27.jpg,3,,
il-ci04,,,,,,,,,,,,,,https://f.fcdn.app/imgs/cca2ea/tienda.iluminica.com/ilumuy/55af/original/catalogo/CI04_CI04_4/1024-1024/luminaria-tipo-industrial-cromada-lisa-con-cadena-e27-luminaria-tipo-industrial-cromada-lisa-con-cadena-e27.jpg,4,,
il-ci04,,,,,,,,,,,,,,https://f.fcdn.app/imgs/b7e616/tienda.iluminica.com/ilumuy/4779/original/catalogo/CI04_CI04_5/1024-1024/luminaria-tipo-industrial-cromada-lisa-con-cadena-e27-luminaria-tipo-industrial-cromada-lisa-con-cadena-e27.jpg,5,,
il-p10chf7w,Pack x 10 pcs - Lámpara Led estándar 7W E27,Pack x 10 pcs - Lámpara Led estándar 7W E27,Chiaro,Iluminación,"Lámparas – Tubos LED, Chiaro, stock-verificado",TRUE,Color,Luz Cálida,P10 CHF 7W:C:U,681.00,,10,deny,https://f.fcdn.app/imgs/30df47/tienda.iluminica.com/ilumuy/9c1e/original/catalogo/P10CHF7W_C_1/1024-1024/pack-x-10-pcs-lampara-led-estandar-7w-e27-luz-calida.jpg,1,,
il-p10chf7w,,,,,,,,Luz Fría,P10 CHF 7W:F:U,681.00,,10,deny,,,,
il-p10chf7w,,,,,,,,,,,,,,https://f.fcdn.app/imgs/2b8db8/tienda.iluminica.com/ilumuy/5ff6/original/catalogo/P10CHF7W_C_2/1024-1024/pack-x-10-pcs-lampara-led-estandar-7w-e27-luz-calida.jpg,2,,
il-p10chf7w,,,,,,,,,,,,,,https://f.fcdn.app/imgs/211ee1/tienda.iluminica.com/ilumuy/7562/original/catalogo/P10CHF7W_C_3/1024-1024/pack-x-10-pcs-lampara-led-estandar-7w-e27-luz-calida.jpg,3,,
il-p10chf7w,,,,,,,,,,,,,,https://f.fcdn.app/imgs/376662/tienda.iluminica.com/ilumuy/5755/original/catalogo/P10CHF7W_C_4/1024-1024/pack-x-10-pcs-lampara-led-estandar-7w-e27-luz-calida.jpg,4,,
il-p10chf7w,,,,,,,,,,,,,,https://f.fcdn.app/imgs/7b1a92/tienda.iluminica.com/ilumuy/139e/original/catalogo/P10CHF7W_C_5/1024-1024/pack-x-10-pcs-lampara-led-estandar-7w-e27-luz-calida.jpg,5,,
il-p10chf7w,,,,,,,,,,,,,,https://f.fcdn.app/imgs/3c6aee/tienda.iluminica.com/ilumuy/9c1e/original/catalogo/P10CHF7W_F_1/1024-1024/pack-x-10-pcs-lampara-led-estandar-7w-e27-luz-fria.jpg,6,,
il-p10chf7w,,,,,,,,,,,,,,https://f.fcdn.app/imgs/4348f6/tienda.iluminica.com/ilumuy/5ff6/original/catalogo/P10CHF7W_F_2/1024-1024/pack-x-10-pcs-lampara-led-estandar-7w-e27-luz-fria.jpg,7,,
il-p10chf7w,,,,,,,,,,,,,,https://f.fcdn.app/imgs/b2d72a/tienda.iluminica.com/ilumuy/7562/original/catalogo/P10CHF7W_F_3/1024-1024/pack-x-10-pcs-lampara-led-estandar-7w-e27-luz-fria.jpg,8,,
il-p10chf7w,,,,,,,,,,,,,,https://f.fcdn.app/imgs/66ac05/tienda.iluminica.com/ilumuy/5755/original/catalogo/P10CHF7W_F_4/1024-1024/pack-x-10-pcs-lampara-led-estandar-7w-e27-luz-fria.jpg,9,,
il-p10chf7w,,,,,,,,,,,,,,https://f.fcdn.app/imgs/b397cc/tienda.iluminica.com/ilumuy/139e/original/catalogo/P10CHF7W_F_5/1024-1024/pack-x-10-pcs-lampara-led-estandar-7w-e27-luz-fria.jpg,10,,
il-echr5wdimb,"Spot LED 5W MÓVIL, de empotrar redondo, Dimerizable BLANCO","Spot LED 5W MÓVIL, de empotrar redondo, Dimerizable BLANCO",Chiaro,Iluminación,"Paneles, Chiaro, stock-verificado",TRUE,Color,"Spot LED 5W MÓVIL, de empotrar redondo, Dimerizable BLANCO",ECHR 5W DIM B::U,424.00,,10,deny,https://f.fcdn.app/imgs/9488de/tienda.iluminica.com/ilumuy/f8ba/original/catalogo/ECHR5WDIMB_ECHR5WDIMB_1/1024-1024/spot-led-5w-movil-de-empotrar-redondo-dimerizable-blanco-spot-led-5w-movil-de-empotrar-redondo-dimerizable-blanco.jpg,1,,
il-echr5wdimb,,,,,,,,,,,,,,https://f.fcdn.app/imgs/80f385/tienda.iluminica.com/ilumuy/2095/original/catalogo/ECHR5WDIMB_ECHR5WDIMB_2/1024-1024/spot-led-5w-movil-de-empotrar-redondo-dimerizable-blanco-spot-led-5w-movil-de-empotrar-redondo-dimerizable-blanco.jpg,2,,
il-echr5wdimb,,,,,,,,,,,,,,https://f.fcdn.app/imgs/f42038/tienda.iluminica.com/ilumuy/ef76/original/catalogo/ECHR5WDIMB_ECHR5WDIMB_3/1024-1024/spot-led-5w-movil-de-empotrar-redondo-dimerizable-blanco-spot-led-5w-movil-de-empotrar-redondo-dimerizable-blanco.jpg,3,,
il-echr5wdimb,,,,,,,,,,,,,,https://f.fcdn.app/imgs/786911/tienda.iluminica.com/ilumuy/5db4/original/catalogo/ECHR5WDIMB_ECHR5WDIMB_4/1024-1024/spot-led-5w-movil-de-empotrar-redondo-dimerizable-blanco-spot-led-5w-movil-de-empotrar-redondo-dimerizable-blanco.jpg,4,,
il-echr5wdimb,,,,,,,,,,,,,,https://f.fcdn.app/imgs/72a35f/tienda.iluminica.com/ilumuy/d17d/original/catalogo/ECHR5WDIMB_ECHR5WDIMB_5/1024-1024/spot-led-5w-movil-de-empotrar-redondo-dimerizable-blanco-spot-led-5w-movil-de-empotrar-redondo-dimerizable-blanco.jpg,5,,
il-cc03,Colgante Jaula negra y cemento natural Cilindrica 12*30cm,Colgante Jaula negra y cemento natural Cilindrica 12*30cm,Chiaro,Iluminación,"Colgantes, Chiaro, stock-verificado",TRUE,Color,Colgante Jaula negra y cemento natural Cilindrica 12*30cm,CC03::U,1043.00,2095.00,10,deny,https://f.fcdn.app/imgs/e11b61/tienda.iluminica.com/ilumuy/b8d4/original/catalogo/CC03_CC03_1/1024-1024/colgante-jaula-negra-y-cemento-natural-cilindrica-12-30cm-colgante-jaula-negra-y-cemento-natural-cilindrica-12-30cm.jpg,1,,
il-cc03,,,,,,,,,,,,,,https://f.fcdn.app/imgs/af3d6d/tienda.iluminica.com/ilumuy/786b/original/catalogo/CC03_CC03_2/1024-1024/colgante-jaula-negra-y-cemento-natural-cilindrica-12-30cm-colgante-jaula-negra-y-cemento-natural-cilindrica-12-30cm.jpg,2,,
il-cc03,,,,,,,,,,,,,,https://f.fcdn.app/imgs/85052a/tienda.iluminica.com/ilumuy/654e/original/catalogo/CC03_CC03_3/1024-1024/colgante-jaula-negra-y-cemento-natural-cilindrica-12-30cm-colgante-jaula-negra-y-cemento-natural-cilindrica-12-30cm.jpg,3,,
il-cc03,,,,,,,,,,,,,,https://f.fcdn.app/imgs/4587ba/tienda.iluminica.com/ilumuy/fa96/original/catalogo/CC03_CC03_4/1024-1024/colgante-jaula-negra-y-cemento-natural-cilindrica-12-30cm-colgante-jaula-negra-y-cemento-natural-cilindrica-12-30cm.jpg,4,,
il-cc03,,,,,,,,,,,,,,https://f.fcdn.app/imgs/a2f014/tienda.iluminica.com/ilumuy/f65e/original/catalogo/CC03_CC03_5/1024-1024/colgante-jaula-negra-y-cemento-natural-cilindrica-12-30cm-colgante-jaula-negra-y-cemento-natural-cilindrica-12-30cm.jpg,5,,
il-dch3w,Driver para paneles led Chiaro 3W - ISOLATED,Driver para paneles led Chiaro 3W - ISOLATED,Chiaro,Accesorios,"Drivers, Chiaro, stock-verificado",TRUE,Color,Driver para paneles led Chiaro 3W - ISOLATED,DCH3W::U,78.00,,10,deny,https://f.fcdn.app/imgs/f07e08/tienda.iluminica.com/ilumuy/c61a/original/catalogo/DCH3W_DCH3W_1/1024-1024/driver-para-paneles-led-chiaro-3w-isolated-driver-para-paneles-led-chiaro-3w-isolated.jpg,1,,
il-echr3w,"Panel LED 3W, de embutir, empotrar redondo BLANCO","Panel LED 3W, de embutir, empotrar redondo BLANCO",Chiaro,Iluminación,"Paneles, Chiaro, stock-verificado",TRUE,Color,Cálido 3000K,ECHR 3W:C:U,104.00,,10,deny,https://f.fcdn.app/imgs/c17b1d/tienda.iluminica.com/ilumuy/526e/original/catalogo/ECHR3W_C_1/1024-1024/panel-led-3w-de-embutir-empotrar-redondo-blanco-calido-3000k.jpg,1,,
il-echr3w,,,,,,,,Frío 6500K,ECHR 3W:F:U,104.00,,10,deny,,,,
il-echr3w,,,,,,,,Neutro 4000K,ECHR 3W:N:U,104.00,,10,deny,,,,
il-echr3w,,,,,,,,,,,,,,https://f.fcdn.app/imgs/e52a66/tienda.iluminica.com/ilumuy/b794/original/catalogo/ECHR3W_C_2/1024-1024/panel-led-3w-de-embutir-empotrar-redondo-blanco-calido-3000k.jpg,2,,
il-echr3w,,,,,,,,,,,,,,https://f.fcdn.app/imgs/d35c25/tienda.iluminica.com/ilumuy/5534/original/catalogo/ECHR3W_C_3/1024-1024/panel-led-3w-de-embutir-empotrar-redondo-blanco-calido-3000k.jpg,3,,
il-echr3w,,,,,,,,,,,,,,https://f.fcdn.app/imgs/b473eb/tienda.iluminica.com/ilumuy/3ac1/original/catalogo/ECHR3W_C_4/1024-1024/panel-led-3w-de-embutir-empotrar-redondo-blanco-calido-3000k.jpg,4,,
il-echr3w,,,,,,,,,,,,,,https://f.fcdn.app/imgs/189479/tienda.iluminica.com/ilumuy/a664/original/catalogo/ECHR3W_C_5/1024-1024/panel-led-3w-de-embutir-empotrar-redondo-blanco-calido-3000k.jpg,5,,
il-echr3w,,,,,,,,,,,,,,https://f.fcdn.app/imgs/ab4d3e/tienda.iluminica.com/ilumuy/526e/original/catalogo/ECHR3W_F_1/1024-1024/panel-led-3w-de-embutir-empotrar-redondo-blanco-frio-6500k.jpg,6,,
il-echr3w,,,,,,,,,,,,,,https://f.fcdn.app/imgs/5ab388/tienda.iluminica.com/ilumuy/b794/original/catalogo/ECHR3W_F_2/1024-1024/panel-led-3w-de-embutir-empotrar-redondo-blanco-frio-6500k.jpg,7,,
il-echr3w,,,,,,,,,,,,,,https://f.fcdn.app/imgs/c726da/tienda.iluminica.com/ilumuy/5534/original/catalogo/ECHR3W_F_3/1024-1024/panel-led-3w-de-embutir-empotrar-redondo-blanco-frio-6500k.jpg,8,,
il-echr3w,,,,,,,,,,,,,,https://f.fcdn.app/imgs/55aa0e/tienda.iluminica.com/ilumuy/3ac1/original/catalogo/ECHR3W_F_4/1024-1024/panel-led-3w-de-embutir-empotrar-redondo-blanco-frio-6500k.jpg,9,,
il-echr3w,,,,,,,,,,,,,,https://f.fcdn.app/imgs/960193/tienda.iluminica.com/ilumuy/a664/original/catalogo/ECHR3W_F_5/1024-1024/panel-led-3w-de-embutir-empotrar-redondo-blanco-frio-6500k.jpg,10,,
il-echr3w,,,,,,,,,,,,,,https://f.fcdn.app/imgs/0e3d19/tienda.iluminica.com/ilumuy/526e/original/catalogo/ECHR3W_N_1/1024-1024/panel-led-3w-de-embutir-empotrar-redondo-blanco-neutro-4000k.jpg,11,,
il-echr3w,,,,,,,,,,,,,,https://f.fcdn.app/imgs/61348f/tienda.iluminica.com/ilumuy/b794/original/catalogo/ECHR3W_N_2/1024-1024/panel-led-3w-de-embutir-empotrar-redondo-blanco-neutro-4000k.jpg,12,,
il-echr3w,,,,,,,,,,,,,,https://f.fcdn.app/imgs/e00ed7/tienda.iluminica.com/ilumuy/5534/original/catalogo/ECHR3W_N_3/1024-1024/panel-led-3w-de-embutir-empotrar-redondo-blanco-neutro-4000k.jpg,13,,
il-echr3w,,,,,,,,,,,,,,https://f.fcdn.app/imgs/560ae6/tienda.iluminica.com/ilumuy/3ac1/original/catalogo/ECHR3W_N_4/1024-1024/panel-led-3w-de-embutir-empotrar-redondo-blanco-neutro-4000k.jpg,14,,
il-echr3w,,,,,,,,,,,,,,https://f.fcdn.app/imgs/fff248/tienda.iluminica.com/ilumuy/a664/original/catalogo/ECHR3W_N_5/1024-1024/panel-led-3w-de-embutir-empotrar-redondo-blanco-neutro-4000k.jpg,15,,
il-urbinoplbch102,Luminaria vial Led URBINO LED 102W 14750lm 4000K IP66 POLONIA,Luminaria vial Led URBINO LED 102W 14750lm 4000K IP66 POLONIA,Chiaro,Iluminación,"Palas, Chiaro, stock-verificado",TRUE,Color,Luminaria vial Led URBINO LED 102W 14750lm 4000K IP66 POLONIA,URBINO PLBCH 102::U,20352.00,,10,deny,https://f.fcdn.app/imgs/f3f63c/tienda.iluminica.com/ilumuy/f295/original/catalogo/URBINOPLBCH102_URBINOPLBCH102_1/1024-1024/luminaria-vial-led-urbino-led-102w-14750lm-4000k-ip66-polonia-luminaria-vial-led-urbino-led-102w-14750lm-4000k-ip66-polonia.jpg,1,,
il-urbinoplbch102,,,,,,,,,,,,,,https://f.fcdn.app/imgs/5f38dc/tienda.iluminica.com/ilumuy/488b/original/catalogo/URBINOPLBCH102_URBINOPLBCH102_2/1024-1024/luminaria-vial-led-urbino-led-102w-14750lm-4000k-ip66-polonia-luminaria-vial-led-urbino-led-102w-14750lm-4000k-ip66-polonia.jpg,2,,
il-urbinoplbch102,,,,,,,,,,,,,,https://f.fcdn.app/imgs/a751c4/tienda.iluminica.com/ilumuy/aeba/original/catalogo/URBINOPLBCH102_URBINOPLBCH102_3/1024-1024/luminaria-vial-led-urbino-led-102w-14750lm-4000k-ip66-polonia-luminaria-vial-led-urbino-led-102w-14750lm-4000k-ip66-polonia.jpg,3,,
il-chf55wf,Lampara LED Alta potencia 55W E27,Lampara LED Alta potencia 55W E27,Chiaro,Iluminación,"Lámparas – Tubos LED, Chiaro, stock-verificado",TRUE,Color,Lampara LED Alta potencia 55W E27,CHF 55WF::U,548.00,,10,deny,https://f.fcdn.app/imgs/f511cf/tienda.iluminica.com/ilumuy/17cc/original/catalogo/CHF55WF_CHF55WF_1/1024-1024/lampara-led-alta-potencia-55w-e27-lampara-led-alta-potencia-55w-e27.jpg,1,,
il-chf55wf,,,,,,,,,,,,,,https://f.fcdn.app/imgs/2e8f99/tienda.iluminica.com/ilumuy/3dc1/original/catalogo/CHF55WF_CHF55WF_2/1024-1024/lampara-led-alta-potencia-55w-e27-lampara-led-alta-potencia-55w-e27.jpg,2,,
il-chf55wf,,,,,,,,,,,,,,https://f.fcdn.app/imgs/6b0a54/tienda.iluminica.com/ilumuy/f380/original/catalogo/CHF55WF_CHF55WF_3/1024-1024/lampara-led-alta-potencia-55w-e27-lampara-led-alta-potencia-55w-e27.jpg,3,,
il-chf55wf,,,,,,,,,,,,,,https://f.fcdn.app/imgs/d3d941/tienda.iluminica.com/ilumuy/1651/original/catalogo/CHF55WF_CHF55WF_4/1024-1024/lampara-led-alta-potencia-55w-e27-lampara-led-alta-potencia-55w-e27.jpg,4,,
il-chf55wf,,,,,,,,,,,,,,https://f.fcdn.app/imgs/045f42/tienda.iluminica.com/ilumuy/8a6f/original/catalogo/CHF55WF_CHF55WF_5/1024-1024/lampara-led-alta-potencia-55w-e27-lampara-led-alta-potencia-55w-e27.jpg,5,,
il-p3chf7w,Pack x 3 pcs - Lámpara Led estándar 7W E27,Pack x 3 pcs - Lámpara Led estándar 7W E27,Chiaro,Iluminación,"Lámparas – Tubos LED, Chiaro, stock-verificado",TRUE,Color,Luz Cálida,P3 CHF 7W:C:U,204.00,,10,deny,https://f.fcdn.app/imgs/cf29ee/tienda.iluminica.com/ilumuy/8f45/original/catalogo/P3CHF7W_C_1/1024-1024/pack-x-3-pcs-lampara-led-estandar-7w-e27-luz-calida.jpg,1,,
il-p3chf7w,,,,,,,,Luz Fría,P3 CHF 7W:F:U,204.00,,10,deny,,,,
il-p3chf7w,,,,,,,,,,,,,,https://f.fcdn.app/imgs/5fb0f3/tienda.iluminica.com/ilumuy/5ff6/original/catalogo/P3CHF7W_C_2/1024-1024/pack-x-3-pcs-lampara-led-estandar-7w-e27-luz-calida.jpg,2,,
il-p3chf7w,,,,,,,,,,,,,,https://f.fcdn.app/imgs/f6aeb7/tienda.iluminica.com/ilumuy/5755/original/catalogo/P3CHF7W_C_3/1024-1024/pack-x-3-pcs-lampara-led-estandar-7w-e27-luz-calida.jpg,3,,
il-p3chf7w,,,,,,,,,,,,,,https://f.fcdn.app/imgs/9a2f33/tienda.iluminica.com/ilumuy/7562/original/catalogo/P3CHF7W_C_4/1024-1024/pack-x-3-pcs-lampara-led-estandar-7w-e27-luz-calida.jpg,4,,
il-p3chf7w,,,,,,,,,,,,,,https://f.fcdn.app/imgs/6d2db8/tienda.iluminica.com/ilumuy/139e/original/catalogo/P3CHF7W_C_5/1024-1024/pack-x-3-pcs-lampara-led-estandar-7w-e27-luz-calida.jpg,5,,
il-p3chf7w,,,,,,,,,,,,,,https://f.fcdn.app/imgs/1b6bc6/tienda.iluminica.com/ilumuy/8f45/original/catalogo/P3CHF7W_F_1/1024-1024/pack-x-3-pcs-lampara-led-estandar-7w-e27-luz-fria.jpg,6,,
il-p3chf7w,,,,,,,,,,,,,,https://f.fcdn.app/imgs/58dfeb/tienda.iluminica.com/ilumuy/5ff6/original/catalogo/P3CHF7W_F_2/1024-1024/pack-x-3-pcs-lampara-led-estandar-7w-e27-luz-fria.jpg,7,,
il-p3chf7w,,,,,,,,,,,,,,https://f.fcdn.app/imgs/15c6b0/tienda.iluminica.com/ilumuy/5755/original/catalogo/P3CHF7W_F_3/1024-1024/pack-x-3-pcs-lampara-led-estandar-7w-e27-luz-fria.jpg,8,,
il-p3chf7w,,,,,,,,,,,,,,https://f.fcdn.app/imgs/f8a774/tienda.iluminica.com/ilumuy/7562/original/catalogo/P3CHF7W_F_4/1024-1024/pack-x-3-pcs-lampara-led-estandar-7w-e27-luz-fria.jpg,9,,
il-p3chf7w,,,,,,,,,,,,,,https://f.fcdn.app/imgs/311669/tienda.iluminica.com/ilumuy/139e/original/catalogo/P3CHF7W_F_5/1024-1024/pack-x-3-pcs-lampara-led-estandar-7w-e27-luz-fria.jpg,10,,
il-p4chf7w,Pack x 4 pcs - Lámpara Led estándar 7W E27,Pack x 4 pcs - Lámpara Led estándar 7W E27,Chiaro,Iluminación,"Lámparas – Tubos LED, Chiaro, stock-verificado",TRUE,Color,Luz Cálida,P4 CHF 7W:C:U,272.00,,10,deny,https://f.fcdn.app/imgs/a7268e/tienda.iluminica.com/ilumuy/93e9/original/catalogo/P4CHF7W_C_1/1024-1024/pack-x-4-pcs-lampara-led-estandar-7w-e27-luz-calida.jpg,1,,
il-p4chf7w,,,,,,,,Luz Fría,P4 CHF 7W:F:U,272.00,,10,deny,,,,
il-p4chf7w,,,,,,,,,,,,,,https://f.fcdn.app/imgs/098fdb/tienda.iluminica.com/ilumuy/5ff6/original/catalogo/P4CHF7W_C_2/1024-1024/pack-x-4-pcs-lampara-led-estandar-7w-e27-luz-calida.jpg,2,,
il-p4chf7w,,,,,,,,,,,,,,https://f.fcdn.app/imgs/6c7c9d/tienda.iluminica.com/ilumuy/5755/original/catalogo/P4CHF7W_C_3/1024-1024/pack-x-4-pcs-lampara-led-estandar-7w-e27-luz-calida.jpg,3,,
il-p4chf7w,,,,,,,,,,,,,,https://f.fcdn.app/imgs/d5ac40/tienda.iluminica.com/ilumuy/7562/original/catalogo/P4CHF7W_C_4/1024-1024/pack-x-4-pcs-lampara-led-estandar-7w-e27-luz-calida.jpg,4,,
il-p4chf7w,,,,,,,,,,,,,,https://f.fcdn.app/imgs/d64480/tienda.iluminica.com/ilumuy/139e/original/catalogo/P4CHF7W_C_5/1024-1024/pack-x-4-pcs-lampara-led-estandar-7w-e27-luz-calida.jpg,5,,
il-p4chf7w,,,,,,,,,,,,,,https://f.fcdn.app/imgs/62d5a1/tienda.iluminica.com/ilumuy/93e9/original/catalogo/P4CHF7W_F_1/1024-1024/pack-x-4-pcs-lampara-led-estandar-7w-e27-luz-fria.jpg,6,,
il-p4chf7w,,,,,,,,,,,,,,https://f.fcdn.app/imgs/abbe63/tienda.iluminica.com/ilumuy/5ff6/original/catalogo/P4CHF7W_F_2/1024-1024/pack-x-4-pcs-lampara-led-estandar-7w-e27-luz-fria.jpg,7,,
il-p4chf7w,,,,,,,,,,,,,,https://f.fcdn.app/imgs/ebcf12/tienda.iluminica.com/ilumuy/5755/original/catalogo/P4CHF7W_F_3/1024-1024/pack-x-4-pcs-lampara-led-estandar-7w-e27-luz-fria.jpg,8,,
il-p4chf7w,,,,,,,,,,,,,,https://f.fcdn.app/imgs/f50e07/tienda.iluminica.com/ilumuy/7562/original/catalogo/P4CHF7W_F_4/1024-1024/pack-x-4-pcs-lampara-led-estandar-7w-e27-luz-fria.jpg,9,,
il-p4chf7w,,,,,,,,,,,,,,https://f.fcdn.app/imgs/f31da2/tienda.iluminica.com/ilumuy/139e/original/catalogo/P4CHF7W_F_5/1024-1024/pack-x-4-pcs-lampara-led-estandar-7w-e27-luz-fria.jpg,10,,
il-p6chf7w,Pack x 6 pcs - Lámpara Led estándar 7W E27,Pack x 6 pcs - Lámpara Led estándar 7W E27,Chiaro,Iluminación,"Lámparas – Tubos LED, Chiaro, stock-verificado",TRUE,Color,Luz Cálida,P6 CHF 7W:C:U,409.00,,10,deny,https://f.fcdn.app/imgs/5b7570/tienda.iluminica.com/ilumuy/3ce1/original/catalogo/P6CHF7W_C_1/1024-1024/pack-x-6-pcs-lampara-led-estandar-7w-e27-luz-calida.jpg,1,,
il-p6chf7w,,,,,,,,Luz Fría,P6 CHF 7W:F:U,409.00,,10,deny,,,,
il-p6chf7w,,,,,,,,,,,,,,https://f.fcdn.app/imgs/70d6fe/tienda.iluminica.com/ilumuy/5ff6/original/catalogo/P6CHF7W_C_2/1024-1024/pack-x-6-pcs-lampara-led-estandar-7w-e27-luz-calida.jpg,2,,
il-p6chf7w,,,,,,,,,,,,,,https://f.fcdn.app/imgs/ddc54f/tienda.iluminica.com/ilumuy/5755/original/catalogo/P6CHF7W_C_3/1024-1024/pack-x-6-pcs-lampara-led-estandar-7w-e27-luz-calida.jpg,3,,
il-p6chf7w,,,,,,,,,,,,,,https://f.fcdn.app/imgs/0a80e1/tienda.iluminica.com/ilumuy/7562/original/catalogo/P6CHF7W_C_4/1024-1024/pack-x-6-pcs-lampara-led-estandar-7w-e27-luz-calida.jpg,4,,
il-p6chf7w,,,,,,,,,,,,,,https://f.fcdn.app/imgs/471fca/tienda.iluminica.com/ilumuy/139e/original/catalogo/P6CHF7W_C_5/1024-1024/pack-x-6-pcs-lampara-led-estandar-7w-e27-luz-calida.jpg,5,,
il-p6chf7w,,,,,,,,,,,,,,https://f.fcdn.app/imgs/81c19b/tienda.iluminica.com/ilumuy/6ee8/original/catalogo/P6CHF7W_F_1/1024-1024/pack-x-6-pcs-lampara-led-estandar-7w-e27-luz-fria.jpg,6,,
il-p6chf7w,,,,,,,,,,,,,,https://f.fcdn.app/imgs/17a0a8/tienda.iluminica.com/ilumuy/5ff6/original/catalogo/P6CHF7W_F_2/1024-1024/pack-x-6-pcs-lampara-led-estandar-7w-e27-luz-fria.jpg,7,,
il-p6chf7w,,,,,,,,,,,,,,https://f.fcdn.app/imgs/cea48e/tienda.iluminica.com/ilumuy/5755/original/catalogo/P6CHF7W_F_3/1024-1024/pack-x-6-pcs-lampara-led-estandar-7w-e27-luz-fria.jpg,8,,
il-p6chf7w,,,,,,,,,,,,,,https://f.fcdn.app/imgs/6ccfa2/tienda.iluminica.com/ilumuy/7562/original/catalogo/P6CHF7W_F_4/1024-1024/pack-x-6-pcs-lampara-led-estandar-7w-e27-luz-fria.jpg,9,,
il-p6chf7w,,,,,,,,,,,,,,https://f.fcdn.app/imgs/ededb1/tienda.iluminica.com/ilumuy/139e/original/catalogo/P6CHF7W_F_5/1024-1024/pack-x-6-pcs-lampara-led-estandar-7w-e27-luz-fria.jpg,10,,
il-chf1012v,Lámpara led 12 VOLT E27-10W Luz Fría,Lámpara led 12 VOLT E27-10W Luz Fría,Chiaro,Iluminación,"Lámparas – Tubos LED, Chiaro, stock-verificado",TRUE,Color,Lámpara led 12 VOLT E27-10W Luz Fría,CHF 1012V::U,191.00,,10,deny,https://f.fcdn.app/imgs/f9e473/tienda.iluminica.com/ilumuy/4364/original/catalogo/CHF1012V_CHF1012V_1/1024-1024/lampara-led-12-volt-e27-10w-luz-fria-lampara-led-12-volt-e27-10w-luz-fria.jpg,1,,
il-chf1012v,,,,,,,,,,,,,,https://f.fcdn.app/imgs/9fb7a5/tienda.iluminica.com/ilumuy/fb65/original/catalogo/CHF1012V_CHF1012V_2/1024-1024/lampara-led-12-volt-e27-10w-luz-fria-lampara-led-12-volt-e27-10w-luz-fria.jpg,2,,
il-chf1012v,,,,,,,,,,,,,,https://f.fcdn.app/imgs/dd1b2c/tienda.iluminica.com/ilumuy/c0f5/original/catalogo/CHF1012V_CHF1012V_3/1024-1024/lampara-led-12-volt-e27-10w-luz-fria-lampara-led-12-volt-e27-10w-luz-fria.jpg,3,,
il-chf1012v,,,,,,,,,,,,,,https://f.fcdn.app/imgs/952d5b/tienda.iluminica.com/ilumuy/c1f9/original/catalogo/CHF1012V_CHF1012V_4/1024-1024/lampara-led-12-volt-e27-10w-luz-fria-lampara-led-12-volt-e27-10w-luz-fria.jpg,4,,
il-p2chf15w,Pack x2 pcs - Lámpara led estándar 15W E27,Pack x2 pcs - Lámpara led estándar 15W E27,Chiaro,Iluminación,"Lámparas – Tubos LED, Chiaro, stock-verificado",TRUE,Color,Luz Cálida,P2 CHF 15W:C:U,217.00,,10,deny,https://f.fcdn.app/imgs/7520ad/tienda.iluminica.com/ilumuy/4783/original/catalogo/P2CHF15W_C_1/1024-1024/pack-x2-pcs-lampara-led-estandar-15w-e27-luz-calida.jpg,1,,
il-p2chf15w,,,,,,,,Luz Fría,P2 CHF 15W:F:U,217.00,,10,deny,,,,
il-p2chf15w,,,,,,,,,,,,,,https://f.fcdn.app/imgs/05931a/tienda.iluminica.com/ilumuy/5732/original/catalogo/P2CHF15W_C_2/1024-1024/pack-x2-pcs-lampara-led-estandar-15w-e27-luz-calida.jpg,2,,
il-p2chf15w,,,,,,,,,,,,,,https://f.fcdn.app/imgs/10bf7a/tienda.iluminica.com/ilumuy/c9f0/original/catalogo/P2CHF15W_C_3/1024-1024/pack-x2-pcs-lampara-led-estandar-15w-e27-luz-calida.jpg,3,,
il-p2chf15w,,,,,,,,,,,,,,https://f.fcdn.app/imgs/38d757/tienda.iluminica.com/ilumuy/e962/original/catalogo/P2CHF15W_C_4/1024-1024/pack-x2-pcs-lampara-led-estandar-15w-e27-luz-calida.jpg,4,,
il-p2chf15w,,,,,,,,,,,,,,https://f.fcdn.app/imgs/bb40b7/tienda.iluminica.com/ilumuy/6c3f/original/catalogo/P2CHF15W_C_5/1024-1024/pack-x2-pcs-lampara-led-estandar-15w-e27-luz-calida.jpg,5,,
il-p2chf15w,,,,,,,,,,,,,,https://f.fcdn.app/imgs/7d8cbf/tienda.iluminica.com/ilumuy/4783/original/catalogo/P2CHF15W_F_1/1024-1024/pack-x2-pcs-lampara-led-estandar-15w-e27-luz-fria.jpg,6,,
il-p2chf15w,,,,,,,,,,,,,,https://f.fcdn.app/imgs/a89c8f/tienda.iluminica.com/ilumuy/5732/original/catalogo/P2CHF15W_F_2/1024-1024/pack-x2-pcs-lampara-led-estandar-15w-e27-luz-fria.jpg,7,,
il-p2chf15w,,,,,,,,,,,,,,https://f.fcdn.app/imgs/b1789b/tienda.iluminica.com/ilumuy/c9f0/original/catalogo/P2CHF15W_F_3/1024-1024/pack-x2-pcs-lampara-led-estandar-15w-e27-luz-fria.jpg,8,,
il-p2chf15w,,,,,,,,,,,,,,https://f.fcdn.app/imgs/66464c/tienda.iluminica.com/ilumuy/e962/original/catalogo/P2CHF15W_F_4/1024-1024/pack-x2-pcs-lampara-led-estandar-15w-e27-luz-fria.jpg,9,,
il-p2chf15w,,,,,,,,,,,,,,https://f.fcdn.app/imgs/fd0309/tienda.iluminica.com/ilumuy/6c3f/original/catalogo/P2CHF15W_F_5/1024-1024/pack-x2-pcs-lampara-led-estandar-15w-e27-luz-fria.jpg,10,,
il-p3chf15w,Pack x3 pcs - Lámpara led estándar 15W E27,Pack x3 pcs - Lámpara led estándar 15W E27,Chiaro,Iluminación,"Lámparas – Tubos LED, Chiaro, stock-verificado",TRUE,Color,Luz Cálida,P3 CHF 15W:C:U,326.00,,10,deny,https://f.fcdn.app/imgs/eb93fb/tienda.iluminica.com/ilumuy/ea85/original/catalogo/P3CHF15W_C_1/1024-1024/pack-x3-pcs-lampara-led-estandar-15w-e27-luz-calida.jpg,1,,
il-p3chf15w,,,,,,,,Luz Fría,P3 CHF 15W:F:U,326.00,,10,deny,,,,
il-p3chf15w,,,,,,,,,,,,,,https://f.fcdn.app/imgs/2ede1a/tienda.iluminica.com/ilumuy/5732/original/catalogo/P3CHF15W_C_2/1024-1024/pack-x3-pcs-lampara-led-estandar-15w-e27-luz-calida.jpg,2,,
il-p3chf15w,,,,,,,,,,,,,,https://f.fcdn.app/imgs/e64389/tienda.iluminica.com/ilumuy/c9f0/original/catalogo/P3CHF15W_C_3/1024-1024/pack-x3-pcs-lampara-led-estandar-15w-e27-luz-calida.jpg,3,,
il-p3chf15w,,,,,,,,,,,,,,https://f.fcdn.app/imgs/de8465/tienda.iluminica.com/ilumuy/e962/original/catalogo/P3CHF15W_C_4/1024-1024/pack-x3-pcs-lampara-led-estandar-15w-e27-luz-calida.jpg,4,,
il-p3chf15w,,,,,,,,,,,,,,https://f.fcdn.app/imgs/80fbeb/tienda.iluminica.com/ilumuy/6c3f/original/catalogo/P3CHF15W_C_5/1024-1024/pack-x3-pcs-lampara-led-estandar-15w-e27-luz-calida.jpg,5,,
il-p3chf15w,,,,,,,,,,,,,,https://f.fcdn.app/imgs/8b4d06/tienda.iluminica.com/ilumuy/ea85/original/catalogo/P3CHF15W_F_1/1024-1024/pack-x3-pcs-lampara-led-estandar-15w-e27-luz-fria.jpg,6,,
il-p3chf15w,,,,,,,,,,,,,,https://f.fcdn.app/imgs/b24c0a/tienda.iluminica.com/ilumuy/5732/original/catalogo/P3CHF15W_F_2/1024-1024/pack-x3-pcs-lampara-led-estandar-15w-e27-luz-fria.jpg,7,,
il-p3chf15w,,,,,,,,,,,,,,https://f.fcdn.app/imgs/08f370/tienda.iluminica.com/ilumuy/c9f0/original/catalogo/P3CHF15W_F_3/1024-1024/pack-x3-pcs-lampara-led-estandar-15w-e27-luz-fria.jpg,8,,
il-p3chf15w,,,,,,,,,,,,,,https://f.fcdn.app/imgs/a4748f/tienda.iluminica.com/ilumuy/e962/original/catalogo/P3CHF15W_F_4/1024-1024/pack-x3-pcs-lampara-led-estandar-15w-e27-luz-fria.jpg,9,,
il-p3chf15w,,,,,,,,,,,,,,https://f.fcdn.app/imgs/fde6f6/tienda.iluminica.com/ilumuy/6c3f/original/catalogo/P3CHF15W_F_5/1024-1024/pack-x3-pcs-lampara-led-estandar-15w-e27-luz-fria.jpg,10,,
il-p4chf12w,Pack x 4 pcs - Lámpara led estándar 12W E27,Pack x 4 pcs - Lámpara led estándar 12W E27,Chiaro,Iluminación,"Lámparas – Tubos LED, Chiaro, stock-verificado",TRUE,Color,Luz Cálida,P4 CHF 12W:C:U,323.00,,10,deny,https://f.fcdn.app/imgs/76df5b/tienda.iluminica.com/ilumuy/93e9/original/catalogo/P4CHF12W_C_1/1024-1024/pack-x-4-pcs-lampara-led-estandar-12w-e27-luz-calida.jpg,1,,
il-p4chf12w,,,,,,,,Luz Fría,P4 CHF 12W:F:U,323.00,,10,deny,,,,
il-p4chf12w,,,,,,,,,,,,,,https://f.fcdn.app/imgs/a3d861/tienda.iluminica.com/ilumuy/44e2/original/catalogo/P4CHF12W_C_2/1024-1024/pack-x-4-pcs-lampara-led-estandar-12w-e27-luz-calida.jpg,2,,
il-p4chf12w,,,,,,,,,,,,,,https://f.fcdn.app/imgs/6be85c/tienda.iluminica.com/ilumuy/3c4d/original/catalogo/P4CHF12W_C_3/1024-1024/pack-x-4-pcs-lampara-led-estandar-12w-e27-luz-calida.jpg,3,,
il-p4chf12w,,,,,,,,,,,,,,https://f.fcdn.app/imgs/a26407/tienda.iluminica.com/ilumuy/80ca/original/catalogo/P4CHF12W_C_4/1024-1024/pack-x-4-pcs-lampara-led-estandar-12w-e27-luz-calida.jpg,4,,
il-p4chf12w,,,,,,,,,,,,,,https://f.fcdn.app/imgs/d1e5a9/tienda.iluminica.com/ilumuy/a7ac/original/catalogo/P4CHF12W_C_5/1024-1024/pack-x-4-pcs-lampara-led-estandar-12w-e27-luz-calida.jpg,5,,
il-p4chf12w,,,,,,,,,,,,,,https://f.fcdn.app/imgs/fda6ca/tienda.iluminica.com/ilumuy/93e9/original/catalogo/P4CHF12W_F_1/1024-1024/pack-x-4-pcs-lampara-led-estandar-12w-e27-luz-fria.jpg,6,,
il-p4chf12w,,,,,,,,,,,,,,https://f.fcdn.app/imgs/b95c2f/tienda.iluminica.com/ilumuy/44e2/original/catalogo/P4CHF12W_F_2/1024-1024/pack-x-4-pcs-lampara-led-estandar-12w-e27-luz-fria.jpg,7,,
il-p4chf12w,,,,,,,,,,,,,,https://f.fcdn.app/imgs/014ceb/tienda.iluminica.com/ilumuy/3c4d/original/catalogo/P4CHF12W_F_3/1024-1024/pack-x-4-pcs-lampara-led-estandar-12w-e27-luz-fria.jpg,8,,
il-p4chf12w,,,,,,,,,,,,,,https://f.fcdn.app/imgs/84a094/tienda.iluminica.com/ilumuy/80ca/original/catalogo/P4CHF12W_F_4/1024-1024/pack-x-4-pcs-lampara-led-estandar-12w-e27-luz-fria.jpg,9,,
il-p4chf12w,,,,,,,,,,,,,,https://f.fcdn.app/imgs/03a824/tienda.iluminica.com/ilumuy/a7ac/original/catalogo/P4CHF12W_F_5/1024-1024/pack-x-4-pcs-lampara-led-estandar-12w-e27-luz-fria.jpg,10,,
il-p4chf15w,Pack x4 pcs - Lámpara led estándar 15W E27,Pack x4 pcs - Lámpara led estándar 15W E27,Chiaro,Iluminación,"Lámparas – Tubos LED, Chiaro, stock-verificado",TRUE,Color,Luz Cálida,P4 CHF 15W:C:U,434.00,,10,deny,https://f.fcdn.app/imgs/352609/tienda.iluminica.com/ilumuy/1638/original/catalogo/P4CHF15W_C_1/1024-1024/pack-x4-pcs-lampara-led-estandar-15w-e27-luz-calida.jpg,1,,
il-p4chf15w,,,,,,,,Luz Fría,P4 CHF 15W:F:U,434.00,,10,deny,,,,
il-p4chf15w,,,,,,,,,,,,,,https://f.fcdn.app/imgs/6890aa/tienda.iluminica.com/ilumuy/5732/original/catalogo/P4CHF15W_C_2/1024-1024/pack-x4-pcs-lampara-led-estandar-15w-e27-luz-calida.jpg,2,,
il-p4chf15w,,,,,,,,,,,,,,https://f.fcdn.app/imgs/83b49a/tienda.iluminica.com/ilumuy/c9f0/original/catalogo/P4CHF15W_C_3/1024-1024/pack-x4-pcs-lampara-led-estandar-15w-e27-luz-calida.jpg,3,,
il-p4chf15w,,,,,,,,,,,,,,https://f.fcdn.app/imgs/4cc8b9/tienda.iluminica.com/ilumuy/e962/original/catalogo/P4CHF15W_C_4/1024-1024/pack-x4-pcs-lampara-led-estandar-15w-e27-luz-calida.jpg,4,,
il-p4chf15w,,,,,,,,,,,,,,https://f.fcdn.app/imgs/bef263/tienda.iluminica.com/ilumuy/6c3f/original/catalogo/P4CHF15W_C_5/1024-1024/pack-x4-pcs-lampara-led-estandar-15w-e27-luz-calida.jpg,5,,
il-p4chf15w,,,,,,,,,,,,,,https://f.fcdn.app/imgs/cffc8f/tienda.iluminica.com/ilumuy/1638/original/catalogo/P4CHF15W_F_1/1024-1024/pack-x4-pcs-lampara-led-estandar-15w-e27-luz-fria.jpg,6,,
il-p4chf15w,,,,,,,,,,,,,,https://f.fcdn.app/imgs/27e239/tienda.iluminica.com/ilumuy/5732/original/catalogo/P4CHF15W_F_2/1024-1024/pack-x4-pcs-lampara-led-estandar-15w-e27-luz-fria.jpg,7,,
il-p4chf15w,,,,,,,,,,,,,,https://f.fcdn.app/imgs/695ca6/tienda.iluminica.com/ilumuy/c9f0/original/catalogo/P4CHF15W_F_3/1024-1024/pack-x4-pcs-lampara-led-estandar-15w-e27-luz-fria.jpg,8,,
il-p4chf15w,,,,,,,,,,,,,,https://f.fcdn.app/imgs/ab381e/tienda.iluminica.com/ilumuy/e962/original/catalogo/P4CHF15W_F_4/1024-1024/pack-x4-pcs-lampara-led-estandar-15w-e27-luz-fria.jpg,9,,
il-p4chf15w,,,,,,,,,,,,,,https://f.fcdn.app/imgs/4a4210/tienda.iluminica.com/ilumuy/6c3f/original/catalogo/P4CHF15W_F_5/1024-1024/pack-x4-pcs-lampara-led-estandar-15w-e27-luz-fria.jpg,10,,
il-p6chf12w,Pack x 6 pcs - Lámpara led estándar 12W E27,Pack x 6 pcs - Lámpara led estándar 12W E27,Chiaro,Iluminación,"Lámparas – Tubos LED, Chiaro, stock-verificado",TRUE,Color,Luz Cálida,P6 CHF 12W:C:U,485.00,,10,deny,https://f.fcdn.app/imgs/1982e3/tienda.iluminica.com/ilumuy/3ce1/original/catalogo/P6CHF12W_C_1/1024-1024/pack-x-6-pcs-lampara-led-estandar-12w-e27-luz-calida.jpg,1,,
il-p6chf12w,,,,,,,,Luz Fría,P6 CHF 12W:F:U,485.00,,10,deny,,,,
il-p6chf12w,,,,,,,,,,,,,,https://f.fcdn.app/imgs/facc8e/tienda.iluminica.com/ilumuy/44e2/original/catalogo/P6CHF12W_C_2/1024-1024/pack-x-6-pcs-lampara-led-estandar-12w-e27-luz-calida.jpg,2,,
il-p6chf12w,,,,,,,,,,,,,,https://f.fcdn.app/imgs/f19619/tienda.iluminica.com/ilumuy/3c4d/original/catalogo/P6CHF12W_C_3/1024-1024/pack-x-6-pcs-lampara-led-estandar-12w-e27-luz-calida.jpg,3,,
il-p6chf12w,,,,,,,,,,,,,,https://f.fcdn.app/imgs/c1ab47/tienda.iluminica.com/ilumuy/80ca/original/catalogo/P6CHF12W_C_4/1024-1024/pack-x-6-pcs-lampara-led-estandar-12w-e27-luz-calida.jpg,4,,
il-p6chf12w,,,,,,,,,,,,,,https://f.fcdn.app/imgs/e7738e/tienda.iluminica.com/ilumuy/a7ac/original/catalogo/P6CHF12W_C_5/1024-1024/pack-x-6-pcs-lampara-led-estandar-12w-e27-luz-calida.jpg,5,,
il-p6chf12w,,,,,,,,,,,,,,https://f.fcdn.app/imgs/9d48ae/tienda.iluminica.com/ilumuy/3ce1/original/catalogo/P6CHF12W_F_1/1024-1024/pack-x-6-pcs-lampara-led-estandar-12w-e27-luz-fria.jpg,6,,
il-p6chf12w,,,,,,,,,,,,,,https://f.fcdn.app/imgs/4085ed/tienda.iluminica.com/ilumuy/44e2/original/catalogo/P6CHF12W_F_2/1024-1024/pack-x-6-pcs-lampara-led-estandar-12w-e27-luz-fria.jpg,7,,
il-p6chf12w,,,,,,,,,,,,,,https://f.fcdn.app/imgs/5bf774/tienda.iluminica.com/ilumuy/3c4d/original/catalogo/P6CHF12W_F_3/1024-1024/pack-x-6-pcs-lampara-led-estandar-12w-e27-luz-fria.jpg,8,,
il-p6chf12w,,,,,,,,,,,,,,https://f.fcdn.app/imgs/4aea63/tienda.iluminica.com/ilumuy/80ca/original/catalogo/P6CHF12W_F_4/1024-1024/pack-x-6-pcs-lampara-led-estandar-12w-e27-luz-fria.jpg,9,,
il-p6chf12w,,,,,,,,,,,,,,https://f.fcdn.app/imgs/38287e/tienda.iluminica.com/ilumuy/a7ac/original/catalogo/P6CHF12W_F_5/1024-1024/pack-x-6-pcs-lampara-led-estandar-12w-e27-luz-fria.jpg,10,,
il-p6chf15w,Pack x6 pcs - Lámpara led estándar 15W E27,Pack x6 pcs - Lámpara led estándar 15W E27,Chiaro,Iluminación,"Lámparas – Tubos LED, Chiaro, stock-verificado",TRUE,Color,Luz Cálida,P6 CHF 15W:C:U,651.00,,10,deny,https://f.fcdn.app/imgs/da3288/tienda.iluminica.com/ilumuy/fddb/original/catalogo/P6CHF15W_C_1/1024-1024/pack-x6-pcs-lampara-led-estandar-15w-e27-luz-calida.jpg,1,,
il-p6chf15w,,,,,,,,Luz Fría,P6 CHF 15W:F:U,651.00,,10,deny,,,,
il-p6chf15w,,,,,,,,,,,,,,https://f.fcdn.app/imgs/021a19/tienda.iluminica.com/ilumuy/5732/original/catalogo/P6CHF15W_C_2/1024-1024/pack-x6-pcs-lampara-led-estandar-15w-e27-luz-calida.jpg,2,,
il-p6chf15w,,,,,,,,,,,,,,https://f.fcdn.app/imgs/8f38a2/tienda.iluminica.com/ilumuy/c9f0/original/catalogo/P6CHF15W_C_3/1024-1024/pack-x6-pcs-lampara-led-estandar-15w-e27-luz-calida.jpg,3,,
il-p6chf15w,,,,,,,,,,,,,,https://f.fcdn.app/imgs/3fc065/tienda.iluminica.com/ilumuy/e962/original/catalogo/P6CHF15W_C_4/1024-1024/pack-x6-pcs-lampara-led-estandar-15w-e27-luz-calida.jpg,4,,
il-p6chf15w,,,,,,,,,,,,,,https://f.fcdn.app/imgs/3f87b9/tienda.iluminica.com/ilumuy/6c3f/original/catalogo/P6CHF15W_C_5/1024-1024/pack-x6-pcs-lampara-led-estandar-15w-e27-luz-calida.jpg,5,,
il-p6chf15w,,,,,,,,,,,,,,https://f.fcdn.app/imgs/6867c0/tienda.iluminica.com/ilumuy/fddb/original/catalogo/P6CHF15W_F_1/1024-1024/pack-x6-pcs-lampara-led-estandar-15w-e27-luz-fria.jpg,6,,
il-p6chf15w,,,,,,,,,,,,,,https://f.fcdn.app/imgs/685c48/tienda.iluminica.com/ilumuy/5732/original/catalogo/P6CHF15W_F_2/1024-1024/pack-x6-pcs-lampara-led-estandar-15w-e27-luz-fria.jpg,7,,
il-p6chf15w,,,,,,,,,,,,,,https://f.fcdn.app/imgs/69c16c/tienda.iluminica.com/ilumuy/c9f0/original/catalogo/P6CHF15W_F_3/1024-1024/pack-x6-pcs-lampara-led-estandar-15w-e27-luz-fria.jpg,8,,
il-p6chf15w,,,,,,,,,,,,,,https://f.fcdn.app/imgs/01013b/tienda.iluminica.com/ilumuy/e962/original/catalogo/P6CHF15W_F_4/1024-1024/pack-x6-pcs-lampara-led-estandar-15w-e27-luz-fria.jpg,9,,
il-p6chf15w,,,,,,,,,,,,,,https://f.fcdn.app/imgs/5c9c3f/tienda.iluminica.com/ilumuy/6c3f/original/catalogo/P6CHF15W_F_5/1024-1024/pack-x6-pcs-lampara-led-estandar-15w-e27-luz-fria.jpg,10,,
il-rt8ch9wf,Regleta Led 60cm 9W Con llave interruptora,Regleta Led 60cm 9W Con llave interruptora,Chiaro,Iluminación,"Lámparas – Tubos LED, Chiaro, stock-verificado",TRUE,Color,Regleta Led 60cm 9W Con llave interruptora,RT8CH 9WF::U,234.00,,10,deny,https://f.fcdn.app/imgs/6af27d/tienda.iluminica.com/ilumuy/4d3a/original/catalogo/RT8CH9WF_RT8CH9WF_1/1024-1024/regleta-led-60cm-9w-con-llave-interruptora-regleta-led-60cm-9w-con-llave-interruptora.jpg,1,,
il-rt8ch9wf,,,,,,,,,,,,,,https://f.fcdn.app/imgs/d6ecc1/tienda.iluminica.com/ilumuy/dc14/original/catalogo/RT8CH9WF_RT8CH9WF_2/1024-1024/regleta-led-60cm-9w-con-llave-interruptora-regleta-led-60cm-9w-con-llave-interruptora.jpg,2,,
il-rt8ch9wf,,,,,,,,,,,,,,https://f.fcdn.app/imgs/d235a4/tienda.iluminica.com/ilumuy/5c1c/original/catalogo/RT8CH9WF_RT8CH9WF_3/1024-1024/regleta-led-60cm-9w-con-llave-interruptora-regleta-led-60cm-9w-con-llave-interruptora.jpg,3,,
il-rt8ch9wf,,,,,,,,,,,,,,https://f.fcdn.app/imgs/24d58a/tienda.iluminica.com/ilumuy/7da2/original/catalogo/RT8CH9WF_RT8CH9WF_4/1024-1024/regleta-led-60cm-9w-con-llave-interruptora-regleta-led-60cm-9w-con-llave-interruptora.jpg,4,,
il-rt8ch9wf,,,,,,,,,,,,,,https://f.fcdn.app/imgs/c1bcbd/tienda.iluminica.com/ilumuy/0a6f/original/catalogo/RT8CH9WF_RT8CH9WF_5/1024-1024/regleta-led-60cm-9w-con-llave-interruptora-regleta-led-60cm-9w-con-llave-interruptora.jpg,5,,
il-t5ch608w,Regleta Led 60cm T5 fina - 8w con llave,Regleta Led 60cm T5 fina - 8w con llave,Chiaro,Iluminación,"Lámparas – Tubos LED, Chiaro, stock-verificado",TRUE,Color,Luz Cálida,T5CH 60 8W:C:U,208.00,,10,deny,https://f.fcdn.app/imgs/8d785c/tienda.iluminica.com/ilumuy/b634/original/catalogo/T5CH608W_C_1/1024-1024/regleta-led-60cm-t5-fina-8w-con-llave-luz-calida.jpg,1,,
il-t5ch608w,,,,,,,,,,,,,,https://f.fcdn.app/imgs/208e22/tienda.iluminica.com/ilumuy/b2e2/original/catalogo/T5CH608W_C_2/1024-1024/regleta-led-60cm-t5-fina-8w-con-llave-luz-calida.jpg,2,,
il-t5ch608w,,,,,,,,,,,,,,https://f.fcdn.app/imgs/051300/tienda.iluminica.com/ilumuy/777a/original/catalogo/T5CH608W_C_3/1024-1024/regleta-led-60cm-t5-fina-8w-con-llave-luz-calida.jpg,3,,
il-t5ch608w,,,,,,,,,,,,,,https://f.fcdn.app/imgs/0e92ae/tienda.iluminica.com/ilumuy/453a/original/catalogo/T5CH608W_C_4/1024-1024/regleta-led-60cm-t5-fina-8w-con-llave-luz-calida.jpg,4,,
il-t8ch609w,Tubo Led T8 9 watts 60cm Alto Brillo,Tubo Led T8 9 watts 60cm Alto Brillo,Chiaro,Iluminación,"Lámparas – Tubos LED, Chiaro, stock-verificado",TRUE,Color,Luz Neutra,T8CH 60 9W:N:U,66.00,,10,deny,https://f.fcdn.app/imgs/258690/tienda.iluminica.com/ilumuy/fa64/original/catalogo/T8CH609W_N_1/1024-1024/tubo-led-t8-9-watts-60cm-alto-brillo-luz-neutra.jpg,1,,
il-t8ch609w,,,,,,,,,,,,,,https://f.fcdn.app/imgs/d07ac8/tienda.iluminica.com/ilumuy/95b4/original/catalogo/T8CH609W_N_2/1024-1024/tubo-led-t8-9-watts-60cm-alto-brillo-luz-neutra.jpg,2,,
il-t8ch609w,,,,,,,,,,,,,,https://f.fcdn.app/imgs/4b84eb/tienda.iluminica.com/ilumuy/faf1/original/catalogo/T8CH609W_N_3/1024-1024/tubo-led-t8-9-watts-60cm-alto-brillo-luz-neutra.jpg,3,,
il-t8ch609w,,,,,,,,,,,,,,https://f.fcdn.app/imgs/ae7664/tienda.iluminica.com/ilumuy/91cb/original/catalogo/T8CH609W_N_4/1024-1024/tubo-led-t8-9-watts-60cm-alto-brillo-luz-neutra.jpg,4,,
il-t8ch609w,,,,,,,,,,,,,,https://f.fcdn.app/imgs/9640d4/tienda.iluminica.com/ilumuy/0a6f/original/catalogo/T8CH609W_N_5/1024-1024/tubo-led-t8-9-watts-60cm-alto-brillo-luz-neutra.jpg,5,,
il-kitresch4,Kit de 4 resortes para embutir panel LED de 60*60 cm,Kit de 4 resortes para embutir panel LED de 60*60 cm,Chiaro,Accesorios,"Chiaro, stock-verificado",TRUE,Color,Kit de 4 resortes para embutir panel LED de 60*60 cm,KIT RES CH 4::U,197.00,,10,deny,https://f.fcdn.app/imgs/adaa6e/tienda.iluminica.com/ilumuy/98d0/original/catalogo/KITRESCH4_KITRESCH4_1/1024-1024/kit-de-4-resortes-para-embutir-panel-led-de-60-60-cm-kit-de-4-resortes-para-embutir-panel-led-de-60-60-cm.jpg,1,,
il-kitresch4,,,,,,,,,,,,,,https://f.fcdn.app/imgs/7e4da6/tienda.iluminica.com/ilumuy/03af/original/catalogo/KITRESCH4_KITRESCH4_2/1024-1024/kit-de-4-resortes-para-embutir-panel-led-de-60-60-cm-kit-de-4-resortes-para-embutir-panel-led-de-60-60-cm.jpg,2,,
il-kitresch4,,,,,,,,,,,,,,https://f.fcdn.app/imgs/60140a/tienda.iluminica.com/ilumuy/8777/original/catalogo/KITRESCH4_KITRESCH4_3/1024-1024/kit-de-4-resortes-para-embutir-panel-led-de-60-60-cm-kit-de-4-resortes-para-embutir-panel-led-de-60-60-cm.jpg,3,,
il-kitresch4,,,,,,,,,,,,,,https://f.fcdn.app/imgs/0c73ec/tienda.iluminica.com/ilumuy/f855/original/catalogo/KITRESCH4_KITRESCH4_4/1024-1024/kit-de-4-resortes-para-embutir-panel-led-de-60-60-cm-kit-de-4-resortes-para-embutir-panel-led-de-60-60-cm.jpg,4,,
il-kitresch6,Kit de 6 resortes para embutir panel LED de 120*30 cm,Kit de 6 resortes para embutir panel LED de 120*30 cm,Chiaro,Accesorios,"Chiaro, stock-verificado",TRUE,Color,Kit de 6 resortes para embutir panel LED de 120*30 cm,KIT RES CH 6::U,197.00,,10,deny,https://f.fcdn.app/imgs/504a4c/tienda.iluminica.com/ilumuy/c807/original/catalogo/KITRESCH6_KITRESCH6_1/1024-1024/kit-de-6-resortes-para-embutir-panel-led-de-120-30-cm-kit-de-6-resortes-para-embutir-panel-led-de-120-30-cm.jpg,1,,
il-kitresch6,,,,,,,,,,,,,,https://f.fcdn.app/imgs/828c0f/tienda.iluminica.com/ilumuy/03af/original/catalogo/KITRESCH6_KITRESCH6_2/1024-1024/kit-de-6-resortes-para-embutir-panel-led-de-120-30-cm-kit-de-6-resortes-para-embutir-panel-led-de-120-30-cm.jpg,2,,
il-kitresch6,,,,,,,,,,,,,,https://f.fcdn.app/imgs/7983a8/tienda.iluminica.com/ilumuy/8777/original/catalogo/KITRESCH6_KITRESCH6_3/1024-1024/kit-de-6-resortes-para-embutir-panel-led-de-120-30-cm-kit-de-6-resortes-para-embutir-panel-led-de-120-30-cm.jpg,3,,
il-kitresch6,,,,,,,,,,,,,,https://f.fcdn.app/imgs/a849e4/tienda.iluminica.com/ilumuy/a5a9/original/catalogo/KITRESCH6_KITRESCH6_4/1024-1024/kit-de-6-resortes-para-embutir-panel-led-de-120-30-cm-kit-de-6-resortes-para-embutir-panel-led-de-120-30-cm.jpg,4,,
il-lvt306-18,Lampara Led Filamento Vintage modelo Tubular larga 18cm 6w,Lampara Led Filamento Vintage modelo Tubular larga 18cm 6w,Chiaro,Iluminación,"Lámparas – Tubos LED, Chiaro, stock-verificado",TRUE,Color,Lampara Led Filamento Vintage modelo Tubular larga 18cm 6w,LV T30 6-18::U,346.00,,10,deny,https://f.fcdn.app/imgs/e45538/tienda.iluminica.com/ilumuy/04c9/original/catalogo/LVT306-18_LVT306-18_1/1024-1024/lampara-led-filamento-vintage-modelo-tubular-larga-18cm-6w-lampara-led-filamento-vintage-modelo-tubular-larga-18cm-6w.jpg,1,,
il-lvt306-18,,,,,,,,,,,,,,https://f.fcdn.app/imgs/c32ed8/tienda.iluminica.com/ilumuy/10c3/original/catalogo/LVT306-18_LVT306-18_2/1024-1024/lampara-led-filamento-vintage-modelo-tubular-larga-18cm-6w-lampara-led-filamento-vintage-modelo-tubular-larga-18cm-6w.jpg,2,,
il-lvt306-18,,,,,,,,,,,,,,https://f.fcdn.app/imgs/730815/tienda.iluminica.com/ilumuy/cd63/original/catalogo/LVT306-18_LVT306-18_3/1024-1024/lampara-led-filamento-vintage-modelo-tubular-larga-18cm-6w-lampara-led-filamento-vintage-modelo-tubular-larga-18cm-6w.jpg,3,,
il-lvt306-18,,,,,,,,,,,,,,https://f.fcdn.app/imgs/589586/tienda.iluminica.com/ilumuy/86c9/original/catalogo/LVT306-18_LVT306-18_4/1024-1024/lampara-led-filamento-vintage-modelo-tubular-larga-18cm-6w-lampara-led-filamento-vintage-modelo-tubular-larga-18cm-6w.jpg,4,,
il-march6060,Marco para Adosar Panel Led 59.5 X 59.5 Cm,Marco para Adosar Panel Led 59.5 X 59.5 Cm,Chiaro,Accesorios,"Chiaro, stock-verificado",TRUE,Color,Marco para Adosar Panel Led 59.5 X 59.5 Cm,MARCH 6060::U,760.00,,10,deny,https://f.fcdn.app/imgs/0eb0d3/tienda.iluminica.com/ilumuy/b103/original/catalogo/MARCH6060_MARCH6060_1/1024-1024/marco-para-adosar-panel-led-59-5-x-59-5-cm-marco-para-adosar-panel-led-59-5-x-59-5-cm.jpg,1,,
il-march6060,,,,,,,,,,,,,,https://f.fcdn.app/imgs/bc5280/tienda.iluminica.com/ilumuy/9295/original/catalogo/MARCH6060_MARCH6060_2/1024-1024/marco-para-adosar-panel-led-59-5-x-59-5-cm-marco-para-adosar-panel-led-59-5-x-59-5-cm.jpg,2,,
il-march6060,,,,,,,,,,,,,,https://f.fcdn.app/imgs/da16bf/tienda.iluminica.com/ilumuy/dec9/original/catalogo/MARCH6060_MARCH6060_3/1024-1024/marco-para-adosar-panel-led-59-5-x-59-5-cm-marco-para-adosar-panel-led-59-5-x-59-5-cm.jpg,3,,
il-march6060,,,,,,,,,,,,,,https://f.fcdn.app/imgs/b45940/tienda.iluminica.com/ilumuy/aa1e/original/catalogo/MARCH6060_MARCH6060_4/1024-1024/marco-para-adosar-panel-led-59-5-x-59-5-cm-marco-para-adosar-panel-led-59-5-x-59-5-cm.jpg,4,,
il-march6060,,,,,,,,,,,,,,https://f.fcdn.app/imgs/b1cb71/tienda.iluminica.com/ilumuy/62e2/original/catalogo/MARCH6060_MARCH6060_5/1024-1024/marco-para-adosar-panel-led-59-5-x-59-5-cm-marco-para-adosar-panel-led-59-5-x-59-5-cm.jpg,5,,
il-p10chf12w,Pack x 10 pcs - Lámpara led estándar 12W E27,Pack x 10 pcs - Lámpara led estándar 12W E27,Chiaro,Iluminación,"Lámparas – Tubos LED, Chiaro, stock-verificado",TRUE,Color,Luz Cálida,P10 CHF 12W:C:U,809.00,,10,deny,https://f.fcdn.app/imgs/7924ed/tienda.iluminica.com/ilumuy/01a1/original/catalogo/P10CHF12W_C_1/1024-1024/pack-x-10-pcs-lampara-led-estandar-12w-e27-luz-calida.jpg,1,,
il-p10chf12w,,,,,,,,Luz Fría,P10 CHF 12W:F:U,809.00,,10,deny,,,,
il-p10chf12w,,,,,,,,,,,,,,https://f.fcdn.app/imgs/15c870/tienda.iluminica.com/ilumuy/44e2/original/catalogo/P10CHF12W_C_2/1024-1024/pack-x-10-pcs-lampara-led-estandar-12w-e27-luz-calida.jpg,2,,
il-p10chf12w,,,,,,,,,,,,,,https://f.fcdn.app/imgs/3bc9d4/tienda.iluminica.com/ilumuy/3c4d/original/catalogo/P10CHF12W_C_3/1024-1024/pack-x-10-pcs-lampara-led-estandar-12w-e27-luz-calida.jpg,3,,
il-p10chf12w,,,,,,,,,,,,,,https://f.fcdn.app/imgs/25cc55/tienda.iluminica.com/ilumuy/80ca/original/catalogo/P10CHF12W_C_4/1024-1024/pack-x-10-pcs-lampara-led-estandar-12w-e27-luz-calida.jpg,4,,
il-p10chf12w,,,,,,,,,,,,,,https://f.fcdn.app/imgs/082962/tienda.iluminica.com/ilumuy/a7ac/original/catalogo/P10CHF12W_C_5/1024-1024/pack-x-10-pcs-lampara-led-estandar-12w-e27-luz-calida.jpg,5,,
il-p10chf12w,,,,,,,,,,,,,,https://f.fcdn.app/imgs/47d5a1/tienda.iluminica.com/ilumuy/01a1/original/catalogo/P10CHF12W_F_1/1024-1024/pack-x-10-pcs-lampara-led-estandar-12w-e27-luz-fria.jpg,6,,
il-p10chf12w,,,,,,,,,,,,,,https://f.fcdn.app/imgs/647b56/tienda.iluminica.com/ilumuy/44e2/original/catalogo/P10CHF12W_F_2/1024-1024/pack-x-10-pcs-lampara-led-estandar-12w-e27-luz-fria.jpg,7,,
il-p10chf12w,,,,,,,,,,,,,,https://f.fcdn.app/imgs/ada71e/tienda.iluminica.com/ilumuy/3c4d/original/catalogo/P10CHF12W_F_3/1024-1024/pack-x-10-pcs-lampara-led-estandar-12w-e27-luz-fria.jpg,8,,
il-p10chf12w,,,,,,,,,,,,,,https://f.fcdn.app/imgs/635b6d/tienda.iluminica.com/ilumuy/80ca/original/catalogo/P10CHF12W_F_4/1024-1024/pack-x-10-pcs-lampara-led-estandar-12w-e27-luz-fria.jpg,9,,
il-p10chf12w,,,,,,,,,,,,,,https://f.fcdn.app/imgs/3ac710/tienda.iluminica.com/ilumuy/a7ac/original/catalogo/P10CHF12W_F_5/1024-1024/pack-x-10-pcs-lampara-led-estandar-12w-e27-luz-fria.jpg,10,,
il-p10chf15w,Pack x10 pcs - Lámpara led estándar 15W E27,Pack x10 pcs - Lámpara led estándar 15W E27,Chiaro,Iluminación,"Lámparas – Tubos LED, Chiaro, stock-verificado",TRUE,Color,Luz Cálida,P10 CHF 15W:C:U,1086.00,,10,deny,https://f.fcdn.app/imgs/f5e9aa/tienda.iluminica.com/ilumuy/f826/original/catalogo/P10CHF15W_C_1/1024-1024/pack-x10-pcs-lampara-led-estandar-15w-e27-luz-calida.jpg,1,,
il-p10chf15w,,,,,,,,Luz Fría,P10 CHF 15W:F:U,1086.00,,10,deny,,,,
il-p10chf15w,,,,,,,,,,,,,,https://f.fcdn.app/imgs/2a904d/tienda.iluminica.com/ilumuy/5732/original/catalogo/P10CHF15W_C_2/1024-1024/pack-x10-pcs-lampara-led-estandar-15w-e27-luz-calida.jpg,2,,
il-p10chf15w,,,,,,,,,,,,,,https://f.fcdn.app/imgs/11cfa9/tienda.iluminica.com/ilumuy/c9f0/original/catalogo/P10CHF15W_C_3/1024-1024/pack-x10-pcs-lampara-led-estandar-15w-e27-luz-calida.jpg,3,,
il-p10chf15w,,,,,,,,,,,,,,https://f.fcdn.app/imgs/3246c3/tienda.iluminica.com/ilumuy/e962/original/catalogo/P10CHF15W_C_4/1024-1024/pack-x10-pcs-lampara-led-estandar-15w-e27-luz-calida.jpg,4,,
il-p10chf15w,,,,,,,,,,,,,,https://f.fcdn.app/imgs/a53ab7/tienda.iluminica.com/ilumuy/6c3f/original/catalogo/P10CHF15W_C_5/1024-1024/pack-x10-pcs-lampara-led-estandar-15w-e27-luz-calida.jpg,5,,
il-p10chf15w,,,,,,,,,,,,,,https://f.fcdn.app/imgs/aae50c/tienda.iluminica.com/ilumuy/f826/original/catalogo/P10CHF15W_F_1/1024-1024/pack-x10-pcs-lampara-led-estandar-15w-e27-luz-fria.jpg,6,,
il-p10chf15w,,,,,,,,,,,,,,https://f.fcdn.app/imgs/b1ee4b/tienda.iluminica.com/ilumuy/5732/original/catalogo/P10CHF15W_F_2/1024-1024/pack-x10-pcs-lampara-led-estandar-15w-e27-luz-fria.jpg,7,,
il-p10chf15w,,,,,,,,,,,,,,https://f.fcdn.app/imgs/788b06/tienda.iluminica.com/ilumuy/c9f0/original/catalogo/P10CHF15W_F_3/1024-1024/pack-x10-pcs-lampara-led-estandar-15w-e27-luz-fria.jpg,8,,
il-p10chf15w,,,,,,,,,,,,,,https://f.fcdn.app/imgs/55a738/tienda.iluminica.com/ilumuy/e962/original/catalogo/P10CHF15W_F_4/1024-1024/pack-x10-pcs-lampara-led-estandar-15w-e27-luz-fria.jpg,9,,
il-p10chf15w,,,,,,,,,,,,,,https://f.fcdn.app/imgs/ce24dc/tienda.iluminica.com/ilumuy/6c3f/original/catalogo/P10CHF15W_F_5/1024-1024/pack-x10-pcs-lampara-led-estandar-15w-e27-luz-fria.jpg,10,,
il-rt8ch18wf,Regleta Led 120cm 18W Con llave interruptora,Regleta Led 120cm 18W Con llave interruptora,Chiaro,Iluminación,"Lámparas – Tubos LED, Chiaro, stock-verificado",TRUE,Color,Regleta Led 120cm 18W Con llave interruptora,RT8CH 18WF::U,342.00,,10,deny,https://f.fcdn.app/imgs/194ee1/tienda.iluminica.com/ilumuy/4d3a/original/catalogo/RT8CH18WF_RT8CH18WF_1/1024-1024/regleta-led-120cm-18w-con-llave-interruptora-regleta-led-120cm-18w-con-llave-interruptora.jpg,1,,
il-rt8ch18wf,,,,,,,,,,,,,,https://f.fcdn.app/imgs/6b71bf/tienda.iluminica.com/ilumuy/dc14/original/catalogo/RT8CH18WF_RT8CH18WF_2/1024-1024/regleta-led-120cm-18w-con-llave-interruptora-regleta-led-120cm-18w-con-llave-interruptora.jpg,2,,
il-rt8ch18wf,,,,,,,,,,,,,,https://f.fcdn.app/imgs/daba76/tienda.iluminica.com/ilumuy/5c1c/original/catalogo/RT8CH18WF_RT8CH18WF_3/1024-1024/regleta-led-120cm-18w-con-llave-interruptora-regleta-led-120cm-18w-con-llave-interruptora.jpg,3,,
il-rt8ch18wf,,,,,,,,,,,,,,https://f.fcdn.app/imgs/aa052d/tienda.iluminica.com/ilumuy/7da2/original/catalogo/RT8CH18WF_RT8CH18WF_4/1024-1024/regleta-led-120cm-18w-con-llave-interruptora-regleta-led-120cm-18w-con-llave-interruptora.jpg,4,,
il-rt8ch18wf,,,,,,,,,,,,,,https://f.fcdn.app/imgs/441e92/tienda.iluminica.com/ilumuy/0a6f/original/catalogo/RT8CH18WF_RT8CH18WF_5/1024-1024/regleta-led-120cm-18w-con-llave-interruptora-regleta-led-120cm-18w-con-llave-interruptora.jpg,5,,
il-ledfotoe27,Lámpara led con Fotocélula 9W E27,Lámpara led con Fotocélula 9W E27,Chiaro,Iluminación,"Lámparas – Tubos LED, Chiaro, stock-verificado",TRUE,Color,Luz Fría,LED FOTO E27:F:U,278.00,,10,deny,https://f.fcdn.app/imgs/14e2ac/tienda.iluminica.com/ilumuy/e5f8/original/catalogo/LEDFOTOE27_F_1/1024-1024/lampara-led-con-fotocelula-9w-e27-luz-fria.jpg,1,,
il-ledfotoe27,,,,,,,,Luz Neutra,LED FOTO E27:N:U,278.00,,10,deny,,,,
il-ledfotoe27,,,,,,,,,,,,,,https://f.fcdn.app/imgs/d18b86/tienda.iluminica.com/ilumuy/b06f/original/catalogo/LEDFOTOE27_F_2/1024-1024/lampara-led-con-fotocelula-9w-e27-luz-fria.jpg,2,,
il-ledfotoe27,,,,,,,,,,,,,,https://f.fcdn.app/imgs/38d283/tienda.iluminica.com/ilumuy/9904/original/catalogo/LEDFOTOE27_F_3/1024-1024/lampara-led-con-fotocelula-9w-e27-luz-fria.jpg,3,,
il-ledfotoe27,,,,,,,,,,,,,,https://f.fcdn.app/imgs/969992/tienda.iluminica.com/ilumuy/e5f8/original/catalogo/LEDFOTOE27_N_1/1024-1024/lampara-led-con-fotocelula-9w-e27-luz-neutra.jpg,4,,
il-ledfotoe27,,,,,,,,,,,,,,https://f.fcdn.app/imgs/2f5244/tienda.iluminica.com/ilumuy/b06f/original/catalogo/LEDFOTOE27_N_2/1024-1024/lampara-led-con-fotocelula-9w-e27-luz-neutra.jpg,5,,
il-ledfotoe27,,,,,,,,,,,,,,https://f.fcdn.app/imgs/26ffa6/tienda.iluminica.com/ilumuy/9904/original/catalogo/LEDFOTOE27_N_3/1024-1024/lampara-led-con-fotocelula-9w-e27-luz-neutra.jpg,6,,
il-llchg9515w,Lampara Led Globo opal 15w G95 E27,Lampara Led Globo opal 15w G95 E27,Chiaro,Iluminación,"Lámparas – Tubos LED, Chiaro, stock-verificado",TRUE,Color,Luz Cálida,LLCH G95 15W:C:U,255.00,,10,deny,https://f.fcdn.app/imgs/dc142e/tienda.iluminica.com/ilumuy/b490/original/catalogo/LLCHG9515W_C_1/1024-1024/lampara-led-globo-opal-15w-g95-e27-luz-calida.jpg,1,,
il-llchg9515w,,,,,,,,Luz Fría,LLCH G95 15W:F:U,255.00,,10,deny,,,,
il-llchg9515w,,,,,,,,,,,,,,https://f.fcdn.app/imgs/0f1ec1/tienda.iluminica.com/ilumuy/ef96/original/catalogo/LLCHG9515W_C_2/1024-1024/lampara-led-globo-opal-15w-g95-e27-luz-calida.jpg,2,,
il-llchg9515w,,,,,,,,,,,,,,https://f.fcdn.app/imgs/266bea/tienda.iluminica.com/ilumuy/5314/original/catalogo/LLCHG9515W_C_3/1024-1024/lampara-led-globo-opal-15w-g95-e27-luz-calida.jpg,3,,
il-llchg9515w,,,,,,,,,,,,,,https://f.fcdn.app/imgs/6f755f/tienda.iluminica.com/ilumuy/ac50/original/catalogo/LLCHG9515W_C_4/1024-1024/lampara-led-globo-opal-15w-g95-e27-luz-calida.jpg,4,,
il-llchg9515w,,,,,,,,,,,,,,https://f.fcdn.app/imgs/732dc5/tienda.iluminica.com/ilumuy/3740/original/catalogo/LLCHG9515W_C_5/1024-1024/lampara-led-globo-opal-15w-g95-e27-luz-calida.jpg,5,,
il-llchg9515w,,,,,,,,,,,,,,https://f.fcdn.app/imgs/80418e/tienda.iluminica.com/ilumuy/b490/original/catalogo/LLCHG9515W_F_1/1024-1024/lampara-led-globo-opal-15w-g95-e27-luz-fria.jpg,6,,
il-llchg9515w,,,,,,,,,,,,,,https://f.fcdn.app/imgs/9732b0/tienda.iluminica.com/ilumuy/ef96/original/catalogo/LLCHG9515W_F_2/1024-1024/lampara-led-globo-opal-15w-g95-e27-luz-fria.jpg,7,,
il-llchg9515w,,,,,,,,,,,,,,https://f.fcdn.app/imgs/f8660b/tienda.iluminica.com/ilumuy/ac50/original/catalogo/LLCHG9515W_F_3/1024-1024/lampara-led-globo-opal-15w-g95-e27-luz-fria.jpg,8,,
il-llchg9515w,,,,,,,,,,,,,,https://f.fcdn.app/imgs/d05e52/tienda.iluminica.com/ilumuy/5314/original/catalogo/LLCHG9515W_F_4/1024-1024/lampara-led-globo-opal-15w-g95-e27-luz-fria.jpg,9,,
il-llchg9515w,,,,,,,,,,,,,,https://f.fcdn.app/imgs/c1d017/tienda.iluminica.com/ilumuy/3740/original/catalogo/LLCHG9515W_F_5/1024-1024/lampara-led-globo-opal-15w-g95-e27-luz-fria.jpg,10,,
il-lvt30-6-30,Lampara Led Filamento Vintage modelo Tubular larga 30 cm 6w,Lampara Led Filamento Vintage modelo Tubular larga 30 cm 6w,Chiaro,Iluminación,"Lámparas – Tubos LED, Chiaro, stock-verificado",TRUE,Color,Lampara Led Filamento Vintage modelo Tubular larga 30 cm 6w,LV T30 -6-30::U,346.00,,10,deny,https://f.fcdn.app/imgs/d4942c/tienda.iluminica.com/ilumuy/04c9/original/catalogo/LVT30-6-30_LVT30-6-30_1/1024-1024/lampara-led-filamento-vintage-modelo-tubular-larga-30-cm-6w-lampara-led-filamento-vintage-modelo-tubular-larga-30-cm-6w.jpg,1,,
il-lvt30-6-30,,,,,,,,,,,,,,https://f.fcdn.app/imgs/1ce2e2/tienda.iluminica.com/ilumuy/86c9/original/catalogo/LVT30-6-30_LVT30-6-30_2/1024-1024/lampara-led-filamento-vintage-modelo-tubular-larga-30-cm-6w-lampara-led-filamento-vintage-modelo-tubular-larga-30-cm-6w.jpg,2,,
il-lvt30-6-30,,,,,,,,,,,,,,https://f.fcdn.app/imgs/235eee/tienda.iluminica.com/ilumuy/cd63/original/catalogo/LVT30-6-30_LVT30-6-30_3/1024-1024/lampara-led-filamento-vintage-modelo-tubular-larga-30-cm-6w-lampara-led-filamento-vintage-modelo-tubular-larga-30-cm-6w.jpg,3,,
il-lvt30-6-30,,,,,,,,,,,,,,https://f.fcdn.app/imgs/2c674d/tienda.iluminica.com/ilumuy/10c3/original/catalogo/LVT30-6-30_LVT30-6-30_4/1024-1024/lampara-led-filamento-vintage-modelo-tubular-larga-30-cm-6w-lampara-led-filamento-vintage-modelo-tubular-larga-30-cm-6w.jpg,4,,
il-p2chf1012v,Pack x2 pcs - Lámpara led 12 VOLT E27-10W Luz Fría,Pack x2 pcs - Lámpara led 12 VOLT E27-10W Luz Fría,Chiaro,Iluminación,"Lámparas – Tubos LED, Chiaro, stock-verificado",TRUE,Color,Pack x2 pcs - Lámpara led 12 VOLT E27-10W Luz Fría,P2 CHF 1012V::U,381.00,,10,deny,https://f.fcdn.app/imgs/83f64c/tienda.iluminica.com/ilumuy/b444/original/catalogo/P2CHF1012V_P2CHF1012V_1/1024-1024/pack-x2-pcs-lampara-led-12-volt-e27-10w-luz-fria-pack-x2-pcs-lampara-led-12-volt-e27-10w-luz-fria.jpg,1,,
il-p2chf1012v,,,,,,,,,,,,,,https://f.fcdn.app/imgs/09bb63/tienda.iluminica.com/ilumuy/c0f5/original/catalogo/P2CHF1012V_P2CHF1012V_2/1024-1024/pack-x2-pcs-lampara-led-12-volt-e27-10w-luz-fria-pack-x2-pcs-lampara-led-12-volt-e27-10w-luz-fria.jpg,2,,
il-p2chf1012v,,,,,,,,,,,,,,https://f.fcdn.app/imgs/0160e2/tienda.iluminica.com/ilumuy/fb65/original/catalogo/P2CHF1012V_P2CHF1012V_3/1024-1024/pack-x2-pcs-lampara-led-12-volt-e27-10w-luz-fria-pack-x2-pcs-lampara-led-12-volt-e27-10w-luz-fria.jpg,3,,
il-p2chf1012v,,,,,,,,,,,,,,https://f.fcdn.app/imgs/4e491b/tienda.iluminica.com/ilumuy/4364/original/catalogo/P2CHF1012V_P2CHF1012V_4/1024-1024/pack-x2-pcs-lampara-led-12-volt-e27-10w-luz-fria-pack-x2-pcs-lampara-led-12-volt-e27-10w-luz-fria.jpg,4,,
il-p2chf1012v,,,,,,,,,,,,,,https://f.fcdn.app/imgs/35bb5d/tienda.iluminica.com/ilumuy/c1f9/original/catalogo/P2CHF1012V_P2CHF1012V_5/1024-1024/pack-x2-pcs-lampara-led-12-volt-e27-10w-luz-fria-pack-x2-pcs-lampara-led-12-volt-e27-10w-luz-fria.jpg,5,,
il-p3chf1012v,Pack x3 pcs - Lámpara led 12 VOLT E27-10W Luz Fría,Pack x3 pcs - Lámpara led 12 VOLT E27-10W Luz Fría,Chiaro,Iluminación,"Lámparas – Tubos LED, Chiaro, stock-verificado",TRUE,Color,Pack x3 pcs - Lámpara led 12 VOLT E27-10W Luz Fría,P3 CHF 1012V::U,572.00,,10,deny,https://f.fcdn.app/imgs/2e0e4a/tienda.iluminica.com/ilumuy/28a0/original/catalogo/P3CHF1012V_P3CHF1012V_1/1024-1024/pack-x3-pcs-lampara-led-12-volt-e27-10w-luz-fria-pack-x3-pcs-lampara-led-12-volt-e27-10w-luz-fria.jpg,1,,
il-p3chf1012v,,,,,,,,,,,,,,https://f.fcdn.app/imgs/a14221/tienda.iluminica.com/ilumuy/c0f5/original/catalogo/P3CHF1012V_P3CHF1012V_2/1024-1024/pack-x3-pcs-lampara-led-12-volt-e27-10w-luz-fria-pack-x3-pcs-lampara-led-12-volt-e27-10w-luz-fria.jpg,2,,
il-p3chf1012v,,,,,,,,,,,,,,https://f.fcdn.app/imgs/d30bb2/tienda.iluminica.com/ilumuy/fb65/original/catalogo/P3CHF1012V_P3CHF1012V_3/1024-1024/pack-x3-pcs-lampara-led-12-volt-e27-10w-luz-fria-pack-x3-pcs-lampara-led-12-volt-e27-10w-luz-fria.jpg,3,,
il-p3chf1012v,,,,,,,,,,,,,,https://f.fcdn.app/imgs/262487/tienda.iluminica.com/ilumuy/4364/original/catalogo/P3CHF1012V_P3CHF1012V_4/1024-1024/pack-x3-pcs-lampara-led-12-volt-e27-10w-luz-fria-pack-x3-pcs-lampara-led-12-volt-e27-10w-luz-fria.jpg,4,,
il-p3chf1012v,,,,,,,,,,,,,,https://f.fcdn.app/imgs/20c199/tienda.iluminica.com/ilumuy/c1f9/original/catalogo/P3CHF1012V_P3CHF1012V_5/1024-1024/pack-x3-pcs-lampara-led-12-volt-e27-10w-luz-fria-pack-x3-pcs-lampara-led-12-volt-e27-10w-luz-fria.jpg,5,,
il-p4chf1012v,Pack x4 pcs - Lámpara led 12 VOLT E27-10W Luz Fría,Pack x4 pcs - Lámpara led 12 VOLT E27-10W Luz Fría,Chiaro,Iluminación,"Lámparas – Tubos LED, Chiaro, stock-verificado",TRUE,Color,Pack x4 pcs - Lámpara led 12 VOLT E27-10W Luz Fría,P4 CHF 1012V::U,762.00,,10,deny,https://f.fcdn.app/imgs/7f62e3/tienda.iluminica.com/ilumuy/d377/original/catalogo/P4CHF1012V_P4CHF1012V_1/1024-1024/pack-x4-pcs-lampara-led-12-volt-e27-10w-luz-fria-pack-x4-pcs-lampara-led-12-volt-e27-10w-luz-fria.jpg,1,,
il-p4chf1012v,,,,,,,,,,,,,,https://f.fcdn.app/imgs/25cdc8/tienda.iluminica.com/ilumuy/c0f5/original/catalogo/P4CHF1012V_P4CHF1012V_2/1024-1024/pack-x4-pcs-lampara-led-12-volt-e27-10w-luz-fria-pack-x4-pcs-lampara-led-12-volt-e27-10w-luz-fria.jpg,2,,
il-p4chf1012v,,,,,,,,,,,,,,https://f.fcdn.app/imgs/27a518/tienda.iluminica.com/ilumuy/fb65/original/catalogo/P4CHF1012V_P4CHF1012V_3/1024-1024/pack-x4-pcs-lampara-led-12-volt-e27-10w-luz-fria-pack-x4-pcs-lampara-led-12-volt-e27-10w-luz-fria.jpg,3,,
il-p4chf1012v,,,,,,,,,,,,,,https://f.fcdn.app/imgs/18b496/tienda.iluminica.com/ilumuy/4364/original/catalogo/P4CHF1012V_P4CHF1012V_4/1024-1024/pack-x4-pcs-lampara-led-12-volt-e27-10w-luz-fria-pack-x4-pcs-lampara-led-12-volt-e27-10w-luz-fria.jpg,4,,
il-p4chf1012v,,,,,,,,,,,,,,https://f.fcdn.app/imgs/a3dcb8/tienda.iluminica.com/ilumuy/c1f9/original/catalogo/P4CHF1012V_P4CHF1012V_5/1024-1024/pack-x4-pcs-lampara-led-12-volt-e27-10w-luz-fria-pack-x4-pcs-lampara-led-12-volt-e27-10w-luz-fria.jpg,5,,
il-p6chf1012v,Pack x6 pcs - Lámpara led 12 VOLT E27-10W Luz Fría,Pack x6 pcs - Lámpara led 12 VOLT E27-10W Luz Fría,Chiaro,Iluminación,"Lámparas – Tubos LED, Chiaro, stock-verificado",TRUE,Color,Pack x6 pcs - Lámpara led 12 VOLT E27-10W Luz Fría,P6 CHF 1012V::U,1143.00,,10,deny,https://f.fcdn.app/imgs/29fcbe/tienda.iluminica.com/ilumuy/7346/original/catalogo/P6CHF1012V_P6CHF1012V_1/1024-1024/pack-x6-pcs-lampara-led-12-volt-e27-10w-luz-fria-pack-x6-pcs-lampara-led-12-volt-e27-10w-luz-fria.jpg,1,,
il-p6chf1012v,,,,,,,,,,,,,,https://f.fcdn.app/imgs/aa183c/tienda.iluminica.com/ilumuy/c0f5/original/catalogo/P6CHF1012V_P6CHF1012V_2/1024-1024/pack-x6-pcs-lampara-led-12-volt-e27-10w-luz-fria-pack-x6-pcs-lampara-led-12-volt-e27-10w-luz-fria.jpg,2,,
il-p6chf1012v,,,,,,,,,,,,,,https://f.fcdn.app/imgs/e152ac/tienda.iluminica.com/ilumuy/fb65/original/catalogo/P6CHF1012V_P6CHF1012V_3/1024-1024/pack-x6-pcs-lampara-led-12-volt-e27-10w-luz-fria-pack-x6-pcs-lampara-led-12-volt-e27-10w-luz-fria.jpg,3,,
il-p6chf1012v,,,,,,,,,,,,,,https://f.fcdn.app/imgs/1c66fd/tienda.iluminica.com/ilumuy/4364/original/catalogo/P6CHF1012V_P6CHF1012V_4/1024-1024/pack-x6-pcs-lampara-led-12-volt-e27-10w-luz-fria-pack-x6-pcs-lampara-led-12-volt-e27-10w-luz-fria.jpg,4,,
il-p6chf1012v,,,,,,,,,,,,,,https://f.fcdn.app/imgs/54c7bb/tienda.iluminica.com/ilumuy/c1f9/original/catalogo/P6CHF1012V_P6CHF1012V_5/1024-1024/pack-x6-pcs-lampara-led-12-volt-e27-10w-luz-fria-pack-x6-pcs-lampara-led-12-volt-e27-10w-luz-fria.jpg,5,,
il-llchg12520w,Lampara Led Globo opal 20w G125 E27,Lampara Led Globo opal 20w G125 E27,Chiaro,Iluminación,"Lámparas – Tubos LED, Chiaro, stock-verificado",TRUE,Color,Luz Cálida,LLCH G125 20W:C:U,305.00,,10,deny,https://f.fcdn.app/imgs/dac6a0/tienda.iluminica.com/ilumuy/870d/original/catalogo/LLCHG12520W_C_1/1024-1024/lampara-led-globo-opal-20w-g125-e27-luz-calida.jpg,1,,
il-llchg12520w,,,,,,,,Luz Fría,LLCH G125 20W:F:U,305.00,,10,deny,,,,
il-llchg12520w,,,,,,,,,,,,,,https://f.fcdn.app/imgs/641403/tienda.iluminica.com/ilumuy/ef96/original/catalogo/LLCHG12520W_C_2/1024-1024/lampara-led-globo-opal-20w-g125-e27-luz-calida.jpg,2,,
il-llchg12520w,,,,,,,,,,,,,,https://f.fcdn.app/imgs/fdfcf9/tienda.iluminica.com/ilumuy/a19f/original/catalogo/LLCHG12520W_C_3/1024-1024/lampara-led-globo-opal-20w-g125-e27-luz-calida.jpg,3,,
il-llchg12520w,,,,,,,,,,,,,,https://f.fcdn.app/imgs/3cefbb/tienda.iluminica.com/ilumuy/f553/original/catalogo/LLCHG12520W_C_4/1024-1024/lampara-led-globo-opal-20w-g125-e27-luz-calida.jpg,4,,
il-llchg12520w,,,,,,,,,,,,,,https://f.fcdn.app/imgs/88ca3c/tienda.iluminica.com/ilumuy/7ea6/original/catalogo/LLCHG12520W_C_5/1024-1024/lampara-led-globo-opal-20w-g125-e27-luz-calida.jpg,5,,
il-llchg12520w,,,,,,,,,,,,,,https://f.fcdn.app/imgs/843eee/tienda.iluminica.com/ilumuy/870d/original/catalogo/LLCHG12520W_F_1/1024-1024/lampara-led-globo-opal-20w-g125-e27-luz-fria.jpg,6,,
il-llchg12520w,,,,,,,,,,,,,,https://f.fcdn.app/imgs/eb77de/tienda.iluminica.com/ilumuy/ef96/original/catalogo/LLCHG12520W_F_2/1024-1024/lampara-led-globo-opal-20w-g125-e27-luz-fria.jpg,7,,
il-llchg12520w,,,,,,,,,,,,,,https://f.fcdn.app/imgs/e87c9a/tienda.iluminica.com/ilumuy/a19f/original/catalogo/LLCHG12520W_F_3/1024-1024/lampara-led-globo-opal-20w-g125-e27-luz-fria.jpg,8,,
il-llchg12520w,,,,,,,,,,,,,,https://f.fcdn.app/imgs/467163/tienda.iluminica.com/ilumuy/f553/original/catalogo/LLCHG12520W_F_4/1024-1024/lampara-led-globo-opal-20w-g125-e27-luz-fria.jpg,9,,
il-llchg12520w,,,,,,,,,,,,,,https://f.fcdn.app/imgs/2d8f55/tienda.iluminica.com/ilumuy/4007/original/catalogo/LLCHG12520W_F_5/1024-1024/lampara-led-globo-opal-20w-g125-e27-luz-fria.jpg,10,,
il-p10chf1012v,Pack x10 pcs - Lámpara led 12 VOLT E27-10W Luz Fría,Pack x10 pcs - Lámpara led 12 VOLT E27-10W Luz Fría,Chiaro,Iluminación,"Lámparas – Tubos LED, Chiaro, stock-verificado",TRUE,Color,Pack x10 pcs - Lámpara led 12 VOLT E27-10W Luz Fría,P10 CHF 1012V::U,1905.00,,10,deny,https://f.fcdn.app/imgs/fa4e3e/tienda.iluminica.com/ilumuy/e6f9/original/catalogo/P10CHF1012V_P10CHF1012V_1/1024-1024/pack-x10-pcs-lampara-led-12-volt-e27-10w-luz-fria-pack-x10-pcs-lampara-led-12-volt-e27-10w-luz-fria.jpg,1,,
il-p10chf1012v,,,,,,,,,,,,,,https://f.fcdn.app/imgs/51670e/tienda.iluminica.com/ilumuy/c0f5/original/catalogo/P10CHF1012V_P10CHF1012V_2/1024-1024/pack-x10-pcs-lampara-led-12-volt-e27-10w-luz-fria-pack-x10-pcs-lampara-led-12-volt-e27-10w-luz-fria.jpg,2,,
il-p10chf1012v,,,,,,,,,,,,,,https://f.fcdn.app/imgs/e77c5a/tienda.iluminica.com/ilumuy/fb65/original/catalogo/P10CHF1012V_P10CHF1012V_3/1024-1024/pack-x10-pcs-lampara-led-12-volt-e27-10w-luz-fria-pack-x10-pcs-lampara-led-12-volt-e27-10w-luz-fria.jpg,3,,
il-p10chf1012v,,,,,,,,,,,,,,https://f.fcdn.app/imgs/5594f0/tienda.iluminica.com/ilumuy/4364/original/catalogo/P10CHF1012V_P10CHF1012V_4/1024-1024/pack-x10-pcs-lampara-led-12-volt-e27-10w-luz-fria-pack-x10-pcs-lampara-led-12-volt-e27-10w-luz-fria.jpg,4,,
il-p10chf1012v,,,,,,,,,,,,,,https://f.fcdn.app/imgs/279549/tienda.iluminica.com/ilumuy/c1f9/original/catalogo/P10CHF1012V_P10CHF1012V_5/1024-1024/pack-x10-pcs-lampara-led-12-volt-e27-10w-luz-fria-pack-x10-pcs-lampara-led-12-volt-e27-10w-luz-fria.jpg,5,,
il-p3llchg146w,"Pack x3 pcs - Lampara LED Gota, E14 6W","Pack x3 pcs - Lampara LED Gota, E14 6W",Chiaro,Iluminación,"Lámparas – Tubos LED, Chiaro, stock-verificado",TRUE,Color,Luz Cálida,P3 LLCH G14 6W:C:U,240.00,,10,deny,https://f.fcdn.app/imgs/10c147/tienda.iluminica.com/ilumuy/c45f/original/catalogo/P3LLCHG146W_C_1/1024-1024/pack-x3-pcs-lampara-led-gota-e14-6w-luz-calida.jpg,1,,
il-p3llchg146w,,,,,,,,Luz Fría,P3 LLCH G14 6W:F:U,240.00,,10,deny,,,,
il-p3llchg146w,,,,,,,,,,,,,,https://f.fcdn.app/imgs/c8d5e9/tienda.iluminica.com/ilumuy/413d/original/catalogo/P3LLCHG146W_C_2/1024-1024/pack-x3-pcs-lampara-led-gota-e14-6w-luz-calida.jpg,2,,
il-p3llchg146w,,,,,,,,,,,,,,https://f.fcdn.app/imgs/4f3d72/tienda.iluminica.com/ilumuy/4a67/original/catalogo/P3LLCHG146W_C_3/1024-1024/pack-x3-pcs-lampara-led-gota-e14-6w-luz-calida.jpg,3,,
il-p3llchg146w,,,,,,,,,,,,,,https://f.fcdn.app/imgs/9ec03a/tienda.iluminica.com/ilumuy/52d3/original/catalogo/P3LLCHG146W_C_4/1024-1024/pack-x3-pcs-lampara-led-gota-e14-6w-luz-calida.jpg,4,,
il-p3llchg146w,,,,,,,,,,,,,,https://f.fcdn.app/imgs/57e3ac/tienda.iluminica.com/ilumuy/d6dd/original/catalogo/P3LLCHG146W_C_5/1024-1024/pack-x3-pcs-lampara-led-gota-e14-6w-luz-calida.jpg,5,,
il-p3llchg146w,,,,,,,,,,,,,,https://f.fcdn.app/imgs/101793/tienda.iluminica.com/ilumuy/c45f/original/catalogo/P3LLCHG146W_F_1/1024-1024/pack-x3-pcs-lampara-led-gota-e14-6w-luz-fria.jpg,6,,
il-p3llchg146w,,,,,,,,,,,,,,https://f.fcdn.app/imgs/b02810/tienda.iluminica.com/ilumuy/413d/original/catalogo/P3LLCHG146W_F_2/1024-1024/pack-x3-pcs-lampara-led-gota-e14-6w-luz-fria.jpg,7,,
il-p3llchg146w,,,,,,,,,,,,,,https://f.fcdn.app/imgs/a191cb/tienda.iluminica.com/ilumuy/4a67/original/catalogo/P3LLCHG146W_F_3/1024-1024/pack-x3-pcs-lampara-led-gota-e14-6w-luz-fria.jpg,8,,
il-p3llchg146w,,,,,,,,,,,,,,https://f.fcdn.app/imgs/4119be/tienda.iluminica.com/ilumuy/52d3/original/catalogo/P3LLCHG146W_F_4/1024-1024/pack-x3-pcs-lampara-led-gota-e14-6w-luz-fria.jpg,9,,
il-p3llchg146w,,,,,,,,,,,,,,https://f.fcdn.app/imgs/22107a/tienda.iluminica.com/ilumuy/d6dd/original/catalogo/P3LLCHG146W_F_5/1024-1024/pack-x3-pcs-lampara-led-gota-e14-6w-luz-fria.jpg,10,,
il-p3llchg276w,"Pack x3 pcs - Lampara LED Gota, E27 6W","Pack x3 pcs - Lampara LED Gota, E27 6W",Chiaro,Iluminación,"Lámparas – Tubos LED, Chiaro, stock-verificado",TRUE,Color,Luz Cálida,P3 LLCH G27 6W:C:U,240.00,,10,deny,https://f.fcdn.app/imgs/1c1cbd/tienda.iluminica.com/ilumuy/2938/original/catalogo/P3LLCHG276W_C_1/1024-1024/pack-x3-pcs-lampara-led-gota-e27-6w-luz-calida.jpg,1,,
il-p3llchg276w,,,,,,,,Luz Fría,P3 LLCH G27 6W:F:U,240.00,,10,deny,,,,
il-p3llchg276w,,,,,,,,,,,,,,https://f.fcdn.app/imgs/353851/tienda.iluminica.com/ilumuy/9271/original/catalogo/P3LLCHG276W_C_2/1024-1024/pack-x3-pcs-lampara-led-gota-e27-6w-luz-calida.jpg,2,,
il-p3llchg276w,,,,,,,,,,,,,,https://f.fcdn.app/imgs/38d648/tienda.iluminica.com/ilumuy/b3f1/original/catalogo/P3LLCHG276W_C_3/1024-1024/pack-x3-pcs-lampara-led-gota-e27-6w-luz-calida.jpg,3,,
il-p3llchg276w,,,,,,,,,,,,,,https://f.fcdn.app/imgs/42d779/tienda.iluminica.com/ilumuy/0026/original/catalogo/P3LLCHG276W_C_4/1024-1024/pack-x3-pcs-lampara-led-gota-e27-6w-luz-calida.jpg,4,,
il-p3llchg276w,,,,,,,,,,,,,,https://f.fcdn.app/imgs/9d5837/tienda.iluminica.com/ilumuy/c705/original/catalogo/P3LLCHG276W_C_5/1024-1024/pack-x3-pcs-lampara-led-gota-e27-6w-luz-calida.jpg,5,,
il-p3llchg276w,,,,,,,,,,,,,,https://f.fcdn.app/imgs/c43498/tienda.iluminica.com/ilumuy/b24b/original/catalogo/P3LLCHG276W_F_1/1024-1024/pack-x3-pcs-lampara-led-gota-e27-6w-luz-fria.jpg,6,,
il-p3llchg276w,,,,,,,,,,,,,,https://f.fcdn.app/imgs/81d035/tienda.iluminica.com/ilumuy/9271/original/catalogo/P3LLCHG276W_F_2/1024-1024/pack-x3-pcs-lampara-led-gota-e27-6w-luz-fria.jpg,7,,
il-p3llchg276w,,,,,,,,,,,,,,https://f.fcdn.app/imgs/3d19bf/tienda.iluminica.com/ilumuy/b3f1/original/catalogo/P3LLCHG276W_F_3/1024-1024/pack-x3-pcs-lampara-led-gota-e27-6w-luz-fria.jpg,8,,
il-p3llchg276w,,,,,,,,,,,,,,https://f.fcdn.app/imgs/f79fad/tienda.iluminica.com/ilumuy/0026/original/catalogo/P3LLCHG276W_F_4/1024-1024/pack-x3-pcs-lampara-led-gota-e27-6w-luz-fria.jpg,9,,
il-p3llchg276w,,,,,,,,,,,,,,https://f.fcdn.app/imgs/aed34b/tienda.iluminica.com/ilumuy/c705/original/catalogo/P3LLCHG276W_F_5/1024-1024/pack-x3-pcs-lampara-led-gota-e27-6w-luz-fria.jpg,10,,
il-p3llchv146w,"Pack x3 pcs Lampara LED Vela, E14 6W","Pack x3 pcs Lampara LED Vela, E14 6W",Chiaro,Iluminación,"Lámparas – Tubos LED, Chiaro, stock-verificado",TRUE,Color,Luz Cálida,P3 LLCH V14 6W:C:U,240.00,,10,deny,https://f.fcdn.app/imgs/244093/tienda.iluminica.com/ilumuy/9d77/original/catalogo/P3LLCHV146W_C_1/1024-1024/pack-x3-pcs-lampara-led-vela-e14-6w-luz-calida.jpg,1,,
il-p3llchv146w,,,,,,,,Luz Fría,P3 LLCH V14 6W:F:U,240.00,,10,deny,,,,
il-p3llchv146w,,,,,,,,,,,,,,https://f.fcdn.app/imgs/6bc0ec/tienda.iluminica.com/ilumuy/58f8/original/catalogo/P3LLCHV146W_C_2/1024-1024/pack-x3-pcs-lampara-led-vela-e14-6w-luz-calida.jpg,2,,
il-p3llchv146w,,,,,,,,,,,,,,https://f.fcdn.app/imgs/61e3ce/tienda.iluminica.com/ilumuy/eded/original/catalogo/P3LLCHV146W_C_3/1024-1024/pack-x3-pcs-lampara-led-vela-e14-6w-luz-calida.jpg,3,,
il-p3llchv146w,,,,,,,,,,,,,,https://f.fcdn.app/imgs/c724fd/tienda.iluminica.com/ilumuy/7608/original/catalogo/P3LLCHV146W_C_4/1024-1024/pack-x3-pcs-lampara-led-vela-e14-6w-luz-calida.jpg,4,,
il-p3llchv146w,,,,,,,,,,,,,,https://f.fcdn.app/imgs/13df74/tienda.iluminica.com/ilumuy/916d/original/catalogo/P3LLCHV146W_C_5/1024-1024/pack-x3-pcs-lampara-led-vela-e14-6w-luz-calida.jpg,5,,
il-p3llchv146w,,,,,,,,,,,,,,https://f.fcdn.app/imgs/03802d/tienda.iluminica.com/ilumuy/9d77/original/catalogo/P3LLCHV146W_F_1/1024-1024/pack-x3-pcs-lampara-led-vela-e14-6w-luz-fria.jpg,6,,
il-p3llchv146w,,,,,,,,,,,,,,https://f.fcdn.app/imgs/0d115f/tienda.iluminica.com/ilumuy/58f8/original/catalogo/P3LLCHV146W_F_2/1024-1024/pack-x3-pcs-lampara-led-vela-e14-6w-luz-fria.jpg,7,,
il-p3llchv146w,,,,,,,,,,,,,,https://f.fcdn.app/imgs/4bf745/tienda.iluminica.com/ilumuy/eded/original/catalogo/P3LLCHV146W_F_3/1024-1024/pack-x3-pcs-lampara-led-vela-e14-6w-luz-fria.jpg,8,,
il-p3llchv146w,,,,,,,,,,,,,,https://f.fcdn.app/imgs/6867b7/tienda.iluminica.com/ilumuy/7608/original/catalogo/P3LLCHV146W_F_4/1024-1024/pack-x3-pcs-lampara-led-vela-e14-6w-luz-fria.jpg,9,,
il-p3llchv146w,,,,,,,,,,,,,,https://f.fcdn.app/imgs/15c4bc/tienda.iluminica.com/ilumuy/916d/original/catalogo/P3LLCHV146W_F_5/1024-1024/pack-x3-pcs-lampara-led-vela-e14-6w-luz-fria.jpg,10,,
il-p3llchv276w,"Pack x3 pcs Lampara LED Vela, E27 6W","Pack x3 pcs Lampara LED Vela, E27 6W",Chiaro,Iluminación,"Lámparas – Tubos LED, Chiaro, stock-verificado",TRUE,Color,Luz Cálida,P3 LLCH V27 6W:C:U,240.00,,10,deny,https://f.fcdn.app/imgs/66f7c4/tienda.iluminica.com/ilumuy/be02/original/catalogo/P3LLCHV276W_C_1/1024-1024/pack-x3-pcs-lampara-led-vela-e27-6w-luz-calida.jpg,1,,
il-p3llchv276w,,,,,,,,Luz Fría,P3 LLCH V27 6W:F:U,240.00,,10,deny,,,,
il-p3llchv276w,,,,,,,,,,,,,,https://f.fcdn.app/imgs/ed9261/tienda.iluminica.com/ilumuy/79b5/original/catalogo/P3LLCHV276W_C_2/1024-1024/pack-x3-pcs-lampara-led-vela-e27-6w-luz-calida.jpg,2,,
il-p3llchv276w,,,,,,,,,,,,,,https://f.fcdn.app/imgs/2a7111/tienda.iluminica.com/ilumuy/3dff/original/catalogo/P3LLCHV276W_C_3/1024-1024/pack-x3-pcs-lampara-led-vela-e27-6w-luz-calida.jpg,3,,
il-p3llchv276w,,,,,,,,,,,,,,https://f.fcdn.app/imgs/ec96de/tienda.iluminica.com/ilumuy/c6dd/original/catalogo/P3LLCHV276W_C_4/1024-1024/pack-x3-pcs-lampara-led-vela-e27-6w-luz-calida.jpg,4,,
il-p3llchv276w,,,,,,,,,,,,,,https://f.fcdn.app/imgs/3e5b32/tienda.iluminica.com/ilumuy/f0b9/original/catalogo/P3LLCHV276W_C_5/1024-1024/pack-x3-pcs-lampara-led-vela-e27-6w-luz-calida.jpg,5,,
il-p3llchv276w,,,,,,,,,,,,,,https://f.fcdn.app/imgs/9767e4/tienda.iluminica.com/ilumuy/be02/original/catalogo/P3LLCHV276W_F_1/1024-1024/pack-x3-pcs-lampara-led-vela-e27-6w-luz-fria.jpg,6,,
il-p3llchv276w,,,,,,,,,,,,,,https://f.fcdn.app/imgs/c9ad04/tienda.iluminica.com/ilumuy/79b5/original/catalogo/P3LLCHV276W_F_2/1024-1024/pack-x3-pcs-lampara-led-vela-e27-6w-luz-fria.jpg,7,,
il-p3llchv276w,,,,,,,,,,,,,,https://f.fcdn.app/imgs/5a2f4f/tienda.iluminica.com/ilumuy/3dff/original/catalogo/P3LLCHV276W_F_3/1024-1024/pack-x3-pcs-lampara-led-vela-e27-6w-luz-fria.jpg,8,,
il-p3llchv276w,,,,,,,,,,,,,,https://f.fcdn.app/imgs/b02a7d/tienda.iluminica.com/ilumuy/c6dd/original/catalogo/P3LLCHV276W_F_4/1024-1024/pack-x3-pcs-lampara-led-vela-e27-6w-luz-fria.jpg,9,,
il-p3llchv276w,,,,,,,,,,,,,,https://f.fcdn.app/imgs/ca44a7/tienda.iluminica.com/ilumuy/f0b9/original/catalogo/P3LLCHV276W_F_5/1024-1024/pack-x3-pcs-lampara-led-vela-e27-6w-luz-fria.jpg,10,,
il-p4llchg146w,"Pack x4 pcs - Lampara LED Gota, E14 6W","Pack x4 pcs - Lampara LED Gota, E14 6W",Chiaro,Iluminación,"Lámparas – Tubos LED, Chiaro, stock-verificado",TRUE,Color,Luz Cálida,P4 LLCH G14 6W:C:U,319.00,,10,deny,https://f.fcdn.app/imgs/315675/tienda.iluminica.com/ilumuy/dc60/original/catalogo/P4LLCHG146W_C_1/1024-1024/pack-x4-pcs-lampara-led-gota-e14-6w-luz-calida.jpg,1,,
il-p4llchg146w,,,,,,,,Luz Fría,P4 LLCH G14 6W:F:U,319.00,,10,deny,,,,
il-p4llchg146w,,,,,,,,,,,,,,https://f.fcdn.app/imgs/dafdee/tienda.iluminica.com/ilumuy/413d/original/catalogo/P4LLCHG146W_C_2/1024-1024/pack-x4-pcs-lampara-led-gota-e14-6w-luz-calida.jpg,2,,
il-p4llchg146w,,,,,,,,,,,,,,https://f.fcdn.app/imgs/be775c/tienda.iluminica.com/ilumuy/4a67/original/catalogo/P4LLCHG146W_C_3/1024-1024/pack-x4-pcs-lampara-led-gota-e14-6w-luz-calida.jpg,3,,
il-p4llchg146w,,,,,,,,,,,,,,https://f.fcdn.app/imgs/3bbdee/tienda.iluminica.com/ilumuy/52d3/original/catalogo/P4LLCHG146W_C_4/1024-1024/pack-x4-pcs-lampara-led-gota-e14-6w-luz-calida.jpg,4,,
il-p4llchg146w,,,,,,,,,,,,,,https://f.fcdn.app/imgs/17478d/tienda.iluminica.com/ilumuy/d6dd/original/catalogo/P4LLCHG146W_C_5/1024-1024/pack-x4-pcs-lampara-led-gota-e14-6w-luz-calida.jpg,5,,
il-p4llchg146w,,,,,,,,,,,,,,https://f.fcdn.app/imgs/a5ebfd/tienda.iluminica.com/ilumuy/dc60/original/catalogo/P4LLCHG146W_F_1/1024-1024/pack-x4-pcs-lampara-led-gota-e14-6w-luz-fria.jpg,6,,
il-p4llchg146w,,,,,,,,,,,,,,https://f.fcdn.app/imgs/e6d5b6/tienda.iluminica.com/ilumuy/413d/original/catalogo/P4LLCHG146W_F_2/1024-1024/pack-x4-pcs-lampara-led-gota-e14-6w-luz-fria.jpg,7,,
il-p4llchg146w,,,,,,,,,,,,,,https://f.fcdn.app/imgs/c41297/tienda.iluminica.com/ilumuy/4a67/original/catalogo/P4LLCHG146W_F_3/1024-1024/pack-x4-pcs-lampara-led-gota-e14-6w-luz-fria.jpg,8,,
il-p4llchg146w,,,,,,,,,,,,,,https://f.fcdn.app/imgs/3cf902/tienda.iluminica.com/ilumuy/52d3/original/catalogo/P4LLCHG146W_F_4/1024-1024/pack-x4-pcs-lampara-led-gota-e14-6w-luz-fria.jpg,9,,
il-p4llchg146w,,,,,,,,,,,,,,https://f.fcdn.app/imgs/88002d/tienda.iluminica.com/ilumuy/d6dd/original/catalogo/P4LLCHG146W_F_5/1024-1024/pack-x4-pcs-lampara-led-gota-e14-6w-luz-fria.jpg,10,,
il-p4llchg276w,"Pack x4 pcs - Lampara LED Gota, E27 6W","Pack x4 pcs - Lampara LED Gota, E27 6W",Chiaro,Iluminación,"Lámparas – Tubos LED, Chiaro, stock-verificado",TRUE,Color,Luz Cálida,P4 LLCH G27 6W:C:U,319.00,,10,deny,https://f.fcdn.app/imgs/b4aae1/tienda.iluminica.com/ilumuy/ca63/original/catalogo/P4LLCHG276W_C_1/1024-1024/pack-x4-pcs-lampara-led-gota-e27-6w-luz-calida.jpg,1,,
il-p4llchg276w,,,,,,,,Luz Fría,P4 LLCH G27 6W:F:U,319.00,,10,deny,,,,
il-p4llchg276w,,,,,,,,,,,,,,https://f.fcdn.app/imgs/5d7cf3/tienda.iluminica.com/ilumuy/9271/original/catalogo/P4LLCHG276W_C_2/1024-1024/pack-x4-pcs-lampara-led-gota-e27-6w-luz-calida.jpg,2,,
il-p4llchg276w,,,,,,,,,,,,,,https://f.fcdn.app/imgs/301d3c/tienda.iluminica.com/ilumuy/b3f1/original/catalogo/P4LLCHG276W_C_3/1024-1024/pack-x4-pcs-lampara-led-gota-e27-6w-luz-calida.jpg,3,,
il-p4llchg276w,,,,,,,,,,,,,,https://f.fcdn.app/imgs/23edd4/tienda.iluminica.com/ilumuy/0026/original/catalogo/P4LLCHG276W_C_4/1024-1024/pack-x4-pcs-lampara-led-gota-e27-6w-luz-calida.jpg,4,,
il-p4llchg276w,,,,,,,,,,,,,,https://f.fcdn.app/imgs/a8d71d/tienda.iluminica.com/ilumuy/c705/original/catalogo/P4LLCHG276W_C_5/1024-1024/pack-x4-pcs-lampara-led-gota-e27-6w-luz-calida.jpg,5,,
il-p4llchg276w,,,,,,,,,,,,,,https://f.fcdn.app/imgs/9c3489/tienda.iluminica.com/ilumuy/ca63/original/catalogo/P4LLCHG276W_F_1/1024-1024/pack-x4-pcs-lampara-led-gota-e27-6w-luz-fria.jpg,6,,
il-p4llchg276w,,,,,,,,,,,,,,https://f.fcdn.app/imgs/bedf72/tienda.iluminica.com/ilumuy/9271/original/catalogo/P4LLCHG276W_F_2/1024-1024/pack-x4-pcs-lampara-led-gota-e27-6w-luz-fria.jpg,7,,
il-p4llchg276w,,,,,,,,,,,,,,https://f.fcdn.app/imgs/694e5a/tienda.iluminica.com/ilumuy/b3f1/original/catalogo/P4LLCHG276W_F_3/1024-1024/pack-x4-pcs-lampara-led-gota-e27-6w-luz-fria.jpg,8,,
il-p4llchg276w,,,,,,,,,,,,,,https://f.fcdn.app/imgs/9f56ec/tienda.iluminica.com/ilumuy/0026/original/catalogo/P4LLCHG276W_F_4/1024-1024/pack-x4-pcs-lampara-led-gota-e27-6w-luz-fria.jpg,9,,
il-p4llchg276w,,,,,,,,,,,,,,https://f.fcdn.app/imgs/cbd2fc/tienda.iluminica.com/ilumuy/c705/original/catalogo/P4LLCHG276W_F_5/1024-1024/pack-x4-pcs-lampara-led-gota-e27-6w-luz-fria.jpg,10,,
il-p4llchv146w,"Pack x4 pcs Lampara LED Vela, E14 6W","Pack x4 pcs Lampara LED Vela, E14 6W",Chiaro,Iluminación,"Lámparas – Tubos LED, Chiaro, stock-verificado",TRUE,Color,Luz Cálida,P4 LLCH V14 6W:C:U,319.00,,10,deny,https://f.fcdn.app/imgs/f591e1/tienda.iluminica.com/ilumuy/8a05/original/catalogo/P4LLCHV146W_C_1/1024-1024/pack-x4-pcs-lampara-led-vela-e14-6w-luz-calida.jpg,1,,
il-p4llchv146w,,,,,,,,Luz Fría,P4 LLCH V14 6W:F:U,319.00,,10,deny,,,,
il-p4llchv146w,,,,,,,,,,,,,,https://f.fcdn.app/imgs/b4e8b3/tienda.iluminica.com/ilumuy/58f8/original/catalogo/P4LLCHV146W_C_2/1024-1024/pack-x4-pcs-lampara-led-vela-e14-6w-luz-calida.jpg,2,,
il-p4llchv146w,,,,,,,,,,,,,,https://f.fcdn.app/imgs/5946bf/tienda.iluminica.com/ilumuy/eded/original/catalogo/P4LLCHV146W_C_3/1024-1024/pack-x4-pcs-lampara-led-vela-e14-6w-luz-calida.jpg,3,,
il-p4llchv146w,,,,,,,,,,,,,,https://f.fcdn.app/imgs/df182a/tienda.iluminica.com/ilumuy/7608/original/catalogo/P4LLCHV146W_C_4/1024-1024/pack-x4-pcs-lampara-led-vela-e14-6w-luz-calida.jpg,4,,
il-p4llchv146w,,,,,,,,,,,,,,https://f.fcdn.app/imgs/a14d59/tienda.iluminica.com/ilumuy/916d/original/catalogo/P4LLCHV146W_C_5/1024-1024/pack-x4-pcs-lampara-led-vela-e14-6w-luz-calida.jpg,5,,
il-p4llchv146w,,,,,,,,,,,,,,https://f.fcdn.app/imgs/8122a8/tienda.iluminica.com/ilumuy/8a05/original/catalogo/P4LLCHV146W_F_1/1024-1024/pack-x4-pcs-lampara-led-vela-e14-6w-luz-fria.jpg,6,,
il-p4llchv146w,,,,,,,,,,,,,,https://f.fcdn.app/imgs/2529e5/tienda.iluminica.com/ilumuy/58f8/original/catalogo/P4LLCHV146W_F_2/1024-1024/pack-x4-pcs-lampara-led-vela-e14-6w-luz-fria.jpg,7,,
il-p4llchv146w,,,,,,,,,,,,,,https://f.fcdn.app/imgs/a3490d/tienda.iluminica.com/ilumuy/eded/original/catalogo/P4LLCHV146W_F_3/1024-1024/pack-x4-pcs-lampara-led-vela-e14-6w-luz-fria.jpg,8,,
il-p4llchv146w,,,,,,,,,,,,,,https://f.fcdn.app/imgs/054eba/tienda.iluminica.com/ilumuy/7608/original/catalogo/P4LLCHV146W_F_4/1024-1024/pack-x4-pcs-lampara-led-vela-e14-6w-luz-fria.jpg,9,,
il-p4llchv146w,,,,,,,,,,,,,,https://f.fcdn.app/imgs/36aa9d/tienda.iluminica.com/ilumuy/916d/original/catalogo/P4LLCHV146W_F_5/1024-1024/pack-x4-pcs-lampara-led-vela-e14-6w-luz-fria.jpg,10,,
il-p4llchv276w,"Pack x4 pcs Lampara LED Vela, E27 6W","Pack x4 pcs Lampara LED Vela, E27 6W",Chiaro,Iluminación,"Lámparas – Tubos LED, Chiaro, stock-verificado",TRUE,Color,Luz Cálida,P4 LLCH V27 6W:C:U,319.00,,10,deny,https://f.fcdn.app/imgs/d74a56/tienda.iluminica.com/ilumuy/e44c/original/catalogo/P4LLCHV276W_C_1/1024-1024/pack-x4-pcs-lampara-led-vela-e27-6w-luz-calida.jpg,1,,
il-p4llchv276w,,,,,,,,Luz Fría,P4 LLCH V27 6W:F:U,319.00,,10,deny,,,,
il-p4llchv276w,,,,,,,,,,,,,,https://f.fcdn.app/imgs/1f198b/tienda.iluminica.com/ilumuy/79b5/original/catalogo/P4LLCHV276W_C_2/1024-1024/pack-x4-pcs-lampara-led-vela-e27-6w-luz-calida.jpg,2,,
il-p4llchv276w,,,,,,,,,,,,,,https://f.fcdn.app/imgs/ffb2c5/tienda.iluminica.com/ilumuy/3dff/original/catalogo/P4LLCHV276W_C_3/1024-1024/pack-x4-pcs-lampara-led-vela-e27-6w-luz-calida.jpg,3,,
il-p4llchv276w,,,,,,,,,,,,,,https://f.fcdn.app/imgs/348ecd/tienda.iluminica.com/ilumuy/c6dd/original/catalogo/P4LLCHV276W_C_4/1024-1024/pack-x4-pcs-lampara-led-vela-e27-6w-luz-calida.jpg,4,,
il-p4llchv276w,,,,,,,,,,,,,,https://f.fcdn.app/imgs/90cc8c/tienda.iluminica.com/ilumuy/f0b9/original/catalogo/P4LLCHV276W_C_5/1024-1024/pack-x4-pcs-lampara-led-vela-e27-6w-luz-calida.jpg,5,,
il-p4llchv276w,,,,,,,,,,,,,,https://f.fcdn.app/imgs/ccfe5c/tienda.iluminica.com/ilumuy/e44c/original/catalogo/P4LLCHV276W_F_1/1024-1024/pack-x4-pcs-lampara-led-vela-e27-6w-luz-fria.jpg,6,,
il-p4llchv276w,,,,,,,,,,,,,,https://f.fcdn.app/imgs/b864ef/tienda.iluminica.com/ilumuy/79b5/original/catalogo/P4LLCHV276W_F_2/1024-1024/pack-x4-pcs-lampara-led-vela-e27-6w-luz-fria.jpg,7,,
il-p4llchv276w,,,,,,,,,,,,,,https://f.fcdn.app/imgs/e0f6b4/tienda.iluminica.com/ilumuy/3dff/original/catalogo/P4LLCHV276W_F_3/1024-1024/pack-x4-pcs-lampara-led-vela-e27-6w-luz-fria.jpg,8,,
il-p4llchv276w,,,,,,,,,,,,,,https://f.fcdn.app/imgs/701325/tienda.iluminica.com/ilumuy/c6dd/original/catalogo/P4LLCHV276W_F_4/1024-1024/pack-x4-pcs-lampara-led-vela-e27-6w-luz-fria.jpg,9,,
il-p4llchv276w,,,,,,,,,,,,,,https://f.fcdn.app/imgs/515c7e/tienda.iluminica.com/ilumuy/f0b9/original/catalogo/P4LLCHV276W_F_5/1024-1024/pack-x4-pcs-lampara-led-vela-e27-6w-luz-fria.jpg,10,,
il-p6llchg146w,"Pack x6 pcs -Lampara LED Gota, E14 6W","Pack x6 pcs -Lampara LED Gota, E14 6W",Chiaro,Iluminación,"Lámparas – Tubos LED, Chiaro, stock-verificado",TRUE,Color,Luz Cálida,P6 LLCH G14 6W:C:U,479.00,,10,deny,https://f.fcdn.app/imgs/e6c894/tienda.iluminica.com/ilumuy/e58a/original/catalogo/P6LLCHG146W_C_1/1024-1024/pack-x6-pcs-lampara-led-gota-e14-6w-luz-calida.jpg,1,,
il-p6llchg146w,,,,,,,,Luz Fría,P6 LLCH G14 6W:F:U,479.00,,10,deny,,,,
il-p6llchg146w,,,,,,,,,,,,,,https://f.fcdn.app/imgs/04e182/tienda.iluminica.com/ilumuy/413d/original/catalogo/P6LLCHG146W_C_2/1024-1024/pack-x6-pcs-lampara-led-gota-e14-6w-luz-calida.jpg,2,,
il-p6llchg146w,,,,,,,,,,,,,,https://f.fcdn.app/imgs/443468/tienda.iluminica.com/ilumuy/4a67/original/catalogo/P6LLCHG146W_C_3/1024-1024/pack-x6-pcs-lampara-led-gota-e14-6w-luz-calida.jpg,3,,
il-p6llchg146w,,,,,,,,,,,,,,https://f.fcdn.app/imgs/a8b1fb/tienda.iluminica.com/ilumuy/52d3/original/catalogo/P6LLCHG146W_C_4/1024-1024/pack-x6-pcs-lampara-led-gota-e14-6w-luz-calida.jpg,4,,
il-p6llchg146w,,,,,,,,,,,,,,https://f.fcdn.app/imgs/faa6e7/tienda.iluminica.com/ilumuy/d6dd/original/catalogo/P6LLCHG146W_C_5/1024-1024/pack-x6-pcs-lampara-led-gota-e14-6w-luz-calida.jpg,5,,
il-p6llchg146w,,,,,,,,,,,,,,https://f.fcdn.app/imgs/43ea67/tienda.iluminica.com/ilumuy/e58a/original/catalogo/P6LLCHG146W_F_1/1024-1024/pack-x6-pcs-lampara-led-gota-e14-6w-luz-fria.jpg,6,,
il-p6llchg146w,,,,,,,,,,,,,,https://f.fcdn.app/imgs/62c59b/tienda.iluminica.com/ilumuy/413d/original/catalogo/P6LLCHG146W_F_2/1024-1024/pack-x6-pcs-lampara-led-gota-e14-6w-luz-fria.jpg,7,,
il-p6llchg146w,,,,,,,,,,,,,,https://f.fcdn.app/imgs/236c30/tienda.iluminica.com/ilumuy/4a67/original/catalogo/P6LLCHG146W_F_3/1024-1024/pack-x6-pcs-lampara-led-gota-e14-6w-luz-fria.jpg,8,,
il-p6llchg146w,,,,,,,,,,,,,,https://f.fcdn.app/imgs/8db442/tienda.iluminica.com/ilumuy/52d3/original/catalogo/P6LLCHG146W_F_4/1024-1024/pack-x6-pcs-lampara-led-gota-e14-6w-luz-fria.jpg,9,,
il-p6llchg146w,,,,,,,,,,,,,,https://f.fcdn.app/imgs/83485e/tienda.iluminica.com/ilumuy/d6dd/original/catalogo/P6LLCHG146W_F_5/1024-1024/pack-x6-pcs-lampara-led-gota-e14-6w-luz-fria.jpg,10,,
il-p6llchg276w,"Pack x6 pcs - Lampara LED Gota, E27 6W","Pack x6 pcs - Lampara LED Gota, E27 6W",Chiaro,Iluminación,"Lámparas – Tubos LED, Chiaro, stock-verificado",TRUE,Color,Luz Cálida,P6 LLCH G27 6W:C:U,479.00,,10,deny,https://f.fcdn.app/imgs/6e23c9/tienda.iluminica.com/ilumuy/1890/original/catalogo/P6LLCHG276W_C_1/1024-1024/pack-x6-pcs-lampara-led-gota-e27-6w-luz-calida.jpg,1,,
il-p6llchg276w,,,,,,,,Luz Fría,P6 LLCH G27 6W:F:U,479.00,,10,deny,,,,
il-p6llchg276w,,,,,,,,,,,,,,https://f.fcdn.app/imgs/bdcfe2/tienda.iluminica.com/ilumuy/9271/original/catalogo/P6LLCHG276W_C_2/1024-1024/pack-x6-pcs-lampara-led-gota-e27-6w-luz-calida.jpg,2,,
il-p6llchg276w,,,,,,,,,,,,,,https://f.fcdn.app/imgs/367be3/tienda.iluminica.com/ilumuy/b3f1/original/catalogo/P6LLCHG276W_C_3/1024-1024/pack-x6-pcs-lampara-led-gota-e27-6w-luz-calida.jpg,3,,
il-p6llchg276w,,,,,,,,,,,,,,https://f.fcdn.app/imgs/0216a9/tienda.iluminica.com/ilumuy/0026/original/catalogo/P6LLCHG276W_C_4/1024-1024/pack-x6-pcs-lampara-led-gota-e27-6w-luz-calida.jpg,4,,
il-p6llchg276w,,,,,,,,,,,,,,https://f.fcdn.app/imgs/9acee5/tienda.iluminica.com/ilumuy/c705/original/catalogo/P6LLCHG276W_C_5/1024-1024/pack-x6-pcs-lampara-led-gota-e27-6w-luz-calida.jpg,5,,
il-p6llchg276w,,,,,,,,,,,,,,https://f.fcdn.app/imgs/e99a5d/tienda.iluminica.com/ilumuy/8b60/original/catalogo/P6LLCHG276W_F_1/1024-1024/pack-x6-pcs-lampara-led-gota-e27-6w-luz-fria.jpg,6,,
il-p6llchg276w,,,,,,,,,,,,,,https://f.fcdn.app/imgs/04c2d5/tienda.iluminica.com/ilumuy/9271/original/catalogo/P6LLCHG276W_F_2/1024-1024/pack-x6-pcs-lampara-led-gota-e27-6w-luz-fria.jpg,7,,
il-p6llchg276w,,,,,,,,,,,,,,https://f.fcdn.app/imgs/28cdf4/tienda.iluminica.com/ilumuy/b3f1/original/catalogo/P6LLCHG276W_F_3/1024-1024/pack-x6-pcs-lampara-led-gota-e27-6w-luz-fria.jpg,8,,
il-p6llchg276w,,,,,,,,,,,,,,https://f.fcdn.app/imgs/f69397/tienda.iluminica.com/ilumuy/0026/original/catalogo/P6LLCHG276W_F_4/1024-1024/pack-x6-pcs-lampara-led-gota-e27-6w-luz-fria.jpg,9,,
il-p6llchg276w,,,,,,,,,,,,,,https://f.fcdn.app/imgs/3e28c9/tienda.iluminica.com/ilumuy/c705/original/catalogo/P6LLCHG276W_F_5/1024-1024/pack-x6-pcs-lampara-led-gota-e27-6w-luz-fria.jpg,10,,
il-p6llchv146w,"Pack x6 pcs Lampara LED Vela, E14 6W","Pack x6 pcs Lampara LED Vela, E14 6W",Chiaro,Iluminación,"Lámparas – Tubos LED, Chiaro, stock-verificado",TRUE,Color,Luz Cálida,P6 LLCH V14 6W:C:U,479.00,,10,deny,https://f.fcdn.app/imgs/65944e/tienda.iluminica.com/ilumuy/ccce/original/catalogo/P6LLCHV146W_C_1/1024-1024/pack-x6-pcs-lampara-led-vela-e14-6w-luz-calida.jpg,1,,
il-p6llchv146w,,,,,,,,Luz Fría,P6 LLCH V14 6W:F:U,479.00,,10,deny,,,,
il-p6llchv146w,,,,,,,,,,,,,,https://f.fcdn.app/imgs/4dbad0/tienda.iluminica.com/ilumuy/58f8/original/catalogo/P6LLCHV146W_C_2/1024-1024/pack-x6-pcs-lampara-led-vela-e14-6w-luz-calida.jpg,2,,
il-p6llchv146w,,,,,,,,,,,,,,https://f.fcdn.app/imgs/db934a/tienda.iluminica.com/ilumuy/eded/original/catalogo/P6LLCHV146W_C_3/1024-1024/pack-x6-pcs-lampara-led-vela-e14-6w-luz-calida.jpg,3,,
il-p6llchv146w,,,,,,,,,,,,,,https://f.fcdn.app/imgs/af2d6b/tienda.iluminica.com/ilumuy/7608/original/catalogo/P6LLCHV146W_C_4/1024-1024/pack-x6-pcs-lampara-led-vela-e14-6w-luz-calida.jpg,4,,
il-p6llchv146w,,,,,,,,,,,,,,https://f.fcdn.app/imgs/f1d78c/tienda.iluminica.com/ilumuy/916d/original/catalogo/P6LLCHV146W_C_5/1024-1024/pack-x6-pcs-lampara-led-vela-e14-6w-luz-calida.jpg,5,,
il-p6llchv146w,,,,,,,,,,,,,,https://f.fcdn.app/imgs/3226b9/tienda.iluminica.com/ilumuy/ccce/original/catalogo/P6LLCHV146W_F_1/1024-1024/pack-x6-pcs-lampara-led-vela-e14-6w-luz-fria.jpg,6,,
il-p6llchv146w,,,,,,,,,,,,,,https://f.fcdn.app/imgs/193357/tienda.iluminica.com/ilumuy/58f8/original/catalogo/P6LLCHV146W_F_2/1024-1024/pack-x6-pcs-lampara-led-vela-e14-6w-luz-fria.jpg,7,,
il-p6llchv146w,,,,,,,,,,,,,,https://f.fcdn.app/imgs/3e50c8/tienda.iluminica.com/ilumuy/eded/original/catalogo/P6LLCHV146W_F_3/1024-1024/pack-x6-pcs-lampara-led-vela-e14-6w-luz-fria.jpg,8,,
il-p6llchv146w,,,,,,,,,,,,,,https://f.fcdn.app/imgs/ff2e82/tienda.iluminica.com/ilumuy/7608/original/catalogo/P6LLCHV146W_F_4/1024-1024/pack-x6-pcs-lampara-led-vela-e14-6w-luz-fria.jpg,9,,
il-p6llchv146w,,,,,,,,,,,,,,https://f.fcdn.app/imgs/ab0794/tienda.iluminica.com/ilumuy/916d/original/catalogo/P6LLCHV146W_F_5/1024-1024/pack-x6-pcs-lampara-led-vela-e14-6w-luz-fria.jpg,10,,
il-p6llchv276w,"Pack x6 pcs Lampara LED Vela, E27 6W","Pack x6 pcs Lampara LED Vela, E27 6W",Chiaro,Iluminación,"Lámparas – Tubos LED, Chiaro, stock-verificado",TRUE,Color,Luz Cálida,P6 LLCH V27 6W:C:U,479.00,,10,deny,https://f.fcdn.app/imgs/e3630e/tienda.iluminica.com/ilumuy/389e/original/catalogo/P6LLCHV276W_C_1/1024-1024/pack-x6-pcs-lampara-led-vela-e27-6w-luz-calida.jpg,1,,
il-p6llchv276w,,,,,,,,Luz Fría,P6 LLCH V27 6W:F:U,479.00,,10,deny,,,,
il-p6llchv276w,,,,,,,,,,,,,,https://f.fcdn.app/imgs/7831b2/tienda.iluminica.com/ilumuy/79b5/original/catalogo/P6LLCHV276W_C_2/1024-1024/pack-x6-pcs-lampara-led-vela-e27-6w-luz-calida.jpg,2,,
il-p6llchv276w,,,,,,,,,,,,,,https://f.fcdn.app/imgs/b58111/tienda.iluminica.com/ilumuy/3dff/original/catalogo/P6LLCHV276W_C_3/1024-1024/pack-x6-pcs-lampara-led-vela-e27-6w-luz-calida.jpg,3,,
il-p6llchv276w,,,,,,,,,,,,,,https://f.fcdn.app/imgs/0e580b/tienda.iluminica.com/ilumuy/c6dd/original/catalogo/P6LLCHV276W_C_4/1024-1024/pack-x6-pcs-lampara-led-vela-e27-6w-luz-calida.jpg,4,,
il-p6llchv276w,,,,,,,,,,,,,,https://f.fcdn.app/imgs/70f9e4/tienda.iluminica.com/ilumuy/f0b9/original/catalogo/P6LLCHV276W_C_5/1024-1024/pack-x6-pcs-lampara-led-vela-e27-6w-luz-calida.jpg,5,,
il-p6llchv276w,,,,,,,,,,,,,,https://f.fcdn.app/imgs/40122d/tienda.iluminica.com/ilumuy/389e/original/catalogo/P6LLCHV276W_F_1/1024-1024/pack-x6-pcs-lampara-led-vela-e27-6w-luz-fria.jpg,6,,
il-p6llchv276w,,,,,,,,,,,,,,https://f.fcdn.app/imgs/170a35/tienda.iluminica.com/ilumuy/79b5/original/catalogo/P6LLCHV276W_F_2/1024-1024/pack-x6-pcs-lampara-led-vela-e27-6w-luz-fria.jpg,7,,
il-p6llchv276w,,,,,,,,,,,,,,https://f.fcdn.app/imgs/b9cfdc/tienda.iluminica.com/ilumuy/3dff/original/catalogo/P6LLCHV276W_F_3/1024-1024/pack-x6-pcs-lampara-led-vela-e27-6w-luz-fria.jpg,8,,
il-p6llchv276w,,,,,,,,,,,,,,https://f.fcdn.app/imgs/0ed282/tienda.iluminica.com/ilumuy/c6dd/original/catalogo/P6LLCHV276W_F_4/1024-1024/pack-x6-pcs-lampara-led-vela-e27-6w-luz-fria.jpg,9,,
il-p6llchv276w,,,,,,,,,,,,,,https://f.fcdn.app/imgs/bb0bf5/tienda.iluminica.com/ilumuy/f0b9/original/catalogo/P6LLCHV276W_F_5/1024-1024/pack-x6-pcs-lampara-led-vela-e27-6w-luz-fria.jpg,10,,
il-p10llchg146w,"Pack x10 pcs -Lampara LED Gota, E14 6W","Pack x10 pcs -Lampara LED Gota, E14 6W",Chiaro,Iluminación,"Lámparas – Tubos LED, Chiaro, stock-verificado",TRUE,Color,Luz Cálida,P10 LLCH G14 6W:C:U,798.00,,10,deny,https://f.fcdn.app/imgs/7a2128/tienda.iluminica.com/ilumuy/7431/original/catalogo/P10LLCHG146W_C_1/1024-1024/pack-x10-pcs-lampara-led-gota-e14-6w-luz-calida.jpg,1,,
il-p10llchg146w,,,,,,,,Luz Fría,P10 LLCH G14 6W:F:U,798.00,,10,deny,,,,
il-p10llchg146w,,,,,,,,,,,,,,https://f.fcdn.app/imgs/8298e5/tienda.iluminica.com/ilumuy/413d/original/catalogo/P10LLCHG146W_C_2/1024-1024/pack-x10-pcs-lampara-led-gota-e14-6w-luz-calida.jpg,2,,
il-p10llchg146w,,,,,,,,,,,,,,https://f.fcdn.app/imgs/4cb544/tienda.iluminica.com/ilumuy/4a67/original/catalogo/P10LLCHG146W_C_3/1024-1024/pack-x10-pcs-lampara-led-gota-e14-6w-luz-calida.jpg,3,,
il-p10llchg146w,,,,,,,,,,,,,,https://f.fcdn.app/imgs/f52390/tienda.iluminica.com/ilumuy/52d3/original/catalogo/P10LLCHG146W_C_4/1024-1024/pack-x10-pcs-lampara-led-gota-e14-6w-luz-calida.jpg,4,,
il-p10llchg146w,,,,,,,,,,,,,,https://f.fcdn.app/imgs/01a0df/tienda.iluminica.com/ilumuy/d6dd/original/catalogo/P10LLCHG146W_C_5/1024-1024/pack-x10-pcs-lampara-led-gota-e14-6w-luz-calida.jpg,5,,
il-p10llchg146w,,,,,,,,,,,,,,https://f.fcdn.app/imgs/eed7cb/tienda.iluminica.com/ilumuy/7431/original/catalogo/P10LLCHG146W_F_1/1024-1024/pack-x10-pcs-lampara-led-gota-e14-6w-luz-fria.jpg,6,,
il-p10llchg146w,,,,,,,,,,,,,,https://f.fcdn.app/imgs/9bd0b3/tienda.iluminica.com/ilumuy/413d/original/catalogo/P10LLCHG146W_F_2/1024-1024/pack-x10-pcs-lampara-led-gota-e14-6w-luz-fria.jpg,7,,
il-p10llchg146w,,,,,,,,,,,,,,https://f.fcdn.app/imgs/aad445/tienda.iluminica.com/ilumuy/4a67/original/catalogo/P10LLCHG146W_F_3/1024-1024/pack-x10-pcs-lampara-led-gota-e14-6w-luz-fria.jpg,8,,
il-p10llchg146w,,,,,,,,,,,,,,https://f.fcdn.app/imgs/3e7210/tienda.iluminica.com/ilumuy/52d3/original/catalogo/P10LLCHG146W_F_4/1024-1024/pack-x10-pcs-lampara-led-gota-e14-6w-luz-fria.jpg,9,,
il-p10llchg146w,,,,,,,,,,,,,,https://f.fcdn.app/imgs/ea4aef/tienda.iluminica.com/ilumuy/d6dd/original/catalogo/P10LLCHG146W_F_5/1024-1024/pack-x10-pcs-lampara-led-gota-e14-6w-luz-fria.jpg,10,,
il-p10llchg276w,Pack x10 pcs - Lamparas Led Gota 6w E27,Pack x10 pcs - Lamparas Led Gota 6w E27,Chiaro,Iluminación,"Lámparas – Tubos LED, Chiaro, stock-verificado",TRUE,Color,Luz Cálida,P10 LLCH G27 6w:C:U,798.00,,10,deny,https://f.fcdn.app/imgs/9bc350/tienda.iluminica.com/ilumuy/7bd7/original/catalogo/P10LLCHG276w_C_1/1024-1024/pack-x10-pcs-lamparas-led-gota-6w-e27-luz-calida.jpg,1,,
il-p10llchg276w,,,,,,,,Luz Fría,P10 LLCH G27 6w:F:U,798.00,,10,deny,,,,
il-p10llchg276w,,,,,,,,,,,,,,https://f.fcdn.app/imgs/892f2f/tienda.iluminica.com/ilumuy/9271/original/catalogo/P10LLCHG276w_C_2/1024-1024/pack-x10-pcs-lamparas-led-gota-6w-e27-luz-calida.jpg,2,,
il-p10llchg276w,,,,,,,,,,,,,,https://f.fcdn.app/imgs/a6604f/tienda.iluminica.com/ilumuy/b3f1/original/catalogo/P10LLCHG276w_C_3/1024-1024/pack-x10-pcs-lamparas-led-gota-6w-e27-luz-calida.jpg,3,,
il-p10llchg276w,,,,,,,,,,,,,,https://f.fcdn.app/imgs/cce73a/tienda.iluminica.com/ilumuy/0026/original/catalogo/P10LLCHG276w_C_4/1024-1024/pack-x10-pcs-lamparas-led-gota-6w-e27-luz-calida.jpg,4,,
il-p10llchg276w,,,,,,,,,,,,,,https://f.fcdn.app/imgs/145286/tienda.iluminica.com/ilumuy/c705/original/catalogo/P10LLCHG276w_C_5/1024-1024/pack-x10-pcs-lamparas-led-gota-6w-e27-luz-calida.jpg,5,,
il-p10llchg276w,,,,,,,,,,,,,,https://f.fcdn.app/imgs/5e6b6f/tienda.iluminica.com/ilumuy/7bd7/original/catalogo/P10LLCHG276w_F_1/1024-1024/pack-x10-pcs-lamparas-led-gota-6w-e27-luz-fria.jpg,6,,
il-p10llchg276w,,,,,,,,,,,,,,https://f.fcdn.app/imgs/b515f1/tienda.iluminica.com/ilumuy/9271/original/catalogo/P10LLCHG276w_F_2/1024-1024/pack-x10-pcs-lamparas-led-gota-6w-e27-luz-fria.jpg,7,,
il-p10llchg276w,,,,,,,,,,,,,,https://f.fcdn.app/imgs/59971d/tienda.iluminica.com/ilumuy/b3f1/original/catalogo/P10LLCHG276w_F_3/1024-1024/pack-x10-pcs-lamparas-led-gota-6w-e27-luz-fria.jpg,8,,
il-p10llchg276w,,,,,,,,,,,,,,https://f.fcdn.app/imgs/ab6ab6/tienda.iluminica.com/ilumuy/0026/original/catalogo/P10LLCHG276w_F_4/1024-1024/pack-x10-pcs-lamparas-led-gota-6w-e27-luz-fria.jpg,9,,
il-p10llchg276w,,,,,,,,,,,,,,https://f.fcdn.app/imgs/70ffee/tienda.iluminica.com/ilumuy/c705/original/catalogo/P10LLCHG276w_F_5/1024-1024/pack-x10-pcs-lamparas-led-gota-6w-e27-luz-fria.jpg,10,,
il-p10llchv146w,"Pack x10 pcs Lampara LED Vela, E14 6W","Pack x10 pcs Lampara LED Vela, E14 6W",Chiaro,Iluminación,"Lámparas – Tubos LED, Chiaro, stock-verificado",TRUE,Color,Luz Cálida,P10 LLCH V14 6W:C:U,798.00,,10,deny,https://f.fcdn.app/imgs/498881/tienda.iluminica.com/ilumuy/8a88/original/catalogo/P10LLCHV146W_C_1/1024-1024/pack-x10-pcs-lampara-led-vela-e14-6w-luz-calida.jpg,1,,
il-p10llchv146w,,,,,,,,Luz Fría,P10 LLCH V14 6W:F:U,798.00,,10,deny,,,,
il-p10llchv146w,,,,,,,,,,,,,,https://f.fcdn.app/imgs/0568c0/tienda.iluminica.com/ilumuy/58f8/original/catalogo/P10LLCHV146W_C_2/1024-1024/pack-x10-pcs-lampara-led-vela-e14-6w-luz-calida.jpg,2,,
il-p10llchv146w,,,,,,,,,,,,,,https://f.fcdn.app/imgs/3ce477/tienda.iluminica.com/ilumuy/eded/original/catalogo/P10LLCHV146W_C_3/1024-1024/pack-x10-pcs-lampara-led-vela-e14-6w-luz-calida.jpg,3,,
il-p10llchv146w,,,,,,,,,,,,,,https://f.fcdn.app/imgs/d740b7/tienda.iluminica.com/ilumuy/7608/original/catalogo/P10LLCHV146W_C_4/1024-1024/pack-x10-pcs-lampara-led-vela-e14-6w-luz-calida.jpg,4,,
il-p10llchv146w,,,,,,,,,,,,,,https://f.fcdn.app/imgs/bc20a5/tienda.iluminica.com/ilumuy/916d/original/catalogo/P10LLCHV146W_C_5/1024-1024/pack-x10-pcs-lampara-led-vela-e14-6w-luz-calida.jpg,5,,
il-p10llchv146w,,,,,,,,,,,,,,https://f.fcdn.app/imgs/25e883/tienda.iluminica.com/ilumuy/8a88/original/catalogo/P10LLCHV146W_F_1/1024-1024/pack-x10-pcs-lampara-led-vela-e14-6w-luz-fria.jpg,6,,
il-p10llchv146w,,,,,,,,,,,,,,https://f.fcdn.app/imgs/4a2e78/tienda.iluminica.com/ilumuy/58f8/original/catalogo/P10LLCHV146W_F_2/1024-1024/pack-x10-pcs-lampara-led-vela-e14-6w-luz-fria.jpg,7,,
il-p10llchv146w,,,,,,,,,,,,,,https://f.fcdn.app/imgs/c0c3f9/tienda.iluminica.com/ilumuy/eded/original/catalogo/P10LLCHV146W_F_3/1024-1024/pack-x10-pcs-lampara-led-vela-e14-6w-luz-fria.jpg,8,,
il-p10llchv146w,,,,,,,,,,,,,,https://f.fcdn.app/imgs/6c4318/tienda.iluminica.com/ilumuy/7608/original/catalogo/P10LLCHV146W_F_4/1024-1024/pack-x10-pcs-lampara-led-vela-e14-6w-luz-fria.jpg,9,,
il-p10llchv146w,,,,,,,,,,,,,,https://f.fcdn.app/imgs/b2abbe/tienda.iluminica.com/ilumuy/916d/original/catalogo/P10LLCHV146W_F_5/1024-1024/pack-x10-pcs-lampara-led-vela-e14-6w-luz-fria.jpg,10,,
il-p10llchv276w,"Pack x10 pcs Lampara LED Vela, E27 6W","Pack x10 pcs Lampara LED Vela, E27 6W",Chiaro,Iluminación,"Lámparas – Tubos LED, Chiaro, stock-verificado",TRUE,Color,Luz Cálida,P10 LLCH V27 6W:C:U,798.00,,10,deny,https://f.fcdn.app/imgs/887944/tienda.iluminica.com/ilumuy/17e5/original/catalogo/P10LLCHV276W_C_1/1024-1024/pack-x10-pcs-lampara-led-vela-e27-6w-luz-calida.jpg,1,,
il-p10llchv276w,,,,,,,,Luz Fría,P10 LLCH V27 6W:F:U,798.00,,10,deny,,,,
il-p10llchv276w,,,,,,,,,,,,,,https://f.fcdn.app/imgs/7d791c/tienda.iluminica.com/ilumuy/79b5/original/catalogo/P10LLCHV276W_C_2/1024-1024/pack-x10-pcs-lampara-led-vela-e27-6w-luz-calida.jpg,2,,
il-p10llchv276w,,,,,,,,,,,,,,https://f.fcdn.app/imgs/345378/tienda.iluminica.com/ilumuy/3dff/original/catalogo/P10LLCHV276W_C_3/1024-1024/pack-x10-pcs-lampara-led-vela-e27-6w-luz-calida.jpg,3,,
il-p10llchv276w,,,,,,,,,,,,,,https://f.fcdn.app/imgs/4f50d9/tienda.iluminica.com/ilumuy/c6dd/original/catalogo/P10LLCHV276W_C_4/1024-1024/pack-x10-pcs-lampara-led-vela-e27-6w-luz-calida.jpg,4,,
il-p10llchv276w,,,,,,,,,,,,,,https://f.fcdn.app/imgs/a9731d/tienda.iluminica.com/ilumuy/f0b9/original/catalogo/P10LLCHV276W_C_5/1024-1024/pack-x10-pcs-lampara-led-vela-e27-6w-luz-calida.jpg,5,,
il-p10llchv276w,,,,,,,,,,,,,,https://f.fcdn.app/imgs/c5eb87/tienda.iluminica.com/ilumuy/17e5/original/catalogo/P10LLCHV276W_F_1/1024-1024/pack-x10-pcs-lampara-led-vela-e27-6w-luz-fria.jpg,6,,
il-p10llchv276w,,,,,,,,,,,,,,https://f.fcdn.app/imgs/bea497/tienda.iluminica.com/ilumuy/79b5/original/catalogo/P10LLCHV276W_F_2/1024-1024/pack-x10-pcs-lampara-led-vela-e27-6w-luz-fria.jpg,7,,
il-p10llchv276w,,,,,,,,,,,,,,https://f.fcdn.app/imgs/c5405d/tienda.iluminica.com/ilumuy/3dff/original/catalogo/P10LLCHV276W_F_3/1024-1024/pack-x10-pcs-lampara-led-vela-e27-6w-luz-fria.jpg,8,,
il-p10llchv276w,,,,,,,,,,,,,,https://f.fcdn.app/imgs/c6a02e/tienda.iluminica.com/ilumuy/c6dd/original/catalogo/P10LLCHV276W_F_4/1024-1024/pack-x10-pcs-lampara-led-vela-e27-6w-luz-fria.jpg,9,,
il-p10llchv276w,,,,,,,,,,,,,,https://f.fcdn.app/imgs/472e3c/tienda.iluminica.com/ilumuy/f0b9/original/catalogo/P10LLCHV276W_F_5/1024-1024/pack-x10-pcs-lampara-led-vela-e27-6w-luz-fria.jpg,10,,
il-p3llchgu107w,Pack x3 pcs Lamparas LED tipo dicroica GU10 7W,Pack x3 pcs Lamparas LED tipo dicroica GU10 7W,Chiaro,Iluminación,"Lámparas – Tubos LED, Chiaro, stock-verificado",TRUE,Color,Luz Fría,P3 LLCH GU10 7W:F:U,310.00,,10,deny,https://f.fcdn.app/imgs/85963a/tienda.iluminica.com/ilumuy/1209/original/catalogo/P3LLCHGU107W_F_1/1024-1024/pack-x3-pcs-lamparas-led-tipo-dicroica-gu10-7w-luz-fria.jpg,1,,
il-p3llchgu107w,,,,,,,,,,,,,,https://f.fcdn.app/imgs/10e8e0/tienda.iluminica.com/ilumuy/0cb0/original/catalogo/P3LLCHGU107W_F_2/1024-1024/pack-x3-pcs-lamparas-led-tipo-dicroica-gu10-7w-luz-fria.jpg,2,,
il-p3llchgu107w,,,,,,,,,,,,,,https://f.fcdn.app/imgs/7f5f8d/tienda.iluminica.com/ilumuy/133a/original/catalogo/P3LLCHGU107W_F_3/1024-1024/pack-x3-pcs-lamparas-led-tipo-dicroica-gu10-7w-luz-fria.jpg,3,,
il-p3llchgu107w,,,,,,,,,,,,,,https://f.fcdn.app/imgs/ae3897/tienda.iluminica.com/ilumuy/4ab0/original/catalogo/P3LLCHGU107W_F_4/1024-1024/pack-x3-pcs-lamparas-led-tipo-dicroica-gu10-7w-luz-fria.jpg,4,,
il-p3llchgu107w,,,,,,,,,,,,,,https://f.fcdn.app/imgs/d8295a/tienda.iluminica.com/ilumuy/0f63/original/catalogo/P3LLCHGU107W_F_5/1024-1024/pack-x3-pcs-lamparas-led-tipo-dicroica-gu10-7w-luz-fria.jpg,5,,
il-p3llchmr167w,Pack x3 pcs Lampara LED tipo dicroica MR16 7W,Pack x3 pcs Lampara LED tipo dicroica MR16 7W,Chiaro,Iluminación,"Lámparas – Tubos LED, Chiaro, stock-verificado",TRUE,Color,Luz Cálida,P3 LLCH MR16 7W:C:U,310.00,,10,deny,https://f.fcdn.app/imgs/9ca049/tienda.iluminica.com/ilumuy/1da3/original/catalogo/P3LLCHMR167W_C_1/1024-1024/pack-x3-pcs-lampara-led-tipo-dicroica-mr16-7w-luz-calida.jpg,1,,
il-p3llchmr167w,,,,,,,,Luz Fría,P3 LLCH MR16 7W:F:U,310.00,,10,deny,,,,
il-p3llchmr167w,,,,,,,,,,,,,,https://f.fcdn.app/imgs/2ab97e/tienda.iluminica.com/ilumuy/cb56/original/catalogo/P3LLCHMR167W_C_2/1024-1024/pack-x3-pcs-lampara-led-tipo-dicroica-mr16-7w-luz-calida.jpg,2,,
il-p3llchmr167w,,,,,,,,,,,,,,https://f.fcdn.app/imgs/1e7c78/tienda.iluminica.com/ilumuy/f363/original/catalogo/P3LLCHMR167W_C_3/1024-1024/pack-x3-pcs-lampara-led-tipo-dicroica-mr16-7w-luz-calida.jpg,3,,
il-p3llchmr167w,,,,,,,,,,,,,,https://f.fcdn.app/imgs/e08926/tienda.iluminica.com/ilumuy/a370/original/catalogo/P3LLCHMR167W_C_4/1024-1024/pack-x3-pcs-lampara-led-tipo-dicroica-mr16-7w-luz-calida.jpg,4,,
il-p3llchmr167w,,,,,,,,,,,,,,https://f.fcdn.app/imgs/80682a/tienda.iluminica.com/ilumuy/9a97/original/catalogo/P3LLCHMR167W_C_5/1024-1024/pack-x3-pcs-lampara-led-tipo-dicroica-mr16-7w-luz-calida.jpg,5,,
il-p3llchmr167w,,,,,,,,,,,,,,https://f.fcdn.app/imgs/48583f/tienda.iluminica.com/ilumuy/1da3/original/catalogo/P3LLCHMR167W_F_1/1024-1024/pack-x3-pcs-lampara-led-tipo-dicroica-mr16-7w-luz-fria.jpg,6,,
il-p3llchmr167w,,,,,,,,,,,,,,https://f.fcdn.app/imgs/470da7/tienda.iluminica.com/ilumuy/cb56/original/catalogo/P3LLCHMR167W_F_2/1024-1024/pack-x3-pcs-lampara-led-tipo-dicroica-mr16-7w-luz-fria.jpg,7,,
il-p3llchmr167w,,,,,,,,,,,,,,https://f.fcdn.app/imgs/a068ea/tienda.iluminica.com/ilumuy/a370/original/catalogo/P3LLCHMR167W_F_3/1024-1024/pack-x3-pcs-lampara-led-tipo-dicroica-mr16-7w-luz-fria.jpg,8,,
il-p3llchmr167w,,,,,,,,,,,,,,https://f.fcdn.app/imgs/d97ece/tienda.iluminica.com/ilumuy/f363/original/catalogo/P3LLCHMR167W_F_4/1024-1024/pack-x3-pcs-lampara-led-tipo-dicroica-mr16-7w-luz-fria.jpg,9,,
il-p3llchmr167w,,,,,,,,,,,,,,https://f.fcdn.app/imgs/15a0d0/tienda.iluminica.com/ilumuy/9a97/original/catalogo/P3LLCHMR167W_F_5/1024-1024/pack-x3-pcs-lampara-led-tipo-dicroica-mr16-7w-luz-fria.jpg,10,,
il-p4llchgu107w,Pack x4 pcs Lamparas LED tipo dicroica GU10 7W,Pack x4 pcs Lamparas LED tipo dicroica GU10 7W,Chiaro,Iluminación,"Lámparas – Tubos LED, Chiaro, stock-verificado",TRUE,Color,Luz Fría,P4 LLCH GU10 7W:F:U,413.00,,10,deny,https://f.fcdn.app/imgs/8c6f3c/tienda.iluminica.com/ilumuy/98aa/original/catalogo/P4LLCHGU107W_F_1/1024-1024/pack-x4-pcs-lamparas-led-tipo-dicroica-gu10-7w-luz-fria.jpg,1,,
il-p4llchgu107w,,,,,,,,,,,,,,https://f.fcdn.app/imgs/379168/tienda.iluminica.com/ilumuy/0cb0/original/catalogo/P4LLCHGU107W_F_2/1024-1024/pack-x4-pcs-lamparas-led-tipo-dicroica-gu10-7w-luz-fria.jpg,2,,
il-p4llchgu107w,,,,,,,,,,,,,,https://f.fcdn.app/imgs/a3c7c2/tienda.iluminica.com/ilumuy/133a/original/catalogo/P4LLCHGU107W_F_3/1024-1024/pack-x4-pcs-lamparas-led-tipo-dicroica-gu10-7w-luz-fria.jpg,3,,
il-p4llchgu107w,,,,,,,,,,,,,,https://f.fcdn.app/imgs/0513f2/tienda.iluminica.com/ilumuy/4ab0/original/catalogo/P4LLCHGU107W_F_4/1024-1024/pack-x4-pcs-lamparas-led-tipo-dicroica-gu10-7w-luz-fria.jpg,4,,
il-p4llchgu107w,,,,,,,,,,,,,,https://f.fcdn.app/imgs/ee1063/tienda.iluminica.com/ilumuy/0f63/original/catalogo/P4LLCHGU107W_F_5/1024-1024/pack-x4-pcs-lamparas-led-tipo-dicroica-gu10-7w-luz-fria.jpg,5,,
il-p4llchmr167w,Pack x4 pcs Lampara LED tipo dicroica MR16 7W,Pack x4 pcs Lampara LED tipo dicroica MR16 7W,Chiaro,Iluminación,"Lámparas – Tubos LED, Chiaro, stock-verificado",TRUE,Color,Luz Cálida,P4 LLCH MR16 7W:C:U,413.00,,10,deny,https://f.fcdn.app/imgs/6451a4/tienda.iluminica.com/ilumuy/c8e2/original/catalogo/P4LLCHMR167W_C_1/1024-1024/pack-x4-pcs-lampara-led-tipo-dicroica-mr16-7w-luz-calida.jpg,1,,
il-p4llchmr167w,,,,,,,,Luz Fría,P4 LLCH MR16 7W:F:U,413.00,,10,deny,,,,
il-p4llchmr167w,,,,,,,,,,,,,,https://f.fcdn.app/imgs/bf5970/tienda.iluminica.com/ilumuy/cb56/original/catalogo/P4LLCHMR167W_C_2/1024-1024/pack-x4-pcs-lampara-led-tipo-dicroica-mr16-7w-luz-calida.jpg,2,,
il-p4llchmr167w,,,,,,,,,,,,,,https://f.fcdn.app/imgs/39888d/tienda.iluminica.com/ilumuy/f363/original/catalogo/P4LLCHMR167W_C_3/1024-1024/pack-x4-pcs-lampara-led-tipo-dicroica-mr16-7w-luz-calida.jpg,3,,
il-p4llchmr167w,,,,,,,,,,,,,,https://f.fcdn.app/imgs/2cfd0d/tienda.iluminica.com/ilumuy/a370/original/catalogo/P4LLCHMR167W_C_4/1024-1024/pack-x4-pcs-lampara-led-tipo-dicroica-mr16-7w-luz-calida.jpg,4,,
il-p4llchmr167w,,,,,,,,,,,,,,https://f.fcdn.app/imgs/8eb090/tienda.iluminica.com/ilumuy/9a97/original/catalogo/P4LLCHMR167W_C_5/1024-1024/pack-x4-pcs-lampara-led-tipo-dicroica-mr16-7w-luz-calida.jpg,5,,
il-p4llchmr167w,,,,,,,,,,,,,,https://f.fcdn.app/imgs/7e21ef/tienda.iluminica.com/ilumuy/c8e2/original/catalogo/P4LLCHMR167W_F_1/1024-1024/pack-x4-pcs-lampara-led-tipo-dicroica-mr16-7w-luz-fria.jpg,6,,
il-p4llchmr167w,,,,,,,,,,,,,,https://f.fcdn.app/imgs/ceb4c2/tienda.iluminica.com/ilumuy/cb56/original/catalogo/P4LLCHMR167W_F_2/1024-1024/pack-x4-pcs-lampara-led-tipo-dicroica-mr16-7w-luz-fria.jpg,7,,
il-p4llchmr167w,,,,,,,,,,,,,,https://f.fcdn.app/imgs/a311d9/tienda.iluminica.com/ilumuy/f363/original/catalogo/P4LLCHMR167W_F_3/1024-1024/pack-x4-pcs-lampara-led-tipo-dicroica-mr16-7w-luz-fria.jpg,8,,
il-p4llchmr167w,,,,,,,,,,,,,,https://f.fcdn.app/imgs/8ea8da/tienda.iluminica.com/ilumuy/a370/original/catalogo/P4LLCHMR167W_F_4/1024-1024/pack-x4-pcs-lampara-led-tipo-dicroica-mr16-7w-luz-fria.jpg,9,,
il-p4llchmr167w,,,,,,,,,,,,,,https://f.fcdn.app/imgs/60c1af/tienda.iluminica.com/ilumuy/9a97/original/catalogo/P4LLCHMR167W_F_5/1024-1024/pack-x4-pcs-lampara-led-tipo-dicroica-mr16-7w-luz-fria.jpg,10,,
il-p6llchgu107w,Pack x6 pcs Lamparas LED tipo dicroica GU10 7W,Pack x6 pcs Lamparas LED tipo dicroica GU10 7W,Chiaro,Iluminación,"Lámparas – Tubos LED, Chiaro, stock-verificado",TRUE,Color,Luz Fría,P6 LLCH GU10 7W:F:U,619.00,,10,deny,https://f.fcdn.app/imgs/99c57c/tienda.iluminica.com/ilumuy/ce79/original/catalogo/P6LLCHGU107W_F_1/1024-1024/pack-x6-pcs-lamparas-led-tipo-dicroica-gu10-7w-luz-fria.jpg,1,,
il-p6llchgu107w,,,,,,,,,,,,,,https://f.fcdn.app/imgs/131bc8/tienda.iluminica.com/ilumuy/0cb0/original/catalogo/P6LLCHGU107W_F_2/1024-1024/pack-x6-pcs-lamparas-led-tipo-dicroica-gu10-7w-luz-fria.jpg,2,,
il-p6llchgu107w,,,,,,,,,,,,,,https://f.fcdn.app/imgs/cfa207/tienda.iluminica.com/ilumuy/133a/original/catalogo/P6LLCHGU107W_F_3/1024-1024/pack-x6-pcs-lamparas-led-tipo-dicroica-gu10-7w-luz-fria.jpg,3,,
il-p6llchgu107w,,,,,,,,,,,,,,https://f.fcdn.app/imgs/f0cd83/tienda.iluminica.com/ilumuy/4ab0/original/catalogo/P6LLCHGU107W_F_4/1024-1024/pack-x6-pcs-lamparas-led-tipo-dicroica-gu10-7w-luz-fria.jpg,4,,
il-p6llchgu107w,,,,,,,,,,,,,,https://f.fcdn.app/imgs/79a610/tienda.iluminica.com/ilumuy/0f63/original/catalogo/P6LLCHGU107W_F_5/1024-1024/pack-x6-pcs-lamparas-led-tipo-dicroica-gu10-7w-luz-fria.jpg,5,,
il-p6llchmr167w,Pack x6 pcs Lampara LED tipo dicroica MR16 7W,Pack x6 pcs Lampara LED tipo dicroica MR16 7W,Chiaro,Iluminación,"Lámparas – Tubos LED, Chiaro, stock-verificado",TRUE,Color,Luz Cálida,P6 LLCH MR16 7W:C:U,619.00,,10,deny,https://f.fcdn.app/imgs/1338df/tienda.iluminica.com/ilumuy/f132/original/catalogo/P6LLCHMR167W_C_1/1024-1024/pack-x6-pcs-lampara-led-tipo-dicroica-mr16-7w-luz-calida.jpg,1,,
il-p6llchmr167w,,,,,,,,Luz Fría,P6 LLCH MR16 7W:F:U,619.00,,10,deny,,,,
il-p6llchmr167w,,,,,,,,,,,,,,https://f.fcdn.app/imgs/84e4ad/tienda.iluminica.com/ilumuy/cb56/original/catalogo/P6LLCHMR167W_C_2/1024-1024/pack-x6-pcs-lampara-led-tipo-dicroica-mr16-7w-luz-calida.jpg,2,,
il-p6llchmr167w,,,,,,,,,,,,,,https://f.fcdn.app/imgs/d56516/tienda.iluminica.com/ilumuy/f363/original/catalogo/P6LLCHMR167W_C_3/1024-1024/pack-x6-pcs-lampara-led-tipo-dicroica-mr16-7w-luz-calida.jpg,3,,
il-p6llchmr167w,,,,,,,,,,,,,,https://f.fcdn.app/imgs/986002/tienda.iluminica.com/ilumuy/a370/original/catalogo/P6LLCHMR167W_C_4/1024-1024/pack-x6-pcs-lampara-led-tipo-dicroica-mr16-7w-luz-calida.jpg,4,,
il-p6llchmr167w,,,,,,,,,,,,,,https://f.fcdn.app/imgs/a9975b/tienda.iluminica.com/ilumuy/9a97/original/catalogo/P6LLCHMR167W_C_5/1024-1024/pack-x6-pcs-lampara-led-tipo-dicroica-mr16-7w-luz-calida.jpg,5,,
il-p6llchmr167w,,,,,,,,,,,,,,https://f.fcdn.app/imgs/1da74f/tienda.iluminica.com/ilumuy/f132/original/catalogo/P6LLCHMR167W_F_1/1024-1024/pack-x6-pcs-lampara-led-tipo-dicroica-mr16-7w-luz-fria.jpg,6,,
il-p6llchmr167w,,,,,,,,,,,,,,https://f.fcdn.app/imgs/4203f2/tienda.iluminica.com/ilumuy/cb56/original/catalogo/P6LLCHMR167W_F_2/1024-1024/pack-x6-pcs-lampara-led-tipo-dicroica-mr16-7w-luz-fria.jpg,7,,
il-p6llchmr167w,,,,,,,,,,,,,,https://f.fcdn.app/imgs/58a255/tienda.iluminica.com/ilumuy/f363/original/catalogo/P6LLCHMR167W_F_3/1024-1024/pack-x6-pcs-lampara-led-tipo-dicroica-mr16-7w-luz-fria.jpg,8,,
il-p6llchmr167w,,,,,,,,,,,,,,https://f.fcdn.app/imgs/22a1e5/tienda.iluminica.com/ilumuy/a370/original/catalogo/P6LLCHMR167W_F_4/1024-1024/pack-x6-pcs-lampara-led-tipo-dicroica-mr16-7w-luz-fria.jpg,9,,
il-p6llchmr167w,,,,,,,,,,,,,,https://f.fcdn.app/imgs/6b1820/tienda.iluminica.com/ilumuy/9a97/original/catalogo/P6LLCHMR167W_F_5/1024-1024/pack-x6-pcs-lampara-led-tipo-dicroica-mr16-7w-luz-fria.jpg,10,,
il-p10llchgu107w,Pack x10 pcs Lamparas LED tipo dicroica GU10 7W,Pack x10 pcs Lamparas LED tipo dicroica GU10 7W,Chiaro,Iluminación,"Lámparas – Tubos LED, Chiaro, stock-verificado",TRUE,Color,Luz Fría,P10 LLCH GU10 7W:F:U,1032.00,,10,deny,https://f.fcdn.app/imgs/b01456/tienda.iluminica.com/ilumuy/15ca/original/catalogo/P10LLCHGU107W_F_1/1024-1024/pack-x10-pcs-lamparas-led-tipo-dicroica-gu10-7w-luz-fria.jpg,1,,
il-p10llchgu107w,,,,,,,,,,,,,,https://f.fcdn.app/imgs/31fdfb/tienda.iluminica.com/ilumuy/0cb0/original/catalogo/P10LLCHGU107W_F_2/1024-1024/pack-x10-pcs-lamparas-led-tipo-dicroica-gu10-7w-luz-fria.jpg,2,,
il-p10llchgu107w,,,,,,,,,,,,,,https://f.fcdn.app/imgs/c8342a/tienda.iluminica.com/ilumuy/133a/original/catalogo/P10LLCHGU107W_F_3/1024-1024/pack-x10-pcs-lamparas-led-tipo-dicroica-gu10-7w-luz-fria.jpg,3,,
il-p10llchgu107w,,,,,,,,,,,,,,https://f.fcdn.app/imgs/3cbadf/tienda.iluminica.com/ilumuy/4ab0/original/catalogo/P10LLCHGU107W_F_4/1024-1024/pack-x10-pcs-lamparas-led-tipo-dicroica-gu10-7w-luz-fria.jpg,4,,
il-p10llchgu107w,,,,,,,,,,,,,,https://f.fcdn.app/imgs/ec30bf/tienda.iluminica.com/ilumuy/0f63/original/catalogo/P10LLCHGU107W_F_5/1024-1024/pack-x10-pcs-lamparas-led-tipo-dicroica-gu10-7w-luz-fria.jpg,5,,
il-p10llchmr167w,Pack x10 pcs Lampara LED tipo dicroica MR16 7W,Pack x10 pcs Lampara LED tipo dicroica MR16 7W,Chiaro,Iluminación,"Lámparas – Tubos LED, Chiaro, stock-verificado",TRUE,Color,Luz Cálida,P10 LLCH MR16 7W:C:U,1032.00,,10,deny,https://f.fcdn.app/imgs/4b94d2/tienda.iluminica.com/ilumuy/3be6/original/catalogo/P10LLCHMR167W_C_1/1024-1024/pack-x10-pcs-lampara-led-tipo-dicroica-mr16-7w-luz-calida.jpg,1,,
il-p10llchmr167w,,,,,,,,Luz Fría,P10 LLCH MR16 7W:F:U,1032.00,,10,deny,,,,
il-p10llchmr167w,,,,,,,,,,,,,,https://f.fcdn.app/imgs/2b24b8/tienda.iluminica.com/ilumuy/cb56/original/catalogo/P10LLCHMR167W_C_2/1024-1024/pack-x10-pcs-lampara-led-tipo-dicroica-mr16-7w-luz-calida.jpg,2,,
il-p10llchmr167w,,,,,,,,,,,,,,https://f.fcdn.app/imgs/02fbe5/tienda.iluminica.com/ilumuy/f363/original/catalogo/P10LLCHMR167W_C_3/1024-1024/pack-x10-pcs-lampara-led-tipo-dicroica-mr16-7w-luz-calida.jpg,3,,
il-p10llchmr167w,,,,,,,,,,,,,,https://f.fcdn.app/imgs/4c0cf0/tienda.iluminica.com/ilumuy/a370/original/catalogo/P10LLCHMR167W_C_4/1024-1024/pack-x10-pcs-lampara-led-tipo-dicroica-mr16-7w-luz-calida.jpg,4,,
il-p10llchmr167w,,,,,,,,,,,,,,https://f.fcdn.app/imgs/af001c/tienda.iluminica.com/ilumuy/9a97/original/catalogo/P10LLCHMR167W_C_5/1024-1024/pack-x10-pcs-lampara-led-tipo-dicroica-mr16-7w-luz-calida.jpg,5,,
il-p10llchmr167w,,,,,,,,,,,,,,https://f.fcdn.app/imgs/f3f7ce/tienda.iluminica.com/ilumuy/3be6/original/catalogo/P10LLCHMR167W_F_1/1024-1024/pack-x10-pcs-lampara-led-tipo-dicroica-mr16-7w-luz-fria.jpg,6,,
il-p10llchmr167w,,,,,,,,,,,,,,https://f.fcdn.app/imgs/7fabab/tienda.iluminica.com/ilumuy/cb56/original/catalogo/P10LLCHMR167W_F_2/1024-1024/pack-x10-pcs-lampara-led-tipo-dicroica-mr16-7w-luz-fria.jpg,7,,
il-p10llchmr167w,,,,,,,,,,,,,,https://f.fcdn.app/imgs/f3e1fe/tienda.iluminica.com/ilumuy/f363/original/catalogo/P10LLCHMR167W_F_3/1024-1024/pack-x10-pcs-lampara-led-tipo-dicroica-mr16-7w-luz-fria.jpg,8,,
il-p10llchmr167w,,,,,,,,,,,,,,https://f.fcdn.app/imgs/6a298f/tienda.iluminica.com/ilumuy/a370/original/catalogo/P10LLCHMR167W_F_4/1024-1024/pack-x10-pcs-lampara-led-tipo-dicroica-mr16-7w-luz-fria.jpg,9,,
il-p10llchmr167w,,,,,,,,,,,,,,https://f.fcdn.app/imgs/64b5e7/tienda.iluminica.com/ilumuy/9a97/original/catalogo/P10LLCHMR167W_F_5/1024-1024/pack-x10-pcs-lampara-led-tipo-dicroica-mr16-7w-luz-fria.jpg,10,,
il-p2ledfotoe279w,Pack x2 pcs - Lámpara led con Fotocélula 9W E27,Pack x2 pcs - Lámpara led con Fotocélula 9W E27,Chiaro,Iluminación,"Lámparas – Tubos LED, Chiaro, stock-verificado",TRUE,Color,Luz Fría,P2 LED FOTO E27 9W:F:U,555.00,,10,deny,https://f.fcdn.app/imgs/0c634a/tienda.iluminica.com/ilumuy/7371/original/catalogo/P2LEDFOTOE279W_F_1/1024-1024/pack-x2-pcs-lampara-led-con-fotocelula-9w-e27-luz-fria.jpg,1,,
il-p2ledfotoe279w,,,,,,,,Luz Neutra,P2 LED FOTO E27 9W:N:U,555.00,,10,deny,,,,
il-p2ledfotoe279w,,,,,,,,,,,,,,https://f.fcdn.app/imgs/5fb232/tienda.iluminica.com/ilumuy/9904/original/catalogo/P2LEDFOTOE279W_F_2/1024-1024/pack-x2-pcs-lampara-led-con-fotocelula-9w-e27-luz-fria.jpg,2,,
il-p2ledfotoe279w,,,,,,,,,,,,,,https://f.fcdn.app/imgs/8d09b7/tienda.iluminica.com/ilumuy/e5f8/original/catalogo/P2LEDFOTOE279W_F_3/1024-1024/pack-x2-pcs-lampara-led-con-fotocelula-9w-e27-luz-fria.jpg,3,,
il-p2ledfotoe279w,,,,,,,,,,,,,,https://f.fcdn.app/imgs/8a859f/tienda.iluminica.com/ilumuy/b06f/original/catalogo/P2LEDFOTOE279W_F_4/1024-1024/pack-x2-pcs-lampara-led-con-fotocelula-9w-e27-luz-fria.jpg,4,,
il-p2ledfotoe279w,,,,,,,,,,,,,,https://f.fcdn.app/imgs/a86d93/tienda.iluminica.com/ilumuy/7371/original/catalogo/P2LEDFOTOE279W_N_1/1024-1024/pack-x2-pcs-lampara-led-con-fotocelula-9w-e27-luz-neutra.jpg,5,,
il-p2ledfotoe279w,,,,,,,,,,,,,,https://f.fcdn.app/imgs/e7fb61/tienda.iluminica.com/ilumuy/9904/original/catalogo/P2LEDFOTOE279W_N_2/1024-1024/pack-x2-pcs-lampara-led-con-fotocelula-9w-e27-luz-neutra.jpg,6,,
il-p2ledfotoe279w,,,,,,,,,,,,,,https://f.fcdn.app/imgs/0d86bb/tienda.iluminica.com/ilumuy/e5f8/original/catalogo/P2LEDFOTOE279W_N_3/1024-1024/pack-x2-pcs-lampara-led-con-fotocelula-9w-e27-luz-neutra.jpg,7,,
il-p2ledfotoe279w,,,,,,,,,,,,,,https://f.fcdn.app/imgs/8ac88f/tienda.iluminica.com/ilumuy/b06f/original/catalogo/P2LEDFOTOE279W_N_4/1024-1024/pack-x2-pcs-lampara-led-con-fotocelula-9w-e27-luz-neutra.jpg,8,,
il-p3ledfotoe279w,Pack x3 pcs - Lámpara led con Fotocélula 9W E27,Pack x3 pcs - Lámpara led con Fotocélula 9W E27,Chiaro,Iluminación,"Lámparas – Tubos LED, Chiaro, stock-verificado",TRUE,Color,Luz Fría,P3 LED FOTO E27 9W:F:U,833.00,,10,deny,https://f.fcdn.app/imgs/306162/tienda.iluminica.com/ilumuy/59fd/original/catalogo/P3LEDFOTOE279W_F_1/1024-1024/pack-x3-pcs-lampara-led-con-fotocelula-9w-e27-luz-fria.jpg,1,,
il-p3ledfotoe279w,,,,,,,,Luz Neutra,P3 LED FOTO E27 9W:N:U,833.00,,10,deny,,,,
il-p3ledfotoe279w,,,,,,,,,,,,,,https://f.fcdn.app/imgs/c46218/tienda.iluminica.com/ilumuy/9904/original/catalogo/P3LEDFOTOE279W_F_2/1024-1024/pack-x3-pcs-lampara-led-con-fotocelula-9w-e27-luz-fria.jpg,2,,
il-p3ledfotoe279w,,,,,,,,,,,,,,https://f.fcdn.app/imgs/cbbf0f/tienda.iluminica.com/ilumuy/e5f8/original/catalogo/P3LEDFOTOE279W_F_3/1024-1024/pack-x3-pcs-lampara-led-con-fotocelula-9w-e27-luz-fria.jpg,3,,
il-p3ledfotoe279w,,,,,,,,,,,,,,https://f.fcdn.app/imgs/48d37d/tienda.iluminica.com/ilumuy/b06f/original/catalogo/P3LEDFOTOE279W_F_4/1024-1024/pack-x3-pcs-lampara-led-con-fotocelula-9w-e27-luz-fria.jpg,4,,
il-p3ledfotoe279w,,,,,,,,,,,,,,https://f.fcdn.app/imgs/a6b72c/tienda.iluminica.com/ilumuy/59fd/original/catalogo/P3LEDFOTOE279W_N_1/1024-1024/pack-x3-pcs-lampara-led-con-fotocelula-9w-e27-luz-neutra.jpg,5,,
il-p3ledfotoe279w,,,,,,,,,,,,,,https://f.fcdn.app/imgs/43ab41/tienda.iluminica.com/ilumuy/9904/original/catalogo/P3LEDFOTOE279W_N_2/1024-1024/pack-x3-pcs-lampara-led-con-fotocelula-9w-e27-luz-neutra.jpg,6,,
il-p3ledfotoe279w,,,,,,,,,,,,,,https://f.fcdn.app/imgs/faec1e/tienda.iluminica.com/ilumuy/e5f8/original/catalogo/P3LEDFOTOE279W_N_3/1024-1024/pack-x3-pcs-lampara-led-con-fotocelula-9w-e27-luz-neutra.jpg,7,,
il-p3ledfotoe279w,,,,,,,,,,,,,,https://f.fcdn.app/imgs/d57cc7/tienda.iluminica.com/ilumuy/b06f/original/catalogo/P3LEDFOTOE279W_N_4/1024-1024/pack-x3-pcs-lampara-led-con-fotocelula-9w-e27-luz-neutra.jpg,8,,
il-p4ledfotoe279w,Pack x4 pcs - Lámpara led con Fotocélula 9W E27,Pack x4 pcs - Lámpara led con Fotocélula 9W E27,Chiaro,Iluminación,"Lámparas – Tubos LED, Chiaro, stock-verificado",TRUE,Color,Luz Fría,P4 LED FOTO E27 9W:F:U,1111.00,,10,deny,https://f.fcdn.app/imgs/8e486f/tienda.iluminica.com/ilumuy/a2eb/original/catalogo/P4LEDFOTOE279W_F_1/1024-1024/pack-x4-pcs-lampara-led-con-fotocelula-9w-e27-luz-fria.jpg,1,,
il-p4ledfotoe279w,,,,,,,,Luz Neutra,P4 LED FOTO E27 9W:N:U,1111.00,,10,deny,,,,
il-p4ledfotoe279w,,,,,,,,,,,,,,https://f.fcdn.app/imgs/d92c88/tienda.iluminica.com/ilumuy/9904/original/catalogo/P4LEDFOTOE279W_F_2/1024-1024/pack-x4-pcs-lampara-led-con-fotocelula-9w-e27-luz-fria.jpg,2,,
il-p4ledfotoe279w,,,,,,,,,,,,,,https://f.fcdn.app/imgs/a17d33/tienda.iluminica.com/ilumuy/e5f8/original/catalogo/P4LEDFOTOE279W_F_3/1024-1024/pack-x4-pcs-lampara-led-con-fotocelula-9w-e27-luz-fria.jpg,3,,
il-p4ledfotoe279w,,,,,,,,,,,,,,https://f.fcdn.app/imgs/492a6f/tienda.iluminica.com/ilumuy/b06f/original/catalogo/P4LEDFOTOE279W_F_4/1024-1024/pack-x4-pcs-lampara-led-con-fotocelula-9w-e27-luz-fria.jpg,4,,
il-p4ledfotoe279w,,,,,,,,,,,,,,https://f.fcdn.app/imgs/09cb0d/tienda.iluminica.com/ilumuy/a2eb/original/catalogo/P4LEDFOTOE279W_N_1/1024-1024/pack-x4-pcs-lampara-led-con-fotocelula-9w-e27-luz-neutra.jpg,5,,
il-p4ledfotoe279w,,,,,,,,,,,,,,https://f.fcdn.app/imgs/2c9abf/tienda.iluminica.com/ilumuy/9904/original/catalogo/P4LEDFOTOE279W_N_2/1024-1024/pack-x4-pcs-lampara-led-con-fotocelula-9w-e27-luz-neutra.jpg,6,,
il-p4ledfotoe279w,,,,,,,,,,,,,,https://f.fcdn.app/imgs/4f6351/tienda.iluminica.com/ilumuy/e5f8/original/catalogo/P4LEDFOTOE279W_N_3/1024-1024/pack-x4-pcs-lampara-led-con-fotocelula-9w-e27-luz-neutra.jpg,7,,
il-p4ledfotoe279w,,,,,,,,,,,,,,https://f.fcdn.app/imgs/08f1b7/tienda.iluminica.com/ilumuy/b06f/original/catalogo/P4LEDFOTOE279W_N_4/1024-1024/pack-x4-pcs-lampara-led-con-fotocelula-9w-e27-luz-neutra.jpg,8,,
il-aich13,Caminero led de jardín 50 cm 9W,Caminero led de jardín 50 cm 9W,Chiaro,Iluminación,"Camineros, Chiaro, stock-verificado",TRUE,Color,Caminero led de jardín 50 cm 9W,AICH 13::U,4075.00,,10,deny,https://f.fcdn.app/imgs/2393dc/tienda.iluminica.com/ilumuy/ba57/original/catalogo/AICH13_AICH13_1/1024-1024/caminero-led-de-jardin-50-cm-9w-caminero-led-de-jardin-50-cm-9w.jpg,1,,
il-aich13,,,,,,,,,,,,,,https://f.fcdn.app/imgs/592fa2/tienda.iluminica.com/ilumuy/3ca5/original/catalogo/AICH13_AICH13_2/1024-1024/caminero-led-de-jardin-50-cm-9w-caminero-led-de-jardin-50-cm-9w.jpg,2,,
il-aich13,,,,,,,,,,,,,,https://f.fcdn.app/imgs/d4e201/tienda.iluminica.com/ilumuy/726d/original/catalogo/AICH13_AICH13_3/1024-1024/caminero-led-de-jardin-50-cm-9w-caminero-led-de-jardin-50-cm-9w.jpg,3,,
il-aich13,,,,,,,,,,,,,,https://f.fcdn.app/imgs/ab2481/tienda.iluminica.com/ilumuy/b7e2/original/catalogo/AICH13_AICH13_4/1024-1024/caminero-led-de-jardin-50-cm-9w-caminero-led-de-jardin-50-cm-9w.jpg,4,,
il-aich15,Aplique led cubo farol IP65 13W,Aplique led cubo farol IP65 13W,Chiaro,Iluminación,"Camineros, Chiaro, stock-verificado",TRUE,Color,Aplique led cubo farol IP65 13W,AICH 15::U,2719.00,,10,deny,https://f.fcdn.app/imgs/0694e9/tienda.iluminica.com/ilumuy/8407/original/catalogo/AICH15_AICH15_1/1024-1024/aplique-led-cubo-farol-ip65-13w-aplique-led-cubo-farol-ip65-13w.jpg,1,,
il-aich15,,,,,,,,,,,,,,https://f.fcdn.app/imgs/041371/tienda.iluminica.com/ilumuy/e563/original/catalogo/AICH15_AICH15_2/1024-1024/aplique-led-cubo-farol-ip65-13w-aplique-led-cubo-farol-ip65-13w.jpg,2,,
il-aich15,,,,,,,,,,,,,,https://f.fcdn.app/imgs/cbc5a0/tienda.iluminica.com/ilumuy/0bd1/original/catalogo/AICH15_AICH15_3/1024-1024/aplique-led-cubo-farol-ip65-13w-aplique-led-cubo-farol-ip65-13w.jpg,3,,
il-aich15,,,,,,,,,,,,,,https://f.fcdn.app/imgs/9c3566/tienda.iluminica.com/ilumuy/c61f/original/catalogo/AICH15_AICH15_4/1024-1024/aplique-led-cubo-farol-ip65-13w-aplique-led-cubo-farol-ip65-13w.jpg,4,,
il-aich15,,,,,,,,,,,,,,https://f.fcdn.app/imgs/945c1d/tienda.iluminica.com/ilumuy/c845/original/catalogo/AICH15_AICH15_5/1024-1024/aplique-led-cubo-farol-ip65-13w-aplique-led-cubo-farol-ip65-13w.jpg,5,,
il-co05,"Luminaria de vidrio facetada pintado símil cobre , tubular E27","Luminaria de vidrio facetada pintado símil cobre , tubular E27",Chiaro,Iluminación,"Colgantes, Chiaro, stock-verificado",TRUE,Color,"Luminaria de vidrio facetada pintado símil cobre , tubular E27",CO05::U,531.00,1692.00,10,deny,https://f.fcdn.app/imgs/8195dd/tienda.iluminica.com/ilumuy/90e0/original/catalogo/CO05_CO05_1/1024-1024/luminaria-de-vidrio-facetada-pintado-simil-cobre-tubular-e27-luminaria-de-vidrio-facetada-pintado-simil-cobre-tubular-e27.jpg,1,,
il-co05,,,,,,,,,,,,,,https://f.fcdn.app/imgs/17a6b6/tienda.iluminica.com/ilumuy/e23d/original/catalogo/CO05_CO05_2/1024-1024/luminaria-de-vidrio-facetada-pintado-simil-cobre-tubular-e27-luminaria-de-vidrio-facetada-pintado-simil-cobre-tubular-e27.jpg,2,,
il-co05,,,,,,,,,,,,,,https://f.fcdn.app/imgs/543f18/tienda.iluminica.com/ilumuy/514f/original/catalogo/CO05_CO05_3/1024-1024/luminaria-de-vidrio-facetada-pintado-simil-cobre-tubular-e27-luminaria-de-vidrio-facetada-pintado-simil-cobre-tubular-e27.jpg,3,,
il-co05,,,,,,,,,,,,,,https://f.fcdn.app/imgs/50e27d/tienda.iluminica.com/ilumuy/adfc/original/catalogo/CO05_CO05_4/1024-1024/luminaria-de-vidrio-facetada-pintado-simil-cobre-tubular-e27-luminaria-de-vidrio-facetada-pintado-simil-cobre-tubular-e27.jpg,4,,
il-co05,,,,,,,,,,,,,,https://f.fcdn.app/imgs/eec5c7/tienda.iluminica.com/ilumuy/fc55/original/catalogo/CO05_CO05_5/1024-1024/luminaria-de-vidrio-facetada-pintado-simil-cobre-tubular-e27-luminaria-de-vidrio-facetada-pintado-simil-cobre-tubular-e27.jpg,5,,
il-cm19,Aplique Led Bidireccional de Pared tipo spot esfera minimalista,Aplique Led Bidireccional de Pared tipo spot esfera minimalista,Chiaro,Iluminación,"Apliques, Chiaro, stock-verificado",TRUE,Color,BLANCO,-CM19:B:U,2761.00,,10,deny,https://f.fcdn.app/imgs/ecb10c/tienda.iluminica.com/ilumuy/4877/original/catalogo/-CM19_B_1/1024-1024/aplique-led-bidireccional-de-pared-tipo-spot-esfera-minimalista-blanco.jpg,1,,
il-cm19,,,,,,,,NEGRO,-CM19:N:U,2761.00,,10,deny,,,,
il-cm19,,,,,,,,,,,,,,https://f.fcdn.app/imgs/cf5e70/tienda.iluminica.com/ilumuy/bc51/original/catalogo/-CM19_B_2/1024-1024/aplique-led-bidireccional-de-pared-tipo-spot-esfera-minimalista-blanco.jpg,2,,
il-cm19,,,,,,,,,,,,,,https://f.fcdn.app/imgs/ae9a08/tienda.iluminica.com/ilumuy/57d2/original/catalogo/-CM19_B_3/1024-1024/aplique-led-bidireccional-de-pared-tipo-spot-esfera-minimalista-blanco.jpg,3,,
il-cm19,,,,,,,,,,,,,,https://f.fcdn.app/imgs/14764c/tienda.iluminica.com/ilumuy/9b2f/original/catalogo/-CM19_B_4/1024-1024/aplique-led-bidireccional-de-pared-tipo-spot-esfera-minimalista-blanco.jpg,4,,
il-cm19,,,,,,,,,,,,,,https://f.fcdn.app/imgs/395ada/tienda.iluminica.com/ilumuy/325a/original/catalogo/-CM19_B_5/1024-1024/aplique-led-bidireccional-de-pared-tipo-spot-esfera-minimalista-blanco.jpg,5,,
il-cm19,,,,,,,,,,,,,,https://f.fcdn.app/imgs/de7f5b/tienda.iluminica.com/ilumuy/da86/original/catalogo/-CM19_N_1/1024-1024/aplique-led-bidireccional-de-pared-tipo-spot-esfera-minimalista-negro.jpg,6,,
il-cm19,,,,,,,,,,,,,,https://f.fcdn.app/imgs/b4ac43/tienda.iluminica.com/ilumuy/d522/original/catalogo/-CM19_N_2/1024-1024/aplique-led-bidireccional-de-pared-tipo-spot-esfera-minimalista-negro.jpg,7,,
il-cm19,,,,,,,,,,,,,,https://f.fcdn.app/imgs/8505ac/tienda.iluminica.com/ilumuy/ed69/original/catalogo/-CM19_N_3/1024-1024/aplique-led-bidireccional-de-pared-tipo-spot-esfera-minimalista-negro.jpg,8,,
il-cm19,,,,,,,,,,,,,,https://f.fcdn.app/imgs/ec50d2/tienda.iluminica.com/ilumuy/1ee7/original/catalogo/-CM19_N_4/1024-1024/aplique-led-bidireccional-de-pared-tipo-spot-esfera-minimalista-negro.jpg,9,,
il-cm19,,,,,,,,,,,,,,https://f.fcdn.app/imgs/52dfe6/tienda.iluminica.com/ilumuy/455a/original/catalogo/-CM19_N_5/1024-1024/aplique-led-bidireccional-de-pared-tipo-spot-esfera-minimalista-negro.jpg,10,,
il-aich10,Aplique led bidireccional spot circular IP65 7W,Aplique led bidireccional spot circular IP65 7W,Chiaro,Iluminación,"Apliques, Chiaro, stock-verificado",TRUE,Color,Aplique led bidireccional spot circular IP65 7W,AICH 10::U,2450.00,,10,deny,https://f.fcdn.app/imgs/061038/tienda.iluminica.com/ilumuy/54af/original/catalogo/AICH10_AICH10_1/1024-1024/aplique-led-bidireccional-spot-circular-ip65-7w-aplique-led-bidireccional-spot-circular-ip65-7w.jpg,1,,
il-aich10,,,,,,,,,,,,,,https://f.fcdn.app/imgs/f1075f/tienda.iluminica.com/ilumuy/2052/original/catalogo/AICH10_AICH10_2/1024-1024/aplique-led-bidireccional-spot-circular-ip65-7w-aplique-led-bidireccional-spot-circular-ip65-7w.jpg,2,,
il-aich10,,,,,,,,,,,,,,https://f.fcdn.app/imgs/099a46/tienda.iluminica.com/ilumuy/5082/original/catalogo/AICH10_AICH10_3/1024-1024/aplique-led-bidireccional-spot-circular-ip65-7w-aplique-led-bidireccional-spot-circular-ip65-7w.jpg,3,,
il-aich10,,,,,,,,,,,,,,https://f.fcdn.app/imgs/1342c0/tienda.iluminica.com/ilumuy/f78b/original/catalogo/AICH10_AICH10_4/1024-1024/aplique-led-bidireccional-spot-circular-ip65-7w-aplique-led-bidireccional-spot-circular-ip65-7w.jpg,4,,
il-aich10,,,,,,,,,,,,,,https://f.fcdn.app/imgs/0b7b9f/tienda.iluminica.com/ilumuy/3d48/original/catalogo/AICH10_AICH10_5/1024-1024/aplique-led-bidireccional-spot-circular-ip65-7w-aplique-led-bidireccional-spot-circular-ip65-7w.jpg,5,,
il-echr30wdim,"Panel LED 30W, de embutir, empotrar, redondo Dimerizable BLANCO","Panel LED 30W, de embutir, empotrar, redondo Dimerizable BLANCO",Chiaro,Iluminación,"Paneles, Chiaro, stock-verificado",TRUE,Color,"Panel LED 30W, de embutir, empotrar, redondo Dimerizable BLANCO",ECHR 30W DIM::U,1917.00,,10,deny,https://f.fcdn.app/imgs/291871/tienda.iluminica.com/ilumuy/73f3/original/catalogo/ECHR30WDIM_ECHR30WDIM_1/1024-1024/panel-led-30w-de-embutir-empotrar-redondo-dimerizable-blanco-panel-led-30w-de-embutir-empotrar-redondo-dimerizable-blanco.jpg,1,,
il-echr30wdim,,,,,,,,,,,,,,https://f.fcdn.app/imgs/464566/tienda.iluminica.com/ilumuy/cca5/original/catalogo/ECHR30WDIM_ECHR30WDIM_2/1024-1024/panel-led-30w-de-embutir-empotrar-redondo-dimerizable-blanco-panel-led-30w-de-embutir-empotrar-redondo-dimerizable-blanco.jpg,2,,
il-echr30wdim,,,,,,,,,,,,,,https://f.fcdn.app/imgs/3bc304/tienda.iluminica.com/ilumuy/421e/original/catalogo/ECHR30WDIM_ECHR30WDIM_3/1024-1024/panel-led-30w-de-embutir-empotrar-redondo-dimerizable-blanco-panel-led-30w-de-embutir-empotrar-redondo-dimerizable-blanco.jpg,3,,
il-echr30wdim,,,,,,,,,,,,,,https://f.fcdn.app/imgs/5fec0a/tienda.iluminica.com/ilumuy/f93d/original/catalogo/ECHR30WDIM_ECHR30WDIM_4/1024-1024/panel-led-30w-de-embutir-empotrar-redondo-dimerizable-blanco-panel-led-30w-de-embutir-empotrar-redondo-dimerizable-blanco.jpg,4,,
il-echr30wdim,,,,,,,,,,,,,,https://f.fcdn.app/imgs/ea15e4/tienda.iluminica.com/ilumuy/ce4f/original/catalogo/ECHR30WDIM_ECHR30WDIM_5/1024-1024/panel-led-30w-de-embutir-empotrar-redondo-dimerizable-blanco-panel-led-30w-de-embutir-empotrar-redondo-dimerizable-blanco.jpg,5,,
il-dch24w,Driver para paneles led Chiaro 24W - ISOLATED,Driver para paneles led Chiaro 24W - ISOLATED,Chiaro,Accesorios,"Drivers, Chiaro, stock-verificado",TRUE,Color,Driver para paneles led Chiaro 24W - ISOLATED,DCH 24W::U,223.00,,10,deny,https://f.fcdn.app/imgs/29039f/tienda.iluminica.com/ilumuy/d8a1/original/catalogo/DCH24W_DCH24W_1/1024-1024/driver-para-paneles-led-chiaro-24w-isolated-driver-para-paneles-led-chiaro-24w-isolated.jpg,1,,
il-echc12w,"Panel LED 12W, de embutir, empotrar, cuadrado BLANCO","Panel LED 12W, de embutir, empotrar, cuadrado BLANCO",Chiaro,Iluminación,"Paneles, Chiaro, stock-verificado",TRUE,Color,Cálido 3000K,ECHC 12W:C:U,213.00,,10,deny,https://f.fcdn.app/imgs/a38b97/tienda.iluminica.com/ilumuy/3c0e/original/catalogo/ECHC12W_C_1/1024-1024/panel-led-12w-de-embutir-empotrar-cuadrado-blanco-calido-3000k.jpg,1,,
il-echc12w,,,,,,,,Frío 6500K,ECHC 12W:F:U,213.00,,10,deny,,,,
il-echc12w,,,,,,,,Neutro 4000K,ECHC 12W:N:U,213.00,,10,deny,,,,
il-echc12w,,,,,,,,,,,,,,https://f.fcdn.app/imgs/837713/tienda.iluminica.com/ilumuy/f416/original/catalogo/ECHC12W_C_2/1024-1024/panel-led-12w-de-embutir-empotrar-cuadrado-blanco-calido-3000k.jpg,2,,
il-echc12w,,,,,,,,,,,,,,https://f.fcdn.app/imgs/cbe16b/tienda.iluminica.com/ilumuy/3ac1/original/catalogo/ECHC12W_C_3/1024-1024/panel-led-12w-de-embutir-empotrar-cuadrado-blanco-calido-3000k.jpg,3,,
il-echc12w,,,,,,,,,,,,,,https://f.fcdn.app/imgs/01d91e/tienda.iluminica.com/ilumuy/02be/original/catalogo/ECHC12W_C_4/1024-1024/panel-led-12w-de-embutir-empotrar-cuadrado-blanco-calido-3000k.jpg,4,,
il-echc12w,,,,,,,,,,,,,,https://f.fcdn.app/imgs/a1cc37/tienda.iluminica.com/ilumuy/3cdb/original/catalogo/ECHC12W_C_5/1024-1024/panel-led-12w-de-embutir-empotrar-cuadrado-blanco-calido-3000k.jpg,5,,
il-echc12w,,,,,,,,,,,,,,https://f.fcdn.app/imgs/8763b0/tienda.iluminica.com/ilumuy/3c0e/original/catalogo/ECHC12W_F_1/1024-1024/panel-led-12w-de-embutir-empotrar-cuadrado-blanco-frio-6500k.jpg,6,,
il-echc12w,,,,,,,,,,,,,,https://f.fcdn.app/imgs/017d30/tienda.iluminica.com/ilumuy/f416/original/catalogo/ECHC12W_F_2/1024-1024/panel-led-12w-de-embutir-empotrar-cuadrado-blanco-frio-6500k.jpg,7,,
il-echc12w,,,,,,,,,,,,,,https://f.fcdn.app/imgs/6b217f/tienda.iluminica.com/ilumuy/3ac1/original/catalogo/ECHC12W_F_3/1024-1024/panel-led-12w-de-embutir-empotrar-cuadrado-blanco-frio-6500k.jpg,8,,
il-echc12w,,,,,,,,,,,,,,https://f.fcdn.app/imgs/3444d7/tienda.iluminica.com/ilumuy/02be/original/catalogo/ECHC12W_F_4/1024-1024/panel-led-12w-de-embutir-empotrar-cuadrado-blanco-frio-6500k.jpg,9,,
il-echc12w,,,,,,,,,,,,,,https://f.fcdn.app/imgs/eecf47/tienda.iluminica.com/ilumuy/3cdb/original/catalogo/ECHC12W_F_5/1024-1024/panel-led-12w-de-embutir-empotrar-cuadrado-blanco-frio-6500k.jpg,10,,
il-echc12w,,,,,,,,,,,,,,https://f.fcdn.app/imgs/c31bf1/tienda.iluminica.com/ilumuy/3c0e/original/catalogo/ECHC12W_N_1/1024-1024/panel-led-12w-de-embutir-empotrar-cuadrado-blanco-neutro-4000k.jpg,11,,
il-echc12w,,,,,,,,,,,,,,https://f.fcdn.app/imgs/d653eb/tienda.iluminica.com/ilumuy/f416/original/catalogo/ECHC12W_N_2/1024-1024/panel-led-12w-de-embutir-empotrar-cuadrado-blanco-neutro-4000k.jpg,12,,
il-echc12w,,,,,,,,,,,,,,https://f.fcdn.app/imgs/f12f14/tienda.iluminica.com/ilumuy/3ac1/original/catalogo/ECHC12W_N_3/1024-1024/panel-led-12w-de-embutir-empotrar-cuadrado-blanco-neutro-4000k.jpg,13,,
il-echc12w,,,,,,,,,,,,,,https://f.fcdn.app/imgs/274701/tienda.iluminica.com/ilumuy/02be/original/catalogo/ECHC12W_N_4/1024-1024/panel-led-12w-de-embutir-empotrar-cuadrado-blanco-neutro-4000k.jpg,14,,
il-echc12w,,,,,,,,,,,,,,https://f.fcdn.app/imgs/679f79/tienda.iluminica.com/ilumuy/3cdb/original/catalogo/ECHC12W_N_5/1024-1024/panel-led-12w-de-embutir-empotrar-cuadrado-blanco-neutro-4000k.jpg,15,,
il-cc14,Portátil prisma de cemento E27,Portátil prisma de cemento E27,Chiaro,Iluminación,"Portátiles, Chiaro, stock-verificado",TRUE,Color,Portátil prisma de cemento E27,CC14::U,841.00,,10,deny,https://f.fcdn.app/imgs/eda8f1/tienda.iluminica.com/ilumuy/a36a/original/catalogo/CC14_CC14_1/1024-1024/portatil-prisma-de-cemento-e27-portatil-prisma-de-cemento-e27.jpg,1,,
il-cc14,,,,,,,,,,,,,,https://f.fcdn.app/imgs/6f92bf/tienda.iluminica.com/ilumuy/d762/original/catalogo/CC14_CC14_2/1024-1024/portatil-prisma-de-cemento-e27-portatil-prisma-de-cemento-e27.jpg,2,,
il-cc14,,,,,,,,,,,,,,https://f.fcdn.app/imgs/eb3381/tienda.iluminica.com/ilumuy/dced/original/catalogo/CC14_CC14_3/1024-1024/portatil-prisma-de-cemento-e27-portatil-prisma-de-cemento-e27.jpg,3,,
il-cc14,,,,,,,,,,,,,,https://f.fcdn.app/imgs/8bf2ba/tienda.iluminica.com/ilumuy/e4ef/original/catalogo/CC14_CC14_4/1024-1024/portatil-prisma-de-cemento-e27-portatil-prisma-de-cemento-e27.jpg,4,,
il-cc14,,,,,,,,,,,,,,https://f.fcdn.app/imgs/80d2c5/tienda.iluminica.com/ilumuy/4a57/original/catalogo/CC14_CC14_5/1024-1024/portatil-prisma-de-cemento-e27-portatil-prisma-de-cemento-e27.jpg,5,,
il-p3chf12w,Pack x 3 pcs - Lámpara led estándar 12W E27,Pack x 3 pcs - Lámpara led estándar 12W E27,Chiaro,Iluminación,"Lámparas – Tubos LED, Chiaro, stock-verificado",TRUE,Color,Luz Cálida,P3 CHF 12W:C:U,242.00,,10,deny,https://f.fcdn.app/imgs/54dbbb/tienda.iluminica.com/ilumuy/8a77/original/catalogo/P3CHF12W_C_1/1024-1024/pack-x-3-pcs-lampara-led-estandar-12w-e27-luz-calida.jpg,1,,
il-p3chf12w,,,,,,,,Luz Fría,P3 CHF 12W:F:U,242.00,,10,deny,,,,
il-p3chf12w,,,,,,,,,,,,,,https://f.fcdn.app/imgs/2dc972/tienda.iluminica.com/ilumuy/44e2/original/catalogo/P3CHF12W_C_2/1024-1024/pack-x-3-pcs-lampara-led-estandar-12w-e27-luz-calida.jpg,2,,
il-p3chf12w,,,,,,,,,,,,,,https://f.fcdn.app/imgs/dbec0d/tienda.iluminica.com/ilumuy/3c4d/original/catalogo/P3CHF12W_C_3/1024-1024/pack-x-3-pcs-lampara-led-estandar-12w-e27-luz-calida.jpg,3,,
il-p3chf12w,,,,,,,,,,,,,,https://f.fcdn.app/imgs/a97774/tienda.iluminica.com/ilumuy/80ca/original/catalogo/P3CHF12W_C_4/1024-1024/pack-x-3-pcs-lampara-led-estandar-12w-e27-luz-calida.jpg,4,,
il-p3chf12w,,,,,,,,,,,,,,https://f.fcdn.app/imgs/ebdb50/tienda.iluminica.com/ilumuy/a7ac/original/catalogo/P3CHF12W_C_5/1024-1024/pack-x-3-pcs-lampara-led-estandar-12w-e27-luz-calida.jpg,5,,
il-p3chf12w,,,,,,,,,,,,,,https://f.fcdn.app/imgs/5ee65e/tienda.iluminica.com/ilumuy/8a77/original/catalogo/P3CHF12W_F_1/1024-1024/pack-x-3-pcs-lampara-led-estandar-12w-e27-luz-fria.jpg,6,,
il-p3chf12w,,,,,,,,,,,,,,https://f.fcdn.app/imgs/9231ef/tienda.iluminica.com/ilumuy/44e2/original/catalogo/P3CHF12W_F_2/1024-1024/pack-x-3-pcs-lampara-led-estandar-12w-e27-luz-fria.jpg,7,,
il-p3chf12w,,,,,,,,,,,,,,https://f.fcdn.app/imgs/330e2c/tienda.iluminica.com/ilumuy/80ca/original/catalogo/P3CHF12W_F_3/1024-1024/pack-x-3-pcs-lampara-led-estandar-12w-e27-luz-fria.jpg,8,,
il-p3chf12w,,,,,,,,,,,,,,https://f.fcdn.app/imgs/30495b/tienda.iluminica.com/ilumuy/3c4d/original/catalogo/P3CHF12W_F_4/1024-1024/pack-x-3-pcs-lampara-led-estandar-12w-e27-luz-fria.jpg,9,,
il-p3chf12w,,,,,,,,,,,,,,https://f.fcdn.app/imgs/6abe77/tienda.iluminica.com/ilumuy/a7ac/original/catalogo/P3CHF12W_F_5/1024-1024/pack-x-3-pcs-lampara-led-estandar-12w-e27-luz-fria.jpg,10,,
il-p3llche11wc,Pack x 3 Lámparas led estándar 11w E27 CHIP SAMSUNG Luz cálida,Pack x 3 Lámparas led estándar 11w E27 CHIP SAMSUNG Luz cálida,Chiaro,Iluminación,"Lámparas – Tubos LED, Chiaro, stock-verificado",TRUE,Color,Pack x 3 Lámparas led estándar 11w E27 CHIP SAMSUNG Luz cálida,P3 LLCHE 11WC::U,107.00,478.00,10,deny,https://f.fcdn.app/imgs/7b060e/tienda.iluminica.com/ilumuy/9204/original/catalogo/P3LLCHE11WC_P3LLCHE11WC_1/1024-1024/pack-x-3-lamparas-led-estandar-11w-e27-chip-samsung-luz-calida-pack-x-3-lamparas-led-estandar-11w-e27-chip-samsung-luz-calida.jpg,1,,
il-p3llche11wc,,,,,,,,,,,,,,https://f.fcdn.app/imgs/f5ba21/tienda.iluminica.com/ilumuy/1ad3/original/catalogo/P3LLCHE11WC_P3LLCHE11WC_2/1024-1024/pack-x-3-lamparas-led-estandar-11w-e27-chip-samsung-luz-calida-pack-x-3-lamparas-led-estandar-11w-e27-chip-samsung-luz-calida.jpg,2,,
il-p3llche11wc,,,,,,,,,,,,,,https://f.fcdn.app/imgs/2f6607/tienda.iluminica.com/ilumuy/4a9d/original/catalogo/P3LLCHE11WC_P3LLCHE11WC_3/1024-1024/pack-x-3-lamparas-led-estandar-11w-e27-chip-samsung-luz-calida-pack-x-3-lamparas-led-estandar-11w-e27-chip-samsung-luz-calida.jpg,3,,
il-p3llche11wc,,,,,,,,,,,,,,https://f.fcdn.app/imgs/54c1b0/tienda.iluminica.com/ilumuy/bdc4/original/catalogo/P3LLCHE11WC_P3LLCHE11WC_4/1024-1024/pack-x-3-lamparas-led-estandar-11w-e27-chip-samsung-luz-calida-pack-x-3-lamparas-led-estandar-11w-e27-chip-samsung-luz-calida.jpg,4,,
il-cc02,Colgante Jaula negra y cemento natural 26*29cm,Colgante Jaula negra y cemento natural 26*29cm,Chiaro,Iluminación,"Colgantes, Chiaro, stock-verificado",TRUE,Color,Colgante Jaula negra y cemento natural 26*29cm,CC02::U,1043.00,2095.00,10,deny,https://f.fcdn.app/imgs/70abac/tienda.iluminica.com/ilumuy/e864/original/catalogo/CC02_CC02_1/1024-1024/colgante-jaula-negra-y-cemento-natural-26-29cm-colgante-jaula-negra-y-cemento-natural-26-29cm.jpg,1,,
il-cc02,,,,,,,,,,,,,,https://f.fcdn.app/imgs/f65c61/tienda.iluminica.com/ilumuy/abd1/original/catalogo/CC02_CC02_2/1024-1024/colgante-jaula-negra-y-cemento-natural-26-29cm-colgante-jaula-negra-y-cemento-natural-26-29cm.jpg,2,,
il-cc02,,,,,,,,,,,,,,https://f.fcdn.app/imgs/4646c5/tienda.iluminica.com/ilumuy/4719/original/catalogo/CC02_CC02_3/1024-1024/colgante-jaula-negra-y-cemento-natural-26-29cm-colgante-jaula-negra-y-cemento-natural-26-29cm.jpg,3,,
il-cc02,,,,,,,,,,,,,,https://f.fcdn.app/imgs/6c8747/tienda.iluminica.com/ilumuy/faa6/original/catalogo/CC02_CC02_4/1024-1024/colgante-jaula-negra-y-cemento-natural-26-29cm-colgante-jaula-negra-y-cemento-natural-26-29cm.jpg,4,,
il-cc02,,,,,,,,,,,,,,https://f.fcdn.app/imgs/262a24/tienda.iluminica.com/ilumuy/d19f/original/catalogo/CC02_CC02_5/1024-1024/colgante-jaula-negra-y-cemento-natural-26-29cm-colgante-jaula-negra-y-cemento-natural-26-29cm.jpg,5,,
il-cc05,Colgante Jaula negra y cemento Terracota Cilindrica 12*30cm,Colgante Jaula negra y cemento Terracota Cilindrica 12*30cm,Chiaro,Iluminación,"Colgantes, Chiaro, stock-verificado",TRUE,Color,Colgante Jaula negra y cemento Terracota Cilindrica 12*30cm,CC05::U,1043.00,2213.00,10,deny,https://f.fcdn.app/imgs/5aa65f/tienda.iluminica.com/ilumuy/63e7/original/catalogo/CC05_CC05_1/1024-1024/colgante-jaula-negra-y-cemento-terracota-cilindrica-12-30cm-colgante-jaula-negra-y-cemento-terracota-cilindrica-12-30cm.jpg,1,,
il-cc05,,,,,,,,,,,,,,https://f.fcdn.app/imgs/1b9fba/tienda.iluminica.com/ilumuy/323a/original/catalogo/CC05_CC05_2/1024-1024/colgante-jaula-negra-y-cemento-terracota-cilindrica-12-30cm-colgante-jaula-negra-y-cemento-terracota-cilindrica-12-30cm.jpg,2,,
il-cc05,,,,,,,,,,,,,,https://f.fcdn.app/imgs/18f835/tienda.iluminica.com/ilumuy/1afb/original/catalogo/CC05_CC05_3/1024-1024/colgante-jaula-negra-y-cemento-terracota-cilindrica-12-30cm-colgante-jaula-negra-y-cemento-terracota-cilindrica-12-30cm.jpg,3,,
il-cc05,,,,,,,,,,,,,,https://f.fcdn.app/imgs/fdff92/tienda.iluminica.com/ilumuy/d19f/original/catalogo/CC05_CC05_4/1024-1024/colgante-jaula-negra-y-cemento-terracota-cilindrica-12-30cm-colgante-jaula-negra-y-cemento-terracota-cilindrica-12-30cm.jpg,4,,
il-cc05,,,,,,,,,,,,,,https://f.fcdn.app/imgs/11cb4d/tienda.iluminica.com/ilumuy/3470/original/catalogo/CC05_CC05_5/1024-1024/colgante-jaula-negra-y-cemento-terracota-cilindrica-12-30cm-colgante-jaula-negra-y-cemento-terracota-cilindrica-12-30cm.jpg,5,,
il-co01,Colgante de aluminio símil cobre martillada E27,Colgante de aluminio símil cobre martillada E27,Chiaro,Iluminación,"Colgantes, Chiaro, stock-verificado",TRUE,Color,Colgante de aluminio símil cobre martillada E27,CO01::U,1905.00,2681.00,10,deny,https://f.fcdn.app/imgs/fe3c07/tienda.iluminica.com/ilumuy/bd9b/original/catalogo/CO01_CO01_1/1024-1024/colgante-de-aluminio-simil-cobre-martillada-e27-colgante-de-aluminio-simil-cobre-martillada-e27.jpg,1,,
il-co01,,,,,,,,,,,,,,https://f.fcdn.app/imgs/bea727/tienda.iluminica.com/ilumuy/3438/original/catalogo/CO01_CO01_2/1024-1024/colgante-de-aluminio-simil-cobre-martillada-e27-colgante-de-aluminio-simil-cobre-martillada-e27.jpg,2,,
il-co01,,,,,,,,,,,,,,https://f.fcdn.app/imgs/7167bc/tienda.iluminica.com/ilumuy/be59/original/catalogo/CO01_CO01_3/1024-1024/colgante-de-aluminio-simil-cobre-martillada-e27-colgante-de-aluminio-simil-cobre-martillada-e27.jpg,3,,
il-co01,,,,,,,,,,,,,,https://f.fcdn.app/imgs/b2bb77/tienda.iluminica.com/ilumuy/4922/original/catalogo/CO01_CO01_4/1024-1024/colgante-de-aluminio-simil-cobre-martillada-e27-colgante-de-aluminio-simil-cobre-martillada-e27.jpg,4,,
il-co01,,,,,,,,,,,,,,https://f.fcdn.app/imgs/2a7272/tienda.iluminica.com/ilumuy/c984/original/catalogo/CO01_CO01_5/1024-1024/colgante-de-aluminio-simil-cobre-martillada-e27-colgante-de-aluminio-simil-cobre-martillada-e27.jpg,5,,
il-aich05,Aplique led plano unidireccional IP65 10W,Aplique led plano unidireccional IP65 10W,Chiaro,Iluminación,"Apliques, Chiaro, stock-verificado",TRUE,Color,Aplique led plano unidireccional IP65 10W,AICH 05::U,2075.00,,10,deny,https://f.fcdn.app/imgs/f99b11/tienda.iluminica.com/ilumuy/c1b0/original/catalogo/AICH05_AICH05_1/1024-1024/aplique-led-plano-unidireccional-ip65-10w-aplique-led-plano-unidireccional-ip65-10w.jpg,1,,
il-aich05,,,,,,,,,,,,,,https://f.fcdn.app/imgs/4fbb25/tienda.iluminica.com/ilumuy/bd69/original/catalogo/AICH05_AICH05_2/1024-1024/aplique-led-plano-unidireccional-ip65-10w-aplique-led-plano-unidireccional-ip65-10w.jpg,2,,
il-aich05,,,,,,,,,,,,,,https://f.fcdn.app/imgs/065db2/tienda.iluminica.com/ilumuy/49f8/original/catalogo/AICH05_AICH05_3/1024-1024/aplique-led-plano-unidireccional-ip65-10w-aplique-led-plano-unidireccional-ip65-10w.jpg,3,,
il-aich05,,,,,,,,,,,,,,https://f.fcdn.app/imgs/21e083/tienda.iluminica.com/ilumuy/8e83/original/catalogo/AICH05_AICH05_4/1024-1024/aplique-led-plano-unidireccional-ip65-10w-aplique-led-plano-unidireccional-ip65-10w.jpg,4,,
il-aich05,,,,,,,,,,,,,,https://f.fcdn.app/imgs/951e4f/tienda.iluminica.com/ilumuy/4499/original/catalogo/AICH05_AICH05_5/1024-1024/aplique-led-plano-unidireccional-ip65-10w-aplique-led-plano-unidireccional-ip65-10w.jpg,5,,
il-clch100w,Campana Led 100w Ufo-ip65 Alta potencia 6500K,Campana Led 100w Ufo-ip65 Alta potencia 6500K,Chiaro,Iluminación,"Campanas LED, Chiaro, stock-verificado",TRUE,Color,Campana Led 100w Ufo-ip65 Alta potencia 6500K,CLCH 100W::U,3067.00,,10,deny,https://f.fcdn.app/imgs/f612eb/tienda.iluminica.com/ilumuy/f0ef/original/catalogo/CLCH100W_CLCH100W_1/1024-1024/campana-led-100w-ufo-ip65-alta-potencia-6500k-campana-led-100w-ufo-ip65-alta-potencia-6500k.jpg,1,,
il-clch100w,,,,,,,,,,,,,,https://f.fcdn.app/imgs/971d12/tienda.iluminica.com/ilumuy/512c/original/catalogo/CLCH100W_CLCH100W_2/1024-1024/campana-led-100w-ufo-ip65-alta-potencia-6500k-campana-led-100w-ufo-ip65-alta-potencia-6500k.jpg,2,,
il-clch100w,,,,,,,,,,,,,,https://f.fcdn.app/imgs/8fbcfc/tienda.iluminica.com/ilumuy/2c84/original/catalogo/CLCH100W_CLCH100W_3/1024-1024/campana-led-100w-ufo-ip65-alta-potencia-6500k-campana-led-100w-ufo-ip65-alta-potencia-6500k.jpg,3,,
il-clch100w,,,,,,,,,,,,,,https://f.fcdn.app/imgs/5efe37/tienda.iluminica.com/ilumuy/4006/original/catalogo/CLCH100W_CLCH100W_4/1024-1024/campana-led-100w-ufo-ip65-alta-potencia-6500k-campana-led-100w-ufo-ip65-alta-potencia-6500k.jpg,4,,
il-clch100w,,,,,,,,,,,,,,https://f.fcdn.app/imgs/91278b/tienda.iluminica.com/ilumuy/7f3c/original/catalogo/CLCH100W_CLCH100W_5/1024-1024/campana-led-100w-ufo-ip65-alta-potencia-6500k-campana-led-100w-ufo-ip65-alta-potencia-6500k.jpg,5,,
il-clchm150wf,Campana led Modelo MOON 150W 6500K,Campana led Modelo MOON 150W 6500K,Chiaro,Iluminación,"Campanas LED, Chiaro, stock-verificado",TRUE,Color,Campana led Modelo MOON 150W 6500K,CLCHM 150WF::U,3855.00,,10,deny,https://f.fcdn.app/imgs/0bd9f0/tienda.iluminica.com/ilumuy/366e/original/catalogo/CLCHM150WF_CLCHM150WF_1/1024-1024/campana-led-modelo-moon-150w-6500k-campana-led-modelo-moon-150w-6500k.jpg,1,,
il-clchm150wf,,,,,,,,,,,,,,https://f.fcdn.app/imgs/345a6e/tienda.iluminica.com/ilumuy/512c/original/catalogo/CLCHM150WF_CLCHM150WF_2/1024-1024/campana-led-modelo-moon-150w-6500k-campana-led-modelo-moon-150w-6500k.jpg,2,,
il-clchm150wf,,,,,,,,,,,,,,https://f.fcdn.app/imgs/b381a3/tienda.iluminica.com/ilumuy/8128/original/catalogo/CLCHM150WF_CLCHM150WF_3/1024-1024/campana-led-modelo-moon-150w-6500k-campana-led-modelo-moon-150w-6500k.jpg,3,,
il-clchm150wf,,,,,,,,,,,,,,https://f.fcdn.app/imgs/30bd3e/tienda.iluminica.com/ilumuy/cf75/original/catalogo/CLCHM150WF_CLCHM150WF_4/1024-1024/campana-led-modelo-moon-150w-6500k-campana-led-modelo-moon-150w-6500k.jpg,4,,
il-cv07,Luminaria de vidrio ahumado pequeña 10*17cm,Luminaria de vidrio ahumado pequeña 10*17cm,Chiaro,Iluminación,"Colgantes, Chiaro, stock-verificado",TRUE,Color,Luminaria de vidrio ahumado pequeña 10*17cm,CV07::U,1276.00,,10,deny,https://f.fcdn.app/imgs/81f98f/tienda.iluminica.com/ilumuy/0917/original/catalogo/CV07_CV07_1/1024-1024/luminaria-de-vidrio-ahumado-pequena-10-17cm-luminaria-de-vidrio-ahumado-pequena-10-17cm.jpg,1,,
il-cv07,,,,,,,,,,,,,,https://f.fcdn.app/imgs/27674c/tienda.iluminica.com/ilumuy/cc36/original/catalogo/CV07_CV07_2/1024-1024/luminaria-de-vidrio-ahumado-pequena-10-17cm-luminaria-de-vidrio-ahumado-pequena-10-17cm.jpg,2,,
il-cv07,,,,,,,,,,,,,,https://f.fcdn.app/imgs/00a4fd/tienda.iluminica.com/ilumuy/a1b8/original/catalogo/CV07_CV07_3/1024-1024/luminaria-de-vidrio-ahumado-pequena-10-17cm-luminaria-de-vidrio-ahumado-pequena-10-17cm.jpg,3,,
il-cv07,,,,,,,,,,,,,,https://f.fcdn.app/imgs/9c5b21/tienda.iluminica.com/ilumuy/6e3d/original/catalogo/CV07_CV07_4/1024-1024/luminaria-de-vidrio-ahumado-pequena-10-17cm-luminaria-de-vidrio-ahumado-pequena-10-17cm.jpg,4,,
il-cv07,,,,,,,,,,,,,,https://f.fcdn.app/imgs/c45ab5/tienda.iluminica.com/ilumuy/bfad/original/catalogo/CV07_CV07_5/1024-1024/luminaria-de-vidrio-ahumado-pequena-10-17cm-luminaria-de-vidrio-ahumado-pequena-10-17cm.jpg,5,,
il-dch6w,Driver para paneles led chiaro 6w - ISOLATED,Driver para paneles led chiaro 6w - ISOLATED,Chiaro,Accesorios,"Drivers, Chiaro, stock-verificado",TRUE,Color,Driver para paneles led chiaro 6w - ISOLATED,DCH 6W::U,85.00,,10,deny,https://f.fcdn.app/imgs/55a721/tienda.iluminica.com/ilumuy/d8a1/original/catalogo/DCH6W_DCH6W_1/1024-1024/driver-para-paneles-led-chiaro-6w-isolated-driver-para-paneles-led-chiaro-6w-isolated.jpg,1,,
il-r2ch1,Riel electrificado de aluminio - 2 vías para spot de riel 1 mts,Riel electrificado de aluminio - 2 vías para spot de riel 1 mts,Chiaro,Iluminación,"Rieles, Chiaro, stock-verificado",TRUE,Color,BLANCO,R2CH 1:B:U,415.00,521.00,10,deny,https://f.fcdn.app/imgs/a8d26a/tienda.iluminica.com/ilumuy/2a4c/original/catalogo/R2CH1_B_1/1024-1024/riel-electrificado-de-aluminio-2-vias-para-spot-de-riel-1-mts-blanco.jpg,1,,
il-r2ch1,,,,,,,,NEGRO,R2CH 1:N:U,415.00,521.00,10,deny,,,,
il-r2ch1,,,,,,,,,,,,,,https://f.fcdn.app/imgs/3cdd23/tienda.iluminica.com/ilumuy/b5cf/original/catalogo/R2CH1_B_2/1024-1024/riel-electrificado-de-aluminio-2-vias-para-spot-de-riel-1-mts-blanco.jpg,2,,
il-r2ch1,,,,,,,,,,,,,,https://f.fcdn.app/imgs/461201/tienda.iluminica.com/ilumuy/7323/original/catalogo/R2CH1_B_3/1024-1024/riel-electrificado-de-aluminio-2-vias-para-spot-de-riel-1-mts-blanco.jpg,3,,
il-r2ch1,,,,,,,,,,,,,,https://f.fcdn.app/imgs/cdb415/tienda.iluminica.com/ilumuy/6081/original/catalogo/R2CH1_N_1/1024-1024/riel-electrificado-de-aluminio-2-vias-para-spot-de-riel-1-mts-negro.jpg,4,,
il-r2ch1,,,,,,,,,,,,,,https://f.fcdn.app/imgs/0f2cdd/tienda.iluminica.com/ilumuy/2aed/original/catalogo/R2CH1_N_2/1024-1024/riel-electrificado-de-aluminio-2-vias-para-spot-de-riel-1-mts-negro.jpg,5,,
il-r2ch1,,,,,,,,,,,,,,https://f.fcdn.app/imgs/6a5867/tienda.iluminica.com/ilumuy/7323/original/catalogo/R2CH1_N_3/1024-1024/riel-electrificado-de-aluminio-2-vias-para-spot-de-riel-1-mts-negro.jpg,6,,
il-dch18w,Driver para paneles led Chiaro 18W - ISOLATED,Driver para paneles led Chiaro 18W - ISOLATED,Chiaro,Accesorios,"Drivers, Chiaro, stock-verificado",TRUE,Color,Driver para paneles led Chiaro 18W - ISOLATED,DCH 18W::U,166.00,,10,deny,https://f.fcdn.app/imgs/fdc619/tienda.iluminica.com/ilumuy/d8a1/original/catalogo/DCH18W_DCH18W_1/1024-1024/driver-para-paneles-led-chiaro-18w-isolated-driver-para-paneles-led-chiaro-18w-isolated.jpg,1,,
il-pchc12w,"Panel LED 12W, de adosar, aplicar cuadrado BLANCO","Panel LED 12W, de adosar, aplicar cuadrado BLANCO",Chiaro,Iluminación,"Paneles, Chiaro, stock-verificado",TRUE,Color,Cálido 3000K,PCHC 12W:C:U,251.00,,10,deny,https://f.fcdn.app/imgs/b31426/tienda.iluminica.com/ilumuy/e1bb/original/catalogo/PCHC12W_C_1/1024-1024/panel-led-12w-de-adosar-aplicar-cuadrado-blanco-calido-3000k.jpg,1,,
il-pchc12w,,,,,,,,Neutro 4000K,PCHC 12W:N:U,251.00,,10,deny,,,,
il-pchc12w,,,,,,,,,,,,,,https://f.fcdn.app/imgs/1b430d/tienda.iluminica.com/ilumuy/8d95/original/catalogo/PCHC12W_C_2/1024-1024/panel-led-12w-de-adosar-aplicar-cuadrado-blanco-calido-3000k.jpg,2,,
il-pchc12w,,,,,,,,,,,,,,https://f.fcdn.app/imgs/b659ea/tienda.iluminica.com/ilumuy/3ac1/original/catalogo/PCHC12W_C_3/1024-1024/panel-led-12w-de-adosar-aplicar-cuadrado-blanco-calido-3000k.jpg,3,,
il-pchc12w,,,,,,,,,,,,,,https://f.fcdn.app/imgs/5c1c75/tienda.iluminica.com/ilumuy/1f2e/original/catalogo/PCHC12W_C_4/1024-1024/panel-led-12w-de-adosar-aplicar-cuadrado-blanco-calido-3000k.jpg,4,,
il-pchc12w,,,,,,,,,,,,,,https://f.fcdn.app/imgs/04082b/tienda.iluminica.com/ilumuy/d94c/original/catalogo/PCHC12W_C_5/1024-1024/panel-led-12w-de-adosar-aplicar-cuadrado-blanco-calido-3000k.jpg,5,,
il-pchc12w,,,,,,,,,,,,,,https://f.fcdn.app/imgs/1f3434/tienda.iluminica.com/ilumuy/e1bb/original/catalogo/PCHC12W_N_1/1024-1024/panel-led-12w-de-adosar-aplicar-cuadrado-blanco-neutro-4000k.jpg,6,,
il-pchc12w,,,,,,,,,,,,,,https://f.fcdn.app/imgs/c69466/tienda.iluminica.com/ilumuy/8d95/original/catalogo/PCHC12W_N_2/1024-1024/panel-led-12w-de-adosar-aplicar-cuadrado-blanco-neutro-4000k.jpg,7,,
il-pchc12w,,,,,,,,,,,,,,https://f.fcdn.app/imgs/d3120f/tienda.iluminica.com/ilumuy/3ac1/original/catalogo/PCHC12W_N_3/1024-1024/panel-led-12w-de-adosar-aplicar-cuadrado-blanco-neutro-4000k.jpg,8,,
il-pchc12w,,,,,,,,,,,,,,https://f.fcdn.app/imgs/5d62dc/tienda.iluminica.com/ilumuy/1f2e/original/catalogo/PCHC12W_N_4/1024-1024/panel-led-12w-de-adosar-aplicar-cuadrado-blanco-neutro-4000k.jpg,9,,
il-pchc12w,,,,,,,,,,,,,,https://f.fcdn.app/imgs/8bc066/tienda.iluminica.com/ilumuy/d94c/original/catalogo/PCHC12W_N_5/1024-1024/panel-led-12w-de-adosar-aplicar-cuadrado-blanco-neutro-4000k.jpg,10,,
il-pch1203048w,Panel led 48w 119.5*29.5cm Sistema interno modular,Panel led 48w 119.5*29.5cm Sistema interno modular,Chiaro,Iluminación,"Paneles, Chiaro, stock-verificado",TRUE,Color,Luz Fría,PCH 12030 48W:F:U,1920.00,,10,deny,https://f.fcdn.app/imgs/df9795/tienda.iluminica.com/ilumuy/9a62/original/catalogo/PCH1203048W_F_1/1024-1024/panel-led-48w-119-5-29-5cm-sistema-interno-modular-luz-fria.jpg,1,,
il-pch1203048w,,,,,,,,,,,,,,https://f.fcdn.app/imgs/8e9a07/tienda.iluminica.com/ilumuy/09d7/original/catalogo/PCH1203048W_F_2/1024-1024/panel-led-48w-119-5-29-5cm-sistema-interno-modular-luz-fria.jpg,2,,
il-pch1203048w,,,,,,,,,,,,,,https://f.fcdn.app/imgs/3a6d72/tienda.iluminica.com/ilumuy/0ff5/original/catalogo/PCH1203048W_F_3/1024-1024/panel-led-48w-119-5-29-5cm-sistema-interno-modular-luz-fria.jpg,3,,
il-pch1203048w,,,,,,,,,,,,,,https://f.fcdn.app/imgs/7282e7/tienda.iluminica.com/ilumuy/63c0/original/catalogo/PCH1203048W_F_4/1024-1024/panel-led-48w-119-5-29-5cm-sistema-interno-modular-luz-fria.jpg,4,,
il-pch1203048w,,,,,,,,,,,,,,https://f.fcdn.app/imgs/e26da1/tienda.iluminica.com/ilumuy/8021/original/catalogo/PCH1203048W_F_5/1024-1024/panel-led-48w-119-5-29-5cm-sistema-interno-modular-luz-fria.jpg,5,,
il-p3llche15wc,Pack x 3 lámparas led estándar 15w E27 CHIP SAMSUNG luz cálida,Pack x 3 lámparas led estándar 15w E27 CHIP SAMSUNG luz cálida,Chiaro,Iluminación,"Lámparas – Tubos LED, Chiaro, stock-verificado",TRUE,Color,Pack x 3 lámparas led estándar 15w E27 CHIP SAMSUNG luz cálida,P3 LLCHE 15WC::U,128.00,686.00,10,deny,https://f.fcdn.app/imgs/71718c/tienda.iluminica.com/ilumuy/9204/original/catalogo/P3LLCHE15WC_P3LLCHE15WC_1/1024-1024/pack-x-3-lamparas-led-estandar-15w-e27-chip-samsung-luz-calida-pack-x-3-lamparas-led-estandar-15w-e27-chip-samsung-luz-calida.jpg,1,,
il-p3llche15wc,,,,,,,,,,,,,,https://f.fcdn.app/imgs/882e39/tienda.iluminica.com/ilumuy/1ad3/original/catalogo/P3LLCHE15WC_P3LLCHE15WC_2/1024-1024/pack-x-3-lamparas-led-estandar-15w-e27-chip-samsung-luz-calida-pack-x-3-lamparas-led-estandar-15w-e27-chip-samsung-luz-calida.jpg,2,,
il-p3llche15wc,,,,,,,,,,,,,,https://f.fcdn.app/imgs/6490f6/tienda.iluminica.com/ilumuy/4a9d/original/catalogo/P3LLCHE15WC_P3LLCHE15WC_3/1024-1024/pack-x-3-lamparas-led-estandar-15w-e27-chip-samsung-luz-calida-pack-x-3-lamparas-led-estandar-15w-e27-chip-samsung-luz-calida.jpg,3,,
il-p3llche15wc,,,,,,,,,,,,,,https://f.fcdn.app/imgs/d2f1c4/tienda.iluminica.com/ilumuy/bdc4/original/catalogo/P3LLCHE15WC_P3LLCHE15WC_4/1024-1024/pack-x-3-lamparas-led-estandar-15w-e27-chip-samsung-luz-calida-pack-x-3-lamparas-led-estandar-15w-e27-chip-samsung-luz-calida.jpg,4,,
il-cc04,Colgante Jaula negra y cemento terracota 26*29cm,Colgante Jaula negra y cemento terracota 26*29cm,Chiaro,Iluminación,"Colgantes, Chiaro, stock-verificado",TRUE,Color,Colgante Jaula negra y cemento terracota 26*29cm,CC04::U,1043.00,2213.00,10,deny,https://f.fcdn.app/imgs/56a67a/tienda.iluminica.com/ilumuy/4d0b/original/catalogo/CC04_CC04_1/1024-1024/colgante-jaula-negra-y-cemento-terracota-26-29cm-colgante-jaula-negra-y-cemento-terracota-26-29cm.jpg,1,,
il-cc04,,,,,,,,,,,,,,https://f.fcdn.app/imgs/134f86/tienda.iluminica.com/ilumuy/d303/original/catalogo/CC04_CC04_2/1024-1024/colgante-jaula-negra-y-cemento-terracota-26-29cm-colgante-jaula-negra-y-cemento-terracota-26-29cm.jpg,2,,
il-cc04,,,,,,,,,,,,,,https://f.fcdn.app/imgs/4eae5e/tienda.iluminica.com/ilumuy/8c13/original/catalogo/CC04_CC04_3/1024-1024/colgante-jaula-negra-y-cemento-terracota-26-29cm-colgante-jaula-negra-y-cemento-terracota-26-29cm.jpg,3,,
il-cc04,,,,,,,,,,,,,,https://f.fcdn.app/imgs/4817ee/tienda.iluminica.com/ilumuy/d19f/original/catalogo/CC04_CC04_4/1024-1024/colgante-jaula-negra-y-cemento-terracota-26-29cm-colgante-jaula-negra-y-cemento-terracota-26-29cm.jpg,4,,
il-cc04,,,,,,,,,,,,,,https://f.fcdn.app/imgs/8cf1fb/tienda.iluminica.com/ilumuy/01d0/original/catalogo/CC04_CC04_5/1024-1024/colgante-jaula-negra-y-cemento-terracota-26-29cm-colgante-jaula-negra-y-cemento-terracota-26-29cm.jpg,5,,
il-pmch,Plafón LED nube a control remoto con funciones,Plafón LED nube a control remoto con funciones,Chiaro,Iluminación,"Plafones, Chiaro, stock-verificado",TRUE,Color,Rosa,PMCH:09:U,5841.00,,10,deny,https://f.fcdn.app/imgs/f90b7e/tienda.iluminica.com/ilumuy/c5a9/original/catalogo/PMCH_09_1/1024-1024/plafon-led-nube-a-control-remoto-con-funciones-rosa.jpg,1,,
il-pmch,,,,,,,,Celeste,PMCH:10:U,5841.00,,10,deny,,,,
il-pmch,,,,,,,,,,,,,,https://f.fcdn.app/imgs/74d1a6/tienda.iluminica.com/ilumuy/f035/original/catalogo/PMCH_09_2/1024-1024/plafon-led-nube-a-control-remoto-con-funciones-rosa.jpg,2,,
il-pmch,,,,,,,,,,,,,,https://f.fcdn.app/imgs/42f09d/tienda.iluminica.com/ilumuy/d842/original/catalogo/PMCH_09_3/1024-1024/plafon-led-nube-a-control-remoto-con-funciones-rosa.jpg,3,,
il-pmch,,,,,,,,,,,,,,https://f.fcdn.app/imgs/bed739/tienda.iluminica.com/ilumuy/8295/original/catalogo/PMCH_09_4/1024-1024/plafon-led-nube-a-control-remoto-con-funciones-rosa.jpg,4,,
il-pmch,,,,,,,,,,,,,,https://f.fcdn.app/imgs/33fa66/tienda.iluminica.com/ilumuy/57e6/original/catalogo/PMCH_09_5/1024-1024/plafon-led-nube-a-control-remoto-con-funciones-rosa.jpg,5,,
il-pmch,,,,,,,,,,,,,,https://f.fcdn.app/imgs/1274af/tienda.iluminica.com/ilumuy/8555/original/catalogo/PMCH_10_1/1024-1024/plafon-led-nube-a-control-remoto-con-funciones-celeste.jpg,6,,
il-pmch,,,,,,,,,,,,,,https://f.fcdn.app/imgs/645d43/tienda.iluminica.com/ilumuy/252f/original/catalogo/PMCH_10_2/1024-1024/plafon-led-nube-a-control-remoto-con-funciones-celeste.jpg,7,,
il-pmch,,,,,,,,,,,,,,https://f.fcdn.app/imgs/9afdd2/tienda.iluminica.com/ilumuy/e84a/original/catalogo/PMCH_10_3/1024-1024/plafon-led-nube-a-control-remoto-con-funciones-celeste.jpg,8,,
il-pmch,,,,,,,,,,,,,,https://f.fcdn.app/imgs/b9cd4b/tienda.iluminica.com/ilumuy/a2b5/original/catalogo/PMCH_10_4/1024-1024/plafon-led-nube-a-control-remoto-con-funciones-celeste.jpg,9,,
il-pmch,,,,,,,,,,,,,,https://f.fcdn.app/imgs/bd69c8/tienda.iluminica.com/ilumuy/57e6/original/catalogo/PMCH_10_5/1024-1024/plafon-led-nube-a-control-remoto-con-funciones-celeste.jpg,10,,
il-dch12w,Driver para paneles led Chiaro 12W - ISOLATED,Driver para paneles led Chiaro 12W - ISOLATED,Chiaro,Accesorios,"Drivers, Chiaro, stock-verificado",TRUE,Color,Driver para paneles led Chiaro 12W - ISOLATED,DCH 12W::U,150.00,,10,deny,https://f.fcdn.app/imgs/92a654/tienda.iluminica.com/ilumuy/d8a1/original/catalogo/DCH12W_DCH12W_1/1024-1024/driver-para-paneles-led-chiaro-12w-isolated-driver-para-paneles-led-chiaro-12w-isolated.jpg,1,,
il-rlch50wrgb,Foco Led Reflector 50W RGB Multicolor a control remoto,Foco Led Reflector 50W RGB Multicolor a control remoto,Chiaro,Iluminación,"Reflectores, Chiaro, stock-verificado",TRUE,Color,Foco Led Reflector 50W RGB Multicolor a control remoto,RLCH 50W RGB::U,1054.00,,10,deny,https://f.fcdn.app/imgs/88438c/tienda.iluminica.com/ilumuy/21d5/original/catalogo/RLCH50WRGB_RLCH50WRGB_1/1024-1024/foco-led-reflector-50w-rgb-multicolor-a-control-remoto-foco-led-reflector-50w-rgb-multicolor-a-control-remoto.jpg,1,,
il-rlch50wrgb,,,,,,,,,,,,,,https://f.fcdn.app/imgs/d539f0/tienda.iluminica.com/ilumuy/b629/original/catalogo/RLCH50WRGB_RLCH50WRGB_2/1024-1024/foco-led-reflector-50w-rgb-multicolor-a-control-remoto-foco-led-reflector-50w-rgb-multicolor-a-control-remoto.jpg,2,,
il-rlch50wrgb,,,,,,,,,,,,,,https://f.fcdn.app/imgs/6d0ae6/tienda.iluminica.com/ilumuy/890e/original/catalogo/RLCH50WRGB_RLCH50WRGB_3/1024-1024/foco-led-reflector-50w-rgb-multicolor-a-control-remoto-foco-led-reflector-50w-rgb-multicolor-a-control-remoto.jpg,3,,
il-rlch50wrgb,,,,,,,,,,,,,,https://f.fcdn.app/imgs/512921/tienda.iluminica.com/ilumuy/1ddf/original/catalogo/RLCH50WRGB_RLCH50WRGB_4/1024-1024/foco-led-reflector-50w-rgb-multicolor-a-control-remoto-foco-led-reflector-50w-rgb-multicolor-a-control-remoto.jpg,4,,
il-rlch50wrgb,,,,,,,,,,,,,,https://f.fcdn.app/imgs/d17751/tienda.iluminica.com/ilumuy/1c19/original/catalogo/RLCH50WRGB_RLCH50WRGB_5/1024-1024/foco-led-reflector-50w-rgb-multicolor-a-control-remoto-foco-led-reflector-50w-rgb-multicolor-a-control-remoto.jpg,5,,
il-aich16,"Luminaria led prisma bidireccional, IP65 13W","Luminaria led prisma bidireccional, IP65 13W",Chiaro,Iluminación,"Apliques, Chiaro, stock-verificado",TRUE,Color,"Luminaria led prisma bidireccional, IP65 13W",AICH 16::U,2744.00,,10,deny,https://f.fcdn.app/imgs/4cbeae/tienda.iluminica.com/ilumuy/7074/original/catalogo/AICH16_AICH16_1/1024-1024/luminaria-led-prisma-bidireccional-ip65-13w-luminaria-led-prisma-bidireccional-ip65-13w.jpg,1,,
il-aich16,,,,,,,,,,,,,,https://f.fcdn.app/imgs/acaf60/tienda.iluminica.com/ilumuy/cb4d/original/catalogo/AICH16_AICH16_2/1024-1024/luminaria-led-prisma-bidireccional-ip65-13w-luminaria-led-prisma-bidireccional-ip65-13w.jpg,2,,
il-aich16,,,,,,,,,,,,,,https://f.fcdn.app/imgs/d489b1/tienda.iluminica.com/ilumuy/2242/original/catalogo/AICH16_AICH16_3/1024-1024/luminaria-led-prisma-bidireccional-ip65-13w-luminaria-led-prisma-bidireccional-ip65-13w.jpg,3,,
il-aich16,,,,,,,,,,,,,,https://f.fcdn.app/imgs/33e421/tienda.iluminica.com/ilumuy/ea04/original/catalogo/AICH16_AICH16_4/1024-1024/luminaria-led-prisma-bidireccional-ip65-13w-luminaria-led-prisma-bidireccional-ip65-13w.jpg,4,,
il-aich16,,,,,,,,,,,,,,https://f.fcdn.app/imgs/91bee7/tienda.iluminica.com/ilumuy/ab79/original/catalogo/AICH16_AICH16_5/1024-1024/luminaria-led-prisma-bidireccional-ip65-13w-luminaria-led-prisma-bidireccional-ip65-13w.jpg,5,,
il-cm,Aplique led circulo cortado 13w Luz neutra,Aplique led circulo cortado 13w Luz neutra,Chiaro,Iluminación,"Apliques, Chiaro, stock-verificado",TRUE,Color,BLANCO,CM:06:U,1479.00,,10,deny,https://f.fcdn.app/imgs/45c848/tienda.iluminica.com/ilumuy/0a24/original/catalogo/CM_06_1/1024-1024/aplique-led-circulo-cortado-13w-luz-neutra-blanco.jpg,1,,
il-cm,,,,,,,,NEGRO,CM:07:U,1479.00,,10,deny,,,,
il-cm,,,,,,,,,,,,,,https://f.fcdn.app/imgs/30efac/tienda.iluminica.com/ilumuy/3057/original/catalogo/CM_06_2/1024-1024/aplique-led-circulo-cortado-13w-luz-neutra-blanco.jpg,2,,
il-cm,,,,,,,,,,,,,,https://f.fcdn.app/imgs/7bb4e9/tienda.iluminica.com/ilumuy/d070/original/catalogo/CM_06_3/1024-1024/aplique-led-circulo-cortado-13w-luz-neutra-blanco.jpg,3,,
il-cm,,,,,,,,,,,,,,https://f.fcdn.app/imgs/cabe43/tienda.iluminica.com/ilumuy/bdda/original/catalogo/CM_06_4/1024-1024/aplique-led-circulo-cortado-13w-luz-neutra-blanco.jpg,4,,
il-cm,,,,,,,,,,,,,,https://f.fcdn.app/imgs/e2bfd9/tienda.iluminica.com/ilumuy/ba69/original/catalogo/CM_06_5/1024-1024/aplique-led-circulo-cortado-13w-luz-neutra-blanco.jpg,5,,
il-cm,,,,,,,,,,,,,,https://f.fcdn.app/imgs/d34ac5/tienda.iluminica.com/ilumuy/528b/original/catalogo/CM_07_1/1024-1024/aplique-led-circulo-cortado-13w-luz-neutra-negro.jpg,6,,
il-cm,,,,,,,,,,,,,,https://f.fcdn.app/imgs/051e94/tienda.iluminica.com/ilumuy/25b9/original/catalogo/CM_07_2/1024-1024/aplique-led-circulo-cortado-13w-luz-neutra-negro.jpg,7,,
il-cm,,,,,,,,,,,,,,https://f.fcdn.app/imgs/0ebcd8/tienda.iluminica.com/ilumuy/739c/original/catalogo/CM_07_3/1024-1024/aplique-led-circulo-cortado-13w-luz-neutra-negro.jpg,8,,
il-cm,,,,,,,,,,,,,,https://f.fcdn.app/imgs/43d9fa/tienda.iluminica.com/ilumuy/d3ae/original/catalogo/CM_07_4/1024-1024/aplique-led-circulo-cortado-13w-luz-neutra-negro.jpg,9,,
il-cm,,,,,,,,,,,,,,https://f.fcdn.app/imgs/e11c12/tienda.iluminica.com/ilumuy/ddce/original/catalogo/CM_07_5/1024-1024/aplique-led-circulo-cortado-13w-luz-neutra-negro.jpg,10,,
il-pchc18w,"Panel LED 18W, de adosar, aplicar cuadrado BLANCO","Panel LED 18W, de adosar, aplicar cuadrado BLANCO",Chiaro,Iluminación,"Paneles, Chiaro, stock-verificado",TRUE,Color,Cálido 3000K,PCHC 18W:C:U,413.00,,10,deny,https://f.fcdn.app/imgs/fc0bf2/tienda.iluminica.com/ilumuy/8bc3/original/catalogo/PCHC18W_C_1/1024-1024/panel-led-18w-de-adosar-aplicar-cuadrado-blanco-calido-3000k.jpg,1,,
il-pchc18w,,,,,,,,Neutro 4000K,PCHC 18W:N:U,413.00,,10,deny,,,,
il-pchc18w,,,,,,,,,,,,,,https://f.fcdn.app/imgs/9525cd/tienda.iluminica.com/ilumuy/41b5/original/catalogo/PCHC18W_C_2/1024-1024/panel-led-18w-de-adosar-aplicar-cuadrado-blanco-calido-3000k.jpg,2,,
il-pchc18w,,,,,,,,,,,,,,https://f.fcdn.app/imgs/83f9a3/tienda.iluminica.com/ilumuy/3ac1/original/catalogo/PCHC18W_C_3/1024-1024/panel-led-18w-de-adosar-aplicar-cuadrado-blanco-calido-3000k.jpg,3,,
il-pchc18w,,,,,,,,,,,,,,https://f.fcdn.app/imgs/473c39/tienda.iluminica.com/ilumuy/f593/original/catalogo/PCHC18W_C_4/1024-1024/panel-led-18w-de-adosar-aplicar-cuadrado-blanco-calido-3000k.jpg,4,,
il-pchc18w,,,,,,,,,,,,,,https://f.fcdn.app/imgs/cf535b/tienda.iluminica.com/ilumuy/7164/original/catalogo/PCHC18W_C_5/1024-1024/panel-led-18w-de-adosar-aplicar-cuadrado-blanco-calido-3000k.jpg,5,,
il-pchc18w,,,,,,,,,,,,,,https://f.fcdn.app/imgs/1ad8e7/tienda.iluminica.com/ilumuy/8bc3/original/catalogo/PCHC18W_N_1/1024-1024/panel-led-18w-de-adosar-aplicar-cuadrado-blanco-neutro-4000k.jpg,6,,
il-pchc18w,,,,,,,,,,,,,,https://f.fcdn.app/imgs/6b03fc/tienda.iluminica.com/ilumuy/41b5/original/catalogo/PCHC18W_N_2/1024-1024/panel-led-18w-de-adosar-aplicar-cuadrado-blanco-neutro-4000k.jpg,7,,
il-pchc18w,,,,,,,,,,,,,,https://f.fcdn.app/imgs/da3e46/tienda.iluminica.com/ilumuy/3ac1/original/catalogo/PCHC18W_N_3/1024-1024/panel-led-18w-de-adosar-aplicar-cuadrado-blanco-neutro-4000k.jpg,8,,
il-pchc18w,,,,,,,,,,,,,,https://f.fcdn.app/imgs/bccb03/tienda.iluminica.com/ilumuy/f593/original/catalogo/PCHC18W_N_4/1024-1024/panel-led-18w-de-adosar-aplicar-cuadrado-blanco-neutro-4000k.jpg,9,,
il-pchc18w,,,,,,,,,,,,,,https://f.fcdn.app/imgs/c9417f/tienda.iluminica.com/ilumuy/7164/original/catalogo/PCHC18W_N_5/1024-1024/panel-led-18w-de-adosar-aplicar-cuadrado-blanco-neutro-4000k.jpg,10,,
il-aich02,Aplique led plafón IP65 20w,Aplique led plafón IP65 20w,Chiaro,Iluminación,"Apliques, Chiaro, stock-verificado",TRUE,Color,Aplique led plafón IP65 20w,AICH 02::U,3268.00,,10,deny,https://f.fcdn.app/imgs/89e0bd/tienda.iluminica.com/ilumuy/475e/original/catalogo/AICH02_AICH02_1/1024-1024/aplique-led-plafon-ip65-20w-aplique-led-plafon-ip65-20w.jpg,1,,
il-aich02,,,,,,,,,,,,,,https://f.fcdn.app/imgs/f8a56c/tienda.iluminica.com/ilumuy/65c5/original/catalogo/AICH02_AICH02_2/1024-1024/aplique-led-plafon-ip65-20w-aplique-led-plafon-ip65-20w.jpg,2,,
il-aich02,,,,,,,,,,,,,,https://f.fcdn.app/imgs/5b4256/tienda.iluminica.com/ilumuy/1a07/original/catalogo/AICH02_AICH02_3/1024-1024/aplique-led-plafon-ip65-20w-aplique-led-plafon-ip65-20w.jpg,3,,
il-aich02,,,,,,,,,,,,,,https://f.fcdn.app/imgs/4fba2c/tienda.iluminica.com/ilumuy/2c39/original/catalogo/AICH02_AICH02_4/1024-1024/aplique-led-plafon-ip65-20w-aplique-led-plafon-ip65-20w.jpg,4,,
il-aich02,,,,,,,,,,,,,,https://f.fcdn.app/imgs/9dfa81/tienda.iluminica.com/ilumuy/96c1/original/catalogo/AICH02_AICH02_5/1024-1024/aplique-led-plafon-ip65-20w-aplique-led-plafon-ip65-20w.jpg,5,,
il-pmch0,Plafón Led circular en madera y aluminio 30cm,Plafón Led circular en madera y aluminio 30cm,Chiaro,Iluminación,"Plafones, Chiaro, stock-verificado",TRUE,Color,Rosa,PMCH 0:1:U,2118.00,,10,deny,https://f.fcdn.app/imgs/707b16/tienda.iluminica.com/ilumuy/dc6b/original/catalogo/PMCH0_1_1/1024-1024/plafon-led-circular-en-madera-y-aluminio-30cm-rosa.jpg,1,,
il-pmch0,,,,,,,,Verde,PMCH 0:3:U,2118.00,,10,deny,,,,
il-pmch0,,,,,,,,Celeste agua,PMCH 0:5:U,2118.00,,10,deny,,,,
il-pmch0,,,,,,,,,,,,,,https://f.fcdn.app/imgs/deab93/tienda.iluminica.com/ilumuy/e5f0/original/catalogo/PMCH0_1_2/1024-1024/plafon-led-circular-en-madera-y-aluminio-30cm-rosa.jpg,2,,
il-pmch0,,,,,,,,,,,,,,https://f.fcdn.app/imgs/eb076d/tienda.iluminica.com/ilumuy/0f17/original/catalogo/PMCH0_1_3/1024-1024/plafon-led-circular-en-madera-y-aluminio-30cm-rosa.jpg,3,,
il-pmch0,,,,,,,,,,,,,,https://f.fcdn.app/imgs/ac2495/tienda.iluminica.com/ilumuy/833a/original/catalogo/PMCH0_1_4/1024-1024/plafon-led-circular-en-madera-y-aluminio-30cm-rosa.jpg,4,,
il-pmch0,,,,,,,,,,,,,,https://f.fcdn.app/imgs/1c76ed/tienda.iluminica.com/ilumuy/f774/original/catalogo/PMCH0_1_5/1024-1024/plafon-led-circular-en-madera-y-aluminio-30cm-rosa.jpg,5,,
il-pmch0,,,,,,,,,,,,,,https://f.fcdn.app/imgs/8adcb2/tienda.iluminica.com/ilumuy/d360/original/catalogo/PMCH0_3_1/1024-1024/plafon-led-circular-en-madera-y-aluminio-30cm-verde.jpg,6,,
il-pmch0,,,,,,,,,,,,,,https://f.fcdn.app/imgs/3931cf/tienda.iluminica.com/ilumuy/1a80/original/catalogo/PMCH0_3_2/1024-1024/plafon-led-circular-en-madera-y-aluminio-30cm-verde.jpg,7,,
il-pmch0,,,,,,,,,,,,,,https://f.fcdn.app/imgs/196df7/tienda.iluminica.com/ilumuy/a9e0/original/catalogo/PMCH0_3_3/1024-1024/plafon-led-circular-en-madera-y-aluminio-30cm-verde.jpg,8,,
il-pmch0,,,,,,,,,,,,,,https://f.fcdn.app/imgs/9befba/tienda.iluminica.com/ilumuy/a657/original/catalogo/PMCH0_3_4/1024-1024/plafon-led-circular-en-madera-y-aluminio-30cm-verde.jpg,9,,
il-pmch0,,,,,,,,,,,,,,https://f.fcdn.app/imgs/28b3ac/tienda.iluminica.com/ilumuy/43ac/original/catalogo/PMCH0_3_5/1024-1024/plafon-led-circular-en-madera-y-aluminio-30cm-verde.jpg,10,,
il-pmch0,,,,,,,,,,,,,,https://f.fcdn.app/imgs/81960a/tienda.iluminica.com/ilumuy/d037/original/catalogo/PMCH0_5_1/1024-1024/plafon-led-circular-en-madera-y-aluminio-30cm-celeste-agua.jpg,11,,
il-pmch0,,,,,,,,,,,,,,https://f.fcdn.app/imgs/88af35/tienda.iluminica.com/ilumuy/3fdc/original/catalogo/PMCH0_5_2/1024-1024/plafon-led-circular-en-madera-y-aluminio-30cm-celeste-agua.jpg,12,,
il-pmch0,,,,,,,,,,,,,,https://f.fcdn.app/imgs/780dda/tienda.iluminica.com/ilumuy/097d/original/catalogo/PMCH0_5_3/1024-1024/plafon-led-circular-en-madera-y-aluminio-30cm-celeste-agua.jpg,13,,
il-pmch0,,,,,,,,,,,,,,https://f.fcdn.app/imgs/d5eeee/tienda.iluminica.com/ilumuy/833a/original/catalogo/PMCH0_5_4/1024-1024/plafon-led-circular-en-madera-y-aluminio-30cm-celeste-agua.jpg,14,,
il-pmch0,,,,,,,,,,,,,,https://f.fcdn.app/imgs/78e715/tienda.iluminica.com/ilumuy/08d7/original/catalogo/PMCH0_5_5/1024-1024/plafon-led-circular-en-madera-y-aluminio-30cm-celeste-agua.jpg,15,,
il-pchc24w,"Panel LED 24W, de adosar, aplicar cuadrado BLANCO","Panel LED 24W, de adosar, aplicar cuadrado BLANCO",Chiaro,Iluminación,"Paneles, Chiaro, stock-verificado",TRUE,Color,Cálido 3000K,PCHC 24W:C:U,512.00,,10,deny,https://f.fcdn.app/imgs/698b4d/tienda.iluminica.com/ilumuy/8bc3/original/catalogo/PCHC24W_C_1/1024-1024/panel-led-24w-de-adosar-aplicar-cuadrado-blanco-calido-3000k.jpg,1,,
il-pchc24w,,,,,,,,,,,,,,https://f.fcdn.app/imgs/1f00e5/tienda.iluminica.com/ilumuy/c797/original/catalogo/PCHC24W_C_2/1024-1024/panel-led-24w-de-adosar-aplicar-cuadrado-blanco-calido-3000k.jpg,2,,
il-pchc24w,,,,,,,,,,,,,,https://f.fcdn.app/imgs/f47e92/tienda.iluminica.com/ilumuy/ddeb/original/catalogo/PCHC24W_C_3/1024-1024/panel-led-24w-de-adosar-aplicar-cuadrado-blanco-calido-3000k.jpg,3,,
il-pchc24w,,,,,,,,,,,,,,https://f.fcdn.app/imgs/4e54b5/tienda.iluminica.com/ilumuy/3ac1/original/catalogo/PCHC24W_C_4/1024-1024/panel-led-24w-de-adosar-aplicar-cuadrado-blanco-calido-3000k.jpg,4,,
il-pchc24w,,,,,,,,,,,,,,https://f.fcdn.app/imgs/739bf3/tienda.iluminica.com/ilumuy/ad98/original/catalogo/PCHC24W_C_5/1024-1024/panel-led-24w-de-adosar-aplicar-cuadrado-blanco-calido-3000k.jpg,5,,
il-pchc6w,"Panel LED 6W, de adosar, aplicar cuadrado BLANCO","Panel LED 6W, de adosar, aplicar cuadrado BLANCO",Chiaro,Iluminación,"Paneles, Chiaro, stock-verificado",TRUE,Color,Cálido 3000K,PCHC 6W:C:U,214.00,,10,deny,https://f.fcdn.app/imgs/0e3846/tienda.iluminica.com/ilumuy/aafd/original/catalogo/PCHC6W_C_1/1024-1024/panel-led-6w-de-adosar-aplicar-cuadrado-blanco-calido-3000k.jpg,1,,
il-pchc6w,,,,,,,,Frío 6500K,PCHC 6W:F:U,214.00,,10,deny,,,,
il-pchc6w,,,,,,,,Neutro 4000K,PCHC 6W:N:U,214.00,,10,deny,,,,
il-pchc6w,,,,,,,,,,,,,,https://f.fcdn.app/imgs/805c56/tienda.iluminica.com/ilumuy/3ac1/original/catalogo/PCHC6W_C_2/1024-1024/panel-led-6w-de-adosar-aplicar-cuadrado-blanco-calido-3000k.jpg,2,,
il-pchc6w,,,,,,,,,,,,,,https://f.fcdn.app/imgs/14c84f/tienda.iluminica.com/ilumuy/2f40/original/catalogo/PCHC6W_C_3/1024-1024/panel-led-6w-de-adosar-aplicar-cuadrado-blanco-calido-3000k.jpg,3,,
il-pchc6w,,,,,,,,,,,,,,https://f.fcdn.app/imgs/c94245/tienda.iluminica.com/ilumuy/e56e/original/catalogo/PCHC6W_C_4/1024-1024/panel-led-6w-de-adosar-aplicar-cuadrado-blanco-calido-3000k.jpg,4,,
il-pchc6w,,,,,,,,,,,,,,https://f.fcdn.app/imgs/61b46e/tienda.iluminica.com/ilumuy/40eb/original/catalogo/PCHC6W_C_5/1024-1024/panel-led-6w-de-adosar-aplicar-cuadrado-blanco-calido-3000k.jpg,5,,
il-pchc6w,,,,,,,,,,,,,,https://f.fcdn.app/imgs/3fcf41/tienda.iluminica.com/ilumuy/aafd/original/catalogo/PCHC6W_F_1/1024-1024/panel-led-6w-de-adosar-aplicar-cuadrado-blanco-frio-6500k.jpg,6,,
il-pchc6w,,,,,,,,,,,,,,https://f.fcdn.app/imgs/d6698e/tienda.iluminica.com/ilumuy/3ac1/original/catalogo/PCHC6W_F_2/1024-1024/panel-led-6w-de-adosar-aplicar-cuadrado-blanco-frio-6500k.jpg,7,,
il-pchc6w,,,,,,,,,,,,,,https://f.fcdn.app/imgs/40d7b2/tienda.iluminica.com/ilumuy/2f40/original/catalogo/PCHC6W_F_3/1024-1024/panel-led-6w-de-adosar-aplicar-cuadrado-blanco-frio-6500k.jpg,8,,
il-pchc6w,,,,,,,,,,,,,,https://f.fcdn.app/imgs/31a0eb/tienda.iluminica.com/ilumuy/e56e/original/catalogo/PCHC6W_F_4/1024-1024/panel-led-6w-de-adosar-aplicar-cuadrado-blanco-frio-6500k.jpg,9,,
il-pchc6w,,,,,,,,,,,,,,https://f.fcdn.app/imgs/ab91ea/tienda.iluminica.com/ilumuy/40eb/original/catalogo/PCHC6W_F_5/1024-1024/panel-led-6w-de-adosar-aplicar-cuadrado-blanco-frio-6500k.jpg,10,,
il-pchc6w,,,,,,,,,,,,,,https://f.fcdn.app/imgs/7d4c1e/tienda.iluminica.com/ilumuy/aafd/original/catalogo/PCHC6W_N_1/1024-1024/panel-led-6w-de-adosar-aplicar-cuadrado-blanco-neutro-4000k.jpg,11,,
il-pchc6w,,,,,,,,,,,,,,https://f.fcdn.app/imgs/60ed3b/tienda.iluminica.com/ilumuy/3ac1/original/catalogo/PCHC6W_N_2/1024-1024/panel-led-6w-de-adosar-aplicar-cuadrado-blanco-neutro-4000k.jpg,12,,
il-pchc6w,,,,,,,,,,,,,,https://f.fcdn.app/imgs/8263e5/tienda.iluminica.com/ilumuy/2f40/original/catalogo/PCHC6W_N_3/1024-1024/panel-led-6w-de-adosar-aplicar-cuadrado-blanco-neutro-4000k.jpg,13,,
il-pchc6w,,,,,,,,,,,,,,https://f.fcdn.app/imgs/bba8d9/tienda.iluminica.com/ilumuy/e56e/original/catalogo/PCHC6W_N_4/1024-1024/panel-led-6w-de-adosar-aplicar-cuadrado-blanco-neutro-4000k.jpg,14,,
il-pchc6w,,,,,,,,,,,,,,https://f.fcdn.app/imgs/40fb04/tienda.iluminica.com/ilumuy/40eb/original/catalogo/PCHC6W_N_5/1024-1024/panel-led-6w-de-adosar-aplicar-cuadrado-blanco-neutro-4000k.jpg,15,,
il-pmch15,Plafón LED pentagonal a control remoto con funciones,Plafón LED pentagonal a control remoto con funciones,Chiaro,Iluminación,"Plafones, Chiaro, stock-verificado",TRUE,Color,Plafón LED pentagonal a control remoto con funciones,PMCH 15::U,7480.00,,10,deny,https://f.fcdn.app/imgs/d5a8c1/tienda.iluminica.com/ilumuy/db81/original/catalogo/PMCH15_PMCH15_1/1024-1024/plafon-led-pentagonal-a-control-remoto-con-funciones-plafon-led-pentagonal-a-control-remoto-con-funciones.jpg,1,,
il-pmch15,,,,,,,,,,,,,,https://f.fcdn.app/imgs/a1eb40/tienda.iluminica.com/ilumuy/17dc/original/catalogo/PMCH15_PMCH15_2/1024-1024/plafon-led-pentagonal-a-control-remoto-con-funciones-plafon-led-pentagonal-a-control-remoto-con-funciones.jpg,2,,
il-pmch15,,,,,,,,,,,,,,https://f.fcdn.app/imgs/b96d55/tienda.iluminica.com/ilumuy/83b9/original/catalogo/PMCH15_PMCH15_3/1024-1024/plafon-led-pentagonal-a-control-remoto-con-funciones-plafon-led-pentagonal-a-control-remoto-con-funciones.jpg,3,,
il-pmch15,,,,,,,,,,,,,,https://f.fcdn.app/imgs/fee158/tienda.iluminica.com/ilumuy/0260/original/catalogo/PMCH15_PMCH15_4/1024-1024/plafon-led-pentagonal-a-control-remoto-con-funciones-plafon-led-pentagonal-a-control-remoto-con-funciones.jpg,4,,
il-pmch15,,,,,,,,,,,,,,https://f.fcdn.app/imgs/e46a59/tienda.iluminica.com/ilumuy/57e6/original/catalogo/PMCH15_PMCH15_5/1024-1024/plafon-led-pentagonal-a-control-remoto-con-funciones-plafon-led-pentagonal-a-control-remoto-con-funciones.jpg,5,,
il-cc,Luminaria de cemento y madera 12.5*16cm,Luminaria de cemento y madera 12.5*16cm,Chiaro,Iluminación,"Colgantes, Chiaro, stock-verificado",TRUE,Color,GRIS NATURAL,CC:09:U,1219.00,,10,deny,https://f.fcdn.app/imgs/0f7108/tienda.iluminica.com/ilumuy/9ea6/original/catalogo/CC_09_1/1024-1024/luminaria-de-cemento-y-madera-12-5-16cm-gris-natural.jpg,1,,
il-cc,,,,,,,,NEGRO,CC:10:U,1219.00,,10,deny,,,,
il-cc,,,,,,,,VERDE,CC:11:U,850.00,1978.00,10,deny,,,,
il-cc,,,,,,,,TERRACOTA,CC:12:U,850.00,1978.00,10,deny,,,,
il-cc,,,,,,,,,,,,,,https://f.fcdn.app/imgs/5400d2/tienda.iluminica.com/ilumuy/5c60/original/catalogo/CC_09_2/1024-1024/luminaria-de-cemento-y-madera-12-5-16cm-gris-natural.jpg,2,,
il-cc,,,,,,,,,,,,,,https://f.fcdn.app/imgs/2a4523/tienda.iluminica.com/ilumuy/be55/original/catalogo/CC_09_3/1024-1024/luminaria-de-cemento-y-madera-12-5-16cm-gris-natural.jpg,3,,
il-cc,,,,,,,,,,,,,,https://f.fcdn.app/imgs/26bb24/tienda.iluminica.com/ilumuy/c2d5/original/catalogo/CC_09_4/1024-1024/luminaria-de-cemento-y-madera-12-5-16cm-gris-natural.jpg,4,,
il-cc,,,,,,,,,,,,,,https://f.fcdn.app/imgs/47acea/tienda.iluminica.com/ilumuy/53dd/original/catalogo/CC_09_5/1024-1024/luminaria-de-cemento-y-madera-12-5-16cm-gris-natural.jpg,5,,
il-cc,,,,,,,,,,,,,,https://f.fcdn.app/imgs/130468/tienda.iluminica.com/ilumuy/d95e/original/catalogo/CC_10_1/1024-1024/luminaria-de-cemento-y-madera-12-5-16cm-negro.jpg,6,,
il-cc,,,,,,,,,,,,,,https://f.fcdn.app/imgs/bed606/tienda.iluminica.com/ilumuy/3905/original/catalogo/CC_10_2/1024-1024/luminaria-de-cemento-y-madera-12-5-16cm-negro.jpg,7,,
il-cc,,,,,,,,,,,,,,https://f.fcdn.app/imgs/d7b13c/tienda.iluminica.com/ilumuy/9ea6/original/catalogo/CC_10_3/1024-1024/luminaria-de-cemento-y-madera-12-5-16cm-negro.jpg,8,,
il-cc,,,,,,,,,,,,,,https://f.fcdn.app/imgs/5b1ac0/tienda.iluminica.com/ilumuy/fc61/original/catalogo/CC_10_4/1024-1024/luminaria-de-cemento-y-madera-12-5-16cm-negro.jpg,9,,
il-cc,,,,,,,,,,,,,,https://f.fcdn.app/imgs/eda5e3/tienda.iluminica.com/ilumuy/ea35/original/catalogo/CC_10_5/1024-1024/luminaria-de-cemento-y-madera-12-5-16cm-negro.jpg,10,,
il-cc,,,,,,,,,,,,,,https://f.fcdn.app/imgs/ab3f37/tienda.iluminica.com/ilumuy/f257/original/catalogo/CC_11_1/1024-1024/luminaria-de-cemento-y-madera-12-5-16cm-verde.jpg,11,,
il-cc,,,,,,,,,,,,,,https://f.fcdn.app/imgs/1c6788/tienda.iluminica.com/ilumuy/1c13/original/catalogo/CC_11_2/1024-1024/luminaria-de-cemento-y-madera-12-5-16cm-verde.jpg,12,,
il-cc,,,,,,,,,,,,,,https://f.fcdn.app/imgs/50d2d7/tienda.iluminica.com/ilumuy/9ea6/original/catalogo/CC_11_3/1024-1024/luminaria-de-cemento-y-madera-12-5-16cm-verde.jpg,13,,
il-cc,,,,,,,,,,,,,,https://f.fcdn.app/imgs/3ae226/tienda.iluminica.com/ilumuy/f365/original/catalogo/CC_11_4/1024-1024/luminaria-de-cemento-y-madera-12-5-16cm-verde.jpg,14,,
il-cc,,,,,,,,,,,,,,https://f.fcdn.app/imgs/e607ab/tienda.iluminica.com/ilumuy/c2ec/original/catalogo/CC_11_5/1024-1024/luminaria-de-cemento-y-madera-12-5-16cm-verde.jpg,15,,
il-cc,,,,,,,,,,,,,,https://f.fcdn.app/imgs/bfb674/tienda.iluminica.com/ilumuy/1475/original/catalogo/CC_12_1/1024-1024/luminaria-de-cemento-y-madera-12-5-16cm-terracota.jpg,16,,
il-cc,,,,,,,,,,,,,,https://f.fcdn.app/imgs/28cc6d/tienda.iluminica.com/ilumuy/9a17/original/catalogo/CC_12_2/1024-1024/luminaria-de-cemento-y-madera-12-5-16cm-terracota.jpg,17,,
il-cc,,,,,,,,,,,,,,https://f.fcdn.app/imgs/7e019c/tienda.iluminica.com/ilumuy/9ea6/original/catalogo/CC_12_3/1024-1024/luminaria-de-cemento-y-madera-12-5-16cm-terracota.jpg,18,,
il-cc,,,,,,,,,,,,,,https://f.fcdn.app/imgs/564af0/tienda.iluminica.com/ilumuy/361d/original/catalogo/CC_12_4/1024-1024/luminaria-de-cemento-y-madera-12-5-16cm-terracota.jpg,19,,
il-cc,,,,,,,,,,,,,,https://f.fcdn.app/imgs/1baef0/tienda.iluminica.com/ilumuy/3b64/original/catalogo/CC_12_5/1024-1024/luminaria-de-cemento-y-madera-12-5-16cm-terracota.jpg,20,,
il-ul,Barra de union para 2 o 3 luminarias 70cm,Barra de union para 2 o 3 luminarias 70cm,Chiaro,Accesorios,"Chiaro, stock-verificado",TRUE,Color,BLANCA,UL:01:U,1510.00,,10,deny,https://f.fcdn.app/imgs/3fbd7e/tienda.iluminica.com/ilumuy/81c3/original/catalogo/UL_01_1/1024-1024/barra-de-union-para-2-o-3-luminarias-70cm-blanca.jpg,1,,
il-ul,,,,,,,,,,,,,,https://f.fcdn.app/imgs/58efe5/tienda.iluminica.com/ilumuy/e905/original/catalogo/UL_01_2/1024-1024/barra-de-union-para-2-o-3-luminarias-70cm-blanca.jpg,2,,
il-ul,,,,,,,,,,,,,,https://f.fcdn.app/imgs/0b9823/tienda.iluminica.com/ilumuy/bbef/original/catalogo/UL_01_3/1024-1024/barra-de-union-para-2-o-3-luminarias-70cm-blanca.jpg,3,,
il-ul,,,,,,,,,,,,,,https://f.fcdn.app/imgs/c88d7f/tienda.iluminica.com/ilumuy/d837/original/catalogo/UL_01_4/1024-1024/barra-de-union-para-2-o-3-luminarias-70cm-blanca.jpg,4,,
il-ul,,,,,,,,,,,,,,https://f.fcdn.app/imgs/ee7dfc/tienda.iluminica.com/ilumuy/714b/original/catalogo/UL_01_5/1024-1024/barra-de-union-para-2-o-3-luminarias-70cm-blanca.jpg,5,,
il-pch12030mar,Panel led con marco para adosar 48w 119.5*29.5cm,Panel led con marco para adosar 48w 119.5*29.5cm,Chiaro,Iluminación,"Paneles, Chiaro, stock-verificado",TRUE,Color,Luz Fría,PCH 12030 MAR:F:U,3106.00,,10,deny,https://f.fcdn.app/imgs/fc6683/tienda.iluminica.com/ilumuy/8b84/original/catalogo/PCH12030MAR_F_1/1024-1024/panel-led-con-marco-para-adosar-48w-119-5-29-5cm-luz-fria.jpg,1,,
il-pch12030mar,,,,,,,,,,,,,,https://f.fcdn.app/imgs/9d4728/tienda.iluminica.com/ilumuy/63c0/original/catalogo/PCH12030MAR_F_2/1024-1024/panel-led-con-marco-para-adosar-48w-119-5-29-5cm-luz-fria.jpg,2,,
il-pch12030mar,,,,,,,,,,,,,,https://f.fcdn.app/imgs/357030/tienda.iluminica.com/ilumuy/cf35/original/catalogo/PCH12030MAR_F_3/1024-1024/panel-led-con-marco-para-adosar-48w-119-5-29-5cm-luz-fria.jpg,3,,
il-pch12030mar,,,,,,,,,,,,,,https://f.fcdn.app/imgs/2df172/tienda.iluminica.com/ilumuy/bd04/original/catalogo/PCH12030MAR_F_4/1024-1024/panel-led-con-marco-para-adosar-48w-119-5-29-5cm-luz-fria.jpg,4,,
il-pch12030mar,,,,,,,,,,,,,,https://f.fcdn.app/imgs/43b7dd/tienda.iluminica.com/ilumuy/8a01/original/catalogo/PCH12030MAR_F_5/1024-1024/panel-led-con-marco-para-adosar-48w-119-5-29-5cm-luz-fria.jpg,5,,
il-ca,Campana de Aluminio y madera estilo nórdico,Campana de Aluminio y madera estilo nórdico,Chiaro,Iluminación,"Colgantes, Chiaro, stock-verificado",TRUE,Color,Blanco,CA:01:U,1116.00,2095.00,10,deny,https://f.fcdn.app/imgs/fdbedd/tienda.iluminica.com/ilumuy/5fa0/original/catalogo/CA_01_1/1024-1024/campana-de-aluminio-y-madera-estilo-nordico-blanco.jpg,1,,
il-ca,,,,,,,,,,,,,,https://f.fcdn.app/imgs/eb8882/tienda.iluminica.com/ilumuy/a733/original/catalogo/CA_01_2/1024-1024/campana-de-aluminio-y-madera-estilo-nordico-blanco.jpg,2,,
il-ca,,,,,,,,,,,,,,https://f.fcdn.app/imgs/f873f8/tienda.iluminica.com/ilumuy/ca12/original/catalogo/CA_01_3/1024-1024/campana-de-aluminio-y-madera-estilo-nordico-blanco.jpg,3,,
il-ca,,,,,,,,,,,,,,https://f.fcdn.app/imgs/5c9171/tienda.iluminica.com/ilumuy/d3ef/original/catalogo/CA_01_4/1024-1024/campana-de-aluminio-y-madera-estilo-nordico-blanco.jpg,4,,
il-ca,,,,,,,,,,,,,,https://f.fcdn.app/imgs/e721e9/tienda.iluminica.com/ilumuy/9dfe/original/catalogo/CA_01_5/1024-1024/campana-de-aluminio-y-madera-estilo-nordico-blanco.jpg,5,,
il-co02,"Colgante de aluminio símil cobre martillada, pantalla 28cm E27","Colgante de aluminio símil cobre martillada, pantalla 28cm E27",Chiaro,Iluminación,"Colgantes, Chiaro, stock-verificado",TRUE,Color,"Colgante de aluminio símil cobre martillada, pantalla 28cm E27",CO02::U,1905.00,2681.00,10,deny,https://f.fcdn.app/imgs/5f8d30/tienda.iluminica.com/ilumuy/c3cf/original/catalogo/CO02_CO02_1/1024-1024/colgante-de-aluminio-simil-cobre-martillada-pantalla-28cm-e27-colgante-de-aluminio-simil-cobre-martillada-pantalla-28cm-e27.jpg,1,,
il-co02,,,,,,,,,,,,,,https://f.fcdn.app/imgs/da4fd3/tienda.iluminica.com/ilumuy/e6c0/original/catalogo/CO02_CO02_2/1024-1024/colgante-de-aluminio-simil-cobre-martillada-pantalla-28cm-e27-colgante-de-aluminio-simil-cobre-martillada-pantalla-28cm-e27.jpg,2,,
il-co02,,,,,,,,,,,,,,https://f.fcdn.app/imgs/5eb126/tienda.iluminica.com/ilumuy/49f2/original/catalogo/CO02_CO02_3/1024-1024/colgante-de-aluminio-simil-cobre-martillada-pantalla-28cm-e27-colgante-de-aluminio-simil-cobre-martillada-pantalla-28cm-e27.jpg,3,,
il-co02,,,,,,,,,,,,,,https://f.fcdn.app/imgs/189064/tienda.iluminica.com/ilumuy/a9c9/original/catalogo/CO02_CO02_4/1024-1024/colgante-de-aluminio-simil-cobre-martillada-pantalla-28cm-e27-colgante-de-aluminio-simil-cobre-martillada-pantalla-28cm-e27.jpg,4,,
il-co02,,,,,,,,,,,,,,https://f.fcdn.app/imgs/e122f6/tienda.iluminica.com/ilumuy/70af/original/catalogo/CO02_CO02_5/1024-1024/colgante-de-aluminio-simil-cobre-martillada-pantalla-28cm-e27-colgante-de-aluminio-simil-cobre-martillada-pantalla-28cm-e27.jpg,5,,
il-pchr24w,"Panel LED 24W,de adosar, aplicar redondo BLANCO","Panel LED 24W,de adosar, aplicar redondo BLANCO",Chiaro,Iluminación,"Paneles, Chiaro, stock-verificado",TRUE,Color,Cálido 3000K,PCHR 24W:C:U,490.00,,10,deny,https://f.fcdn.app/imgs/cc86f2/tienda.iluminica.com/ilumuy/0dbc/original/catalogo/PCHR24W_C_1/1024-1024/panel-led-24w-de-adosar-aplicar-redondo-blanco-calido-3000k.jpg,1,,
il-pchr24w,,,,,,,,Neutro 4000K,PCHR 24W:N:U,490.00,,10,deny,,,,
il-pchr24w,,,,,,,,,,,,,,https://f.fcdn.app/imgs/68c08f/tienda.iluminica.com/ilumuy/e44a/original/catalogo/PCHR24W_C_2/1024-1024/panel-led-24w-de-adosar-aplicar-redondo-blanco-calido-3000k.jpg,2,,
il-pchr24w,,,,,,,,,,,,,,https://f.fcdn.app/imgs/d177a5/tienda.iluminica.com/ilumuy/3ac1/original/catalogo/PCHR24W_C_3/1024-1024/panel-led-24w-de-adosar-aplicar-redondo-blanco-calido-3000k.jpg,3,,
il-pchr24w,,,,,,,,,,,,,,https://f.fcdn.app/imgs/811d41/tienda.iluminica.com/ilumuy/e86c/original/catalogo/PCHR24W_C_4/1024-1024/panel-led-24w-de-adosar-aplicar-redondo-blanco-calido-3000k.jpg,4,,
il-pchr24w,,,,,,,,,,,,,,https://f.fcdn.app/imgs/d5309a/tienda.iluminica.com/ilumuy/b68c/original/catalogo/PCHR24W_C_5/1024-1024/panel-led-24w-de-adosar-aplicar-redondo-blanco-calido-3000k.jpg,5,,
il-pchr24w,,,,,,,,,,,,,,https://f.fcdn.app/imgs/18b41e/tienda.iluminica.com/ilumuy/0dbc/original/catalogo/PCHR24W_N_1/1024-1024/panel-led-24w-de-adosar-aplicar-redondo-blanco-neutro-4000k.jpg,6,,
il-pchr24w,,,,,,,,,,,,,,https://f.fcdn.app/imgs/38fbee/tienda.iluminica.com/ilumuy/e44a/original/catalogo/PCHR24W_N_2/1024-1024/panel-led-24w-de-adosar-aplicar-redondo-blanco-neutro-4000k.jpg,7,,
il-pchr24w,,,,,,,,,,,,,,https://f.fcdn.app/imgs/341511/tienda.iluminica.com/ilumuy/3ac1/original/catalogo/PCHR24W_N_3/1024-1024/panel-led-24w-de-adosar-aplicar-redondo-blanco-neutro-4000k.jpg,8,,
il-pchr24w,,,,,,,,,,,,,,https://f.fcdn.app/imgs/07599a/tienda.iluminica.com/ilumuy/e86c/original/catalogo/PCHR24W_N_4/1024-1024/panel-led-24w-de-adosar-aplicar-redondo-blanco-neutro-4000k.jpg,9,,
il-pchr24w,,,,,,,,,,,,,,https://f.fcdn.app/imgs/7d29ba/tienda.iluminica.com/ilumuy/b68c/original/catalogo/PCHR24W_N_5/1024-1024/panel-led-24w-de-adosar-aplicar-redondo-blanco-neutro-4000k.jpg,10,,
il-pmch04,Plafón led circular de madera y aluminio negro mate,Plafón led circular de madera y aluminio negro mate,Chiaro,Iluminación,"Plafones, Chiaro, stock-verificado",TRUE,Color,Luz cálida,PMCH 04:C:U,2118.00,,10,deny,https://f.fcdn.app/imgs/bbf474/tienda.iluminica.com/ilumuy/1dad/original/catalogo/PMCH04_C_1/1024-1024/plafon-led-circular-de-madera-y-aluminio-negro-mate-luz-calida.jpg,1,,
il-pmch04,,,,,,,,Luz neutra,PMCH 04:N:U,2118.00,,10,deny,,,,
il-pmch04,,,,,,,,,,,,,,https://f.fcdn.app/imgs/611e9a/tienda.iluminica.com/ilumuy/465b/original/catalogo/PMCH04_C_2/1024-1024/plafon-led-circular-de-madera-y-aluminio-negro-mate-luz-calida.jpg,2,,
il-pmch04,,,,,,,,,,,,,,https://f.fcdn.app/imgs/61e8dd/tienda.iluminica.com/ilumuy/0465/original/catalogo/PMCH04_C_3/1024-1024/plafon-led-circular-de-madera-y-aluminio-negro-mate-luz-calida.jpg,3,,
il-pmch04,,,,,,,,,,,,,,https://f.fcdn.app/imgs/5a9a8c/tienda.iluminica.com/ilumuy/464a/original/catalogo/PMCH04_C_4/1024-1024/plafon-led-circular-de-madera-y-aluminio-negro-mate-luz-calida.jpg,4,,
il-pmch04,,,,,,,,,,,,,,https://f.fcdn.app/imgs/f8a1ed/tienda.iluminica.com/ilumuy/4e98/original/catalogo/PMCH04_C_5/1024-1024/plafon-led-circular-de-madera-y-aluminio-negro-mate-luz-calida.jpg,5,,
il-pmch04,,,,,,,,,,,,,,https://f.fcdn.app/imgs/fdfb50/tienda.iluminica.com/ilumuy/897c/original/catalogo/PMCH04_N_1/1024-1024/plafon-led-circular-de-madera-y-aluminio-negro-mate-luz-neutra.jpg,6,,
il-pmch04,,,,,,,,,,,,,,https://f.fcdn.app/imgs/b34c31/tienda.iluminica.com/ilumuy/465b/original/catalogo/PMCH04_N_2/1024-1024/plafon-led-circular-de-madera-y-aluminio-negro-mate-luz-neutra.jpg,7,,
il-pmch04,,,,,,,,,,,,,,https://f.fcdn.app/imgs/bfd2dc/tienda.iluminica.com/ilumuy/464a/original/catalogo/PMCH04_N_3/1024-1024/plafon-led-circular-de-madera-y-aluminio-negro-mate-luz-neutra.jpg,8,,
il-pmch04,,,,,,,,,,,,,,https://f.fcdn.app/imgs/ec85b9/tienda.iluminica.com/ilumuy/0465/original/catalogo/PMCH04_N_4/1024-1024/plafon-led-circular-de-madera-y-aluminio-negro-mate-luz-neutra.jpg,9,,
il-pmch04,,,,,,,,,,,,,,https://f.fcdn.app/imgs/063fdd/tienda.iluminica.com/ilumuy/4e98/original/catalogo/PMCH04_N_5/1024-1024/plafon-led-circular-de-madera-y-aluminio-negro-mate-luz-neutra.jpg,10,,
il-plchi250w,Reflector Proyector Foco Led 250w Profesional Ip65,Reflector Proyector Foco Led 250w Profesional Ip65,Chiaro,Iluminación,"Reflectores, Chiaro, stock-verificado",TRUE,Color,Reflector Proyector Foco Led 250w Profesional Ip65,PLCHI 250W::U,24580.00,,10,deny,https://f.fcdn.app/imgs/6a87b0/tienda.iluminica.com/ilumuy/83cf/original/catalogo/PLCHI250W_PLCHI250W_1/1024-1024/reflector-proyector-foco-led-250w-profesional-ip65-reflector-proyector-foco-led-250w-profesional-ip65.jpg,1,,
il-plchi250w,,,,,,,,,,,,,,https://f.fcdn.app/imgs/358385/tienda.iluminica.com/ilumuy/05c2/original/catalogo/PLCHI250W_PLCHI250W_2/1024-1024/reflector-proyector-foco-led-250w-profesional-ip65-reflector-proyector-foco-led-250w-profesional-ip65.jpg,2,,
il-plchi250w,,,,,,,,,,,,,,https://f.fcdn.app/imgs/9873f9/tienda.iluminica.com/ilumuy/f4c9/original/catalogo/PLCHI250W_PLCHI250W_3/1024-1024/reflector-proyector-foco-led-250w-profesional-ip65-reflector-proyector-foco-led-250w-profesional-ip65.jpg,3,,
il-plchi250w,,,,,,,,,,,,,,https://f.fcdn.app/imgs/46964b/tienda.iluminica.com/ilumuy/165b/original/catalogo/PLCHI250W_PLCHI250W_4/1024-1024/reflector-proyector-foco-led-250w-profesional-ip65-reflector-proyector-foco-led-250w-profesional-ip65.jpg,4,,
il-plchi250w,,,,,,,,,,,,,,https://f.fcdn.app/imgs/7e527c/tienda.iluminica.com/ilumuy/8ed7/original/catalogo/PLCHI250W_PLCHI250W_5/1024-1024/reflector-proyector-foco-led-250w-profesional-ip65-reflector-proyector-foco-led-250w-profesional-ip65.jpg,5,,
il-tritonclch135,Campana Led linea europea Dimerizable 135w Alta eficiencia,Campana Led linea europea Dimerizable 135w Alta eficiencia,Chiaro,Iluminación,"Campanas LED, Chiaro, stock-verificado",TRUE,Color,Campana Led linea europea Dimerizable 135w Alta eficiencia,TRITON CLCH 135::U,13679.00,,10,deny,https://f.fcdn.app/imgs/06de53/tienda.iluminica.com/ilumuy/016d/original/catalogo/TRITONCLCH135_TRITONCLCH135_1/1024-1024/campana-led-linea-europea-dimerizable-135w-alta-eficiencia-campana-led-linea-europea-dimerizable-135w-alta-eficiencia.jpg,1,,
il-tritonclch135,,,,,,,,,,,,,,https://f.fcdn.app/imgs/25d5c1/tienda.iluminica.com/ilumuy/110e/original/catalogo/TRITONCLCH135_TRITONCLCH135_2/1024-1024/campana-led-linea-europea-dimerizable-135w-alta-eficiencia-campana-led-linea-europea-dimerizable-135w-alta-eficiencia.jpg,2,,
il-tritonclch135,,,,,,,,,,,,,,https://f.fcdn.app/imgs/cdd465/tienda.iluminica.com/ilumuy/149a/original/catalogo/TRITONCLCH135_TRITONCLCH135_3/1024-1024/campana-led-linea-europea-dimerizable-135w-alta-eficiencia-campana-led-linea-europea-dimerizable-135w-alta-eficiencia.jpg,3,,
il-tritonclch135,,,,,,,,,,,,,,https://f.fcdn.app/imgs/759a0d/tienda.iluminica.com/ilumuy/64a0/original/catalogo/TRITONCLCH135_TRITONCLCH135_4/1024-1024/campana-led-linea-europea-dimerizable-135w-alta-eficiencia-campana-led-linea-europea-dimerizable-135w-alta-eficiencia.jpg,4,,
il-pmch14,Plafón LED triangular a control remoto con funciones,Plafón LED triangular a control remoto con funciones,Chiaro,Iluminación,"Plafones, Chiaro, stock-verificado",TRUE,Color,Plafón LED triangular a control remoto con funciones,PMCH 14::U,7480.00,,10,deny,https://f.fcdn.app/imgs/5a3c14/tienda.iluminica.com/ilumuy/576e/original/catalogo/PMCH14_PMCH14_1/1024-1024/plafon-led-triangular-a-control-remoto-con-funciones-plafon-led-triangular-a-control-remoto-con-funciones.jpg,1,,
il-pmch14,,,,,,,,,,,,,,https://f.fcdn.app/imgs/b1f8af/tienda.iluminica.com/ilumuy/6435/original/catalogo/PMCH14_PMCH14_2/1024-1024/plafon-led-triangular-a-control-remoto-con-funciones-plafon-led-triangular-a-control-remoto-con-funciones.jpg,2,,
il-pmch14,,,,,,,,,,,,,,https://f.fcdn.app/imgs/125aa7/tienda.iluminica.com/ilumuy/9258/original/catalogo/PMCH14_PMCH14_3/1024-1024/plafon-led-triangular-a-control-remoto-con-funciones-plafon-led-triangular-a-control-remoto-con-funciones.jpg,3,,
il-pmch14,,,,,,,,,,,,,,https://f.fcdn.app/imgs/380434/tienda.iluminica.com/ilumuy/f257/original/catalogo/PMCH14_PMCH14_4/1024-1024/plafon-led-triangular-a-control-remoto-con-funciones-plafon-led-triangular-a-control-remoto-con-funciones.jpg,4,,
il-pmch14,,,,,,,,,,,,,,https://f.fcdn.app/imgs/f6c068/tienda.iluminica.com/ilumuy/dcec/original/catalogo/PMCH14_PMCH14_5/1024-1024/plafon-led-triangular-a-control-remoto-con-funciones-plafon-led-triangular-a-control-remoto-con-funciones.jpg,5,,
il-clchm200wf,Campana led modelo moon 200W 5700K 110º,Campana led modelo moon 200W 5700K 110º,Chiaro,Iluminación,"Campanas LED, Chiaro, stock-verificado",TRUE,Color,Campana led modelo moon 200W 5700K 110º,CLCHM 200WF::U,15585.00,,10,deny,https://f.fcdn.app/imgs/9d2921/tienda.iluminica.com/ilumuy/1345/original/catalogo/CLCHM200WF_CLCHM200WF_1/1024-1024/campana-led-modelo-moon-200w-5700k-110-campana-led-modelo-moon-200w-5700k-110.jpg,1,,
il-clchm200wf,,,,,,,,,,,,,,https://f.fcdn.app/imgs/9b31bf/tienda.iluminica.com/ilumuy/512c/original/catalogo/CLCHM200WF_CLCHM200WF_2/1024-1024/campana-led-modelo-moon-200w-5700k-110-campana-led-modelo-moon-200w-5700k-110.jpg,2,,
il-clchm200wf,,,,,,,,,,,,,,https://f.fcdn.app/imgs/8fc321/tienda.iluminica.com/ilumuy/1c1a/original/catalogo/CLCHM200WF_CLCHM200WF_3/1024-1024/campana-led-modelo-moon-200w-5700k-110-campana-led-modelo-moon-200w-5700k-110.jpg,3,,
il-clchm200wf,,,,,,,,,,,,,,https://f.fcdn.app/imgs/89e0c8/tienda.iluminica.com/ilumuy/dcba/original/catalogo/CLCHM200WF_CLCHM200WF_4/1024-1024/campana-led-modelo-moon-200w-5700k-110-campana-led-modelo-moon-200w-5700k-110.jpg,4,,
il-aich18,Aplique led proyector IP65 12W CHIARO,Aplique led proyector IP65 12W CHIARO,Chiaro,Iluminación,"Apliques, Chiaro, stock-verificado",TRUE,Color,Aplique led proyector IP65 12W CHIARO,AICH 18::U,2123.00,2414.00,10,deny,https://f.fcdn.app/imgs/849044/tienda.iluminica.com/ilumuy/dd9b/original/catalogo/AICH18_AICH18_1/1024-1024/aplique-led-proyector-ip65-12w-chiaro-aplique-led-proyector-ip65-12w-chiaro.jpg,1,,
il-aich18,,,,,,,,,,,,,,https://f.fcdn.app/imgs/543875/tienda.iluminica.com/ilumuy/4931/original/catalogo/AICH18_AICH18_2/1024-1024/aplique-led-proyector-ip65-12w-chiaro-aplique-led-proyector-ip65-12w-chiaro.jpg,2,,
il-aich18,,,,,,,,,,,,,,https://f.fcdn.app/imgs/a09d4b/tienda.iluminica.com/ilumuy/66f2/original/catalogo/AICH18_AICH18_3/1024-1024/aplique-led-proyector-ip65-12w-chiaro-aplique-led-proyector-ip65-12w-chiaro.jpg,3,,
il-aich18,,,,,,,,,,,,,,https://f.fcdn.app/imgs/2f1c64/tienda.iluminica.com/ilumuy/97f8/original/catalogo/AICH18_AICH18_4/1024-1024/aplique-led-proyector-ip65-12w-chiaro-aplique-led-proyector-ip65-12w-chiaro.jpg,4,,
il-aich18,,,,,,,,,,,,,,https://f.fcdn.app/imgs/0f0523/tienda.iluminica.com/ilumuy/57cc/original/catalogo/AICH18_AICH18_5/1024-1024/aplique-led-proyector-ip65-12w-chiaro-aplique-led-proyector-ip65-12w-chiaro.jpg,5,,
il-echc3w,"Panel LED 3W, de embutir, empotrar, cuadrado BLANCO","Panel LED 3W, de embutir, empotrar, cuadrado BLANCO",Chiaro,Iluminación,"Paneles, Chiaro, stock-verificado",TRUE,Color,Cálido 3000K,ECHC 3W:C:U,119.00,,10,deny,https://f.fcdn.app/imgs/9eb055/tienda.iluminica.com/ilumuy/dc4a/original/catalogo/ECHC3W_C_1/1024-1024/panel-led-3w-de-embutir-empotrar-cuadrado-blanco-calido-3000k.jpg,1,,
il-echc3w,,,,,,,,Frío 6500K,ECHC 3W:F:U,119.00,,10,deny,,,,
il-echc3w,,,,,,,,Neutro 4000K,ECHC 3W:N:U,119.00,,10,deny,,,,
il-echc3w,,,,,,,,,,,,,,https://f.fcdn.app/imgs/0caa78/tienda.iluminica.com/ilumuy/73e5/original/catalogo/ECHC3W_C_2/1024-1024/panel-led-3w-de-embutir-empotrar-cuadrado-blanco-calido-3000k.jpg,2,,
il-echc3w,,,,,,,,,,,,,,https://f.fcdn.app/imgs/9911dd/tienda.iluminica.com/ilumuy/4a39/original/catalogo/ECHC3W_C_3/1024-1024/panel-led-3w-de-embutir-empotrar-cuadrado-blanco-calido-3000k.jpg,3,,
il-echc3w,,,,,,,,,,,,,,https://f.fcdn.app/imgs/037805/tienda.iluminica.com/ilumuy/3ac1/original/catalogo/ECHC3W_C_4/1024-1024/panel-led-3w-de-embutir-empotrar-cuadrado-blanco-calido-3000k.jpg,4,,
il-echc3w,,,,,,,,,,,,,,https://f.fcdn.app/imgs/07798c/tienda.iluminica.com/ilumuy/5534/original/catalogo/ECHC3W_C_5/1024-1024/panel-led-3w-de-embutir-empotrar-cuadrado-blanco-calido-3000k.jpg,5,,
il-echc3w,,,,,,,,,,,,,,https://f.fcdn.app/imgs/1adac7/tienda.iluminica.com/ilumuy/dc4a/original/catalogo/ECHC3W_F_1/1024-1024/panel-led-3w-de-embutir-empotrar-cuadrado-blanco-frio-6500k.jpg,6,,
il-echc3w,,,,,,,,,,,,,,https://f.fcdn.app/imgs/38d9c2/tienda.iluminica.com/ilumuy/73e5/original/catalogo/ECHC3W_F_2/1024-1024/panel-led-3w-de-embutir-empotrar-cuadrado-blanco-frio-6500k.jpg,7,,
il-echc3w,,,,,,,,,,,,,,https://f.fcdn.app/imgs/142210/tienda.iluminica.com/ilumuy/4a39/original/catalogo/ECHC3W_F_3/1024-1024/panel-led-3w-de-embutir-empotrar-cuadrado-blanco-frio-6500k.jpg,8,,
il-echc3w,,,,,,,,,,,,,,https://f.fcdn.app/imgs/cfe79c/tienda.iluminica.com/ilumuy/3ac1/original/catalogo/ECHC3W_F_4/1024-1024/panel-led-3w-de-embutir-empotrar-cuadrado-blanco-frio-6500k.jpg,9,,
il-echc3w,,,,,,,,,,,,,,https://f.fcdn.app/imgs/081790/tienda.iluminica.com/ilumuy/5534/original/catalogo/ECHC3W_F_5/1024-1024/panel-led-3w-de-embutir-empotrar-cuadrado-blanco-frio-6500k.jpg,10,,
il-echc3w,,,,,,,,,,,,,,https://f.fcdn.app/imgs/ca5761/tienda.iluminica.com/ilumuy/dc4a/original/catalogo/ECHC3W_N_1/1024-1024/panel-led-3w-de-embutir-empotrar-cuadrado-blanco-neutro-4000k.jpg,11,,
il-echc3w,,,,,,,,,,,,,,https://f.fcdn.app/imgs/128635/tienda.iluminica.com/ilumuy/73e5/original/catalogo/ECHC3W_N_2/1024-1024/panel-led-3w-de-embutir-empotrar-cuadrado-blanco-neutro-4000k.jpg,12,,
il-echc3w,,,,,,,,,,,,,,https://f.fcdn.app/imgs/d592ed/tienda.iluminica.com/ilumuy/4a39/original/catalogo/ECHC3W_N_3/1024-1024/panel-led-3w-de-embutir-empotrar-cuadrado-blanco-neutro-4000k.jpg,13,,
il-echc3w,,,,,,,,,,,,,,https://f.fcdn.app/imgs/9ae3bd/tienda.iluminica.com/ilumuy/3ac1/original/catalogo/ECHC3W_N_4/1024-1024/panel-led-3w-de-embutir-empotrar-cuadrado-blanco-neutro-4000k.jpg,14,,
il-echc3w,,,,,,,,,,,,,,https://f.fcdn.app/imgs/c5f844/tienda.iluminica.com/ilumuy/5534/original/catalogo/ECHC3W_N_5/1024-1024/panel-led-3w-de-embutir-empotrar-cuadrado-blanco-neutro-4000k.jpg,15,,
il-echc18w,"Panel LED 18W, de embutir, empotrar, cuadrado BLANCO","Panel LED 18W, de embutir, empotrar, cuadrado BLANCO",Chiaro,Iluminación,"Paneles, Chiaro, stock-verificado",TRUE,Color,Cálido 3000K,ECHC 18W:C:U,284.00,,10,deny,https://f.fcdn.app/imgs/17e4b0/tienda.iluminica.com/ilumuy/7242/original/catalogo/ECHC18W_C_1/1024-1024/panel-led-18w-de-embutir-empotrar-cuadrado-blanco-calido-3000k.jpg,1,,
il-echc18w,,,,,,,,Neutro 4000K,ECHC 18W:N:U,284.00,,10,deny,,,,
il-echc18w,,,,,,,,,,,,,,https://f.fcdn.app/imgs/ba94e4/tienda.iluminica.com/ilumuy/5f33/original/catalogo/ECHC18W_C_2/1024-1024/panel-led-18w-de-embutir-empotrar-cuadrado-blanco-calido-3000k.jpg,2,,
il-echc18w,,,,,,,,,,,,,,https://f.fcdn.app/imgs/309f5d/tienda.iluminica.com/ilumuy/3ac1/original/catalogo/ECHC18W_C_3/1024-1024/panel-led-18w-de-embutir-empotrar-cuadrado-blanco-calido-3000k.jpg,3,,
il-echc18w,,,,,,,,,,,,,,https://f.fcdn.app/imgs/bfc43d/tienda.iluminica.com/ilumuy/fd6b/original/catalogo/ECHC18W_C_4/1024-1024/panel-led-18w-de-embutir-empotrar-cuadrado-blanco-calido-3000k.jpg,4,,
il-echc18w,,,,,,,,,,,,,,https://f.fcdn.app/imgs/cd7ca4/tienda.iluminica.com/ilumuy/cb62/original/catalogo/ECHC18W_C_5/1024-1024/panel-led-18w-de-embutir-empotrar-cuadrado-blanco-calido-3000k.jpg,5,,
il-echc18w,,,,,,,,,,,,,,https://f.fcdn.app/imgs/da839c/tienda.iluminica.com/ilumuy/7242/original/catalogo/ECHC18W_N_1/1024-1024/panel-led-18w-de-embutir-empotrar-cuadrado-blanco-neutro-4000k.jpg,6,,
il-echc18w,,,,,,,,,,,,,,https://f.fcdn.app/imgs/6e8fa4/tienda.iluminica.com/ilumuy/5f33/original/catalogo/ECHC18W_N_2/1024-1024/panel-led-18w-de-embutir-empotrar-cuadrado-blanco-neutro-4000k.jpg,7,,
il-echc18w,,,,,,,,,,,,,,https://f.fcdn.app/imgs/811c2c/tienda.iluminica.com/ilumuy/3ac1/original/catalogo/ECHC18W_N_3/1024-1024/panel-led-18w-de-embutir-empotrar-cuadrado-blanco-neutro-4000k.jpg,8,,
il-echc18w,,,,,,,,,,,,,,https://f.fcdn.app/imgs/aaeabf/tienda.iluminica.com/ilumuy/fd6b/original/catalogo/ECHC18W_N_4/1024-1024/panel-led-18w-de-embutir-empotrar-cuadrado-blanco-neutro-4000k.jpg,9,,
il-echc18w,,,,,,,,,,,,,,https://f.fcdn.app/imgs/381b29/tienda.iluminica.com/ilumuy/cb62/original/catalogo/ECHC18W_N_5/1024-1024/panel-led-18w-de-embutir-empotrar-cuadrado-blanco-neutro-4000k.jpg,10,,
il-echr12w,"Panel LED 12W, de embutir, empotrar redondo BLANCO","Panel LED 12W, de embutir, empotrar redondo BLANCO",Chiaro,Iluminación,"Paneles, Chiaro, stock-verificado",TRUE,Color,Cálido 3000K,ECHR 12W:C:U,189.00,,10,deny,https://f.fcdn.app/imgs/574e0f/tienda.iluminica.com/ilumuy/3dc5/original/catalogo/ECHR12W_C_1/1024-1024/panel-led-12w-de-embutir-empotrar-redondo-blanco-calido-3000k.jpg,1,,
il-echr12w,,,,,,,,,,,,,,https://f.fcdn.app/imgs/e7e73e/tienda.iluminica.com/ilumuy/0fa9/original/catalogo/ECHR12W_C_2/1024-1024/panel-led-12w-de-embutir-empotrar-redondo-blanco-calido-3000k.jpg,2,,
il-echr12w,,,,,,,,,,,,,,https://f.fcdn.app/imgs/a5c3a0/tienda.iluminica.com/ilumuy/3cdb/original/catalogo/ECHR12W_C_3/1024-1024/panel-led-12w-de-embutir-empotrar-redondo-blanco-calido-3000k.jpg,3,,
il-echr12w,,,,,,,,,,,,,,https://f.fcdn.app/imgs/afd87c/tienda.iluminica.com/ilumuy/3ac1/original/catalogo/ECHR12W_C_4/1024-1024/panel-led-12w-de-embutir-empotrar-redondo-blanco-calido-3000k.jpg,4,,
il-p3llche7w,Pack x 3 lámparas led estándar 7w E27 CHIP SAMSUNG,Pack x 3 lámparas led estándar 7w E27 CHIP SAMSUNG,Chiaro,Iluminación,"Lámparas – Tubos LED, Chiaro, stock-verificado",TRUE,Color,Luz cálida,P3 LLCHE 7W:C:U,85.00,424.00,10,deny,https://f.fcdn.app/imgs/86da04/tienda.iluminica.com/ilumuy/9204/original/catalogo/P3LLCHE7W_C_1/1024-1024/pack-x-3-lamparas-led-estandar-7w-e27-chip-samsung-luz-calida.jpg,1,,
il-p3llche7w,,,,,,,,,,,,,,https://f.fcdn.app/imgs/58e3c8/tienda.iluminica.com/ilumuy/1ad3/original/catalogo/P3LLCHE7W_C_2/1024-1024/pack-x-3-lamparas-led-estandar-7w-e27-chip-samsung-luz-calida.jpg,2,,
il-p3llche7w,,,,,,,,,,,,,,https://f.fcdn.app/imgs/458009/tienda.iluminica.com/ilumuy/4a9d/original/catalogo/P3LLCHE7W_C_3/1024-1024/pack-x-3-lamparas-led-estandar-7w-e27-chip-samsung-luz-calida.jpg,3,,
il-p3llche7w,,,,,,,,,,,,,,https://f.fcdn.app/imgs/488cee/tienda.iluminica.com/ilumuy/bdc4/original/catalogo/P3LLCHE7W_C_4/1024-1024/pack-x-3-lamparas-led-estandar-7w-e27-chip-samsung-luz-calida.jpg,4,,
il-ca,Campana de aluminio y terminación con madera,Campana de aluminio y terminación con madera,Chiaro,Iluminación,"Colgantes, Chiaro, stock-verificado",TRUE,Color,Verde menta,- CA:26:U,1191.00,,10,deny,https://f.fcdn.app/imgs/b2c2d5/tienda.iluminica.com/ilumuy/a57c/original/catalogo/-CA_26_1/1024-1024/campana-de-aluminio-y-terminacion-con-madera-verde-menta.jpg,1,,
il-ca,,,,,,,,,,,,,,https://f.fcdn.app/imgs/fd3039/tienda.iluminica.com/ilumuy/ef66/original/catalogo/-CA_26_2/1024-1024/campana-de-aluminio-y-terminacion-con-madera-verde-menta.jpg,2,,
il-ca,,,,,,,,,,,,,,https://f.fcdn.app/imgs/427ff1/tienda.iluminica.com/ilumuy/3e8f/original/catalogo/-CA_26_3/1024-1024/campana-de-aluminio-y-terminacion-con-madera-verde-menta.jpg,3,,
il-ca,,,,,,,,,,,,,,https://f.fcdn.app/imgs/fffec0/tienda.iluminica.com/ilumuy/30f3/original/catalogo/-CA_26_4/1024-1024/campana-de-aluminio-y-terminacion-con-madera-verde-menta.jpg,4,,
il-ca,,,,,,,,,,,,,,https://f.fcdn.app/imgs/d55cef/tienda.iluminica.com/ilumuy/adb0/original/catalogo/-CA_26_5/1024-1024/campana-de-aluminio-y-terminacion-con-madera-verde-menta.jpg,5,,
il-ca,Campana estilo nórdico de aluminio y símil madera,Campana estilo nórdico de aluminio y símil madera,Chiaro,Iluminación,"Colgantes, Chiaro, stock-verificado",TRUE,Color,Negra,---CA:17:U,1702.00,,10,deny,https://f.fcdn.app/imgs/b883ff/tienda.iluminica.com/ilumuy/94fa/original/catalogo/---CA_17_1/1024-1024/campana-estilo-nordico-de-aluminio-y-simil-madera-negra.jpg,1,,
il-ca,,,,,,,,Blanca,---CA:18:U,1702.00,,10,deny,,,,
il-ca,,,,,,,,,,,,,,https://f.fcdn.app/imgs/846956/tienda.iluminica.com/ilumuy/921b/original/catalogo/---CA_17_2/1024-1024/campana-estilo-nordico-de-aluminio-y-simil-madera-negra.jpg,2,,
il-ca,,,,,,,,,,,,,,https://f.fcdn.app/imgs/23cba4/tienda.iluminica.com/ilumuy/17e7/original/catalogo/---CA_17_3/1024-1024/campana-estilo-nordico-de-aluminio-y-simil-madera-negra.jpg,3,,
il-ca,,,,,,,,,,,,,,https://f.fcdn.app/imgs/20ca5a/tienda.iluminica.com/ilumuy/1f90/original/catalogo/---CA_17_4/1024-1024/campana-estilo-nordico-de-aluminio-y-simil-madera-negra.jpg,4,,
il-ca,,,,,,,,,,,,,,https://f.fcdn.app/imgs/3b20e6/tienda.iluminica.com/ilumuy/5bc3/original/catalogo/---CA_17_5/1024-1024/campana-estilo-nordico-de-aluminio-y-simil-madera-negra.jpg,5,,
il-ca,,,,,,,,,,,,,,https://f.fcdn.app/imgs/289a11/tienda.iluminica.com/ilumuy/7282/original/catalogo/---CA_18_1/1024-1024/campana-estilo-nordico-de-aluminio-y-simil-madera-blanca.jpg,6,,
il-ca,,,,,,,,,,,,,,https://f.fcdn.app/imgs/eb6777/tienda.iluminica.com/ilumuy/3fdd/original/catalogo/---CA_18_2/1024-1024/campana-estilo-nordico-de-aluminio-y-simil-madera-blanca.jpg,7,,
il-ca,,,,,,,,,,,,,,https://f.fcdn.app/imgs/7198a5/tienda.iluminica.com/ilumuy/8751/original/catalogo/---CA_18_3/1024-1024/campana-estilo-nordico-de-aluminio-y-simil-madera-blanca.jpg,8,,
il-ca,,,,,,,,,,,,,,https://f.fcdn.app/imgs/55c9d6/tienda.iluminica.com/ilumuy/7dcf/original/catalogo/---CA_18_4/1024-1024/campana-estilo-nordico-de-aluminio-y-simil-madera-blanca.jpg,9,,
il-ca,,,,,,,,,,,,,,https://f.fcdn.app/imgs/0c1bff/tienda.iluminica.com/ilumuy/335e/original/catalogo/---CA_18_5/1024-1024/campana-estilo-nordico-de-aluminio-y-simil-madera-blanca.jpg,10,,
il-pchr12w,"Panel LED 12W, de adosar , aplicar redondo BLANCO","Panel LED 12W, de adosar , aplicar redondo BLANCO",Chiaro,Iluminación,"Paneles, Chiaro, stock-verificado",TRUE,Color,Cálido 3000K,PCHR 12W:C:U,229.00,,10,deny,https://f.fcdn.app/imgs/122d15/tienda.iluminica.com/ilumuy/fab7/original/catalogo/PCHR12W_C_1/1024-1024/panel-led-12w-de-adosar-aplicar-redondo-blanco-calido-3000k.jpg,1,,
il-pchr12w,,,,,,,,Neutro 4000K,PCHR 12W:N:U,229.00,,10,deny,,,,
il-pchr12w,,,,,,,,,,,,,,https://f.fcdn.app/imgs/988c55/tienda.iluminica.com/ilumuy/6078/original/catalogo/PCHR12W_C_2/1024-1024/panel-led-12w-de-adosar-aplicar-redondo-blanco-calido-3000k.jpg,2,,
il-pchr12w,,,,,,,,,,,,,,https://f.fcdn.app/imgs/ab547e/tienda.iluminica.com/ilumuy/377b/original/catalogo/PCHR12W_C_3/1024-1024/panel-led-12w-de-adosar-aplicar-redondo-blanco-calido-3000k.jpg,3,,
il-pchr12w,,,,,,,,,,,,,,https://f.fcdn.app/imgs/0134ec/tienda.iluminica.com/ilumuy/3ac1/original/catalogo/PCHR12W_C_4/1024-1024/panel-led-12w-de-adosar-aplicar-redondo-blanco-calido-3000k.jpg,4,,
il-pchr12w,,,,,,,,,,,,,,https://f.fcdn.app/imgs/7253b4/tienda.iluminica.com/ilumuy/07d3/original/catalogo/PCHR12W_C_5/1024-1024/panel-led-12w-de-adosar-aplicar-redondo-blanco-calido-3000k.jpg,5,,
il-pchr12w,,,,,,,,,,,,,,https://f.fcdn.app/imgs/bc9d51/tienda.iluminica.com/ilumuy/fab7/original/catalogo/PCHR12W_N_1/1024-1024/panel-led-12w-de-adosar-aplicar-redondo-blanco-neutro-4000k.jpg,6,,
il-pchr12w,,,,,,,,,,,,,,https://f.fcdn.app/imgs/80d5f2/tienda.iluminica.com/ilumuy/6005/original/catalogo/PCHR12W_N_2/1024-1024/panel-led-12w-de-adosar-aplicar-redondo-blanco-neutro-4000k.jpg,7,,
il-pchr12w,,,,,,,,,,,,,,https://f.fcdn.app/imgs/529a4c/tienda.iluminica.com/ilumuy/3ac1/original/catalogo/PCHR12W_N_3/1024-1024/panel-led-12w-de-adosar-aplicar-redondo-blanco-neutro-4000k.jpg,8,,
il-pchr12w,,,,,,,,,,,,,,https://f.fcdn.app/imgs/f529b3/tienda.iluminica.com/ilumuy/888f/original/catalogo/PCHR12W_N_4/1024-1024/panel-led-12w-de-adosar-aplicar-redondo-blanco-neutro-4000k.jpg,9,,
il-pchr12w,,,,,,,,,,,,,,https://f.fcdn.app/imgs/e7b02b/tienda.iluminica.com/ilumuy/6078/original/catalogo/PCHR12W_N_5/1024-1024/panel-led-12w-de-adosar-aplicar-redondo-blanco-neutro-4000k.jpg,10,,
il-aich03,Aplique led Tortuga oval 13w IP65,Aplique led Tortuga oval 13w IP65,Chiaro,Iluminación,"Apliques, Chiaro, stock-verificado",TRUE,Color,Aplique led Tortuga oval 13w IP65,AICH 03::U,2754.00,,10,deny,https://f.fcdn.app/imgs/ec8bb9/tienda.iluminica.com/ilumuy/97ee/original/catalogo/AICH03_AICH03_1/1024-1024/aplique-led-tortuga-oval-13w-ip65-aplique-led-tortuga-oval-13w-ip65.jpg,1,,
il-aich03,,,,,,,,,,,,,,https://f.fcdn.app/imgs/135a6e/tienda.iluminica.com/ilumuy/d447/original/catalogo/AICH03_AICH03_2/1024-1024/aplique-led-tortuga-oval-13w-ip65-aplique-led-tortuga-oval-13w-ip65.jpg,2,,
il-aich03,,,,,,,,,,,,,,https://f.fcdn.app/imgs/4a2cad/tienda.iluminica.com/ilumuy/efc9/original/catalogo/AICH03_AICH03_3/1024-1024/aplique-led-tortuga-oval-13w-ip65-aplique-led-tortuga-oval-13w-ip65.jpg,3,,
il-aich03,,,,,,,,,,,,,,https://f.fcdn.app/imgs/4d1cc5/tienda.iluminica.com/ilumuy/44ee/original/catalogo/AICH03_AICH03_4/1024-1024/aplique-led-tortuga-oval-13w-ip65-aplique-led-tortuga-oval-13w-ip65.jpg,4,,
il-aich03,,,,,,,,,,,,,,https://f.fcdn.app/imgs/d2ded8/tienda.iluminica.com/ilumuy/c43f/original/catalogo/AICH03_AICH03_5/1024-1024/aplique-led-tortuga-oval-13w-ip65-aplique-led-tortuga-oval-13w-ip65.jpg,5,,
il-pchr6w,"Panel LED 6W, de adosar, aplicar redondo BLANCO","Panel LED 6W, de adosar, aplicar redondo BLANCO",Chiaro,Iluminación,"Paneles, Chiaro, stock-verificado",TRUE,Color,Frío 6500K,PCHR 6W:F:U,208.00,,10,deny,https://f.fcdn.app/imgs/4a8c06/tienda.iluminica.com/ilumuy/6752/original/catalogo/PCHR6W_F_1/1024-1024/panel-led-6w-de-adosar-aplicar-redondo-blanco-frio-6500k.jpg,1,,
il-pchr6w,,,,,,,,Neutro 4000K,PCHR 6W:N:U,208.00,,10,deny,,,,
il-pchr6w,,,,,,,,,,,,,,https://f.fcdn.app/imgs/14204b/tienda.iluminica.com/ilumuy/9089/original/catalogo/PCHR6W_F_2/1024-1024/panel-led-6w-de-adosar-aplicar-redondo-blanco-frio-6500k.jpg,2,,
il-pchr6w,,,,,,,,,,,,,,https://f.fcdn.app/imgs/dce591/tienda.iluminica.com/ilumuy/5342/original/catalogo/PCHR6W_F_3/1024-1024/panel-led-6w-de-adosar-aplicar-redondo-blanco-frio-6500k.jpg,3,,
il-pchr6w,,,,,,,,,,,,,,https://f.fcdn.app/imgs/937442/tienda.iluminica.com/ilumuy/67d0/original/catalogo/PCHR6W_F_4/1024-1024/panel-led-6w-de-adosar-aplicar-redondo-blanco-frio-6500k.jpg,4,,
il-pchr6w,,,,,,,,,,,,,,https://f.fcdn.app/imgs/2e929f/tienda.iluminica.com/ilumuy/3ac1/original/catalogo/PCHR6W_F_5/1024-1024/panel-led-6w-de-adosar-aplicar-redondo-blanco-frio-6500k.jpg,5,,
il-pchr6w,,,,,,,,,,,,,,https://f.fcdn.app/imgs/a7f7a1/tienda.iluminica.com/ilumuy/6752/original/catalogo/PCHR6W_N_1/1024-1024/panel-led-6w-de-adosar-aplicar-redondo-blanco-neutro-4000k.jpg,6,,
il-pchr6w,,,,,,,,,,,,,,https://f.fcdn.app/imgs/5be6cb/tienda.iluminica.com/ilumuy/9089/original/catalogo/PCHR6W_N_2/1024-1024/panel-led-6w-de-adosar-aplicar-redondo-blanco-neutro-4000k.jpg,7,,
il-pchr6w,,,,,,,,,,,,,,https://f.fcdn.app/imgs/2fa576/tienda.iluminica.com/ilumuy/67d0/original/catalogo/PCHR6W_N_3/1024-1024/panel-led-6w-de-adosar-aplicar-redondo-blanco-neutro-4000k.jpg,8,,
il-pchr6w,,,,,,,,,,,,,,https://f.fcdn.app/imgs/6c095a/tienda.iluminica.com/ilumuy/5342/original/catalogo/PCHR6W_N_4/1024-1024/panel-led-6w-de-adosar-aplicar-redondo-blanco-neutro-4000k.jpg,9,,
il-pchr6w,,,,,,,,,,,,,,https://f.fcdn.app/imgs/daad76/tienda.iluminica.com/ilumuy/3ac1/original/catalogo/PCHR6W_N_5/1024-1024/panel-led-6w-de-adosar-aplicar-redondo-blanco-neutro-4000k.jpg,10,,
il-pmch12,Plafón LED cuadrado a control remoto varias funciones 32w,Plafón LED cuadrado a control remoto varias funciones 32w,Chiaro,Iluminación,"Plafones, Chiaro, stock-verificado",TRUE,Color,Plafón LED cuadrado a control remoto varias funciones 32w,PMCH 12::U,5841.00,,10,deny,https://f.fcdn.app/imgs/1bd160/tienda.iluminica.com/ilumuy/e0a1/original/catalogo/PMCH12_PMCH12_1/1024-1024/plafon-led-cuadrado-a-control-remoto-varias-funciones-32w-plafon-led-cuadrado-a-control-remoto-varias-funciones-32w.jpg,1,,
il-pmch12,,,,,,,,,,,,,,https://f.fcdn.app/imgs/42fc45/tienda.iluminica.com/ilumuy/50c1/original/catalogo/PMCH12_PMCH12_2/1024-1024/plafon-led-cuadrado-a-control-remoto-varias-funciones-32w-plafon-led-cuadrado-a-control-remoto-varias-funciones-32w.jpg,2,,
il-pmch12,,,,,,,,,,,,,,https://f.fcdn.app/imgs/ba0d10/tienda.iluminica.com/ilumuy/d6c9/original/catalogo/PMCH12_PMCH12_3/1024-1024/plafon-led-cuadrado-a-control-remoto-varias-funciones-32w-plafon-led-cuadrado-a-control-remoto-varias-funciones-32w.jpg,3,,
il-pmch12,,,,,,,,,,,,,,https://f.fcdn.app/imgs/12ca84/tienda.iluminica.com/ilumuy/24fc/original/catalogo/PMCH12_PMCH12_4/1024-1024/plafon-led-cuadrado-a-control-remoto-varias-funciones-32w-plafon-led-cuadrado-a-control-remoto-varias-funciones-32w.jpg,4,,
il-pmch12,,,,,,,,,,,,,,https://f.fcdn.app/imgs/e8e711/tienda.iluminica.com/ilumuy/57e6/original/catalogo/PMCH12_PMCH12_5/1024-1024/plafon-led-cuadrado-a-control-remoto-varias-funciones-32w-plafon-led-cuadrado-a-control-remoto-varias-funciones-32w.jpg,5,,
il-echc24w,"Panel LED 24W, de embutir, empotrar, cuadrado BLANCO","Panel LED 24W, de embutir, empotrar, cuadrado BLANCO",Chiaro,Iluminación,"Paneles, Chiaro, stock-verificado",TRUE,Color,Cálido 3000K,ECHC 24W:C:U,476.00,,10,deny,https://f.fcdn.app/imgs/f79154/tienda.iluminica.com/ilumuy/aac9/original/catalogo/ECHC24W_C_1/1024-1024/panel-led-24w-de-embutir-empotrar-cuadrado-blanco-calido-3000k.jpg,1,,
il-echc24w,,,,,,,,Neutro 4000K,ECHC 24W:N:U,476.00,,10,deny,,,,
il-echc24w,,,,,,,,,,,,,,https://f.fcdn.app/imgs/01b377/tienda.iluminica.com/ilumuy/392b/original/catalogo/ECHC24W_C_2/1024-1024/panel-led-24w-de-embutir-empotrar-cuadrado-blanco-calido-3000k.jpg,2,,
il-echc24w,,,,,,,,,,,,,,https://f.fcdn.app/imgs/111b23/tienda.iluminica.com/ilumuy/3ac1/original/catalogo/ECHC24W_C_3/1024-1024/panel-led-24w-de-embutir-empotrar-cuadrado-blanco-calido-3000k.jpg,3,,
il-echc24w,,,,,,,,,,,,,,https://f.fcdn.app/imgs/e36bdf/tienda.iluminica.com/ilumuy/7242/original/catalogo/ECHC24W_C_4/1024-1024/panel-led-24w-de-embutir-empotrar-cuadrado-blanco-calido-3000k.jpg,4,,
il-echc24w,,,,,,,,,,,,,,https://f.fcdn.app/imgs/aef42a/tienda.iluminica.com/ilumuy/6b5c/original/catalogo/ECHC24W_C_5/1024-1024/panel-led-24w-de-embutir-empotrar-cuadrado-blanco-calido-3000k.jpg,5,,
il-echc24w,,,,,,,,,,,,,,https://f.fcdn.app/imgs/d1b96c/tienda.iluminica.com/ilumuy/aac9/original/catalogo/ECHC24W_N_1/1024-1024/panel-led-24w-de-embutir-empotrar-cuadrado-blanco-neutro-4000k.jpg,6,,
il-echc24w,,,,,,,,,,,,,,https://f.fcdn.app/imgs/8cbc8c/tienda.iluminica.com/ilumuy/392b/original/catalogo/ECHC24W_N_2/1024-1024/panel-led-24w-de-embutir-empotrar-cuadrado-blanco-neutro-4000k.jpg,7,,
il-echc24w,,,,,,,,,,,,,,https://f.fcdn.app/imgs/c5852a/tienda.iluminica.com/ilumuy/3ac1/original/catalogo/ECHC24W_N_3/1024-1024/panel-led-24w-de-embutir-empotrar-cuadrado-blanco-neutro-4000k.jpg,8,,
il-echc24w,,,,,,,,,,,,,,https://f.fcdn.app/imgs/a29aa8/tienda.iluminica.com/ilumuy/7242/original/catalogo/ECHC24W_N_4/1024-1024/panel-led-24w-de-embutir-empotrar-cuadrado-blanco-neutro-4000k.jpg,9,,
il-echc24w,,,,,,,,,,,,,,https://f.fcdn.app/imgs/8700b8/tienda.iluminica.com/ilumuy/6b5c/original/catalogo/ECHC24W_N_5/1024-1024/panel-led-24w-de-embutir-empotrar-cuadrado-blanco-neutro-4000k.jpg,10,,
il-pmch16,"Plafón LED lunas y estrellas, a control remoto con funciones","Plafón LED lunas y estrellas, a control remoto con funciones",Chiaro,Iluminación,"Plafones, Chiaro, stock-verificado",TRUE,Color,"Plafón LED lunas y estrellas, a control remoto con funciones",PMCH16::U,5841.00,,10,deny,https://f.fcdn.app/imgs/a79196/tienda.iluminica.com/ilumuy/d650/original/catalogo/PMCH16_PMCH16_1/1024-1024/plafon-led-lunas-y-estrellas-a-control-remoto-con-funciones-plafon-led-lunas-y-estrellas-a-control-remoto-con-funciones.jpg,1,,
il-pmch16,,,,,,,,,,,,,,https://f.fcdn.app/imgs/53575d/tienda.iluminica.com/ilumuy/5b18/original/catalogo/PMCH16_PMCH16_2/1024-1024/plafon-led-lunas-y-estrellas-a-control-remoto-con-funciones-plafon-led-lunas-y-estrellas-a-control-remoto-con-funciones.jpg,2,,
il-pmch16,,,,,,,,,,,,,,https://f.fcdn.app/imgs/315e17/tienda.iluminica.com/ilumuy/0ed4/original/catalogo/PMCH16_PMCH16_3/1024-1024/plafon-led-lunas-y-estrellas-a-control-remoto-con-funciones-plafon-led-lunas-y-estrellas-a-control-remoto-con-funciones.jpg,3,,
il-pmch16,,,,,,,,,,,,,,https://f.fcdn.app/imgs/2f559d/tienda.iluminica.com/ilumuy/1ef2/original/catalogo/PMCH16_PMCH16_4/1024-1024/plafon-led-lunas-y-estrellas-a-control-remoto-con-funciones-plafon-led-lunas-y-estrellas-a-control-remoto-con-funciones.jpg,4,,
il-pmch16,,,,,,,,,,,,,,https://f.fcdn.app/imgs/2d43e3/tienda.iluminica.com/ilumuy/57e6/original/catalogo/PMCH16_PMCH16_5/1024-1024/plafon-led-lunas-y-estrellas-a-control-remoto-con-funciones-plafon-led-lunas-y-estrellas-a-control-remoto-con-funciones.jpg,5,,
il-pch12030res,Panel led con resortes de embutir en yeso 48w 119.5*29.5cm,Panel led con resortes de embutir en yeso 48w 119.5*29.5cm,Chiaro,Iluminación,"Paneles, Chiaro, stock-verificado",TRUE,Color,Luz Fría,PCH 12030 RES:F:U,2117.00,,10,deny,https://f.fcdn.app/imgs/51c2b7/tienda.iluminica.com/ilumuy/c4ba/original/catalogo/PCH12030RES_F_1/1024-1024/panel-led-con-resortes-de-embutir-en-yeso-48w-119-5-29-5cm-luz-fria.jpg,1,,
il-pch12030res,,,,,,,,,,,,,,https://f.fcdn.app/imgs/ae9a07/tienda.iluminica.com/ilumuy/f1f3/original/catalogo/PCH12030RES_F_2/1024-1024/panel-led-con-resortes-de-embutir-en-yeso-48w-119-5-29-5cm-luz-fria.jpg,2,,
il-pch12030res,,,,,,,,,,,,,,https://f.fcdn.app/imgs/231603/tienda.iluminica.com/ilumuy/7e30/original/catalogo/PCH12030RES_F_3/1024-1024/panel-led-con-resortes-de-embutir-en-yeso-48w-119-5-29-5cm-luz-fria.jpg,3,,
il-pch12030res,,,,,,,,,,,,,,https://f.fcdn.app/imgs/c4e656/tienda.iluminica.com/ilumuy/09d7/original/catalogo/PCH12030RES_F_4/1024-1024/panel-led-con-resortes-de-embutir-en-yeso-48w-119-5-29-5cm-luz-fria.jpg,4,,
il-pch12030res,,,,,,,,,,,,,,https://f.fcdn.app/imgs/d3e7ca/tienda.iluminica.com/ilumuy/9a62/original/catalogo/PCH12030RES_F_5/1024-1024/panel-led-con-resortes-de-embutir-en-yeso-48w-119-5-29-5cm-luz-fria.jpg,5,,
il-pr01,Colgante de suspender portalámparas bronce con tapa centro E27,Colgante de suspender portalámparas bronce con tapa centro E27,Chiaro,Iluminación,"Colgantes, Chiaro, stock-verificado",TRUE,Color,Colgante de suspender portalámparas bronce con tapa centro E27,PR01::U,531.00,,10,deny,https://f.fcdn.app/imgs/9eb9d5/tienda.iluminica.com/ilumuy/62a3/original/catalogo/PR01_PR01_1/1024-1024/colgante-de-suspender-portalamparas-bronce-con-tapa-centro-e27-colgante-de-suspender-portalamparas-bronce-con-tapa-centro-e27.jpg,1,,
il-pr01,,,,,,,,,,,,,,https://f.fcdn.app/imgs/8eca5d/tienda.iluminica.com/ilumuy/ea78/original/catalogo/PR01_PR01_2/1024-1024/colgante-de-suspender-portalamparas-bronce-con-tapa-centro-e27-colgante-de-suspender-portalamparas-bronce-con-tapa-centro-e27.jpg,2,,
il-pr01,,,,,,,,,,,,,,https://f.fcdn.app/imgs/c265a0/tienda.iluminica.com/ilumuy/4647/original/catalogo/PR01_PR01_3/1024-1024/colgante-de-suspender-portalamparas-bronce-con-tapa-centro-e27-colgante-de-suspender-portalamparas-bronce-con-tapa-centro-e27.jpg,3,,
il-pr01,,,,,,,,,,,,,,https://f.fcdn.app/imgs/18bbb6/tienda.iluminica.com/ilumuy/01e9/original/catalogo/PR01_PR01_4/1024-1024/colgante-de-suspender-portalamparas-bronce-con-tapa-centro-e27-colgante-de-suspender-portalamparas-bronce-con-tapa-centro-e27.jpg,4,,
il-pr01,,,,,,,,,,,,,,https://f.fcdn.app/imgs/fb2215/tienda.iluminica.com/ilumuy/cc2f/original/catalogo/PR01_PR01_5/1024-1024/colgante-de-suspender-portalamparas-bronce-con-tapa-centro-e27-colgante-de-suspender-portalamparas-bronce-con-tapa-centro-e27.jpg,5,,
