Handle,Title,Body HTML,Vendor,Type,Tags,Published,Option1 Name,Option1 Value,Variant SKU,Variant Price,Variant Compare At Price,Variant Inventory Qty,Variant Inventory Policy,Image Src,Image Position,Status,Command
jm-xi-led754kwos,"tv led smart 75"" 4k WebOs","<ul><li>Sistema operativo WebOs</li><li>WIFI</li><li>Memoria 1GB RAM, 8GB ROM</li><li>Sintonizador digital ISDBT</li><li>3 HDMI</li><li>2 Puertos USB Movie</li><li>Conexión VGA</li><li>Audio IN</li><li>Magic remote</li><li>Medidas 168 X 98 cm</li><li>Peso 23.700 KG.</li></ul>",Xion,Electro,"TV, Xion, stock-verificado",TRUE,Color,COLOR UNICO,XI-LED754KWOS-CU-U,34155.00,45554.00,10,deny,https://f.fcdn.app/imgs/f3af44/joacamar.com.uy/joacuy/70df/original/catalogo/XI-LED754KWOS_CU_1/1024-1024/tv-led-smart-75-4k-webos-color-unico.jpg,1,,
jm-xi-led754kwos,,,,,,,,,,,,,,https://f.fcdn.app/imgs/874263/joacamar.com.uy/joacuy/79c4/original/catalogo/XI-LED754KWOS_CU_2/1024-1024/tv-led-smart-75-4k-webos-color-unico.jpg,2,,
jm-xi-led754kwos,,,,,,,,,,,,,,https://f.fcdn.app/imgs/b486b6/joacamar.com.uy/joacuy/40ca/original/catalogo/XI-LED754KWOS_CU_3/1024-1024/tv-led-smart-75-4k-webos-color-unico.jpg,3,,
jm-open-xi-soas918,soporte de PVC para aire acondicionado,<ul><li>Soporte de PVC reforzado</li><li>Antioxidante y resistente</li><li>Aires acondicionados de 9.000 a 18.000 BTU</li></ul>,Xion,Electro,"Climatización, Xion, stock-verificado",TRUE,Color,COLOR UNICO,OPEN-XI-SOAS918-CU-U,539.00,,10,deny,https://f.fcdn.app/imgs/e9c8e2/joacamar.com.uy/joacuy/0899/original/catalogo/OPEN-XI-SOAS918_CU_1/1024-1024/soporte-de-pvc-para-aire-acondicionado-color-unico.jpg,1,,
jm-d2pro,"MONOPATÍN 10"" D2PRO","<ul><li>MaxWheel D2Pro</li><li>Potencia, control y confort para ir más allá del asfalto.</li><li>Motor:</li><li>500W nominal / 890W max</li><li>Batería:</li><li>48V · 10.4Ah</li><li>Autonomía:</li><li>45 - 60 km</li><li>Velocidad máxima:</li><li>45 km/h</li><li>Ruedas:</li><li>10"" off-road tubeless</li><li>Frenos:</li><li>doble freno de disco</li><li>Suspensión:</li><li>delantera y trasera</li><li>Peso máximo soportado:</li><li>150 kg</li><li>Tiempo de carga:</li><li>5-6 horas</li><li>Resistencia al agua:</li><li>IPX4</li><li>App:</li><li>Tuya vía Bluetooth</li><li>Nota:</li><li>La autonomía y la velocidad pueden variar según peso del usuario, terreno, carga de batería y modo de uso.</li><li>Destacados principales</li><li>potencia de 500W nominal a 890W máxima:</li><li>más respuesta para salidas, subidas y caminos exigentes.</li><li>45 a 60 km de autonomía estimada:</li><li>pensado para recorridos más largos con mayor libertad.</li><li>Ruedas 10"" off-road tubeless:</li><li>mayor agarre, control y estabilidad en superficies irregulares.</li><li>Doble suspensión:</li><li>suspensión delantera y trasera para una conducción más cómoda y estable.</li><li>Beneficios adicionales</li><li>Doble freno de disco:</li><li>mayor control de frenado en ciudad y en caminos más exigentes.</li><li>4 modos de manejo:</li><li>adaptá la conducción según el recorrido: walk, ECO, sport o race.</li><li>Control crucero:</li><li>más comodidad en trayectos largos, manteniendo una velocidad constante.</li><li>Conectividad smart:</li><li>app Tuya vía Bluetooth para bloqueo, última ubicación, velocidad, luces, kilómetros y detección de fallos.</li><li>Más visibilidad:</li><li>faro LED delantero, luz trasera y señalero para doblar.</li></ul>",MAXWHEEL,Accesorios,"Movilidad, MAXWHEEL",TRUE,Color,COLOR UNICO,D2PRO-CU-U,36144.00,37264.00,0,deny,https://f.fcdn.app/imgs/934b49/joacamar.com.uy/joacuy/d32d/original/catalogo/D2PRO_CU_1/1024-1024/monopatin-10-d2pro-color-unico.jpg,1,,
jm-d2pro,,,,,,,,,,,,,,https://f.fcdn.app/imgs/9684fb/joacamar.com.uy/joacuy/dc62/original/catalogo/D2PRO_CU_2/1024-1024/monopatin-10-d2pro-color-unico.jpg,2,,
jm-d2pro,,,,,,,,,,,,,,https://f.fcdn.app/imgs/a41735/joacamar.com.uy/joacuy/c291/original/catalogo/D2PRO_CU_3/1024-1024/monopatin-10-d2pro-color-unico.jpg,3,,
jm-d2pro,,,,,,,,,,,,,,https://f.fcdn.app/imgs/ca2e4b/joacamar.com.uy/joacuy/f635/original/catalogo/D2PRO_CU_4/1024-1024/monopatin-10-d2pro-color-unico.jpg,4,,
jm-d2pro,,,,,,,,,,,,,,https://f.fcdn.app/imgs/7090ca/joacamar.com.uy/joacuy/91bb/original/catalogo/D2PRO_CU_5/1024-1024/monopatin-10-d2pro-color-unico.jpg,5,,
jm-xi-aas12inv-2,aire acondicionado inverter 12000 btu,"<ul><li>AIRE ACONDICIONADO INVERTER 12000 BTU</li><li>Frío/Calor</li><li>Control remoto</li><li>Voltaje 220-240V</li><li>Frecuencia 50 Hz</li><li>Gas refrigerante: R410A.</li><li>Eficiencia energética A</li><li>MEDIDAS</li><li>Unidad interior 80x26x19 - largo/alto/prof</li><li>Unidad exterior 66x52,5x26 - largo/alto/prof</li></ul>",Xion,Electro,"Climatización, Xion, stock-verificado",TRUE,Color,COLOR UNICO,XI-AAS12INV-2-CU-U,13098.00,13637.00,10,deny,https://f.fcdn.app/imgs/e05749/joacamar.com.uy/joacuy/ad88/original/catalogo/XI-AAS12INV-2_CU_1/1024-1024/aire-acondicionado-inverter-12000-btu-color-unico.jpg,1,,
jm-xi-aas12inv-2,,,,,,,,,,,,,,https://f.fcdn.app/imgs/2ac5ca/joacamar.com.uy/joacuy/fe2c/original/catalogo/XI-AAS12INV-2_CU_2/1024-1024/aire-acondicionado-inverter-12000-btu-color-unico.jpg,2,,
jm-xi-aas12inv-2,,,,,,,,,,,,,,https://f.fcdn.app/imgs/4aeaf6/joacamar.com.uy/joacuy/11ba/original/catalogo/XI-AAS12INV-2_CU_3/1024-1024/aire-acondicionado-inverter-12000-btu-color-unico.jpg,3,,
jm-xi-sh-sport,afeitadora 3 cuchillas modelo sport,"<ul><li>3 Cuchillas para un mejor afeitado</li><li>Cabezales flotantes con aros doble hoja.</li><li>Tecnología “CLOSE CUT” para una afeitada mas al ras</li><li>Hojas inox, corta patillas desplegable.</li><li>Tiempo de carga 8 horas</li><li>Autonomía hasta 60min.</li><li>220 – 50/60Hz</li><li>1 Año de Grantía</li></ul>",Xion,Electro,"Cuidado Personal, Xion, stock-verificado",TRUE,Color,COLOR UNICO,XI-SH-SPORT-CU-U,1368.00,1617.00,10,deny,https://f.fcdn.app/imgs/8a6383/joacamar.com.uy/joacuy/95f0/original/catalogo/XI-SH-SPORT_CU_1/1024-1024/afeitadora-3-cuchillas-modelo-sport-color-unico.jpg,1,,
jm-xi-sh-sport,,,,,,,,,,,,,,https://f.fcdn.app/imgs/75cb8d/joacamar.com.uy/joacuy/79eb/original/catalogo/XI-SH-SPORT_CU_2/1024-1024/afeitadora-3-cuchillas-modelo-sport-color-unico.jpg,2,,
jm-xi-sh-sport,,,,,,,,,,,,,,https://f.fcdn.app/imgs/70fc26/joacamar.com.uy/joacuy/a809/original/catalogo/XI-SH-SPORT_CU_3/1024-1024/afeitadora-3-cuchillas-modelo-sport-color-unico.jpg,3,,
jm-xi-led85w,"TV led smart 85"" 4k whale","<ul><li>Sistema operativo Whale TV</li><li>WIFI</li><li>Memoria 1,5GB RAM, 8GB ROM</li><li>Sintonizador digital ISDBT</li><li>Bluetooth</li><li>3 HDMI</li><li>2 Puertos USB Movie</li><li>Conexión VGA</li><li>Audio IN</li></ul>",Xion,Electro,"TV, Xion, stock-verificado",TRUE,Color,COLOR UNICO,XI-LED85W-CU-U,50610.00,52186.00,10,deny,https://f.fcdn.app/imgs/5843e1/joacamar.com.uy/joacuy/7143/original/catalogo/XI-LED85W_CU_1/1024-1024/tv-led-smart-85-4k-whale-color-unico.jpg,1,,
jm-xi-led85w,,,,,,,,,,,,,,https://f.fcdn.app/imgs/1a5e52/joacamar.com.uy/joacuy/a4f9/original/catalogo/XI-LED85W_CU_2/1024-1024/tv-led-smart-85-4k-whale-color-unico.jpg,2,,
jm-xi-led85w,,,,,,,,,,,,,,https://f.fcdn.app/imgs/7d5557/joacamar.com.uy/joacuy/a4f9/original/catalogo/XI-LED85W_CU_3/1024-1024/tv-led-smart-85-4k-whale-color-unico.jpg,3,,
jm-xi-led100w,"TV led smart 100"" 4k whale","<ul><li>TELEVISOR LED SMART 100"" 4K WHALE</li><li>Sistema operativo Whale TV</li><li>WIFI</li><li>Memoria 1.5 GB RAM, 8GB ROM</li><li>Sintonizador digital ISDBT</li><li>3 HDMI</li><li>2 USB Movie</li><li>Audio IN</li><li>Medidas: 224 x 127 cm</li></ul>",Xion,Electro,"TV, Xion, stock-verificado",TRUE,Color,COLOR UNICO,XI-LED100W-CU-U,117262.00,,10,deny,https://f.fcdn.app/imgs/aaf143/joacamar.com.uy/joacuy/cc07/original/catalogo/XI-LED100W_CU_1/1024-1024/tv-led-smart-100-4k-whale-color-unico.jpg,1,,
jm-xi-led100w,,,,,,,,,,,,,,https://f.fcdn.app/imgs/f07da4/joacamar.com.uy/joacuy/a1e7/original/catalogo/XI-LED100W_CU_2/1024-1024/tv-led-smart-100-4k-whale-color-unico.jpg,2,,
jm-xi-hairone4x1,afeitadora rasuradora corporal one blade 4 en 1,"<ul><li>3 cabezales intercambiables: recortadora de barba, corporal, trimmer y afeitadora.</li><li>Waterproof IPX7</li><li>Funcionamiento inalámbrico</li><li>Hoja de acero inoxidable</li><li>Motor de alta performance y duración 5 peines de corte: 5 mm, 3 mm, 2 mm, 1 mm y 0</li><li>Voltaje: 3.7 V</li><li>Batería de lithium 600 mAh</li><li>Tiempo de carga: 2 h.</li></ul>",Xion,Electro,"Cuidado Personal, Xion, stock-verificado",TRUE,Color,COLOR UNICO,XI-HAIRONE4X1-CU-U,1409.00,1617.00,10,deny,https://f.fcdn.app/imgs/240bf4/joacamar.com.uy/joacuy/c2e5/original/catalogo/XI-HAIRONE4X1_CU_1/1024-1024/afeitadora-rasuradora-corporal-one-blade-4-en-1-color-unico.jpg,1,,
jm-xi-hairone4x1,,,,,,,,,,,,,,https://f.fcdn.app/imgs/39a5b7/joacamar.com.uy/joacuy/5d27/original/catalogo/XI-HAIRONE4X1_CU_2/1024-1024/afeitadora-rasuradora-corporal-one-blade-4-en-1-color-unico.jpg,2,,
jm-xi-hairone4x1,,,,,,,,,,,,,,https://f.fcdn.app/imgs/1c6e9d/joacamar.com.uy/joacuy/43f2/original/catalogo/XI-HAIRONE4X1_CU_3/1024-1024/afeitadora-rasuradora-corporal-one-blade-4-en-1-color-unico.jpg,3,,
jm-xi-hairone4x1,,,,,,,,,,,,,,https://f.fcdn.app/imgs/a83322/joacamar.com.uy/joacuy/4827/original/catalogo/XI-HAIRONE4X1_CU_4/1024-1024/afeitadora-rasuradora-corporal-one-blade-4-en-1-color-unico.jpg,4,,
jm-xi-hairone4x1,,,,,,,,,,,,,,https://f.fcdn.app/imgs/1924d7/joacamar.com.uy/joacuy/4090/original/catalogo/XI-HAIRONE4X1_CU_5/1024-1024/afeitadora-rasuradora-corporal-one-blade-4-en-1-color-unico.jpg,5,,
jm-xi-led50w,"TV led smart 50"" 4K Whale TV","<ul><li>Sistema operativo: whale</li><li>Marco SLIM</li><li>WIFI</li><li>Memoria 1 RAM, 8GB ROM</li><li>Sintonizador digital ISDBT</li><li>Bluetooth</li><li>3 HDMI</li><li>2 Puertos USB Movie</li><li>Conexión VGA</li><li>Audio IN</li></ul>",Xion,Electro,"TV, Xion, stock-verificado",TRUE,Color,COLOR UNICO,XI-LED50W-CU-U,14922.00,15710.00,10,deny,https://f.fcdn.app/imgs/030fab/joacamar.com.uy/joacuy/4db6/original/catalogo/XI-LED50W_CU_1/1024-1024/tv-led-smart-50-4k-whale-tv-color-unico.jpg,1,,
jm-xi-led50w,,,,,,,,,,,,,,https://f.fcdn.app/imgs/87fed9/joacamar.com.uy/joacuy/85a6/original/catalogo/XI-LED50W_CU_2/1024-1024/tv-led-smart-50-4k-whale-tv-color-unico.jpg,2,,
jm-xi-led55w,"TV led smart 55"" Whale TV","<ul><li>Sistema operativo: whale</li><li>Marco SLIM</li><li>WIFI</li><li>Memoria 1 RAM, 8GB ROM</li><li>Sintonizador digital ISDBT</li><li>Bluethoot</li><li>3 HDMI</li><li>2 Puertos USB Movie</li><li>Conexión VGA</li><li>Audio IN</li><li>Medidas 122.5 x 71cm</li></ul>",Xion,Electro,"TV, Xion, stock-verificado",TRUE,Color,COLOR UNICO,XI-LED55W-CU-U,19274.00,19855.00,10,deny,https://f.fcdn.app/imgs/bf04e0/joacamar.com.uy/joacuy/ddd4/original/catalogo/XI-LED55W_CU_1/1024-1024/tv-led-smart-55-whale-tv-color-unico.jpg,1,,
jm-xi-led55w,,,,,,,,,,,,,,https://f.fcdn.app/imgs/f40322/joacamar.com.uy/joacuy/8eef/original/catalogo/XI-LED55W_CU_2/1024-1024/tv-led-smart-55-whale-tv-color-unico.jpg,2,,
jm-xi-led70w,"TV led smart 70"" 4K Whale","<ul><li>Sistema operativo Whale TV</li><li>WIFI</li><li>Memoria 1,5GB RAM, 8GB ROM</li><li>Sintonizador digital ISDBT</li><li>Bluetooth</li><li>RJ453 3 HDMI</li><li>2 Puertos USB Movie</li><li>Conexión VGA</li><li>Audio IN</li><li>Medidas 1693 X 112 cm</li></ul>",Xion,Electro,"TV, Xion, stock-verificado",TRUE,Color,COLOR UNICO,XI-LED70W-CU-U,29305.00,30217.00,10,deny,https://f.fcdn.app/imgs/9f2394/joacamar.com.uy/joacuy/439a/original/catalogo/XI-LED70W_CU_1/1024-1024/tv-led-smart-70-4k-whale-color-unico.jpg,1,,
jm-xi-led70w,,,,,,,,,,,,,,https://f.fcdn.app/imgs/634907/joacamar.com.uy/joacuy/476a/original/catalogo/XI-LED70W_CU_2/1024-1024/tv-led-smart-70-4k-whale-color-unico.jpg,2,,
jm-xi-led50fhd,"TV LED Smart 50"" Full HD","<ul><li>Formato de imagen: 16.9</li><li>RAM: 1GB - ROM: 86G</li><li>Control remoto</li><li>Pantalla visible 50""; 126 cm.</li><li>16.7 millones de colores</li><li>Ángulo de visión 178 grados.</li><li>Tiempo de respuesta 6,5ms</li><li>Contraste dynamico 50000.1</li><li>Sonido stereo</li><li>Entradas RJ45, 3 HDMI, AV IN, 2USB, ISDBT, SALIDA AURICULAR</li><li>Consumo 85 W</li><li>Voltaje 100-240</li><li>Frecuencia: 50/60Hz</li><li>Medidas de empaque: 1210x126x735mm</li><li>Peso 12,5 kg</li><li>ANDROID 14</li><li>2 USB MOVIE</li><li>Sintonizador digital</li><li>HDMI</li><li>Resolución FHD 1920X1080</li><li>Frameless</li><li>1 año de garantía</li></ul>",Xion,Electro,"TV, Xion, stock-verificado",TRUE,Color,COLOR UNICO,XI-LED50FHD-CU-U,14466.00,,10,deny,https://f.fcdn.app/imgs/3b75e3/joacamar.com.uy/joacuy/2407/original/catalogo/XI-LED50FHD_CU_1/1024-1024/tv-led-smart-50-full-hd-color-unico.jpg,1,,
jm-xi-lav60,lavarropas inverter xion carga frontal - 6 kgs,"<ul><li>Motor BLDC Inverter</li><li>12 programas</li><li>Centrifugado: 600/800/1000/1200 RPM</li><li>Eficiencia enrgética: A+++</li><li>Temperatura: 20 a 90°C</li><li>Cuba en Acero Inoxidable</li><li>Potencia nominal (W): 1750</li><li>Dimensiones: 59,8 X 40,5 X 84,5 CM</li><li>Peso neto: 50Kg</li></ul>",Xion,Electro,"Lavarropas, Xion, stock-verificado",TRUE,Color,COLOR UNICO,XI-LAV60-CU-U,11606.00,11979.00,10,deny,https://f.fcdn.app/imgs/541ebb/joacamar.com.uy/joacuy/974f/original/catalogo/XI-LAV60_CU_1/1024-1024/lavarropas-inverter-xion-carga-frontal-6-kgs-color-unico.jpg,1,,
jm-xi-lav60,,,,,,,,,,,,,,https://f.fcdn.app/imgs/bbb87a/joacamar.com.uy/joacuy/ef39/original/catalogo/XI-LAV60_CU_2/1024-1024/lavarropas-inverter-xion-carga-frontal-6-kgs-color-unico.jpg,2,,
jm-xi-lav60,,,,,,,,,,,,,,https://f.fcdn.app/imgs/55121c/joacamar.com.uy/joacuy/a6a1/original/catalogo/XI-LAV60_CU_3/1024-1024/lavarropas-inverter-xion-carga-frontal-6-kgs-color-unico.jpg,3,,
jm-xi-led40smart,"tv led smart 40"" HD","<ul><li>Sistema operativo Android 12</li><li>WIFI</li><li>Memoria 1GB RAM, 8GB ROM</li><li>Sintonizador digital ISDBT</li><li>2 HDMI (1 ARC)</li><li>2 Puertos USB Movie</li><li>Audio IN</li><li>Control remoto</li><li>Medidas: 89x50 cm</li></ul>",Xion,Electro,"TV, Xion, stock-verificado",TRUE,Color,COLOR UNICO,XI-LED40SMART-CU-U,9616.00,9907.00,10,deny,https://f.fcdn.app/imgs/c10035/joacamar.com.uy/joacuy/70d6/original/catalogo/XI-LED40SMART_CU_1/1024-1024/tv-led-smart-40-hd-color-unico.jpg,1,,
jm-xi-mnt15,"LED monitor portátil 15,6""","<ul><li>LED MONITOR PORTATIL 15,6""</li><li>Resolucion: 1920 x 1080.</li><li>Tiempo de repuesta: 60 Hz</li><li>Relación de aspecto: 16:09</li><li>Brillo: 250 cd/m²</li><li>Contraste: 800:1</li><li>Color de mantalla: 262K</li><li>MINI HDMI</li><li>USB Type C</li><li>Entrada de auriculares 3.5mm.</li><li>Incluye: Folding leather case.</li><li>1 año de garantía</li></ul>",Xion,Electro,"Tecnología, Xion, stock-verificado",TRUE,Color,COLOR UNICO,XI-MNT15-CU-U,4808.00,5347.00,10,deny,https://f.fcdn.app/imgs/764132/joacamar.com.uy/joacuy/63f9/original/catalogo/XI-MNT15_CU_1/1024-1024/led-monitor-portatil-15-6-color-unico.jpg,1,,
jm-xi-mnt15,,,,,,,,,,,,,,https://f.fcdn.app/imgs/e83b66/joacamar.com.uy/joacuy/c154/original/catalogo/XI-MNT15_CU_2/1024-1024/led-monitor-portatil-15-6-color-unico.jpg,2,,
jm-xi-mnt15,,,,,,,,,,,,,,https://f.fcdn.app/imgs/f70ee9/joacamar.com.uy/joacuy/aaaa/original/catalogo/XI-MNT15_CU_3/1024-1024/led-monitor-portatil-15-6-color-unico.jpg,3,,
jm-xi-mnt15,,,,,,,,,,,,,,https://f.fcdn.app/imgs/6ebe3b/joacamar.com.uy/joacuy/bc9a/original/catalogo/XI-MNT15_CU_4/1024-1024/led-monitor-portatil-15-6-color-unico.jpg,4,,
jm-xi-mnt15,,,,,,,,,,,,,,https://f.fcdn.app/imgs/f58e50/joacamar.com.uy/joacuy/0089/original/catalogo/XI-MNT15_CU_5/1024-1024/led-monitor-portatil-15-6-color-unico.jpg,5,,
jm-xi-fr75,airfryer freidora sin aceite digital 5L,<ul><li>Sistema de cocción por aire air flow 360°</li><li>Panel de control digital.</li><li>6 funciones/programas</li><li>Selector de temperatura regulable de 80° a 200°c</li><li>Cesto extraíble con paredes antiadherentes.</li><li>Gran capacidad de 5lts.</li><li>Timer digital de 0´a 60´.</li><li>Paredes frías</li><li>Apagado automático con señal sonora</li><li>Protección contra sobrecalentamiento</li><li>Potencia: 1500w.</li><li>Voltaje: 220/240v</li><li>Frecuencia: 50/60hz</li><li>1 año de garantía</li></ul>,Xion,Electro,"Freidoras, Xion, stock-verificado",TRUE,Color,COLOR UNICO,XI-FR75-CU-U,2321.00,2446.00,10,deny,https://f.fcdn.app/imgs/9e17c9/joacamar.com.uy/joacuy/965f/original/catalogo/XI-FR75_CU_1/1024-1024/airfryer-freidora-sin-aceite-digital-5l-color-unico.jpg,1,,
jm-xi-fr75,,,,,,,,,,,,,,https://f.fcdn.app/imgs/fc8ad9/joacamar.com.uy/joacuy/24b8/original/catalogo/XI-FR75_CU_2/1024-1024/airfryer-freidora-sin-aceite-digital-5l-color-unico.jpg,2,,
jm-xi-fr75,,,,,,,,,,,,,,https://f.fcdn.app/imgs/cf19a3/joacamar.com.uy/joacuy/1ffc/original/catalogo/XI-FR75_CU_3/1024-1024/airfryer-freidora-sin-aceite-digital-5l-color-unico.jpg,3,,
jm-xi-fr75,,,,,,,,,,,,,,https://f.fcdn.app/imgs/b76821/joacamar.com.uy/joacuy/6b52/original/catalogo/XI-FR75_CU_4/1024-1024/airfryer-freidora-sin-aceite-digital-5l-color-unico.jpg,4,,
jm-xi-fr75,,,,,,,,,,,,,,https://f.fcdn.app/imgs/3e7564/joacamar.com.uy/joacuy/41e8/original/catalogo/XI-FR75_CU_5/1024-1024/airfryer-freidora-sin-aceite-digital-5l-color-unico.jpg,5,,
jm-xi-led75w,"TV led smart 75"" 4K Whale TV","<ul><li>Sistema operativo Whale TV</li><li>WIFI</li><li>Memoria 1,5GB RAM, 8GB ROM</li><li>Sintonizador digital ISDBT</li><li>3 HDMI</li><li>2 Puertos USB Movie</li><li>Conexión VGA</li><li>Audio IN</li><li>Medidas 156 X 112 cm</li><li>Peso 23.700 KG</li><li>1 año de garantía</li></ul>",Xion,Electro,"TV, Xion, stock-verificado",TRUE,Color,COLOR UNICO,XI-LED75W-CU-U,38175.00,39336.00,10,deny,https://f.fcdn.app/imgs/ae6611/joacamar.com.uy/joacuy/b6c9/original/catalogo/XI-LED75W_CU_1/1024-1024/tv-led-smart-75-4k-whale-tv-color-unico.jpg,1,,
jm-xi-led75w,,,,,,,,,,,,,,https://f.fcdn.app/imgs/44b599/joacamar.com.uy/joacuy/5618/original/catalogo/XI-LED75W_CU_2/1024-1024/tv-led-smart-75-4k-whale-tv-color-unico.jpg,2,,
jm-open-xi-led75-4k,"tv led smart 75"" 4k","<ul><li>OPEN: Este producto esta categorizado como open. Nuestros productos open se encuentran en perfecto estado y funcionamiento, pero su caja puede presentar daños o no ser la original</li><li>Sistema operativo Android 11</li><li>WIFI</li><li>Memoria 1GB RAM, 8GB ROM</li><li>Sintonizador digital ISDBT</li><li>3 HDMI</li><li>2 Puertos USB Movie</li><li>Audio IN</li><li>Control remoto</li><li>Medidas 168 X 98 cm</li><li>Peso 23.700 KG</li></ul>",Xion,Electro,"TV, Xion, stock-verificado",TRUE,Color,COLOR UNICO,OPEN-XI-LED75-4K-CU-U,33119.00,49699.00,10,deny,https://f.fcdn.app/imgs/370945/joacamar.com.uy/joacuy/445c/original/catalogo/OPEN-XI-LED75-4K_CU_1/1024-1024/tv-led-smart-75-4k-color-unico.jpg,1,,
jm-open-xi-led75-4k,,,,,,,,,,,,,,https://f.fcdn.app/imgs/b987b4/joacamar.com.uy/joacuy/57ef/original/catalogo/OPEN-XI-LED75-4K_CU_2/1024-1024/tv-led-smart-75-4k-color-unico.jpg,2,,
jm-xi-fr140,airfryer freidora sin aceite 14L con cesto giratorio,"<ul><li>HORNO AIRFRYER 14 LTS</li><li>Sistema de cocción AIR FLOW 360°</li><li>Frita, hornea, cocina y gratina</li><li>12 programas de cocción</li><li>Función rotisserie (motor giratorio)</li><li>Función deshidratación (2 a 24 h)</li><li>Control temperatura de 80° hasta 200°</li><li>Apagado automático</li><li>Luz interior</li><li>Puerta de vidrio para seguimiento de cocción</li><li>Rejilla y parrilla de malla</li><li>Cesto giratorio</li><li>Asa de agarre</li><li>Spiedo para pollo</li><li>Bandeja para migas y residuos</li><li>1 año de garantía</li></ul>",Xion,Electro,"Freidoras, Xion, stock-verificado",TRUE,Color,COLOR UNICO,XI-FR140-CU-U,5554.00,6176.00,10,deny,https://f.fcdn.app/imgs/51807f/joacamar.com.uy/joacuy/3057/original/catalogo/XI-FR140_CU_1/1024-1024/airfryer-freidora-sin-aceite-14l-con-cesto-giratorio-color-unico.jpg,1,,
jm-xi-fr140,,,,,,,,,,,,,,https://f.fcdn.app/imgs/2a7e1c/joacamar.com.uy/joacuy/8abc/original/catalogo/XI-FR140_CU_2/1024-1024/airfryer-freidora-sin-aceite-14l-con-cesto-giratorio-color-unico.jpg,2,,
jm-xi-fr140,,,,,,,,,,,,,,https://f.fcdn.app/imgs/111609/joacamar.com.uy/joacuy/2882/original/catalogo/XI-FR140_CU_3/1024-1024/airfryer-freidora-sin-aceite-14l-con-cesto-giratorio-color-unico.jpg,3,,
jm-xi-fr140,,,,,,,,,,,,,,https://f.fcdn.app/imgs/b3983b/joacamar.com.uy/joacuy/8253/original/catalogo/XI-FR140_CU_4/1024-1024/airfryer-freidora-sin-aceite-14l-con-cesto-giratorio-color-unico.jpg,4,,
jm-xi-fr140,,,,,,,,,,,,,,https://f.fcdn.app/imgs/ac2827/joacamar.com.uy/joacuy/e0e0/original/catalogo/XI-FR140_CU_5/1024-1024/airfryer-freidora-sin-aceite-14l-con-cesto-giratorio-color-unico.jpg,5,,
jm-xi-aas120iwx-2,aire acondicionado gris inverter con WIFI 12000 btu,<ul><li>AIRE ACONDICIONADO INVERTER 12000 BTU CON WIFI GRIS</li><li>Frío/Calor</li><li>Control remoto</li><li>Voltaje 220-240V</li><li>Frecuencia 50 Hz</li><li>Gas refrigerante: R410A</li><li>Eficiencia energética A</li></ul>,Xion,Electro,"Climatización, Xion, stock-verificado",TRUE,Color,COLOR UNICO,XI-AAS120IWX-2-CU-U,16497.00,17368.00,10,deny,https://f.fcdn.app/imgs/7fecd8/joacamar.com.uy/joacuy/ba2a/original/catalogo/XI-AAS120IWX-2_CU_1/1024-1024/aire-acondicionado-gris-inverter-con-wifi-12000-btu-color-unico.jpg,1,,
jm-xi-aas120iwx-2,,,,,,,,,,,,,,https://f.fcdn.app/imgs/32ba2b/joacamar.com.uy/joacuy/d105/original/catalogo/XI-AAS120IWX-2_CU_2/1024-1024/aire-acondicionado-gris-inverter-con-wifi-12000-btu-color-unico.jpg,2,,
jm-xi-aas120iwx-2,,,,,,,,,,,,,,https://f.fcdn.app/imgs/c36954/joacamar.com.uy/joacuy/11ba/original/catalogo/XI-AAS120IWX-2_CU_3/1024-1024/aire-acondicionado-gris-inverter-con-wifi-12000-btu-color-unico.jpg,3,,
jm-xi-aas120iwx-2,,,,,,,,,,,,,,https://f.fcdn.app/imgs/e72919/joacamar.com.uy/joacuy/c310/original/catalogo/XI-AAS120IWX-2_CU_4/1024-1024/aire-acondicionado-gris-inverter-con-wifi-12000-btu-color-unico.jpg,4,,
jm-xi-aas120iwx-2,,,,,,,,,,,,,,https://f.fcdn.app/imgs/a53575/joacamar.com.uy/joacuy/f756/original/catalogo/XI-AAS120IWX-2_CU_5/1024-1024/aire-acondicionado-gris-inverter-con-wifi-12000-btu-color-unico.jpg,5,,
jm-xi-aas24invwifi-2,aire acondicionado inverter con WIFI 24000 btu,<ul><li>AIRE ACONDICIONADO INVERTER 24000 BTU CON WIFI</li><li>Frío/Calor</li><li>Control remoto</li><li>Voltaje 220-240V</li><li>Frecuencia 50 Hz</li><li>Gas refrigerante: R410A</li><li>1 año de garantía</li></ul>,Xion,Electro,"Climatización, Xion, stock-verificado",TRUE,Color,COLOR UNICO,XI-AAS24INVWIFI-2-CU-U,28103.00,28974.00,10,deny,https://f.fcdn.app/imgs/90aa2a/joacamar.com.uy/joacuy/e7dc/original/catalogo/XI-AAS24INVWIFI-2_CU_1/1024-1024/aire-acondicionado-inverter-con-wifi-24000-btu-color-unico.jpg,1,,
jm-xi-aas18invwifi-2,aire acondicionado inverter con WIFI 18000 btu,<ul><li>AIRE ACONDICIONADO INVERTER 18000 BTU CON WIFI</li><li>Frío/Calor</li><li>Control remoto</li><li>Voltaje 220-240V</li><li>Frecuencia 50 Hz</li><li>Gas refrigerante: R410A</li><li>Eficiencia energética A</li><li>1 año de garantía</li></ul>,Xion,Electro,"Climatización, Xion, stock-verificado",TRUE,Color,COLOR UNICO,XI-AAS18INVWIFI-2-CU-U,22176.00,22756.00,10,deny,https://f.fcdn.app/imgs/b3fd26/joacamar.com.uy/joacuy/e7dc/original/catalogo/XI-AAS18INVWIFI-2_CU_1/1024-1024/aire-acondicionado-inverter-con-wifi-18000-btu-color-unico.jpg,1,,
jm-xi-aas18invwifi-2,,,,,,,,,,,,,,https://f.fcdn.app/imgs/9906a9/joacamar.com.uy/joacuy/70ae/original/catalogo/XI-AAS18INVWIFI-2_CU_2/1024-1024/aire-acondicionado-inverter-con-wifi-18000-btu-color-unico.jpg,2,,
jm-xi-aas18invwifi-2,,,,,,,,,,,,,,https://f.fcdn.app/imgs/26f2be/joacamar.com.uy/joacuy/11ba/original/catalogo/XI-AAS18INVWIFI-2_CU_3/1024-1024/aire-acondicionado-inverter-con-wifi-18000-btu-color-unico.jpg,3,,
jm-xi-aas12invwifi-2,aire acondicionado inverter con WIFI 12000 btu,<ul><li>AIRE ACONDICIONADO INVERTER 12000 BTU CON WIFI</li><li>Frío/Calor</li><li>Control remoto</li><li>Voltaje 220-240V</li><li>Frecuencia 50 Hz</li><li>Gas refrigerante: R410A</li><li>Eficiencia energética A</li><li>1 año de garantía</li></ul>,Xion,Electro,"Climatización, Xion, stock-verificado",TRUE,Color,COLOR UNICO,XI-AAS12INVWIFI-2-CU-U,14466.00,14881.00,10,deny,https://f.fcdn.app/imgs/84790e/joacamar.com.uy/joacuy/e7dc/original/catalogo/XI-AAS12INVWIFI-2_CU_1/1024-1024/aire-acondicionado-inverter-con-wifi-12000-btu-color-unico.jpg,1,,
jm-xi-aas12invwifi-2,,,,,,,,,,,,,,https://f.fcdn.app/imgs/91cd71/joacamar.com.uy/joacuy/963c/original/catalogo/XI-AAS12INVWIFI-2_CU_2/1024-1024/aire-acondicionado-inverter-con-wifi-12000-btu-color-unico.jpg,2,,
jm-xi-aas12invwifi-2,,,,,,,,,,,,,,https://f.fcdn.app/imgs/8d9f12/joacamar.com.uy/joacuy/11ba/original/catalogo/XI-AAS12INVWIFI-2_CU_3/1024-1024/aire-acondicionado-inverter-con-wifi-12000-btu-color-unico.jpg,3,,
jm-xi-aap9,aire acondicionado móvil de 9000BTU,<ul><li>Aire acondicionado móvil de 9000BTU.</li><li>Control remoto.</li><li>Display digital.</li><li>Capacidad en frio 2600w.</li><li>320m3/h.</li><li>Peso 23kg.</li><li>Medidas: 330 x 292 x 704mm.</li><li>Incluye adaptador para instalación.</li></ul>,Xion,Electro,"Climatización, Xion, stock-verificado",TRUE,Color,COLOR UNICO,XI-AAP9-CU-U,15710.00,,10,deny,https://f.fcdn.app/imgs/150b02/joacamar.com.uy/joacuy/918b/original/catalogo/XI-AAP9_CU_1/1024-1024/aire-acondicionado-movil-de-9000btu-color-unico.jpg,1,,
jm-xi-aap9,,,,,,,,,,,,,,https://f.fcdn.app/imgs/107209/joacamar.com.uy/joacuy/4cc0/original/catalogo/XI-AAP9_CU_2/1024-1024/aire-acondicionado-movil-de-9000btu-color-unico.jpg,2,,
jm-xi-aap9,,,,,,,,,,,,,,https://f.fcdn.app/imgs/3979b6/joacamar.com.uy/joacuy/b887/original/catalogo/XI-AAP9_CU_3/1024-1024/aire-acondicionado-movil-de-9000btu-color-unico.jpg,3,,
jm-xi-aap9,,,,,,,,,,,,,,https://f.fcdn.app/imgs/36ad27/joacamar.com.uy/joacuy/960e/original/catalogo/XI-AAP9_CU_4/1024-1024/aire-acondicionado-movil-de-9000btu-color-unico.jpg,4,,
jm-xi-aap9,,,,,,,,,,,,,,https://f.fcdn.app/imgs/46981f/joacamar.com.uy/joacuy/4e17/original/catalogo/XI-AAP9_CU_5/1024-1024/aire-acondicionado-movil-de-9000btu-color-unico.jpg,5,,
jm-open-xi-fr80,airfryer freidora sin aceite premium doble canasto,"<ul><li>OPEN: Este producto esta categorizado como open. Nuestros productos open se encuentran en perfecto estado y funcionamiento, pero su caja puede presentar daños o no ser la original</li><li>Freidora LIBRE DE ACEITE.</li><li>Gran capacidad 8lts - (2 canastos 4lts)</li><li>Sistema de cocción por aire ""AIR FLOW 360°"".</li><li>Display digital.</li><li>8 Funciones de cocción.</li><li>Selector de temperatura regulable hasta 200°.</li><li>Temporizador de 60min.</li><li>Canastos removible con paredes antiadherentes.</li><li>Paredes frías</li><li>Bloqueo de seguridad.</li><li>Potencia extra 2000W - 220V-50/60Hz</li><li>Garantía 1 año</li></ul>",Xion,Electro,"Freidoras, Xion, stock-verificado",TRUE,Color,COLOR UNICO,OPEN-XI-FR80-CU-U,3938.00,4933.00,10,deny,https://f.fcdn.app/imgs/785658/joacamar.com.uy/joacuy/fc04/original/catalogo/OPEN-XI-FR80_CU_1/1024-1024/airfryer-freidora-sin-aceite-premium-doble-canasto-color-unico.jpg,1,,
jm-open-xi-fr80,,,,,,,,,,,,,,https://f.fcdn.app/imgs/177a9f/joacamar.com.uy/joacuy/be9c/original/catalogo/OPEN-XI-FR80_CU_2/1024-1024/airfryer-freidora-sin-aceite-premium-doble-canasto-color-unico.jpg,2,,
jm-open-xi-fr80,,,,,,,,,,,,,,https://f.fcdn.app/imgs/c22de3/joacamar.com.uy/joacuy/68cc/original/catalogo/OPEN-XI-FR80_CU_3/1024-1024/airfryer-freidora-sin-aceite-premium-doble-canasto-color-unico.jpg,3,,
jm-xi-fr79,"airfryer freidora sin aceite 6,8L","airfryer freidora sin aceite 6,8L",Xion,Electro,"Freidoras, Xion, stock-verificado",TRUE,Color,BLACK,XI-FR79-BLK-U,3192.00,3275.00,10,deny,https://f.fcdn.app/imgs/1b3ee8/joacamar.com.uy/joacuy/fcff/original/catalogo/XI-FR79_BLK_1/1024-1024/airfryer-freidora-sin-aceite-6-8l-black.jpg,1,,
jm-xi-fr79,,,,,,,,WHITE,XI-FR79-WHT-U,3192.00,3275.00,10,deny,,,,
jm-xi-fr79,,,,,,,,,,,,,,https://f.fcdn.app/imgs/a54409/joacamar.com.uy/joacuy/fd61/original/catalogo/XI-FR79_BLK_2/1024-1024/airfryer-freidora-sin-aceite-6-8l-black.jpg,2,,
jm-xi-fr79,,,,,,,,,,,,,,https://f.fcdn.app/imgs/e17781/joacamar.com.uy/joacuy/1288/original/catalogo/XI-FR79_BLK_3/1024-1024/airfryer-freidora-sin-aceite-6-8l-black.jpg,3,,
jm-xi-fr79,,,,,,,,,,,,,,https://f.fcdn.app/imgs/f9f983/joacamar.com.uy/joacuy/64f7/original/catalogo/XI-FR79_WHT_1/1024-1024/airfryer-freidora-sin-aceite-6-8l-white.jpg,4,,
jm-xi-fr79,,,,,,,,,,,,,,https://f.fcdn.app/imgs/028863/joacamar.com.uy/joacuy/97ff/original/catalogo/XI-FR79_WHT_2/1024-1024/airfryer-freidora-sin-aceite-6-8l-white.jpg,5,,
jm-xi-fr79,,,,,,,,,,,,,,https://f.fcdn.app/imgs/90619c/joacamar.com.uy/joacuy/9bb3/original/catalogo/XI-FR79_WHT_3/1024-1024/airfryer-freidora-sin-aceite-6-8l-white.jpg,6,,
jm-xi-fr88,"airfryer freidora sin aceite premium 8,8L.","airfryer freidora sin aceite premium 8,8L.",Xion,Electro,"Freidoras, Xion, stock-verificado",TRUE,Color,BLACK,XI-FR88-BLK-U,3565.00,4104.00,10,deny,https://f.fcdn.app/imgs/05b920/joacamar.com.uy/joacuy/7b19/original/catalogo/XI-FR88_BLK_1/1024-1024/airfryer-freidora-sin-aceite-premium-8-8l-black.jpg,1,,
jm-xi-fr88,,,,,,,,WHITE,XI-FR88-WHT-U,3565.00,4104.00,10,deny,,,,
jm-xi-fr88,,,,,,,,,,,,,,https://f.fcdn.app/imgs/bc7137/joacamar.com.uy/joacuy/fe66/original/catalogo/XI-FR88_BLK_2/1024-1024/airfryer-freidora-sin-aceite-premium-8-8l-black.jpg,2,,
jm-xi-fr88,,,,,,,,,,,,,,https://f.fcdn.app/imgs/b10dc8/joacamar.com.uy/joacuy/7255/original/catalogo/XI-FR88_BLK_3/1024-1024/airfryer-freidora-sin-aceite-premium-8-8l-black.jpg,3,,
jm-xi-fr88,,,,,,,,,,,,,,https://f.fcdn.app/imgs/876985/joacamar.com.uy/joacuy/88f3/original/catalogo/XI-FR88_WHT_1/1024-1024/airfryer-freidora-sin-aceite-premium-8-8l-white.jpg,4,,
jm-xi-fr88,,,,,,,,,,,,,,https://f.fcdn.app/imgs/068a79/joacamar.com.uy/joacuy/66dc/original/catalogo/XI-FR88_WHT_2/1024-1024/airfryer-freidora-sin-aceite-premium-8-8l-white.jpg,5,,
jm-xi-fr88,,,,,,,,,,,,,,https://f.fcdn.app/imgs/09d767/joacamar.com.uy/joacuy/a5ed/original/catalogo/XI-FR88_WHT_3/1024-1024/airfryer-freidora-sin-aceite-premium-8-8l-white.jpg,6,,
jm-xi-fr88,,,,,,,,,,,,,,https://f.fcdn.app/imgs/4bfcc8/joacamar.com.uy/joacuy/2726/original/catalogo/XI-FR88_WHT_4/1024-1024/airfryer-freidora-sin-aceite-premium-8-8l-white.jpg,7,,
jm-xi-fr88,,,,,,,,,,,,,,https://f.fcdn.app/imgs/820890/joacamar.com.uy/joacuy/a11e/original/catalogo/XI-FR88_WHT_5/1024-1024/airfryer-freidora-sin-aceite-premium-8-8l-white.jpg,8,,
jm-xi-hair35pro,recortadora porfesional xion XI-HAIR35PRO,recortadora porfesional xion XI-HAIR35PRO,Xion,Electro,"Cuidado Personal, Xion, stock-verificado",TRUE,Color,COLOR UNICO,XI-HAIR35PRO-CU-U,1741.00,2031.00,10,deny,https://f.fcdn.app/imgs/c64a3d/joacamar.com.uy/joacuy/2186/original/catalogo/XI-HAIR35PRO_CU_1/1024-1024/recortadora-porfesional-xion-xi-hair35pro-color-unico.jpg,1,,
jm-xi-lav100f,lavarropas inverter carga frontal - 10 kgs - xion,lavarropas inverter carga frontal - 10 kgs - xion,Xion,Electro,"Lavarropas, Xion, stock-verificado",TRUE,Color,COLOR UNICO,XI-LAV100F-CU-U,16041.00,17368.00,10,deny,https://f.fcdn.app/imgs/d075ba/joacamar.com.uy/joacuy/a2b0/original/catalogo/XI-LAV100F_CU_1/1024-1024/lavarropas-inverter-carga-frontal-10-kgs-xion-color-unico.jpg,1,,
jm-xi-lav100f,,,,,,,,,,,,,,https://f.fcdn.app/imgs/105f01/joacamar.com.uy/joacuy/384f/original/catalogo/XI-LAV100F_CU_2/1024-1024/lavarropas-inverter-carga-frontal-10-kgs-xion-color-unico.jpg,2,,
jm-xi-lav100f,,,,,,,,,,,,,,https://f.fcdn.app/imgs/2123f1/joacamar.com.uy/joacuy/59ba/original/catalogo/XI-LAV100F_CU_3/1024-1024/lavarropas-inverter-carga-frontal-10-kgs-xion-color-unico.jpg,3,,
jm-xi-salon1,cortadora de pelo profesional XI-SALON1,cortadora de pelo profesional XI-SALON1,Xion,Electro,"Cuidado Personal, Xion, stock-verificado",TRUE,Color,COLOR UNICO,XI-SALON1-CU-U,1948.00,2446.00,10,deny,https://f.fcdn.app/imgs/a1903d/joacamar.com.uy/joacuy/44a6/original/catalogo/XI-SALON1_CU_1/1024-1024/cortadora-de-pelo-profesional-xi-salon1-color-unico.jpg,1,,
jm-xi-salon1,,,,,,,,,,,,,,https://f.fcdn.app/imgs/6d2b71/joacamar.com.uy/joacuy/a39e/original/catalogo/XI-SALON1_CU_2/1024-1024/cortadora-de-pelo-profesional-xi-salon1-color-unico.jpg,2,,
jm-xi-salon1,,,,,,,,,,,,,,https://f.fcdn.app/imgs/a16968/joacamar.com.uy/joacuy/1243/original/catalogo/XI-SALON1_CU_3/1024-1024/cortadora-de-pelo-profesional-xi-salon1-color-unico.jpg,3,,
jm-xi-salon1,,,,,,,,,,,,,,https://f.fcdn.app/imgs/935f53/joacamar.com.uy/joacuy/04f9/original/catalogo/XI-SALON1_CU_4/1024-1024/cortadora-de-pelo-profesional-xi-salon1-color-unico.jpg,4,,
jm-xi-salon1,,,,,,,,,,,,,,https://f.fcdn.app/imgs/92fb76/joacamar.com.uy/joacuy/b60e/original/catalogo/XI-SALON1_CU_5/1024-1024/cortadora-de-pelo-profesional-xi-salon1-color-unico.jpg,5,,
jm-xi-hair15pro,cortadora profesional inalámbrica,cortadora profesional inalámbrica,Xion,Electro,"Cuidado Personal, Xion, stock-verificado",TRUE,Color,COLOR UNICO,XI-HAIR15PRO-CU-U,1368.00,1617.00,10,deny,https://f.fcdn.app/imgs/827247/joacamar.com.uy/joacuy/0eec/original/catalogo/XI-HAIR15PRO_CU_1/1024-1024/cortadora-profesional-inalambrica-color-unico.jpg,1,,
jm-xi-hair15pro,,,,,,,,,,,,,,https://f.fcdn.app/imgs/1580d3/joacamar.com.uy/joacuy/9aaf/original/catalogo/XI-HAIR15PRO_CU_2/1024-1024/cortadora-profesional-inalambrica-color-unico.jpg,2,,
jm-xi-fr80,airfryer freidora sin aceite premium doble canasto,airfryer freidora sin aceite premium doble canasto,Xion,Electro,"Freidoras, Xion, stock-verificado",TRUE,Color,COLOR UNICO,XI-FR80-CU-U,4560.00,4933.00,10,deny,https://f.fcdn.app/imgs/f7cf54/joacamar.com.uy/joacuy/fc04/original/catalogo/XI-FR80_CU_1/1024-1024/airfryer-freidora-sin-aceite-premium-doble-canasto-color-unico.jpg,1,,
jm-xi-fr80,,,,,,,,,,,,,,https://f.fcdn.app/imgs/36b542/joacamar.com.uy/joacuy/d132/original/catalogo/XI-FR80_CU_2/1024-1024/airfryer-freidora-sin-aceite-premium-doble-canasto-color-unico.jpg,2,,
jm-xi-fr80,,,,,,,,,,,,,,https://f.fcdn.app/imgs/c9fef5/joacamar.com.uy/joacuy/21fc/original/catalogo/XI-FR80_CU_3/1024-1024/airfryer-freidora-sin-aceite-premium-doble-canasto-color-unico.jpg,3,,
jm-xi-au240bt,auriculares inalámbricos XI-AU240BT,auriculares inalámbricos XI-AU240BT,Xion,Electro,"Audio, Xion, stock-verificado",TRUE,Color,BLACK,XI-AU240BT-BLK-U,497.00,539.00,10,deny,https://f.fcdn.app/imgs/cc2126/joacamar.com.uy/joacuy/c413/original/catalogo/XI-AU240BT_BLK_1/1024-1024/auriculares-inalambricos-xi-au240bt-black.jpg,1,,
jm-xi-au240bt,,,,,,,,WHITE,XI-AU240BT-WTH-U,497.00,539.00,10,deny,,,,
jm-xi-au240bt,,,,,,,,,,,,,,https://f.fcdn.app/imgs/fec23f/joacamar.com.uy/joacuy/5574/original/catalogo/XI-AU240BT_BLK_2/1024-1024/auriculares-inalambricos-xi-au240bt-black.jpg,2,,
jm-xi-au240bt,,,,,,,,,,,,,,https://f.fcdn.app/imgs/30be70/joacamar.com.uy/joacuy/2101/original/catalogo/XI-AU240BT_BLK_3/1024-1024/auriculares-inalambricos-xi-au240bt-black.jpg,3,,
jm-xi-au240bt,,,,,,,,,,,,,,https://f.fcdn.app/imgs/70bae4/joacamar.com.uy/joacuy/e8ae/original/catalogo/XI-AU240BT_BLK_4/1024-1024/auriculares-inalambricos-xi-au240bt-black.jpg,4,,
jm-xi-au240bt,,,,,,,,,,,,,,https://f.fcdn.app/imgs/2d07be/joacamar.com.uy/joacuy/ab30/original/catalogo/XI-AU240BT_WTH_1/1024-1024/auriculares-inalambricos-xi-au240bt-white.jpg,5,,
jm-xi-au240bt,,,,,,,,,,,,,,https://f.fcdn.app/imgs/3c1c68/joacamar.com.uy/joacuy/6451/original/catalogo/XI-AU240BT_WTH_2/1024-1024/auriculares-inalambricos-xi-au240bt-white.jpg,6,,
jm-xi-au240bt,,,,,,,,,,,,,,https://f.fcdn.app/imgs/fe8a4e/joacamar.com.uy/joacuy/e8ae/original/catalogo/XI-AU240BT_WTH_3/1024-1024/auriculares-inalambricos-xi-au240bt-white.jpg,7,,
jm-xi-fr72,airfryer frediora sin aceite 4L,airfryer frediora sin aceite 4L,Xion,Electro,"Freidoras, Xion, stock-verificado",TRUE,Color,BLACK,XI-FR72-BLK-U,2072.00,2280.00,10,deny,https://f.fcdn.app/imgs/d68f37/joacamar.com.uy/joacuy/4577/original/catalogo/XI-FR72_BLK_1/1024-1024/airfryer-frediora-sin-aceite-4l-black.jpg,1,,
jm-xi-mnt22,"led monitor 22""","led monitor 22""",Xion,Electro,"Tecnología, Xion, stock-verificado",TRUE,Color,COLOR UNICO,XI-MNT22-CU-U,3565.00,3689.00,10,deny,https://f.fcdn.app/imgs/3b1c2d/joacamar.com.uy/joacuy/f6b6/original/catalogo/XI-MNT22_CU_1/1024-1024/led-monitor-22-color-unico.jpg,1,,
jm-xi-mnt22,,,,,,,,,,,,,,https://f.fcdn.app/imgs/5549d7/joacamar.com.uy/joacuy/5e6a/original/catalogo/XI-MNT22_CU_2/1024-1024/led-monitor-22-color-unico.jpg,2,,
jm-xi-sh5000,afeitadora recargable con display digital,afeitadora recargable con display digital,Xion,Electro,"Cuidado Personal, Xion, stock-verificado",TRUE,Color,COLOR UNICO,XI-SH5000-CU-U,1741.00,2031.00,10,deny,https://f.fcdn.app/imgs/cf57f6/joacamar.com.uy/joacuy/3878/original/catalogo/XI-SH5000_CU_1/1024-1024/afeitadora-recargable-con-display-digital-color-unico.jpg,1,,
jm-xi-sh5000,,,,,,,,,,,,,,https://f.fcdn.app/imgs/b049a6/joacamar.com.uy/joacuy/2e2b/original/catalogo/XI-SH5000_CU_2/1024-1024/afeitadora-recargable-con-display-digital-color-unico.jpg,2,,
jm-xi-sh5000,,,,,,,,,,,,,,https://f.fcdn.app/imgs/350ff2/joacamar.com.uy/joacuy/1060/original/catalogo/XI-SH5000_CU_3/1024-1024/afeitadora-recargable-con-display-digital-color-unico.jpg,3,,
jm-xi-sh5000,,,,,,,,,,,,,,https://f.fcdn.app/imgs/714b81/joacamar.com.uy/joacuy/d93f/original/catalogo/XI-SH5000_CU_4/1024-1024/afeitadora-recargable-con-display-digital-color-unico.jpg,4,,
jm-xi-sh5000,,,,,,,,,,,,,,https://f.fcdn.app/imgs/d3ffac/joacamar.com.uy/joacuy/27cb/original/catalogo/XI-SH5000_CU_5/1024-1024/afeitadora-recargable-con-display-digital-color-unico.jpg,5,,
jm-xi-lav88x,lavarropas carga frontal 8Kg motor BLDC Inverter,lavarropas carga frontal 8Kg motor BLDC Inverter,Xion,Electro,"Lavarropas, Xion, stock-verificado",TRUE,Color,COLOR UNICO,XI-LAV88X-CU-U,14466.00,15295.00,10,deny,https://f.fcdn.app/imgs/55e2a1/joacamar.com.uy/joacuy/d59d/original/catalogo/XI-LAV88X_CU_1/1024-1024/lavarropas-carga-frontal-8kg-motor-bldc-inverter-color-unico.jpg,1,,
jm-xi-lav88x,,,,,,,,,,,,,,https://f.fcdn.app/imgs/bd137d/joacamar.com.uy/joacuy/eda3/original/catalogo/XI-LAV88X_CU_2/1024-1024/lavarropas-carga-frontal-8kg-motor-bldc-inverter-color-unico.jpg,2,,
jm-xi-lav66x,lavarropas carga frontal 6Kg color gris motor BLDC Inverter,lavarropas carga frontal 6Kg color gris motor BLDC Inverter,Xion,Electro,"Lavarropas, Xion, stock-verificado",TRUE,Color,COLOR UNICO,XI-LAV66X-CU-U,12394.00,13223.00,10,deny,https://f.fcdn.app/imgs/da89bf/joacamar.com.uy/joacuy/22df/original/catalogo/XI-LAV66X_CU_1/1024-1024/lavarropas-carga-frontal-6kg-color-gris-motor-bldc-inverter-color-unico.jpg,1,,
jm-xi-lav66x,,,,,,,,,,,,,,https://f.fcdn.app/imgs/6dc96e/joacamar.com.uy/joacuy/d47e/original/catalogo/XI-LAV66X_CU_2/1024-1024/lavarropas-carga-frontal-6kg-color-gris-motor-bldc-inverter-color-unico.jpg,2,,
jm-xi-lav66x,,,,,,,,,,,,,,https://f.fcdn.app/imgs/ba133e/joacamar.com.uy/joacuy/83d3/original/catalogo/XI-LAV66X_CU_3/1024-1024/lavarropas-carga-frontal-6kg-color-gris-motor-bldc-inverter-color-unico.jpg,3,,
jm-x-watch68,smartwatch banda xion watch68,smartwatch banda xion watch68,Xion,Electro,"Tecnología, Xion, stock-verificado",TRUE,Color,BLUE,X-WATCH68-bl-U,1036.00,1202.00,10,deny,https://f.fcdn.app/imgs/b7cec2/joacamar.com.uy/joacuy/f59b/original/catalogo/X-WATCH68_bl_1/1024-1024/smartwatch-banda-xion-watch68-blue.jpg,1,,
jm-x-watch68,,,,,,,,,,,,,,https://f.fcdn.app/imgs/fbdc09/joacamar.com.uy/joacuy/c29a/original/catalogo/X-WATCH68_bl_2/1024-1024/smartwatch-banda-xion-watch68-blue.jpg,2,,
jm-x-watch100,smartwatch xion watch100 incluye gps,smartwatch xion watch100 incluye gps,Xion,Electro,"Tecnología, Xion, stock-verificado",TRUE,Color,BLACK,X-WATCH100-BLK-U,2280.00,2860.00,10,deny,https://f.fcdn.app/imgs/48538e/joacamar.com.uy/joacuy/b8cd/original/catalogo/X-WATCH100_BLK_1/1024-1024/smartwatch-xion-watch100-incluye-gps-black.jpg,1,,
jm-x-watch100,,,,,,,,GRN,X-WATCH100-GRN-U,2280.00,2860.00,10,deny,,,,
jm-x-watch100,,,,,,,,,,,,,,https://f.fcdn.app/imgs/b1263e/joacamar.com.uy/joacuy/dbe8/original/catalogo/X-WATCH100_BLK_2/1024-1024/smartwatch-xion-watch100-incluye-gps-black.jpg,2,,
jm-x-watch100,,,,,,,,,,,,,,https://f.fcdn.app/imgs/66ab9a/joacamar.com.uy/joacuy/8e5b/original/catalogo/X-WATCH100_BLK_3/1024-1024/smartwatch-xion-watch100-incluye-gps-black.jpg,3,,
jm-x-watch100,,,,,,,,,,,,,,https://f.fcdn.app/imgs/ac0f1c/joacamar.com.uy/joacuy/7a91/original/catalogo/X-WATCH100_GRN_1/1024-1024/smartwatch-xion-watch100-incluye-gps-grn.jpg,4,,
jm-x-watch100,,,,,,,,,,,,,,https://f.fcdn.app/imgs/bfd7bf/joacamar.com.uy/joacuy/7e8e/original/catalogo/X-WATCH100_GRN_2/1024-1024/smartwatch-xion-watch100-incluye-gps-grn.jpg,5,,
jm-x-watch100,,,,,,,,,,,,,,https://f.fcdn.app/imgs/daa98d/joacamar.com.uy/joacuy/8e5b/original/catalogo/X-WATCH100_GRN_3/1024-1024/smartwatch-xion-watch100-incluye-gps-grn.jpg,6,,
jm-x-watch55,smartwatch xion watch55,smartwatch xion watch55,Xion,Electro,"Tecnología, Xion, stock-verificado",TRUE,Color,BORDEAUX,X-WATCH55-BDX-U,580.00,663.00,10,deny,https://f.fcdn.app/imgs/ec1291/joacamar.com.uy/joacuy/8bbd/original/catalogo/X-WATCH55_BDX_1/1024-1024/smartwatch-xion-watch55-bordeaux.jpg,1,,
jm-x-watch55,,,,,,,,GRY,X-WATCH55-GRY-U,580.00,663.00,10,deny,,,,
jm-x-watch55,,,,,,,,BLUE,X-WATCH55-bl-U,580.00,663.00,10,deny,,,,
jm-x-watch55,,,,,,,,PRPL,X-WATCH55-PRPL-U,580.00,663.00,10,deny,,,,
jm-x-watch55,,,,,,,,,,,,,,https://f.fcdn.app/imgs/f72b58/joacamar.com.uy/joacuy/b93b/original/catalogo/X-WATCH55_GRY_1/1024-1024/smartwatch-xion-watch55-gry.jpg,2,,
jm-x-watch55,,,,,,,,,,,,,,https://f.fcdn.app/imgs/314632/joacamar.com.uy/joacuy/7fd0/original/catalogo/X-WATCH55_bl_1/1024-1024/smartwatch-xion-watch55-blue.jpg,3,,
jm-x-watch55,,,,,,,,,,,,,,https://f.fcdn.app/imgs/b057c7/joacamar.com.uy/joacuy/53b2/original/catalogo/X-WATCH55_PRPL_1/1024-1024/smartwatch-xion-watch55-prpl.jpg,4,,
jm-x-watch99,smartwatch xion watch99,smartwatch xion watch99,Xion,Electro,"Tecnología, Xion, stock-verificado",TRUE,Color,BLACK,X-WATCH99-BLK-U,2072.00,2446.00,10,deny,https://f.fcdn.app/imgs/5fdb19/joacamar.com.uy/joacuy/9883/original/catalogo/X-WATCH99_BLK_1/1024-1024/smartwatch-xion-watch99-black.jpg,1,,
jm-x-watch99,,,,,,,,GRN,X-WATCH99-GRN-U,2072.00,2446.00,10,deny,,,,
jm-x-watch99,,,,,,,,,,,,,,https://f.fcdn.app/imgs/4b1e40/joacamar.com.uy/joacuy/e963/original/catalogo/X-WATCH99_BLK_2/1024-1024/smartwatch-xion-watch99-black.jpg,2,,
jm-x-watch99,,,,,,,,,,,,,,https://f.fcdn.app/imgs/c1d4c0/joacamar.com.uy/joacuy/547e/original/catalogo/X-WATCH99_GRN_1/1024-1024/smartwatch-xion-watch99-grn.jpg,3,,
jm-x-watch99,,,,,,,,,,,,,,https://f.fcdn.app/imgs/5bb1e8/joacamar.com.uy/joacuy/e963/original/catalogo/X-WATCH99_GRN_2/1024-1024/smartwatch-xion-watch99-grn.jpg,4,,
jm-xi-aux400,auriculares inalámbrico XI-AUX400,auriculares inalámbrico XI-AUX400,Xion,Electro,"Audio, Xion, stock-verificado",TRUE,Color,BLUE,XI-AUX400-bl-U,746.00,788.00,10,deny,https://f.fcdn.app/imgs/2e9dc4/joacamar.com.uy/joacuy/4890/original/catalogo/XI-AUX400_bl_1/1024-1024/auriculares-inalambrico-xi-aux400-blue.jpg,1,,
jm-xi-aux400,,,,,,,,PNK,XI-AUX400-PNK-U,746.00,788.00,10,deny,,,,
jm-xi-aux400,,,,,,,,BLACK,XI-AUX400-BLK-U,746.00,788.00,10,deny,,,,
jm-xi-aux400,,,,,,,,GRN,XI-AUX400-GRN-U,746.00,788.00,10,deny,,,,
jm-xi-aux400,,,,,,,,WHITE,XI-AUX400-WHT-U,746.00,788.00,10,deny,,,,
jm-xi-aux400,,,,,,,,,,,,,,https://f.fcdn.app/imgs/74cc04/joacamar.com.uy/joacuy/1dbe/original/catalogo/XI-AUX400_PNK_1/1024-1024/auriculares-inalambrico-xi-aux400-pnk.jpg,2,,
jm-xi-aux400,,,,,,,,,,,,,,https://f.fcdn.app/imgs/c2bab4/joacamar.com.uy/joacuy/e8cf/original/catalogo/XI-AUX400_BLK_1/1024-1024/auriculares-inalambrico-xi-aux400-black.jpg,3,,
jm-xi-aux400,,,,,,,,,,,,,,https://f.fcdn.app/imgs/b55a76/joacamar.com.uy/joacuy/9e2e/original/catalogo/XI-AUX400_GRN_1/1024-1024/auriculares-inalambrico-xi-aux400-grn.jpg,4,,
jm-xi-aux400,,,,,,,,,,,,,,https://f.fcdn.app/imgs/940dec/joacamar.com.uy/joacuy/4162/original/catalogo/XI-AUX400_WHT_1/1024-1024/auriculares-inalambrico-xi-aux400-white.jpg,5,,
jm-xi-mnt27,"led monitor 27""","led monitor 27""",Xion,Electro,"Tecnología, Xion, stock-verificado",TRUE,Color,COLOR UNICO,XI-MNT27-CU-U,6010.00,6176.00,10,deny,https://f.fcdn.app/imgs/1225b1/joacamar.com.uy/joacuy/a510/original/catalogo/XI-MNT27_CU_1/1024-1024/led-monitor-27-color-unico.jpg,1,,
jm-x-watch80,smartwatch xion watch80 woman,smartwatch xion watch80 woman,Xion,Electro,"Tecnología, Xion, stock-verificado",TRUE,Color,WHITE,X-WATCH80-WHT-U,1741.00,2031.00,10,deny,https://f.fcdn.app/imgs/709539/joacamar.com.uy/joacuy/dd28/original/catalogo/X-WATCH80_WHT_1/1024-1024/smartwatch-xion-watch80-woman-white.jpg,1,,
jm-x-watch80,,,,,,,,,,,,,,https://f.fcdn.app/imgs/fd69d5/joacamar.com.uy/joacuy/32df/original/catalogo/X-WATCH80_WHT_2/1024-1024/smartwatch-xion-watch80-woman-white.jpg,2,,
jm-xi-led504kwos,"tv led smart 50"" 4K WebOs","tv led smart 50"" 4K WebOs",Xion,Electro,"TV, Xion, stock-verificado",TRUE,Color,COLOR UNICO,XI-LED504KWOS-CU-U,15710.00,,10,deny,https://f.fcdn.app/imgs/1dc617/joacamar.com.uy/joacuy/1e54/original/catalogo/XI-LED504KWOS_CU_1/1024-1024/tv-led-smart-50-4k-webos-color-unico.jpg,1,,
jm-xi-led504kwos,,,,,,,,,,,,,,https://f.fcdn.app/imgs/c79548/joacamar.com.uy/joacuy/1158/original/catalogo/XI-LED504KWOS_CU_2/1024-1024/tv-led-smart-50-4k-webos-color-unico.jpg,2,,
jm-xi-hair100,recortadora de barba y contorno xion,recortadora de barba y contorno xion,Xion,Electro,"Cuidado Personal, Xion, stock-verificado",TRUE,Color,COLOR UNICO,XI-HAIR100-CU-U,788.00,1161.00,10,deny,https://f.fcdn.app/imgs/da4514/joacamar.com.uy/joacuy/6951/original/catalogo/XI-HAIR100_CU_1/1024-1024/recortadora-de-barba-y-contorno-xion-color-unico.jpg,1,,
jm-xi-hair100,,,,,,,,,,,,,,https://f.fcdn.app/imgs/007c3e/joacamar.com.uy/joacuy/46fb/original/catalogo/XI-HAIR100_CU_2/1024-1024/recortadora-de-barba-y-contorno-xion-color-unico.jpg,2,,
jm-xi-fr221,horno freidora sin aceite 22 lts,horno freidora sin aceite 22 lts,Xion,Electro,"Freidoras, Xion, stock-verificado",TRUE,Color,COLOR UNICO,XI-FR221-CU-U,4891.00,5762.00,10,deny,https://f.fcdn.app/imgs/6ab7c8/joacamar.com.uy/joacuy/8ba5/original/catalogo/XI-FR221_CU_1/1024-1024/horno-freidora-sin-aceite-22-lts-color-unico.jpg,1,,
jm-xi-fr223x,horno freidora sin aceite 22 lts acero inox,horno freidora sin aceite 22 lts acero inox,Xion,Electro,"Freidoras, Xion, stock-verificado",TRUE,Color,ACERO INOXIDABLE,XI-FR223X-INOX-U,6342.00,6591.00,10,deny,https://f.fcdn.app/imgs/b23e06/joacamar.com.uy/joacuy/153f/original/catalogo/XI-FR223X_INOX_1/1024-1024/horno-freidora-sin-aceite-22-lts-acero-inox-acero-inoxidable.jpg,1,,
jm-xi-fr223x,,,,,,,,,,,,,,https://f.fcdn.app/imgs/490802/joacamar.com.uy/joacuy/82e1/original/catalogo/XI-FR223X_INOX_2/1024-1024/horno-freidora-sin-aceite-22-lts-acero-inox-acero-inoxidable.jpg,2,,
jm-xi-fr223x,,,,,,,,,,,,,,https://f.fcdn.app/imgs/fc2b63/joacamar.com.uy/joacuy/89a4/original/catalogo/XI-FR223X_INOX_3/1024-1024/horno-freidora-sin-aceite-22-lts-acero-inox-acero-inoxidable.jpg,3,,
jm-xi-fr223x,,,,,,,,,,,,,,https://f.fcdn.app/imgs/b4f53c/joacamar.com.uy/joacuy/513f/original/catalogo/XI-FR223X_INOX_4/1024-1024/horno-freidora-sin-aceite-22-lts-acero-inox-acero-inoxidable.jpg,4,,
jm-xi-fr223x,,,,,,,,,,,,,,https://f.fcdn.app/imgs/bc7c9d/joacamar.com.uy/joacuy/10ee/original/catalogo/XI-FR223X_INOX_5/1024-1024/horno-freidora-sin-aceite-22-lts-acero-inox-acero-inoxidable.jpg,5,,
jm-xi-hair28,cortadora de pelo xion,cortadora de pelo xion,Xion,Electro,"Cuidado Personal, Xion, stock-verificado",TRUE,Color,COLOR UNICO,XI-HAIR28-CU-U,705.00,829.00,10,deny,https://f.fcdn.app/imgs/3934a1/joacamar.com.uy/joacuy/f474/original/catalogo/XI-HAIR28_CU_1/1024-1024/cortadora-de-pelo-xion-color-unico.jpg,1,,
jm-xi-watch58,smartwatch xion watch58,smartwatch xion watch58,Xion,Electro,"Tecnología, Xion, stock-verificado",TRUE,Color,COLOR UNICO,XI-WATCH58-CU-U,663.00,,10,deny,https://f.fcdn.app/imgs/007d96/joacamar.com.uy/joacuy/9efc/original/catalogo/XI-WATCH58_CU_1/1024-1024/smartwatch-xion-watch58-color-unico.jpg,1,,
jm-xi-aux300,auriculares inalámbricos xion 40hs de duración,auriculares inalámbricos xion 40hs de duración,Xion,Electro,"Audio, Xion, stock-verificado",TRUE,Color,BLUE,XI-AUX300-bl-U,1202.00,1244.00,10,deny,https://f.fcdn.app/imgs/488224/joacamar.com.uy/joacuy/0516/original/catalogo/XI-AUX300_bl_1/1024-1024/auriculares-inalambricos-xion-40hs-de-duracion-blue.jpg,1,,
jm-xi-aux300,,,,,,,,BLACK,XI-AUX300-BLK-U,1202.00,1244.00,10,deny,,,,
jm-xi-aux300,,,,,,,,GRN,XI-AUX300-GRN-U,1202.00,1244.00,10,deny,,,,
jm-xi-aux300,,,,,,,,PNK,XI-AUX300-PNK-U,1202.00,1244.00,10,deny,,,,
jm-xi-aux300,,,,,,,,,,,,,,https://f.fcdn.app/imgs/dad537/joacamar.com.uy/joacuy/b17b/original/catalogo/XI-AUX300_bl_2/1024-1024/auriculares-inalambricos-xion-40hs-de-duracion-blue.jpg,2,,
jm-xi-aux300,,,,,,,,,,,,,,https://f.fcdn.app/imgs/5c08e5/joacamar.com.uy/joacuy/9dda/original/catalogo/XI-AUX300_BLK_1/1024-1024/auriculares-inalambricos-xion-40hs-de-duracion-black.jpg,3,,
jm-xi-aux300,,,,,,,,,,,,,,https://f.fcdn.app/imgs/6c1b32/joacamar.com.uy/joacuy/4d58/original/catalogo/XI-AUX300_BLK_2/1024-1024/auriculares-inalambricos-xion-40hs-de-duracion-black.jpg,4,,
jm-xi-aux300,,,,,,,,,,,,,,https://f.fcdn.app/imgs/288e93/joacamar.com.uy/joacuy/cb3d/original/catalogo/XI-AUX300_BLK_3/1024-1024/auriculares-inalambricos-xion-40hs-de-duracion-black.jpg,5,,
jm-xi-aux300,,,,,,,,,,,,,,https://f.fcdn.app/imgs/f43165/joacamar.com.uy/joacuy/630e/original/catalogo/XI-AUX300_BLK_4/1024-1024/auriculares-inalambricos-xion-40hs-de-duracion-black.jpg,6,,
jm-xi-aux300,,,,,,,,,,,,,,https://f.fcdn.app/imgs/683b90/joacamar.com.uy/joacuy/ac5a/original/catalogo/XI-AUX300_BLK_5/1024-1024/auriculares-inalambricos-xion-40hs-de-duracion-black.jpg,7,,
jm-xi-aux300,,,,,,,,,,,,,,https://f.fcdn.app/imgs/8b54e5/joacamar.com.uy/joacuy/1ea0/original/catalogo/XI-AUX300_GRN_1/1024-1024/auriculares-inalambricos-xion-40hs-de-duracion-grn.jpg,8,,
jm-xi-aux300,,,,,,,,,,,,,,https://f.fcdn.app/imgs/37494f/joacamar.com.uy/joacuy/d399/original/catalogo/XI-AUX300_GRN_2/1024-1024/auriculares-inalambricos-xion-40hs-de-duracion-grn.jpg,9,,
jm-xi-aux300,,,,,,,,,,,,,,https://f.fcdn.app/imgs/890a51/joacamar.com.uy/joacuy/03f2/original/catalogo/XI-AUX300_GRN_3/1024-1024/auriculares-inalambricos-xion-40hs-de-duracion-grn.jpg,10,,
jm-xi-aux300,,,,,,,,,,,,,,https://f.fcdn.app/imgs/25e6bf/joacamar.com.uy/joacuy/ec94/original/catalogo/XI-AUX300_GRN_4/1024-1024/auriculares-inalambricos-xion-40hs-de-duracion-grn.jpg,11,,
jm-xi-aux300,,,,,,,,,,,,,,https://f.fcdn.app/imgs/934199/joacamar.com.uy/joacuy/cd47/original/catalogo/XI-AUX300_GRN_5/1024-1024/auriculares-inalambricos-xion-40hs-de-duracion-grn.jpg,12,,
jm-xi-aux300,,,,,,,,,,,,,,https://f.fcdn.app/imgs/90771e/joacamar.com.uy/joacuy/bc6b/original/catalogo/XI-AUX300_PNK_1/1024-1024/auriculares-inalambricos-xion-40hs-de-duracion-pnk.jpg,13,,
jm-xi-aux300,,,,,,,,,,,,,,https://f.fcdn.app/imgs/309519/joacamar.com.uy/joacuy/e811/original/catalogo/XI-AUX300_PNK_2/1024-1024/auriculares-inalambricos-xion-40hs-de-duracion-pnk.jpg,14,,
jm-xi-aux300,,,,,,,,,,,,,,https://f.fcdn.app/imgs/11e8cd/joacamar.com.uy/joacuy/0f4b/original/catalogo/XI-AUX300_PNK_3/1024-1024/auriculares-inalambricos-xion-40hs-de-duracion-pnk.jpg,15,,
jm-xi-aux300,,,,,,,,,,,,,,https://f.fcdn.app/imgs/f2923f/joacamar.com.uy/joacuy/37ed/original/catalogo/XI-AUX300_PNK_4/1024-1024/auriculares-inalambricos-xion-40hs-de-duracion-pnk.jpg,16,,
jm-xi-aux300,,,,,,,,,,,,,,https://f.fcdn.app/imgs/877ff0/joacamar.com.uy/joacuy/822b/original/catalogo/XI-AUX300_PNK_5/1024-1024/auriculares-inalambricos-xion-40hs-de-duracion-pnk.jpg,17,,
jm-x-watch77,smartwatch xion swatch77,smartwatch xion swatch77,Xion,Electro,"Tecnología, Xion, stock-verificado",TRUE,Color,BLACK,X-WATCH77-BLK-U,1368.00,1617.00,10,deny,https://f.fcdn.app/imgs/524c20/joacamar.com.uy/joacuy/2d3b/original/catalogo/X-WATCH77_BLK_1/1024-1024/smartwatch-xion-swatch77-black.jpg,1,,
jm-x-watch77,,,,,,,,BLUE,X-WATCH77-bl-U,1368.00,1617.00,10,deny,,,,
jm-x-watch77,,,,,,,,WHITE,X-WATCH77-WHT-U,1368.00,1617.00,10,deny,,,,
jm-x-watch77,,,,,,,,,,,,,,https://f.fcdn.app/imgs/d14a8e/joacamar.com.uy/joacuy/3a3d/original/catalogo/X-WATCH77_BLK_2/1024-1024/smartwatch-xion-swatch77-black.jpg,2,,
jm-x-watch77,,,,,,,,,,,,,,https://f.fcdn.app/imgs/933e71/joacamar.com.uy/joacuy/e84e/original/catalogo/X-WATCH77_bl_1/1024-1024/smartwatch-xion-swatch77-blue.jpg,3,,
jm-x-watch77,,,,,,,,,,,,,,https://f.fcdn.app/imgs/07a0b3/joacamar.com.uy/joacuy/3a3d/original/catalogo/X-WATCH77_bl_2/1024-1024/smartwatch-xion-swatch77-blue.jpg,4,,
jm-x-watch77,,,,,,,,,,,,,,https://f.fcdn.app/imgs/f493c1/joacamar.com.uy/joacuy/c52a/original/catalogo/X-WATCH77_WHT_1/1024-1024/smartwatch-xion-swatch77-white.jpg,5,,
jm-x-watch77,,,,,,,,,,,,,,https://f.fcdn.app/imgs/a0672f/joacamar.com.uy/joacuy/3a3d/original/catalogo/X-WATCH77_WHT_2/1024-1024/smartwatch-xion-swatch77-white.jpg,6,,
jm-xi-mnt24,"led monitor 24""","led monitor 24""",Xion,Electro,"Tecnología, Xion, stock-verificado",TRUE,Color,COLOR UNICO,XI-MNT24-CU-U,3979.00,4104.00,10,deny,https://f.fcdn.app/imgs/746de0/joacamar.com.uy/joacuy/c59c/original/catalogo/XI-MNT24_CU_1/1024-1024/led-monitor-24-color-unico.jpg,1,,
jm-xi-hair6x1,afeitadora y cortadora de pelo 6 en 1 recargable,afeitadora y cortadora de pelo 6 en 1 recargable,Xion,Electro,"Cuidado Personal, Xion, stock-verificado",TRUE,Color,COLOR UNICO,XI-HAIR6X1-CU-U,1741.00,2031.00,10,deny,https://f.fcdn.app/imgs/b86dd6/joacamar.com.uy/joacuy/372b/original/catalogo/XI-HAIR6X1_CU_1/1024-1024/afeitadora-y-cortadora-de-pelo-6-en-1-recargable-color-unico.jpg,1,,
jm-xi-hair6x1,,,,,,,,,,,,,,https://f.fcdn.app/imgs/942fef/joacamar.com.uy/joacuy/e9ee/original/catalogo/XI-HAIR6X1_CU_2/1024-1024/afeitadora-y-cortadora-de-pelo-6-en-1-recargable-color-unico.jpg,2,,
jm-xi-hair6x1,,,,,,,,,,,,,,https://f.fcdn.app/imgs/73b8cb/joacamar.com.uy/joacuy/e7a0/original/catalogo/XI-HAIR6X1_CU_3/1024-1024/afeitadora-y-cortadora-de-pelo-6-en-1-recargable-color-unico.jpg,3,,
jm-xi-aas18000-2,aire acondicionado split 18000 btu,aire acondicionado split 18000 btu,Xion,Electro,"Climatización, Xion, stock-verificado",TRUE,Color,COLOR UNICO,XI-AAS18000-2-CU-U,19647.00,20269.00,10,deny,https://f.fcdn.app/imgs/e7051b/joacamar.com.uy/joacuy/114a/original/catalogo/XI-AAS18000-2_CU_1/1024-1024/aire-acondicionado-split-18000-btu-color-unico.jpg,1,,
jm-xi-aas18000-2,,,,,,,,,,,,,,https://f.fcdn.app/imgs/051bb2/joacamar.com.uy/joacuy/8e1d/original/catalogo/XI-AAS18000-2_CU_2/1024-1024/aire-acondicionado-split-18000-btu-color-unico.jpg,2,,
jm-xi-aas18000-2,,,,,,,,,,,,,,https://f.fcdn.app/imgs/b6a078/joacamar.com.uy/joacuy/11ba/original/catalogo/XI-AAS18000-2_CU_3/1024-1024/aire-acondicionado-split-18000-btu-color-unico.jpg,3,,
jm-xi-aas24000-2,aire acondicionado split 24000 btu,aire acondicionado split 24000 btu,Xion,Electro,"Climatización, Xion, stock-verificado",TRUE,Color,COLOR UNICO,XI-AAS24000-2-CU-U,24082.00,24829.00,10,deny,https://f.fcdn.app/imgs/ec3216/joacamar.com.uy/joacuy/114a/original/catalogo/XI-AAS24000-2_CU_1/1024-1024/aire-acondicionado-split-24000-btu-color-unico.jpg,1,,
jm-xi-aas24000-2,,,,,,,,,,,,,,https://f.fcdn.app/imgs/588681/joacamar.com.uy/joacuy/6886/original/catalogo/XI-AAS24000-2_CU_2/1024-1024/aire-acondicionado-split-24000-btu-color-unico.jpg,2,,
jm-xi-aas24000-2,,,,,,,,,,,,,,https://f.fcdn.app/imgs/146cb8/joacamar.com.uy/joacuy/8f05/original/catalogo/XI-AAS24000-2_CU_3/1024-1024/aire-acondicionado-split-24000-btu-color-unico.jpg,3,,
jm-xi-led43smart,"tv led smart 43"" full hd","tv led smart 43"" full hd",Xion,Electro,"TV, Xion, stock-verificado",TRUE,Color,COLOR UNICO,XI-LED43SMART-CU-U,10818.00,11150.00,10,deny,https://f.fcdn.app/imgs/f3114b/joacamar.com.uy/joacuy/00bc/original/catalogo/XI-LED43SMART_CU_1/1024-1024/tv-led-smart-43-full-hd-color-unico.jpg,1,,
jm-xi-aas9000-2,aire acondicionado split 9000btu,aire acondicionado split 9000btu,Xion,Electro,"Climatización, Xion, stock-verificado",TRUE,Color,COLOR UNICO,XI-AAS9000-2-CU-U,11150.00,11565.00,10,deny,https://f.fcdn.app/imgs/368716/joacamar.com.uy/joacuy/114a/original/catalogo/XI-AAS9000-2_CU_1/1024-1024/aire-acondicionado-split-9000btu-color-unico.jpg,1,,
jm-xi-aas9000-2,,,,,,,,,,,,,,https://f.fcdn.app/imgs/8e4a4b/joacamar.com.uy/joacuy/788e/original/catalogo/XI-AAS9000-2_CU_2/1024-1024/aire-acondicionado-split-9000btu-color-unico.jpg,2,,
jm-xi-aas9000-2,,,,,,,,,,,,,,https://f.fcdn.app/imgs/f1136e/joacamar.com.uy/joacuy/11ba/original/catalogo/XI-AAS9000-2_CU_3/1024-1024/aire-acondicionado-split-9000btu-color-unico.jpg,3,,
jm-xi-aas12000-2,aire acondicionado split 12000 btu,aire acondicionado split 12000 btu,Xion,Electro,"Climatización, Xion, stock-verificado",TRUE,Color,COLOR UNICO,XI-AAS12000-2-CU-U,11523.00,11979.00,10,deny,https://f.fcdn.app/imgs/669c3f/joacamar.com.uy/joacuy/114a/original/catalogo/XI-AAS12000-2_CU_1/1024-1024/aire-acondicionado-split-12000-btu-color-unico.jpg,1,,
jm-xi-aas12000-2,,,,,,,,,,,,,,https://f.fcdn.app/imgs/4c0fbd/joacamar.com.uy/joacuy/d4a7/original/catalogo/XI-AAS12000-2_CU_2/1024-1024/aire-acondicionado-split-12000-btu-color-unico.jpg,2,,
jm-xi-aas12000-2,,,,,,,,,,,,,,https://f.fcdn.app/imgs/8e6240/joacamar.com.uy/joacuy/b176/original/catalogo/XI-AAS12000-2_CU_3/1024-1024/aire-acondicionado-split-12000-btu-color-unico.jpg,3,,
jm-xi-aas12000-2,,,,,,,,,,,,,,https://f.fcdn.app/imgs/b2d998/joacamar.com.uy/joacuy/11ba/original/catalogo/XI-AAS12000-2_CU_4/1024-1024/aire-acondicionado-split-12000-btu-color-unico.jpg,4,,
jm-xi-hair5x1,afeitadora y cortadora de pelo 5 en 1 recargable,afeitadora y cortadora de pelo 5 en 1 recargable,Xion,Electro,"Cuidado Personal, Xion, stock-verificado",TRUE,Color,COLOR UNICO,XI-HAIR5X1-CU-U,1409.00,1617.00,10,deny,https://f.fcdn.app/imgs/0149f1/joacamar.com.uy/joacuy/8743/original/catalogo/XI-HAIR5X1_CU_1/1024-1024/afeitadora-y-cortadora-de-pelo-5-en-1-recargable-color-unico.jpg,1,,
jm-xi-trimmer,recortador para nariz y orejas,recortador para nariz y orejas,Xion,Electro,"Cuidado Personal, Xion, stock-verificado",TRUE,Color,COLOR UNICO,XI-TRIMMER-CU-U,414.00,497.00,10,deny,https://f.fcdn.app/imgs/a00818/joacamar.com.uy/joacuy/d715/original/catalogo/XI-TRIMMER_CU_1/1024-1024/recortador-para-nariz-y-orejas-color-unico.jpg,1,,
jm-xi-fr74,airfryer freidora sin aceite 4L,airfryer freidora sin aceite 4L,Xion,Electro,"Freidoras, Xion, stock-verificado",TRUE,Color,COLOR UNICO,XI-FR74-CU-U,2155.00,2280.00,10,deny,https://f.fcdn.app/imgs/f6aa0c/joacamar.com.uy/joacuy/50a3/original/catalogo/XI-FR74_CU_1/1024-1024/airfryer-freidora-sin-aceite-4l-color-unico.jpg,1,,
jm-xi-fr74,,,,,,,,,,,,,,https://f.fcdn.app/imgs/0e294d/joacamar.com.uy/joacuy/2d73/original/catalogo/XI-FR74_CU_2/1024-1024/airfryer-freidora-sin-aceite-4l-color-unico.jpg,2,,
jm-xi-fr74,,,,,,,,,,,,,,https://f.fcdn.app/imgs/c06829/joacamar.com.uy/joacuy/d3a4/original/catalogo/XI-FR74_CU_3/1024-1024/airfryer-freidora-sin-aceite-4l-color-unico.jpg,3,,
jm-xi-fr74,,,,,,,,,,,,,,https://f.fcdn.app/imgs/1d77f3/joacamar.com.uy/joacuy/2b8e/original/catalogo/XI-FR74_CU_4/1024-1024/airfryer-freidora-sin-aceite-4l-color-unico.jpg,4,,
jm-xi-hair40,cortadora de pelo y barba inalámbrica,cortadora de pelo y barba inalámbrica,Xion,Electro,"Cuidado Personal, Xion, stock-verificado",TRUE,Color,COLOR UNICO,XI-HAIR40-CU-U,870.00,995.00,10,deny,https://f.fcdn.app/imgs/415353/joacamar.com.uy/joacuy/074b/original/catalogo/XI-HAIR40_CU_1/1024-1024/cortadora-de-pelo-y-barba-inalambrica-color-unico.jpg,1,,
jm-xi-led19i,"tv led 19"" hd (1440x900p) 12v con isdbt","tv led 19"" hd (1440x900p) 12v con isdbt",Xion,Electro,"TV, Xion, stock-verificado",TRUE,Color,COLOR UNICO,XI-LED19I-CU-U,3565.00,3689.00,10,deny,https://f.fcdn.app/imgs/315aab/joacamar.com.uy/joacuy/db1a/original/catalogo/XI-LED19I_CU_1/1024-1024/tv-led-19-hd-1440x900p-12v-con-isdbt-color-unico.jpg,1,,
jm-xi-sh3800,afeitadora recargable,afeitadora recargable,Xion,Electro,"Cuidado Personal, Xion, stock-verificado",TRUE,Color,COLOR UNICO,XI-SH3800-CU-U,1244.00,1451.00,10,deny,https://f.fcdn.app/imgs/c7aa2c/joacamar.com.uy/joacuy/19a9/original/catalogo/XI-SH3800_CU_1/1024-1024/afeitadora-recargable-color-unico.jpg,1,,
jm-xi-sh3800,,,,,,,,,,,,,,https://f.fcdn.app/imgs/7ce597/joacamar.com.uy/joacuy/36aa/original/catalogo/XI-SH3800_CU_2/1024-1024/afeitadora-recargable-color-unico.jpg,2,,
jm-xi-led50-4k,"tv led smart xion 50"" 4k","tv led smart xion 50"" 4k",Xion,Electro,"TV, Xion, stock-verificado",TRUE,Color,COLOR UNICO,XI-LED50-4K-CU-U,14466.00,,10,deny,https://f.fcdn.app/imgs/cc77dd/joacamar.com.uy/joacuy/a12a/original/catalogo/XI-LED50-4K_CU_1/1024-1024/tv-led-smart-xion-50-4k-color-unico.jpg,1,,
jm-xi-hair10pro,recortadora profesional inalámbrica,recortadora profesional inalámbrica,Xion,Electro,"Cuidado Personal, Xion, stock-verificado",TRUE,Color,COLOR UNICO,XI-HAIR10PRO-CU-U,1741.00,2031.00,10,deny,https://f.fcdn.app/imgs/8fb4c7/joacamar.com.uy/joacuy/ad77/original/catalogo/XI-HAIR10PRO_CU_1/1024-1024/recortadora-profesional-inalambrica-color-unico.jpg,1,,
jm-xi-hair10pro,,,,,,,,,,,,,,https://f.fcdn.app/imgs/95516c/joacamar.com.uy/joacuy/f9a5/original/catalogo/XI-HAIR10PRO_CU_2/1024-1024/recortadora-profesional-inalambrica-color-unico.jpg,2,,
jm-xi-hair10pro,,,,,,,,,,,,,,https://f.fcdn.app/imgs/eabb8d/joacamar.com.uy/joacuy/136a/original/catalogo/XI-HAIR10PRO_CU_3/1024-1024/recortadora-profesional-inalambrica-color-unico.jpg,3,,
jm-xi-led32slim,"tv led smart 32"" slim","tv led smart 32"" slim",Xion,Electro,"TV, Xion, stock-verificado",TRUE,Color,COLOR UNICO,XI-LED32SLIM-CU-U,6673.00,7005.00,10,deny,https://f.fcdn.app/imgs/a16f27/joacamar.com.uy/joacuy/bd4e/original/catalogo/XI-LED32SLIM_CU_1/1024-1024/tv-led-smart-32-slim-color-unico.jpg,1,,
jm-xi-look,planchita y rizadora inalámbrica 2 en 1,planchita y rizadora inalámbrica 2 en 1,Xion,Electro,"Cuidado Personal, Xion, stock-verificado",TRUE,Color,WHITE,XI-LOOK-WHT-U,1575.00,1865.00,10,deny,https://f.fcdn.app/imgs/9dacd1/joacamar.com.uy/joacuy/9a1a/original/catalogo/XI-LOOK_WHT_1/1024-1024/planchita-y-rizadora-inalambrica-2-en-1-white.jpg,1,,
jm-xi-look,,,,,,,,PNK,XI-LOOK-PNK-U,1575.00,1865.00,10,deny,,,,
jm-xi-look,,,,,,,,,,,,,,https://f.fcdn.app/imgs/726c41/joacamar.com.uy/joacuy/c999/original/catalogo/XI-LOOK_WHT_2/1024-1024/planchita-y-rizadora-inalambrica-2-en-1-white.jpg,2,,
jm-xi-look,,,,,,,,,,,,,,https://f.fcdn.app/imgs/f4f9df/joacamar.com.uy/joacuy/2faf/original/catalogo/XI-LOOK_PNK_1/1024-1024/planchita-y-rizadora-inalambrica-2-en-1-pnk.jpg,3,,
jm-xi-look,,,,,,,,,,,,,,https://f.fcdn.app/imgs/37413b/joacamar.com.uy/joacuy/c999/original/catalogo/XI-LOOK_PNK_2/1024-1024/planchita-y-rizadora-inalambrica-2-en-1-pnk.jpg,4,,
jm-xi-hfh223x,heladera refrigerador con freezer frío humedo 205 litros,heladera refrigerador con freezer frío humedo 205 litros,Xion,Electro,"Heladeras, Xion, stock-verificado",TRUE,Color,ACERO INOXIDABLE,XI-HFH223X-INOX-U,11357.00,11979.00,10,deny,https://f.fcdn.app/imgs/00b208/joacamar.com.uy/joacuy/8923/original/catalogo/XI-HFH223X_INOX_1/1024-1024/heladera-refrigerador-con-freezer-frio-humedo-205-litros-acero-inoxidable.jpg,1,,
jm-xi-hfh223x,,,,,,,,,,,,,,https://f.fcdn.app/imgs/9cda05/joacamar.com.uy/joacuy/1fec/original/catalogo/XI-HFH223X_INOX_2/1024-1024/heladera-refrigerador-con-freezer-frio-humedo-205-litros-acero-inoxidable.jpg,2,,
jm-xi-hfh223x,,,,,,,,,,,,,,https://f.fcdn.app/imgs/772672/joacamar.com.uy/joacuy/976b/original/catalogo/XI-HFH223X_INOX_3/1024-1024/heladera-refrigerador-con-freezer-frio-humedo-205-litros-acero-inoxidable.jpg,3,,
jm-xi-hfh223x,,,,,,,,,,,,,,https://f.fcdn.app/imgs/9dbe65/joacamar.com.uy/joacuy/7a64/original/catalogo/XI-HFH223X_INOX_4/1024-1024/heladera-refrigerador-con-freezer-frio-humedo-205-litros-acero-inoxidable.jpg,4,,
jm-xi-hnf271w,heladera refrigerador frío seco 246 litros,heladera refrigerador frío seco 246 litros,Xion,Electro,"Heladeras, Xion, stock-verificado",TRUE,Color,WHITE,XI-HNF271W-WHT-U,16497.00,17368.00,10,deny,https://f.fcdn.app/imgs/4fe8cd/joacamar.com.uy/joacuy/88fb/original/catalogo/XI-HNF271W_WHT_1/1024-1024/heladera-refrigerador-frio-seco-246-litros-white.jpg,1,,
jm-xi-hnf271w,,,,,,,,,,,,,,https://f.fcdn.app/imgs/10a2cd/joacamar.com.uy/joacuy/2706/original/catalogo/XI-HNF271W_WHT_2/1024-1024/heladera-refrigerador-frio-seco-246-litros-white.jpg,2,,
jm-xi-hnf271w,,,,,,,,,,,,,,https://f.fcdn.app/imgs/812c78/joacamar.com.uy/joacuy/5cb2/original/catalogo/XI-HNF271W_WHT_3/1024-1024/heladera-refrigerador-frio-seco-246-litros-white.jpg,3,,
jm-xi-hnf271w,,,,,,,,,,,,,,https://f.fcdn.app/imgs/53f285/joacamar.com.uy/joacuy/c271/original/catalogo/XI-HNF271W_WHT_4/1024-1024/heladera-refrigerador-frio-seco-246-litros-white.jpg,4,,
jm-xi-hnf271w,,,,,,,,,,,,,,https://f.fcdn.app/imgs/31ebeb/joacamar.com.uy/joacuy/b438/original/catalogo/XI-HNF271W_WHT_5/1024-1024/heladera-refrigerador-frio-seco-246-litros-white.jpg,5,,
jm-xi-mw24x,horno microondas digital xion 20 lts.,horno microondas digital xion 20 lts.,Xion,Electro,"Cocinas, Xion, stock-verificado",TRUE,Color,ACERO INOXIDABLE,XI-MW24X-INOX-U,3689.00,4104.00,10,deny,https://f.fcdn.app/imgs/1925a5/joacamar.com.uy/joacuy/bb7f/original/catalogo/XI-MW24X_INOX_1/1024-1024/horno-microondas-digital-xion-20-lts-acero-inoxidable.jpg,1,,
jm-eb6,"MONOPATÍN 14"" EB6","MONOPATÍN 14"" EB6",MAXWHEEL,Accesorios,"Movilidad, MAXWHEEL, stock-verificado",TRUE,Color,COLOR UNICO,EB6-CU-U,28103.00,28974.00,10,deny,https://f.fcdn.app/imgs/2f8f5e/joacamar.com.uy/joacuy/1fa6/original/catalogo/EB6_CU_1/1024-1024/monopatin-14-eb6-color-unico.jpg,1,,
jm-eb6,,,,,,,,,,,,,,https://f.fcdn.app/imgs/29052e/joacamar.com.uy/joacuy/e9dd/original/catalogo/EB6_CU_2/1024-1024/monopatin-14-eb6-color-unico.jpg,2,,
jm-eb6,,,,,,,,,,,,,,https://f.fcdn.app/imgs/67380b/joacamar.com.uy/joacuy/c426/original/catalogo/EB6_CU_3/1024-1024/monopatin-14-eb6-color-unico.jpg,3,,
jm-eb6,,,,,,,,,,,,,,https://f.fcdn.app/imgs/c09b69/joacamar.com.uy/joacuy/5454/original/catalogo/EB6_CU_4/1024-1024/monopatin-14-eb6-color-unico.jpg,4,,
jm-eb6,,,,,,,,,,,,,,https://f.fcdn.app/imgs/794ee4/joacamar.com.uy/joacuy/5984/original/catalogo/EB6_CU_5/1024-1024/monopatin-14-eb6-color-unico.jpg,5,,
jm-xi-curler33,rizador profesional xion,rizador profesional xion,Xion,Electro,"Cuidado Personal, Xion, stock-verificado",TRUE,Color,COLOR UNICO,XI-CURLER33-CU-U,1244.00,1451.00,10,deny,https://f.fcdn.app/imgs/0c6f2c/joacamar.com.uy/joacuy/8a89/original/catalogo/XI-CURLER33_CU_1/1024-1024/rizador-profesional-xion-color-unico.jpg,1,,
jm-xi-curler33,,,,,,,,,,,,,,https://f.fcdn.app/imgs/fd1ed7/joacamar.com.uy/joacuy/8279/original/catalogo/XI-CURLER33_CU_2/1024-1024/rizador-profesional-xion-color-unico.jpg,2,,
jm-xi-gas77,estufa de exterior a gas,estufa de exterior a gas,Xion,Electro,"Climatización, Xion, stock-verificado",TRUE,Color,COLOR UNICO,XI-GAS77-CU-U,11896.00,14052.00,10,deny,https://f.fcdn.app/imgs/a0ab39/joacamar.com.uy/joacuy/a098/original/catalogo/XI-GAS77_CU_1/1024-1024/estufa-de-exterior-a-gas-color-unico.jpg,1,,
jm-xi-gas77,,,,,,,,,,,,,,https://f.fcdn.app/imgs/6e63e1/joacamar.com.uy/joacuy/f8ad/original/catalogo/XI-GAS77_CU_2/1024-1024/estufa-de-exterior-a-gas-color-unico.jpg,2,,
jm-xi-mw23,horno microondas digital xion 20 lts.,horno microondas digital xion 20 lts.,Xion,Electro,"Cocinas, Xion, stock-verificado",TRUE,Color,BLACK,XI-MW23-BLK-U,3316.00,3689.00,10,deny,https://f.fcdn.app/imgs/bdc0fe/joacamar.com.uy/joacuy/f07f/original/catalogo/XI-MW23_BLK_1/1024-1024/horno-microondas-digital-xion-20-lts-black.jpg,1,,
jm-xi-mw23,,,,,,,,WHITE,XI-MW23-WHT-U,3316.00,3689.00,10,deny,,,,
jm-xi-mw23,,,,,,,,,,,,,,https://f.fcdn.app/imgs/13cacd/joacamar.com.uy/joacuy/f07f/original/catalogo/XI-MW23_BLK_2/1024-1024/horno-microondas-digital-xion-20-lts-black.jpg,2,,
jm-xi-mw23,,,,,,,,,,,,,,https://f.fcdn.app/imgs/42d2ca/joacamar.com.uy/joacuy/d130/original/catalogo/XI-MW23_BLK_3/1024-1024/horno-microondas-digital-xion-20-lts-black.jpg,3,,
jm-xi-mw23,,,,,,,,,,,,,,https://f.fcdn.app/imgs/a3ec42/joacamar.com.uy/joacuy/a276/original/catalogo/XI-MW23_WHT_1/1024-1024/horno-microondas-digital-xion-20-lts-white.jpg,4,,
jm-xi-mw23,,,,,,,,,,,,,,https://f.fcdn.app/imgs/6d4aab/joacamar.com.uy/joacuy/31fe/original/catalogo/XI-MW23_WHT_2/1024-1024/horno-microondas-digital-xion-20-lts-white.jpg,5,,
jm-xi-socart3,"soporte para tv con ruedas de 32"" a 65""","soporte para tv con ruedas de 32"" a 65""",Xion,Electro,"TV, Xion, stock-verificado",TRUE,Color,COLOR UNICO,XI-SOCART3-CU-U,5886.00,6176.00,10,deny,https://f.fcdn.app/imgs/25facf/joacamar.com.uy/joacuy/4e98/original/catalogo/XI-SOCART3_CU_1/1024-1024/soporte-para-tv-con-ruedas-de-32-a-65-color-unico.jpg,1,,
jm-xi-cctv400,cámara de seguridad smart xion multi camaras 4 lentes,cámara de seguridad smart xion multi camaras 4 lentes,Xion,Electro,"Tecnología, Xion, stock-verificado",TRUE,Color,COLOR UNICO,XI-CCTV400-CU-U,3689.00,4104.00,10,deny,https://f.fcdn.app/imgs/8b4d3e/joacamar.com.uy/joacuy/e84d/original/catalogo/XI-CCTV400_CU_1/1024-1024/camara-de-seguridad-smart-xion-multi-camaras-4-lentes-color-unico.jpg,1,,
jm-xi-cctv400,,,,,,,,,,,,,,https://f.fcdn.app/imgs/50a486/joacamar.com.uy/joacuy/95fb/original/catalogo/XI-CCTV400_CU_2/1024-1024/camara-de-seguridad-smart-xion-multi-camaras-4-lentes-color-unico.jpg,2,,
jm-xi-cctv400,,,,,,,,,,,,,,https://f.fcdn.app/imgs/3dc97b/joacamar.com.uy/joacuy/d830/original/catalogo/XI-CCTV400_CU_3/1024-1024/camara-de-seguridad-smart-xion-multi-camaras-4-lentes-color-unico.jpg,3,,
jm-xi-cctv400,,,,,,,,,,,,,,https://f.fcdn.app/imgs/2c4fdf/joacamar.com.uy/joacuy/dbd5/original/catalogo/XI-CCTV400_CU_4/1024-1024/camara-de-seguridad-smart-xion-multi-camaras-4-lentes-color-unico.jpg,4,,
jm-xi-cctv300,cámara de seguridad smart xion multi cámaras 3 lentes,cámara de seguridad smart xion multi cámaras 3 lentes,Xion,Electro,"Tecnología, Xion, stock-verificado",TRUE,Color,COLOR UNICO,XI-CCTV300-CU-U,3565.00,3689.00,10,deny,https://f.fcdn.app/imgs/ab86b3/joacamar.com.uy/joacuy/c2ed/original/catalogo/XI-CCTV300_CU_1/1024-1024/camara-de-seguridad-smart-xion-multi-camaras-3-lentes-color-unico.jpg,1,,
jm-xi-cctv300,,,,,,,,,,,,,,https://f.fcdn.app/imgs/409ce8/joacamar.com.uy/joacuy/22dd/original/catalogo/XI-CCTV300_CU_2/1024-1024/camara-de-seguridad-smart-xion-multi-camaras-3-lentes-color-unico.jpg,2,,
jm-xi-cctv82s,cámara solar xion smart doble cámara recargable,cámara solar xion smart doble cámara recargable,Xion,Electro,"Tecnología, Xion, stock-verificado",TRUE,Color,COLOR UNICO,XI-CCTV82S-CU-U,3565.00,3689.00,10,deny,https://f.fcdn.app/imgs/ba374a/joacamar.com.uy/joacuy/7ca7/original/catalogo/XI-CCTV82S_CU_1/1024-1024/camara-solar-xion-smart-doble-camara-recargable-color-unico.jpg,1,,
jm-xi-cctv82s,,,,,,,,,,,,,,https://f.fcdn.app/imgs/dfb871/joacamar.com.uy/joacuy/bddc/original/catalogo/XI-CCTV82S_CU_2/1024-1024/camara-solar-xion-smart-doble-camara-recargable-color-unico.jpg,2,,
jm-xi-cctv64,cámara de seguridad xion smart wifi doble lente,cámara de seguridad xion smart wifi doble lente,Xion,Electro,"Tecnología, Xion, stock-verificado",TRUE,Color,COLOR UNICO,XI-CCTV64-CU-U,2072.00,2280.00,10,deny,https://f.fcdn.app/imgs/44277c/joacamar.com.uy/joacuy/2718/original/catalogo/XI-CCTV64_CU_1/1024-1024/camara-de-seguridad-xion-smart-wifi-doble-lente-color-unico.jpg,1,,
jm-xi-cctv64,,,,,,,,,,,,,,https://f.fcdn.app/imgs/441000/joacamar.com.uy/joacuy/eced/original/catalogo/XI-CCTV64_CU_2/1024-1024/camara-de-seguridad-xion-smart-wifi-doble-lente-color-unico.jpg,2,,
jm-xi-cctv64,,,,,,,,,,,,,,https://f.fcdn.app/imgs/b83319/joacamar.com.uy/joacuy/a88f/original/catalogo/XI-CCTV64_CU_3/1024-1024/camara-de-seguridad-xion-smart-wifi-doble-lente-color-unico.jpg,3,,
jm-xi-cctv64,,,,,,,,,,,,,,https://f.fcdn.app/imgs/ad910b/joacamar.com.uy/joacuy/a598/original/catalogo/XI-CCTV64_CU_4/1024-1024/camara-de-seguridad-xion-smart-wifi-doble-lente-color-unico.jpg,4,,
jm-xi-cctv74,cámara de seguridad xion smart doble cámara portalámpara,cámara de seguridad xion smart doble cámara portalámpara,Xion,Electro,"Tecnología, Xion, stock-verificado",TRUE,Color,COLOR UNICO,XI-CCTV74-CU-U,1451.00,1617.00,10,deny,https://f.fcdn.app/imgs/d56757/joacamar.com.uy/joacuy/a948/original/catalogo/XI-CCTV74_CU_1/1024-1024/camara-de-seguridad-xion-smart-doble-camara-portalampara-color-unico.jpg,1,,
jm-xi-mw2050d,horno microondas 20 lts. digital,horno microondas 20 lts. digital,Xion,Electro,"Cocinas, Xion, stock-verificado",TRUE,Color,BLACK,XI-MW2050D-BLK-U,4518.00,,10,deny,https://f.fcdn.app/imgs/45b564/joacamar.com.uy/joacuy/8918/original/catalogo/XI-MW2050D_BLK_1/1024-1024/horno-microondas-20-lts-digital-black.jpg,1,,
jm-xi-mw22,horno microondas xion 20 lts.,horno microondas xion 20 lts.,Xion,Electro,"Cocinas, Xion, stock-verificado",TRUE,Color,WHITE,XI-MW22-WTH-U,3275.00,,10,deny,https://f.fcdn.app/imgs/918364/joacamar.com.uy/joacuy/6c9f/original/catalogo/XI-MW22_WTH_1/1024-1024/horno-microondas-xion-20-lts-white.jpg,1,,
jm-xi-mw22,,,,,,,,BLACK,XI-MW22-BLK-U,3275.00,,10,deny,,,,
jm-xi-mw22,,,,,,,,,,,,,,https://f.fcdn.app/imgs/7dddab/joacamar.com.uy/joacuy/3010/original/catalogo/XI-MW22_BLK_1/1024-1024/horno-microondas-xion-20-lts-black.jpg,2,,
jm-xi-cctv31,cámara de seguridad smart wifi interior,cámara de seguridad smart wifi interior,Xion,Electro,"Tecnología, Xion, stock-verificado",TRUE,Color,COLOR UNICO,XI-CCTV31-CU-U,1699.00,1865.00,10,deny,https://f.fcdn.app/imgs/9b7119/joacamar.com.uy/joacuy/6039/original/catalogo/XI-CCTV31_CU_1/1024-1024/camara-de-seguridad-smart-wifi-interior-color-unico.jpg,1,,
jm-xi-cctv31,,,,,,,,,,,,,,https://f.fcdn.app/imgs/e134cf/joacamar.com.uy/joacuy/c147/original/catalogo/XI-CCTV31_CU_2/1024-1024/camara-de-seguridad-smart-wifi-interior-color-unico.jpg,2,,
jm-xi-cctv31,,,,,,,,,,,,,,https://f.fcdn.app/imgs/abece5/joacamar.com.uy/joacuy/3aa1/original/catalogo/XI-CCTV31_CU_3/1024-1024/camara-de-seguridad-smart-wifi-interior-color-unico.jpg,3,,
jm-xi-cctv31,,,,,,,,,,,,,,https://f.fcdn.app/imgs/709977/joacamar.com.uy/joacuy/3cbe/original/catalogo/XI-CCTV31_CU_4/1024-1024/camara-de-seguridad-smart-wifi-interior-color-unico.jpg,4,,
jm-xi-mw2550g,horno microondas 25 lts con grill,horno microondas 25 lts con grill,Xion,Electro,"Cocinas, Xion, stock-verificado",TRUE,Color,ACERO INOXIDABLE,XI-MW2550G-INOX-U,5181.00,5762.00,10,deny,https://f.fcdn.app/imgs/e196c7/joacamar.com.uy/joacuy/5877/original/catalogo/XI-MW2550G_INOX_1/1024-1024/horno-microondas-25-lts-con-grill-acero-inoxidable.jpg,1,,
jm-xi-mw2550g,,,,,,,,,,,,,,https://f.fcdn.app/imgs/3cd822/joacamar.com.uy/joacuy/1a23/original/catalogo/XI-MW2550G_INOX_2/1024-1024/horno-microondas-25-lts-con-grill-acero-inoxidable.jpg,2,,
jm-xi-mw2550g,,,,,,,,,,,,,,https://f.fcdn.app/imgs/665f05/joacamar.com.uy/joacuy/cb41/original/catalogo/XI-MW2550G_INOX_3/1024-1024/horno-microondas-25-lts-con-grill-acero-inoxidable.jpg,3,,
jm-xi-mw3050g,horno microondas 30L ls con grill,horno microondas 30L ls con grill,Xion,Electro,"Cocinas, Xion, stock-verificado",TRUE,Color,ACERO INOXIDABLE,XI-MW3050G-INOX-U,5927.00,6591.00,10,deny,https://f.fcdn.app/imgs/2c509a/joacamar.com.uy/joacuy/5877/original/catalogo/XI-MW3050G_INOX_1/1024-1024/horno-microondas-30l-ls-con-grill-acero-inoxidable.jpg,1,,
jm-xi-mw3050g,,,,,,,,,,,,,,https://f.fcdn.app/imgs/e4c4c5/joacamar.com.uy/joacuy/02bb/original/catalogo/XI-MW3050G_INOX_2/1024-1024/horno-microondas-30l-ls-con-grill-acero-inoxidable.jpg,2,,
jm-xi-mw3050g,,,,,,,,,,,,,,https://f.fcdn.app/imgs/833345/joacamar.com.uy/joacuy/55b3/original/catalogo/XI-MW3050G_INOX_3/1024-1024/horno-microondas-30l-ls-con-grill-acero-inoxidable.jpg,3,,
jm-xi-tourmalina,planchita de pelo profesional tourmalina,planchita de pelo profesional tourmalina,Xion,Electro,"Cuidado Personal, Xion, stock-verificado",TRUE,Color,PRPL,XI-TOURMALINA-PRPL-U,1617.00,1865.00,10,deny,https://f.fcdn.app/imgs/91218c/joacamar.com.uy/joacuy/cc17/original/catalogo/XI-TOURMALINA_PRPL_1/1024-1024/planchita-de-pelo-profesional-tourmalina-prpl.jpg,1,,
jm-xi-tourmalina,,,,,,,,BLACK,XI-TOURMALINA-BLK-U,1617.00,1865.00,10,deny,,,,
jm-xi-tourmalina,,,,,,,,,,,,,,https://f.fcdn.app/imgs/f097a5/joacamar.com.uy/joacuy/828c/original/catalogo/XI-TOURMALINA_PRPL_2/1024-1024/planchita-de-pelo-profesional-tourmalina-prpl.jpg,2,,
jm-xi-tourmalina,,,,,,,,,,,,,,https://f.fcdn.app/imgs/201c37/joacamar.com.uy/joacuy/80af/original/catalogo/XI-TOURMALINA_PRPL_3/1024-1024/planchita-de-pelo-profesional-tourmalina-prpl.jpg,3,,
jm-xi-tourmalina,,,,,,,,,,,,,,https://f.fcdn.app/imgs/935c55/joacamar.com.uy/joacuy/fd67/original/catalogo/XI-TOURMALINA_PRPL_4/1024-1024/planchita-de-pelo-profesional-tourmalina-prpl.jpg,4,,
jm-xi-tourmalina,,,,,,,,,,,,,,https://f.fcdn.app/imgs/9c3860/joacamar.com.uy/joacuy/31b8/original/catalogo/XI-TOURMALINA_BLK_1/1024-1024/planchita-de-pelo-profesional-tourmalina-black.jpg,5,,
jm-xi-style,planchita de pelo profesional,planchita de pelo profesional,Xion,Electro,"Cuidado Personal, Xion, stock-verificado",TRUE,Color,BLACK,XI-STYLE-BLK-U,1244.00,1451.00,10,deny,https://f.fcdn.app/imgs/f6784e/joacamar.com.uy/joacuy/28ae/original/catalogo/XI-STYLE_BLK_1/1024-1024/planchita-de-pelo-profesional-black.jpg,1,,
jm-xi-style,,,,,,,,PNK,XI-STYLE-PNK-U,1244.00,1451.00,10,deny,,,,
jm-xi-style,,,,,,,,ROSE,XI-STYLE-ROSE-U,1244.00,1451.00,10,deny,,,,
jm-xi-style,,,,,,,,,,,,,,https://f.fcdn.app/imgs/9b92b9/joacamar.com.uy/joacuy/8300/original/catalogo/XI-STYLE_PNK_1/1024-1024/planchita-de-pelo-profesional-pnk.jpg,2,,
jm-xi-style,,,,,,,,,,,,,,https://f.fcdn.app/imgs/864abb/joacamar.com.uy/joacuy/914c/original/catalogo/XI-STYLE_ROSE_1/1024-1024/planchita-de-pelo-profesional-rose.jpg,3,,
jm-emdo20s5gsrg,horno microondas electrolux digital 20lts.,horno microondas electrolux digital 20lts.,electrolux,Electro,"Cocinas, electrolux, stock-verificado",TRUE,Color,GRY,EMDO20S5GSRG-GRY-U,5181.00,6591.00,10,deny,https://f.fcdn.app/imgs/0ba5b7/joacamar.com.uy/joacuy/ef5a/original/catalogo/EMDO20S5GSRG_GRY_1/1024-1024/horno-microondas-electrolux-digital-20lts-gry.jpg,1,,
jm-xi-cctv21,cámara de seguridad smart wifi para interior,cámara de seguridad smart wifi para interior,Xion,Electro,"Tecnología, Xion, stock-verificado",TRUE,Color,COLOR UNICO,XI-CCTV21-CU-U,995.00,1036.00,10,deny,https://f.fcdn.app/imgs/36f89f/joacamar.com.uy/joacuy/cd1d/original/catalogo/XI-CCTV21_CU_1/1024-1024/camara-de-seguridad-smart-wifi-para-interior-color-unico.jpg,1,,
jm-xi-cctv21,,,,,,,,,,,,,,https://f.fcdn.app/imgs/d1cb07/joacamar.com.uy/joacuy/e913/original/catalogo/XI-CCTV21_CU_2/1024-1024/camara-de-seguridad-smart-wifi-para-interior-color-unico.jpg,2,,
jm-xi-cctv41,cámara de seguridad interior/exterior,cámara de seguridad interior/exterior,Xion,Electro,"Tecnología, Xion, stock-verificado",TRUE,Color,COLOR UNICO,XI-CCTV41-CU-U,1575.00,1658.00,10,deny,https://f.fcdn.app/imgs/d3d2ef/joacamar.com.uy/joacuy/5c04/original/catalogo/XI-CCTV41_CU_1/1024-1024/camara-de-seguridad-interior-exterior-color-unico.jpg,1,,
jm-xi-cctv41,,,,,,,,,,,,,,https://f.fcdn.app/imgs/7fd9fd/joacamar.com.uy/joacuy/004e/original/catalogo/XI-CCTV41_CU_2/1024-1024/camara-de-seguridad-interior-exterior-color-unico.jpg,2,,
jm-xi-cctv73,cámara de seguridad smart luz led/sensor,cámara de seguridad smart luz led/sensor,Xion,Electro,"Tecnología, Xion, stock-verificado",TRUE,Color,COLOR UNICO,XI-CCTV73-CU-U,1451.00,1617.00,10,deny,https://f.fcdn.app/imgs/9ece7d/joacamar.com.uy/joacuy/2f24/original/catalogo/XI-CCTV73_CU_1/1024-1024/camara-de-seguridad-smart-luz-led-sensor-color-unico.jpg,1,,
jm-xi-cctv73,,,,,,,,,,,,,,https://f.fcdn.app/imgs/1fe4b5/joacamar.com.uy/joacuy/57f4/original/catalogo/XI-CCTV73_CU_2/1024-1024/camara-de-seguridad-smart-luz-led-sensor-color-unico.jpg,2,,
jm-xi-gas,estufa a gas xion para garrafa de 13kg,estufa a gas xion para garrafa de 13kg,Xion,Electro,"Climatización, Xion, stock-verificado",TRUE,Color,COLOR UNICO,XI-GAS-CU-U,4104.00,4518.00,10,deny,https://f.fcdn.app/imgs/d225b3/joacamar.com.uy/joacuy/4d31/original/catalogo/XI-GAS_CU_1/1024-1024/estufa-a-gas-xion-para-garrafa-de-13kg-color-unico.jpg,1,,
jm-xi-he54x,horno eléctrico total inox,horno eléctrico total inox,Xion,Electro,"Cocinas, Xion, stock-verificado",TRUE,Color,ACERO INOXIDABLE,XI-HE54X-INOX-U,6176.00,6591.00,10,deny,https://f.fcdn.app/imgs/fffe2e/joacamar.com.uy/joacuy/f733/original/catalogo/XI-HE54X_INOX_1/1024-1024/horno-electrico-total-inox-acero-inoxidable.jpg,1,,
jm-xi-gas88,estufa a gas de patio píramide acero inox,estufa a gas de patio píramide acero inox,Xion,Electro,"Climatización, Xion, stock-verificado",TRUE,Color,COLOR UNICO,XI-GAS88-CU-U,11896.00,15710.00,10,deny,https://f.fcdn.app/imgs/4cd0b4/joacamar.com.uy/joacuy/0fbe/original/catalogo/XI-GAS88_CU_1/1024-1024/estufa-a-gas-de-patio-piramide-acero-inox-color-unico.jpg,1,,
jm-xi-gas88,,,,,,,,,,,,,,https://f.fcdn.app/imgs/221584/joacamar.com.uy/joacuy/f8ad/original/catalogo/XI-GAS88_CU_2/1024-1024/estufa-a-gas-de-patio-piramide-acero-inox-color-unico.jpg,2,,
jm-xi-au55bt,auriculares inalámbrico xion,auriculares inalámbrico xion,Xion,Electro,"Audio, Xion, stock-verificado",TRUE,Color,BLACK,XI-AU55BT-BLK-U,1202.00,1244.00,10,deny,https://f.fcdn.app/imgs/ce0028/joacamar.com.uy/joacuy/2ee5/original/catalogo/XI-AU55BT_BLK_1/1024-1024/auriculares-inalambrico-xion-black.jpg,1,,
jm-xi-au55bt,,,,,,,,PNK,XI-AU55BT-PNK-U,1202.00,1244.00,10,deny,,,,
jm-xi-au55bt,,,,,,,,,,,,,,https://f.fcdn.app/imgs/976247/joacamar.com.uy/joacuy/8b33/original/catalogo/XI-AU55BT_PNK_1/1024-1024/auriculares-inalambrico-xion-pnk.jpg,2,,
jm-xi-au55bt,,,,,,,,,,,,,,https://f.fcdn.app/imgs/e95a2b/joacamar.com.uy/joacuy/9f3c/original/catalogo/XI-AU55BT_PNK_2/1024-1024/auriculares-inalambrico-xion-pnk.jpg,3,,
jm-xi-so100,"soporte para monitor 10""-27""","soporte para monitor 10""-27""",Xion,Electro,"Tecnología, Xion, stock-verificado",TRUE,Color,COLOR UNICO,XI-SO100-CU-U,953.00,995.00,10,deny,https://f.fcdn.app/imgs/7da94d/joacamar.com.uy/joacuy/e49b/original/catalogo/XI-SO100_CU_1/1024-1024/soporte-para-monitor-10-27-color-unico.jpg,1,,
jm-xi-so200,"soporte para monitor doble 10""-27""","soporte para monitor doble 10""-27""",Xion,Electro,"Tecnología, Xion, stock-verificado",TRUE,Color,COLOR UNICO,XI-SO200-CU-U,1285.00,1409.00,10,deny,https://f.fcdn.app/imgs/e3a498/joacamar.com.uy/joacuy/266b/original/catalogo/XI-SO200_CU_1/1024-1024/soporte-para-monitor-doble-10-27-color-unico.jpg,1,,
jm-xi-so111g,"soporte monitor regulacion con gas 13"" a 32""","soporte monitor regulacion con gas 13"" a 32""",Xion,Electro,"Tecnología, Xion, stock-verificado",TRUE,Color,COLOR UNICO,XI-SO111G-CU-U,1699.00,1741.00,10,deny,https://f.fcdn.app/imgs/c58968/joacamar.com.uy/joacuy/11bf/original/catalogo/XI-SO111G_CU_1/1024-1024/soporte-monitor-regulacion-con-gas-13-a-32-color-unico.jpg,1,,
jm-xi-ausport,auriculares deportivos inalambricos AUSPORT,auriculares deportivos inalambricos AUSPORT,Xion,Electro,"Audio, Xion, stock-verificado",TRUE,Color,BLUE,XI-AUSPORT-bl-U,539.00,580.00,10,deny,https://f.fcdn.app/imgs/ab2798/joacamar.com.uy/joacuy/4907/original/catalogo/XI-AUSPORT_bl_1/1024-1024/auriculares-deportivos-inalambricos-ausport-blue.jpg,1,,
jm-xi-ausport,,,,,,,,GRY,XI-AUSPORT-GRY-U,539.00,580.00,10,deny,,,,
jm-xi-ausport,,,,,,,,,,,,,,https://f.fcdn.app/imgs/95b2ff/joacamar.com.uy/joacuy/32c1/original/catalogo/XI-AUSPORT_GRY_1/1024-1024/auriculares-deportivos-inalambricos-ausport-gry.jpg,2,,
jm-xi-socart2,soporte para tv con ruedas,soporte para tv con ruedas,Xion,Electro,"TV, Xion, stock-verificado",TRUE,Color,COLOR UNICO,XI-SOCART2-CU-U,5471.00,7668.00,10,deny,https://f.fcdn.app/imgs/c4663c/joacamar.com.uy/joacuy/2f48/original/catalogo/XI-SOCART2_CU_1/1024-1024/soporte-para-tv-con-ruedas-color-unico.jpg,1,,
jm-xi-aux500,auriculares inalámbricos con base de carga,auriculares inalámbricos con base de carga,Xion,Electro,"Audio, Xion, stock-verificado",TRUE,Color,COLOR UNICO,XI-AUX500-CU-U,1409.00,1451.00,10,deny,https://f.fcdn.app/imgs/41eac8/joacamar.com.uy/joacuy/5017/original/catalogo/XI-AUX500_CU_1/1024-1024/auriculares-inalambricos-con-base-de-carga-color-unico.jpg,1,,
jm-xi-lisse,planchita de pelo xion xi-lisse-pnk,planchita de pelo xion xi-lisse-pnk,Xion,Electro,"Cuidado Personal, Xion, stock-verificado",TRUE,Color,PRPL,XI-LISSE-PRPL-U,705.00,829.00,10,deny,https://f.fcdn.app/imgs/8893b2/joacamar.com.uy/joacuy/183f/original/catalogo/XI-LISSE_PRPL_1/1024-1024/planchita-de-pelo-xion-xi-lisse-pnk-prpl.jpg,1,,
jm-xi-he25,horno eléctrico 25 litros xion,horno eléctrico 25 litros xion,Xion,Electro,"Cocinas, Xion, stock-verificado",TRUE,Color,COLOR UNICO,XI-HE25-CU-U,2902.00,3109.00,10,deny,https://f.fcdn.app/imgs/9288e7/joacamar.com.uy/joacuy/b842/original/catalogo/XI-HE25_CU_1/1024-1024/horno-electrico-25-litros-xion-color-unico.jpg,1,,
jm-xi-he68,horno eléctrico 68 lts tostador xion,horno eléctrico 68 lts tostador xion,Xion,Electro,"Cocinas, Xion, stock-verificado",TRUE,Color,COLOR UNICO,XI-HE68-CU-U,5140.00,5347.00,10,deny,https://f.fcdn.app/imgs/ed6600/joacamar.com.uy/joacuy/1a67/original/catalogo/XI-HE68_CU_1/1024-1024/horno-electrico-68-lts-tostador-xion-color-unico.jpg,1,,
jm-xi-gas2,estufa a gas plegable para garrafa de 13k,estufa a gas plegable para garrafa de 13k,Xion,Electro,"Climatización, Xion, stock-verificado",TRUE,Color,COLOR UNICO,XI-GAS2-CU-U,3150.00,3689.00,10,deny,https://f.fcdn.app/imgs/41b312/joacamar.com.uy/joacuy/05a9/original/catalogo/XI-GAS2_CU_1/1024-1024/estufa-a-gas-plegable-para-garrafa-de-13k-color-unico.jpg,1,,
jm-xi-gas44,estufa a gas de patio inox xion,estufa a gas de patio inox xion,Xion,Electro,"Climatización, Xion, stock-verificado",TRUE,Color,ACERO INOXIDABLE,XI-GAS44-INOX-U,9409.00,9907.00,10,deny,https://f.fcdn.app/imgs/d257f8/joacamar.com.uy/joacuy/9e57/original/catalogo/XI-GAS44_INOX_1/1024-1024/estufa-a-gas-de-patio-inox-xion-acero-inoxidable.jpg,1,,
jm-xi-he35,horno eléctrico 2 discos 35 lts. xion,horno eléctrico 2 discos 35 lts. xion,Xion,Electro,"Cocinas, Xion, stock-verificado",TRUE,Color,COLOR UNICO,XI-HE35-CU-U,4269.00,4518.00,10,deny,https://f.fcdn.app/imgs/d106b5/joacamar.com.uy/joacuy/4a4b/original/catalogo/XI-HE35_CU_1/1024-1024/horno-electrico-2-discos-35-lts-xion-color-unico.jpg,1,,
jm-xi-au200bt,auriculares xion inalámbrico in-ear AU200BT,auriculares xion inalámbrico in-ear AU200BT,Xion,Electro,"Audio, Xion, stock-verificado",TRUE,Color,COLOR UNICO,XI-AU200BT-CU-U,456.00,497.00,10,deny,https://f.fcdn.app/imgs/1a64b0/joacamar.com.uy/joacuy/9362/original/catalogo/XI-AU200BT_CU_1/1024-1024/auriculares-xion-inalambrico-in-ear-au200bt-color-unico.jpg,1,,
jm-xi-hfh220w,heladera refrigerador frío húmedo 211 litros,heladera refrigerador frío húmedo 211 litros,Xion,Electro,"Heladeras, Xion, stock-verificado",TRUE,Color,WHITE,XI-HFH220W-WHT-U,9907.00,11979.00,10,deny,https://f.fcdn.app/imgs/1d07d4/joacamar.com.uy/joacuy/6bd6/original/catalogo/XI-HFH220W_WHT_1/1024-1024/heladera-refrigerador-frio-humedo-211-litros-white.jpg,1,,
jm-xi-hfh220w,,,,,,,,,,,,,,https://f.fcdn.app/imgs/cf568f/joacamar.com.uy/joacuy/9314/original/catalogo/XI-HFH220W_WHT_2/1024-1024/heladera-refrigerador-frio-humedo-211-litros-white.jpg,2,,
jm-xi-hfh220w,,,,,,,,,,,,,,https://f.fcdn.app/imgs/388ac4/joacamar.com.uy/joacuy/36d2/original/catalogo/XI-HFH220W_WHT_3/1024-1024/heladera-refrigerador-frio-humedo-211-litros-white.jpg,3,,
jm-xi-hfh220w,,,,,,,,,,,,,,https://f.fcdn.app/imgs/e3f40d/joacamar.com.uy/joacuy/a12d/original/catalogo/XI-HFH220W_WHT_4/1024-1024/heladera-refrigerador-frio-humedo-211-litros-white.jpg,4,,
jm-xi-so2042m,"soporte tv movil 14""-43""","soporte tv movil 14""-43""",Xion,Electro,"TV, Xion, stock-verificado",TRUE,Color,COLOR UNICO,XI-SO2042M-CU-U,1036.00,1078.00,10,deny,https://f.fcdn.app/imgs/37e870/joacamar.com.uy/joacuy/835c/original/catalogo/XI-SO2042M_CU_1/1024-1024/soporte-tv-movil-14-43-color-unico.jpg,1,,
jm-xi-so3055m,"soporte tv movil 32""-55""","soporte tv movil 32""-55""",Xion,Electro,"TV, Xion, stock-verificado",TRUE,Color,COLOR UNICO,XI-SO3055M-CU-U,1285.00,1326.00,10,deny,https://f.fcdn.app/imgs/7b9369/joacamar.com.uy/joacuy/485c/original/catalogo/XI-SO3055M_CU_1/1024-1024/soporte-tv-movil-32-55-color-unico.jpg,1,,
jm-xi-so5075t,"soporte de techo 42""-75""","soporte de techo 42""-75""",Xion,Electro,"TV, Xion, stock-verificado",TRUE,Color,COLOR UNICO,XI-SO5075T-CU-U,1824.00,2031.00,10,deny,https://f.fcdn.app/imgs/4864c8/joacamar.com.uy/joacuy/11a6/original/catalogo/XI-SO5075T_CU_1/1024-1024/soporte-de-techo-42-75-color-unico.jpg,1,,
jm-xi-au18,auriculares xion con micrófono,auriculares xion con micrófono,Xion,Electro,"Audio, Xion, stock-verificado",TRUE,Color,WHITE GRAY,XI-AU18-WHTGRY-U,414.00,,10,deny,https://f.fcdn.app/imgs/729ee8/joacamar.com.uy/joacuy/48a3/original/catalogo/XI-AU18_WHTGRY_1/1024-1024/auriculares-xion-con-microfono-white-gray.jpg,1,,
jm-xi-au18,,,,,,,,WHITE PINK,XI-AU18-WHTPNK-U,414.00,,10,deny,,,,
jm-xi-au18,,,,,,,,,,,,,,https://f.fcdn.app/imgs/27c144/joacamar.com.uy/joacuy/375c/original/catalogo/XI-AU18_WHTPNK_1/1024-1024/auriculares-xion-con-microfono-white-pink.jpg,2,,
jm-xi-he53,horno eléctrico tostador 53 lts.,horno eléctrico tostador 53 lts.,Xion,Electro,"Cocinas, Xion, stock-verificado",TRUE,Color,COLOR UNICO,XI-HE53-CU-U,4269.00,4933.00,10,deny,https://f.fcdn.app/imgs/19b527/joacamar.com.uy/joacuy/6b1e/original/catalogo/XI-HE53_CU_1/1024-1024/horno-electrico-tostador-53-lts-color-unico.jpg,1,,
jm-xi-au50bt,auriculares xion inalámbricos AU50BT,auriculares xion inalámbricos AU50BT,Xion,Electro,"Audio, Xion, stock-verificado",TRUE,Color,COLOR UNICO,XI-AU50BT-CU-U,1202.00,1244.00,10,deny,https://f.fcdn.app/imgs/8be6bb/joacamar.com.uy/joacuy/cc31/original/catalogo/XI-AU50BT_CU_1/1024-1024/auriculares-xion-inalambricos-au50bt-color-unico.jpg,1,,
jm-xi-au50bt,,,,,,,,,,,,,,https://f.fcdn.app/imgs/7567b7/joacamar.com.uy/joacuy/58ae/original/catalogo/XI-AU50BT_CU_2/1024-1024/auriculares-xion-inalambricos-au50bt-color-unico.jpg,2,,
jm-xi-so2544f,"soporte tv fijo 14""-43""","soporte tv fijo 14""-43""",Xion,Electro,"TV, Xion, stock-verificado",TRUE,Color,COLOR UNICO,XI-SO2544F-CU-U,207.00,,10,deny,https://f.fcdn.app/imgs/958bfc/joacamar.com.uy/joacuy/e1f9/original/catalogo/XI-SO2544F_CU_1/1024-1024/soporte-tv-fijo-14-43-color-unico.jpg,1,,
jm-xi-so2643a,"soporte tv con ángulo 14""-43""","soporte tv con ángulo 14""-43""",Xion,Electro,"TV, Xion, stock-verificado",TRUE,Color,COLOR UNICO,XI-SO2643A-CU-U,414.00,,10,deny,https://f.fcdn.app/imgs/32df4c/joacamar.com.uy/joacuy/fad7/original/catalogo/XI-SO2643A_CU_1/1024-1024/soporte-tv-con-angulo-14-43-color-unico.jpg,1,,
jm-xi-ceramicpro,planchita modeladora 2 en 1,planchita modeladora 2 en 1,Xion,Electro,"Cuidado Personal, Xion, stock-verificado",TRUE,Color,COLOR UNICO,XI-CERAMICPRO-CU-U,1451.00,,10,deny,https://f.fcdn.app/imgs/4d9559/joacamar.com.uy/joacuy/63af/original/catalogo/XI-CERAMICPRO_CU_1/1024-1024/planchita-modeladora-2-en-1-color-unico.jpg,1,,
jm-xi-hf501,freezer horizontal 508 litros xion,freezer horizontal 508 litros xion,Xion,Electro,"Heladeras, Xion, stock-verificado",TRUE,Color,COLOR UNICO,XI-HF501-CU-U,33119.00,,10,deny,https://f.fcdn.app/imgs/9c926c/joacamar.com.uy/joacuy/6eab/original/catalogo/XI-HF501_CU_1/1024-1024/freezer-horizontal-508-litros-xion-color-unico.jpg,1,,
jm-xi-hf501,,,,,,,,,,,,,,https://f.fcdn.app/imgs/ae90cd/joacamar.com.uy/joacuy/2f0a/original/catalogo/XI-HF501_CU_2/1024-1024/freezer-horizontal-508-litros-xion-color-unico.jpg,2,,
jm-xi-se2800pro,secador de pelo profesional xion 2400W,secador de pelo profesional xion 2400W,Xion,Electro,"Cuidado Personal, Xion, stock-verificado",TRUE,Color,ROSE,XI-SE2800PRO-ROSE-U,1409.00,1617.00,10,deny,https://f.fcdn.app/imgs/5ed875/joacamar.com.uy/joacuy/ecb7/original/catalogo/XI-SE2800PRO_ROSE_1/1024-1024/secador-de-pelo-profesional-xion-2400w-rose.jpg,1,,
jm-e9g,"MONOPATÍN 10"" E9G","MONOPATÍN 10"" E9G",MAXWHEEL,Accesorios,"Movilidad, MAXWHEEL, stock-verificado",TRUE,Color,COLOR UNICO,E9G-CU-U,24082.00,24829.00,10,deny,https://f.fcdn.app/imgs/9502b2/joacamar.com.uy/joacuy/9aa5/original/catalogo/E9G_CU_1/1024-1024/monopatin-10-e9g-color-unico.jpg,1,,
jm-e9g,,,,,,,,,,,,,,https://f.fcdn.app/imgs/286146/joacamar.com.uy/joacuy/fb7b/original/catalogo/E9G_CU_2/1024-1024/monopatin-10-e9g-color-unico.jpg,2,,
jm-e9g,,,,,,,,,,,,,,https://f.fcdn.app/imgs/693ea4/joacamar.com.uy/joacuy/2f9d/original/catalogo/E9G_CU_3/1024-1024/monopatin-10-e9g-color-unico.jpg,3,,
jm-e9g,,,,,,,,,,,,,,https://f.fcdn.app/imgs/27b081/joacamar.com.uy/joacuy/5454/original/catalogo/E9G_CU_4/1024-1024/monopatin-10-e9g-color-unico.jpg,4,,
jm-e9g,,,,,,,,,,,,,,https://f.fcdn.app/imgs/91a50b/joacamar.com.uy/joacuy/6447/original/catalogo/E9G_CU_5/1024-1024/monopatin-10-e9g-color-unico.jpg,5,,
jm-xi-hf110,freezer horizontal cap. 100 lts.,freezer horizontal cap. 100 lts.,Xion,Electro,"Heladeras, Xion, stock-verificado",TRUE,Color,WHITE,XI-HF110-WHT-U,10736.00,,10,deny,https://f.fcdn.app/imgs/23b5d7/joacamar.com.uy/joacuy/684e/original/catalogo/XI-HF110_WHT_1/1024-1024/freezer-horizontal-cap-100-lts-white.jpg,1,,
jm-xi-hf110,,,,,,,,,,,,,,https://f.fcdn.app/imgs/eace97/joacamar.com.uy/joacuy/566e/original/catalogo/XI-HF110_WHT_2/1024-1024/freezer-horizontal-cap-100-lts-white.jpg,2,,
jm-xi-hf328v,freezer horizontal cap. 328 lts,freezer horizontal cap. 328 lts,Xion,Electro,"Heladeras, Xion, stock-verificado",TRUE,Color,COLOR UNICO,XI-HF328V-CU-U,26901.00,,10,deny,https://f.fcdn.app/imgs/045fd6/joacamar.com.uy/joacuy/dd4c/original/catalogo/XI-HF328V_CU_1/1024-1024/freezer-horizontal-cap-328-lts-color-unico.jpg,1,,
jm-xi-glowliss,cepillo alisador con comando digital,cepillo alisador con comando digital,Xion,Electro,"Cuidado Personal, Xion, stock-verificado",TRUE,Color,COLOR UNICO,XI-GLOWLISS-CU-U,1368.00,1617.00,10,deny,https://f.fcdn.app/imgs/ff29eb/joacamar.com.uy/joacuy/66f3/original/catalogo/XI-GLOWLISS_CU_1/1024-1024/cepillo-alisador-con-comando-digital-color-unico.jpg,1,,
jm-xi-glowliss,,,,,,,,,,,,,,https://f.fcdn.app/imgs/373804/joacamar.com.uy/joacuy/1966/original/catalogo/XI-GLOWLISS_CU_2/1024-1024/cepillo-alisador-con-comando-digital-color-unico.jpg,2,,
jm-xi-glowliss,,,,,,,,,,,,,,https://f.fcdn.app/imgs/8103db/joacamar.com.uy/joacuy/a054/original/catalogo/XI-GLOWLISS_CU_3/1024-1024/cepillo-alisador-con-comando-digital-color-unico.jpg,3,,
jm-xi-glowliss,,,,,,,,,,,,,,https://f.fcdn.app/imgs/7f2423/joacamar.com.uy/joacuy/d986/original/catalogo/XI-GLOWLISS_CU_4/1024-1024/cepillo-alisador-con-comando-digital-color-unico.jpg,4,,
jm-xi-hnf230w,heladera refrigerador con freezer frío seco 200 litros,heladera refrigerador con freezer frío seco 200 litros,Xion,Electro,"Heladeras, Xion, stock-verificado",TRUE,Color,COLOR UNICO,XI-HNF230W-CU-U,14466.00,16539.00,10,deny,https://f.fcdn.app/imgs/ae6dd8/joacamar.com.uy/joacuy/7208/original/catalogo/XI-HNF230W_CU_1/1024-1024/heladera-refrigerador-con-freezer-frio-seco-200-litros-color-unico.jpg,1,,
jm-xi-hnf230w,,,,,,,,,,,,,,https://f.fcdn.app/imgs/a82b6a/joacamar.com.uy/joacuy/50d3/original/catalogo/XI-HNF230W_CU_2/1024-1024/heladera-refrigerador-con-freezer-frio-seco-200-litros-color-unico.jpg,2,,
jm-xi-hnf230w,,,,,,,,,,,,,,https://f.fcdn.app/imgs/6926fe/joacamar.com.uy/joacuy/f99a/original/catalogo/XI-HNF230W_CU_3/1024-1024/heladera-refrigerador-con-freezer-frio-seco-200-litros-color-unico.jpg,3,,
jm-xi-hf700,freezer horizontal xion 690 lts. doble puerta,freezer horizontal xion 690 lts. doble puerta,Xion,Electro,"Heladeras, Xion, stock-verificado",TRUE,Color,COLOR UNICO,XI-HF700-CU-U,41409.00,,10,deny,https://f.fcdn.app/imgs/2bf56e/joacamar.com.uy/joacuy/0e75/original/catalogo/XI-HF700_CU_1/1024-1024/freezer-horizontal-xion-690-lts-doble-puerta-color-unico.jpg,1,,
jm-xi-hf700,,,,,,,,,,,,,,https://f.fcdn.app/imgs/4f62a4/joacamar.com.uy/joacuy/8def/original/catalogo/XI-HF700_CU_2/1024-1024/freezer-horizontal-xion-690-lts-doble-puerta-color-unico.jpg,2,,
jm-xi-hf700,,,,,,,,,,,,,,https://f.fcdn.app/imgs/14765b/joacamar.com.uy/joacuy/f041/original/catalogo/XI-HF700_CU_3/1024-1024/freezer-horizontal-xion-690-lts-doble-puerta-color-unico.jpg,3,,
jm-xi-xt35,parlante inalámbrico portable XI-XT35,parlante inalámbrico portable XI-XT35,Xion,Electro,"Audio, Xion, stock-verificado",TRUE,Color,COLOR UNICO,XI-XT35-CU-U,1534.00,1617.00,10,deny,https://f.fcdn.app/imgs/892644/joacamar.com.uy/joacuy/75f9/original/catalogo/XI-XT35_CU_1/1024-1024/parlante-inalambrico-portable-xi-xt35-color-unico.jpg,1,,
jm-xi-xt35,,,,,,,,,,,,,,https://f.fcdn.app/imgs/eb3681/joacamar.com.uy/joacuy/9e12/original/catalogo/XI-XT35_CU_2/1024-1024/parlante-inalambrico-portable-xi-xt35-color-unico.jpg,2,,
jm-xi-xt35,,,,,,,,,,,,,,https://f.fcdn.app/imgs/ec5ed0/joacamar.com.uy/joacuy/4a2a/original/catalogo/XI-XT35_CU_3/1024-1024/parlante-inalambrico-portable-xi-xt35-color-unico.jpg,3,,
jm-xi-xt35,,,,,,,,,,,,,,https://f.fcdn.app/imgs/c943c0/joacamar.com.uy/joacuy/cbe3/original/catalogo/XI-XT35_CU_4/1024-1024/parlante-inalambrico-portable-xi-xt35-color-unico.jpg,4,,
jm-xi-xt35,,,,,,,,,,,,,,https://f.fcdn.app/imgs/ce0646/joacamar.com.uy/joacuy/99e6/original/catalogo/XI-XT35_CU_5/1024-1024/parlante-inalambrico-portable-xi-xt35-color-unico.jpg,5,,
jm-xi-h50wht,frigo bar 41 lts.,frigo bar 41 lts.,Xion,Electro,"Heladeras, Xion, stock-verificado",TRUE,Color,WHITE,XI-H50WHT-WHT-U,6176.00,,10,deny,https://f.fcdn.app/imgs/4e4653/joacamar.com.uy/joacuy/6538/original/catalogo/XI-H50WHT_WHT_1/1024-1024/frigo-bar-41-lts-white.jpg,1,,
jm-xi-h50wht,,,,,,,,,,,,,,https://f.fcdn.app/imgs/6173ee/joacamar.com.uy/joacuy/19d2/original/catalogo/XI-H50WHT_WHT_2/1024-1024/frigo-bar-41-lts-white.jpg,2,,
jm-xi-se1600,secador de pelo plegable 1600W,secador de pelo plegable 1600W,Xion,Electro,"Cuidado Personal, Xion, stock-verificado",TRUE,Color,COLOR UNICO,XI-SE1600-CU-U,788.00,912.00,10,deny,https://f.fcdn.app/imgs/ee6bd6/joacamar.com.uy/joacuy/cf5b/original/catalogo/XI-SE1600_CU_1/1024-1024/secador-de-pelo-plegable-1600w-color-unico.jpg,1,,
jm-xi-fashion5,secador de cabello profesional 5 en 1 2400W,secador de cabello profesional 5 en 1 2400W,Xion,Electro,"Cuidado Personal, Xion, stock-verificado",TRUE,Color,COLOR UNICO,XI-FASHION5-CU-U,3192.00,3689.00,10,deny,https://f.fcdn.app/imgs/3c3737/joacamar.com.uy/joacuy/7bf8/original/catalogo/XI-FASHION5_CU_1/1024-1024/secador-de-cabello-profesional-5-en-1-2400w-color-unico.jpg,1,,
jm-xi-fashion5,,,,,,,,,,,,,,https://f.fcdn.app/imgs/4b2b77/joacamar.com.uy/joacuy/4482/original/catalogo/XI-FASHION5_CU_2/1024-1024/secador-de-cabello-profesional-5-en-1-2400w-color-unico.jpg,2,,
jm-xi-fashion5,,,,,,,,,,,,,,https://f.fcdn.app/imgs/87f4c0/joacamar.com.uy/joacuy/4bd8/original/catalogo/XI-FASHION5_CU_3/1024-1024/secador-de-cabello-profesional-5-en-1-2400w-color-unico.jpg,3,,
jm-xi-fashion5,,,,,,,,,,,,,,https://f.fcdn.app/imgs/8d2775/joacamar.com.uy/joacuy/9210/original/catalogo/XI-FASHION5_CU_4/1024-1024/secador-de-cabello-profesional-5-en-1-2400w-color-unico.jpg,4,,
jm-xi-fashion5,,,,,,,,,,,,,,https://f.fcdn.app/imgs/afe5b4/joacamar.com.uy/joacuy/a41b/original/catalogo/XI-FASHION5_CU_5/1024-1024/secador-de-cabello-profesional-5-en-1-2400w-color-unico.jpg,5,,
jm-xi-hf111,freezer horizontal 100 litros xion,freezer horizontal 100 litros xion,Xion,Electro,"Heladeras, Xion, stock-verificado",TRUE,Color,COLOR UNICO,XI-HF111-CU-U,8414.00,8663.00,10,deny,https://f.fcdn.app/imgs/029f05/joacamar.com.uy/joacuy/64c2/original/catalogo/XI-HF111_CU_1/1024-1024/freezer-horizontal-100-litros-xion-color-unico.jpg,1,,
jm-xi-hf111,,,,,,,,,,,,,,https://f.fcdn.app/imgs/9e13c6/joacamar.com.uy/joacuy/1dbb/original/catalogo/XI-HF111_CU_2/1024-1024/freezer-horizontal-100-litros-xion-color-unico.jpg,2,,
jm-xi-hf111,,,,,,,,,,,,,,https://f.fcdn.app/imgs/35fc48/joacamar.com.uy/joacuy/dcab/original/catalogo/XI-HF111_CU_3/1024-1024/freezer-horizontal-100-litros-xion-color-unico.jpg,3,,
jm-xi-hf201,freezer horizontal 200 litros xion,freezer horizontal 200 litros xion,Xion,Electro,"Heladeras, Xion, stock-verificado",TRUE,Color,COLOR UNICO,XI-HF201-CU-U,11979.00,,10,deny,https://f.fcdn.app/imgs/83852f/joacamar.com.uy/joacuy/eac3/original/catalogo/XI-HF201_CU_1/1024-1024/freezer-horizontal-200-litros-xion-color-unico.jpg,1,,
jm-xi-hf201,,,,,,,,,,,,,,https://f.fcdn.app/imgs/575f6e/joacamar.com.uy/joacuy/bcef/original/catalogo/XI-HF201_CU_2/1024-1024/freezer-horizontal-200-litros-xion-color-unico.jpg,2,,
jm-xi-sonic,secador de pelo profesional 2200W,secador de pelo profesional 2200W,Xion,Electro,"Cuidado Personal, Xion, stock-verificado",TRUE,Color,COLOR UNICO,XI-SONIC-CU-U,2072.00,2446.00,10,deny,https://f.fcdn.app/imgs/d7b486/joacamar.com.uy/joacuy/9159/original/catalogo/XI-SONIC_CU_1/1024-1024/secador-de-pelo-profesional-2200w-color-unico.jpg,1,,
jm-xi-sonic,,,,,,,,,,,,,,https://f.fcdn.app/imgs/ed4ced/joacamar.com.uy/joacuy/a57e/original/catalogo/XI-SONIC_CU_2/1024-1024/secador-de-pelo-profesional-2200w-color-unico.jpg,2,,
jm-xi-sonic,,,,,,,,,,,,,,https://f.fcdn.app/imgs/ee96f5/joacamar.com.uy/joacuy/089d/original/catalogo/XI-SONIC_CU_3/1024-1024/secador-de-pelo-profesional-2200w-color-unico.jpg,3,,
jm-xi-sonic,,,,,,,,,,,,,,https://f.fcdn.app/imgs/2c3d6b/joacamar.com.uy/joacuy/275b/original/catalogo/XI-SONIC_CU_4/1024-1024/secador-de-pelo-profesional-2200w-color-unico.jpg,4,,
jm-xi-sonic,,,,,,,,,,,,,,https://f.fcdn.app/imgs/4c7f02/joacamar.com.uy/joacuy/e22d/original/catalogo/XI-SONIC_CU_5/1024-1024/secador-de-pelo-profesional-2200w-color-unico.jpg,5,,
jm-xi-mastercurl,difusor secador de rizos profesional,difusor secador de rizos profesional,Xion,Electro,"Cuidado Personal, Xion, stock-verificado",TRUE,Color,COLOR UNICO,XI-MASTERCURL-CU-U,2860.00,3275.00,10,deny,https://f.fcdn.app/imgs/448283/joacamar.com.uy/joacuy/2e3d/original/catalogo/XI-MASTERCURL_CU_1/1024-1024/difusor-secador-de-rizos-profesional-color-unico.jpg,1,,
jm-xi-mastercurl,,,,,,,,,,,,,,https://f.fcdn.app/imgs/36e7ea/joacamar.com.uy/joacuy/4174/original/catalogo/XI-MASTERCURL_CU_2/1024-1024/difusor-secador-de-rizos-profesional-color-unico.jpg,2,,
jm-xi-mastercurl,,,,,,,,,,,,,,https://f.fcdn.app/imgs/e7c39a/joacamar.com.uy/joacuy/ac57/original/catalogo/XI-MASTERCURL_CU_3/1024-1024/difusor-secador-de-rizos-profesional-color-unico.jpg,3,,
jm-xi-mastercurl,,,,,,,,,,,,,,https://f.fcdn.app/imgs/e7d0b2/joacamar.com.uy/joacuy/d4fe/original/catalogo/XI-MASTERCURL_CU_4/1024-1024/difusor-secador-de-rizos-profesional-color-unico.jpg,4,,
jm-xi-mastercurl,,,,,,,,,,,,,,https://f.fcdn.app/imgs/0df6e8/joacamar.com.uy/joacuy/a8a8/original/catalogo/XI-MASTERCURL_CU_5/1024-1024/difusor-secador-de-rizos-profesional-color-unico.jpg,5,,
jm-xi-cava8,enfriadora de vinos xion 8 botellas,enfriadora de vinos xion 8 botellas,Xion,Electro,"Heladeras, Xion, stock-verificado",TRUE,Color,COLOR UNICO,XI-CAVA8-CU-U,7047.00,7254.00,10,deny,https://f.fcdn.app/imgs/b170c4/joacamar.com.uy/joacuy/cb69/original/catalogo/XI-CAVA8_CU_1/1024-1024/enfriadora-de-vinos-xion-8-botellas-color-unico.jpg,1,,
jm-xi-cava8,,,,,,,,,,,,,,https://f.fcdn.app/imgs/270a4d/joacamar.com.uy/joacuy/6efa/original/catalogo/XI-CAVA8_CU_2/1024-1024/enfriadora-de-vinos-xion-8-botellas-color-unico.jpg,2,,
jm-xi-xt980,parlante recargable 28000W,parlante recargable 28000W,Xion,Electro,"Audio, Xion, stock-verificado",TRUE,Color,COLOR UNICO,XI-XT980-CU-U,15710.00,16539.00,10,deny,https://f.fcdn.app/imgs/b5624b/joacamar.com.uy/joacuy/236f/original/catalogo/XI-XT980_CU_1/1024-1024/parlante-recargable-28000w-color-unico.jpg,1,,
jm-xi-xt980,,,,,,,,,,,,,,https://f.fcdn.app/imgs/4c0200/joacamar.com.uy/joacuy/f892/original/catalogo/XI-XT980_CU_2/1024-1024/parlante-recargable-28000w-color-unico.jpg,2,,
jm-xi-xt980,,,,,,,,,,,,,,https://f.fcdn.app/imgs/5dbe97/joacamar.com.uy/joacuy/0a46/original/catalogo/XI-XT980_CU_3/1024-1024/parlante-recargable-28000w-color-unico.jpg,3,,
jm-xi-xt980,,,,,,,,,,,,,,https://f.fcdn.app/imgs/a542e2/joacamar.com.uy/joacuy/c49c/original/catalogo/XI-XT980_CU_4/1024-1024/parlante-recargable-28000w-color-unico.jpg,4,,
jm-xi-xt980,,,,,,,,,,,,,,https://f.fcdn.app/imgs/01b7e7/joacamar.com.uy/joacuy/8ca3/original/catalogo/XI-XT980_CU_5/1024-1024/parlante-recargable-28000w-color-unico.jpg,5,,
jm-xi-xt1100,parlante 18000W incluye micrófono,parlante 18000W incluye micrófono,Xion,Electro,"Audio, Xion, stock-verificado",TRUE,Color,COLOR UNICO,XI-XT1100-CU-U,11150.00,12394.00,10,deny,https://f.fcdn.app/imgs/43f040/joacamar.com.uy/joacuy/4db4/original/catalogo/XI-XT1100_CU_1/1024-1024/parlante-18000w-incluye-microfono-color-unico.jpg,1,,
jm-xi-xt1100,,,,,,,,,,,,,,https://f.fcdn.app/imgs/c08b0a/joacamar.com.uy/joacuy/6128/original/catalogo/XI-XT1100_CU_2/1024-1024/parlante-18000w-incluye-microfono-color-unico.jpg,2,,
jm-xi-xt1100,,,,,,,,,,,,,,https://f.fcdn.app/imgs/72c08c/joacamar.com.uy/joacuy/4eb1/original/catalogo/XI-XT1100_CU_3/1024-1024/parlante-18000w-incluye-microfono-color-unico.jpg,3,,
jm-xi-xt1100,,,,,,,,,,,,,,https://f.fcdn.app/imgs/bc91ab/joacamar.com.uy/joacuy/268d/original/catalogo/XI-XT1100_CU_4/1024-1024/parlante-18000w-incluye-microfono-color-unico.jpg,4,,
jm-xi-xt988-2,parlantes potentes con micrófonos 40000W,parlantes potentes con micrófonos 40000W,Xion,Electro,"Audio, Xion, stock-verificado",TRUE,Color,COLOR UNICO,XI-XT988-2-CU-U,27523.00,28974.00,10,deny,https://f.fcdn.app/imgs/6e17a5/joacamar.com.uy/joacuy/a1b0/original/catalogo/XI-XT988-2_CU_1/1024-1024/parlantes-potentes-con-microfonos-40000w-color-unico.jpg,1,,
jm-xi-xt988-2,,,,,,,,,,,,,,https://f.fcdn.app/imgs/6a3e8b/joacamar.com.uy/joacuy/9959/original/catalogo/XI-XT988-2_CU_2/1024-1024/parlantes-potentes-con-microfonos-40000w-color-unico.jpg,2,,
jm-xi-xt6,Parlante bluetooth portable XT6,Parlante bluetooth portable XT6,Xion,Electro,"Audio, Xion, stock-verificado",TRUE,Color,BLACK,XI-XT6-BLK-U,1782.00,1865.00,10,deny,https://f.fcdn.app/imgs/40bbeb/joacamar.com.uy/joacuy/f138/original/catalogo/XI-XT6_BLK_1/1024-1024/parlante-bluetooth-portable-xt6-black.jpg,1,,
jm-xi-xt6,,,,,,,,,,,,,,https://f.fcdn.app/imgs/d0d85a/joacamar.com.uy/joacuy/021c/original/catalogo/XI-XT6_BLK_2/1024-1024/parlante-bluetooth-portable-xt6-black.jpg,2,,
jm-xi-gl21,calientacamas 1 plaza polyester,calientacamas 1 plaza polyester,Xion,Electro,"Climatización, Xion, stock-verificado",TRUE,Color,COLOR UNICO,XI-GL21-CU-U,788.00,912.00,10,deny,https://f.fcdn.app/imgs/d44ff4/joacamar.com.uy/joacuy/395a/original/catalogo/XI-GL21_CU_1/1024-1024/calientacamas-1-plaza-polyester-color-unico.jpg,1,,
jm-xi-cava24d,enfriadora de vinos xion 24 botellas,enfriadora de vinos xion 24 botellas,Xion,Electro,"Heladeras, Xion, stock-verificado",TRUE,Color,COLOR UNICO,XI-CAVA24D-CU-U,17243.00,17782.00,10,deny,https://f.fcdn.app/imgs/6efeff/joacamar.com.uy/joacuy/fb90/original/catalogo/XI-CAVA24D_CU_1/1024-1024/enfriadora-de-vinos-xion-24-botellas-color-unico.jpg,1,,
jm-xi-cava24d,,,,,,,,,,,,,,https://f.fcdn.app/imgs/b076b1/joacamar.com.uy/joacuy/79b7/original/catalogo/XI-CAVA24D_CU_2/1024-1024/enfriadora-de-vinos-xion-24-botellas-color-unico.jpg,2,,
jm-xi-xt8800,parlante xion xtreme con batería,parlante xion xtreme con batería,Xion,Electro,"Audio, Xion, stock-verificado",TRUE,Color,COLOR UNICO,XI-XT8800-CU-U,9492.00,,10,deny,https://f.fcdn.app/imgs/e6c6f2/joacamar.com.uy/joacuy/4349/original/catalogo/XI-XT8800_CU_1/1024-1024/parlante-xion-xtreme-con-bateria-color-unico.jpg,1,,
jm-xi-xt8800,,,,,,,,,,,,,,https://f.fcdn.app/imgs/0ca1f8/joacamar.com.uy/joacuy/7d0b/original/catalogo/XI-XT8800_CU_2/1024-1024/parlante-xion-xtreme-con-bateria-color-unico.jpg,2,,
jm-xi-xt2000,parlante hifi con batería recargable 20000w,parlante hifi con batería recargable 20000w,Xion,Electro,"Audio, Xion, stock-verificado",TRUE,Color,COLOR UNICO,XI-XT2000-CU-U,14881.00,16539.00,10,deny,https://f.fcdn.app/imgs/df3118/joacamar.com.uy/joacuy/3e8e/original/catalogo/XI-XT2000_CU_1/1024-1024/parlante-hifi-con-bateria-recargable-20000w-color-unico.jpg,1,,
jm-xi-xt2000,,,,,,,,,,,,,,https://f.fcdn.app/imgs/62a8a0/joacamar.com.uy/joacuy/10f5/original/catalogo/XI-XT2000_CU_2/1024-1024/parlante-hifi-con-bateria-recargable-20000w-color-unico.jpg,2,,
jm-xi-ba380,batidora con bowl giratorio 380W,batidora con bowl giratorio 380W,Xion,Electro,"Batidoras, Xion, stock-verificado",TRUE,Color,COLOR UNICO,XI-BA380-CU-U,1326.00,1451.00,10,deny,https://f.fcdn.app/imgs/ed635a/joacamar.com.uy/joacuy/670b/original/catalogo/XI-BA380_CU_1/1024-1024/batidora-con-bowl-giratorio-380w-color-unico.jpg,1,,
jm-xi-se1550,secador de pelo plegable xion,secador de pelo plegable xion,Xion,Electro,"Cuidado Personal, Xion, stock-verificado",TRUE,Color,COLOR UNICO,XI-SE1550-CU-U,705.00,788.00,10,deny,https://f.fcdn.app/imgs/9f8c04/joacamar.com.uy/joacuy/f22c/original/catalogo/XI-SE1550_CU_1/1024-1024/secador-de-pelo-plegable-xion-color-unico.jpg,1,,
jm-xi-ba550,batidora xion con bowl inox giratorio,batidora xion con bowl inox giratorio,Xion,Electro,"Batidoras, Xion, stock-verificado",TRUE,Color,COLOR UNICO,XI-BA550-CU-U,2446.00,,10,deny,https://f.fcdn.app/imgs/32e304/joacamar.com.uy/joacuy/c66f/original/catalogo/XI-BA550_CU_1/1024-1024/batidora-xion-con-bowl-inox-giratorio-color-unico.jpg,1,,
jm-xi-ba1000,batidora planetaria 1400w,batidora planetaria 1400w,Xion,Electro,"Batidoras, Xion, stock-verificado",TRUE,Color,BLACK,XI-BA1000-BLK-U,3979.00,4104.00,10,deny,https://f.fcdn.app/imgs/e3d612/joacamar.com.uy/joacuy/7992/original/catalogo/XI-BA1000_BLK_1/1024-1024/batidora-planetaria-1400w-black.jpg,1,,
jm-xi-ba1000,,,,,,,,WHITE,XI-BA1000-WHT-U,3979.00,4104.00,10,deny,,,,
jm-xi-ba1000,,,,,,,,,,,,,,https://f.fcdn.app/imgs/e5fd33/joacamar.com.uy/joacuy/c520/original/catalogo/XI-BA1000_BLK_2/1024-1024/batidora-planetaria-1400w-black.jpg,2,,
jm-xi-ba1000,,,,,,,,,,,,,,https://f.fcdn.app/imgs/e3222d/joacamar.com.uy/joacuy/7d49/original/catalogo/XI-BA1000_BLK_3/1024-1024/batidora-planetaria-1400w-black.jpg,3,,
jm-xi-ba1000,,,,,,,,,,,,,,https://f.fcdn.app/imgs/51534b/joacamar.com.uy/joacuy/65b5/original/catalogo/XI-BA1000_BLK_4/1024-1024/batidora-planetaria-1400w-black.jpg,4,,
jm-xi-ba1000,,,,,,,,,,,,,,https://f.fcdn.app/imgs/d4f488/joacamar.com.uy/joacuy/5477/original/catalogo/XI-BA1000_WHT_1/1024-1024/batidora-planetaria-1400w-white.jpg,5,,
jm-xi-ba1000,,,,,,,,,,,,,,https://f.fcdn.app/imgs/136832/joacamar.com.uy/joacuy/03ea/original/catalogo/XI-BA1000_WHT_2/1024-1024/batidora-planetaria-1400w-white.jpg,6,,
jm-xi-ba1000,,,,,,,,,,,,,,https://f.fcdn.app/imgs/7c7de4/joacamar.com.uy/joacuy/8181/original/catalogo/XI-BA1000_WHT_3/1024-1024/batidora-planetaria-1400w-white.jpg,7,,
jm-xi-cava18,enfriadora de vinos xion 18 botellas,enfriadora de vinos xion 18 botellas,Xion,Electro,"Heladeras, Xion, stock-verificado",TRUE,Color,COLOR UNICO,XI-CAVA18-CU-U,8787.00,9078.00,10,deny,https://f.fcdn.app/imgs/50832b/joacamar.com.uy/joacuy/b411/original/catalogo/XI-CAVA18_CU_1/1024-1024/enfriadora-de-vinos-xion-18-botellas-color-unico.jpg,1,,
jm-xi-cava18,,,,,,,,,,,,,,https://f.fcdn.app/imgs/2a7bd4/joacamar.com.uy/joacuy/3b0f/original/catalogo/XI-CAVA18_CU_2/1024-1024/enfriadora-de-vinos-xion-18-botellas-color-unico.jpg,2,,
jm-xi-beauty,kit cepillo secador de pelo rotativo,kit cepillo secador de pelo rotativo,Xion,Electro,"Cuidado Personal, Xion, stock-verificado",TRUE,Color,COLOR UNICO,XI-BEAUTY-CU-U,1782.00,2031.00,10,deny,https://f.fcdn.app/imgs/8a1902/joacamar.com.uy/joacuy/f87c/original/catalogo/XI-BEAUTY_CU_1/1024-1024/kit-cepillo-secador-de-pelo-rotativo-color-unico.jpg,1,,
jm-xi-h90wht,frigobar 78 lts. xion,frigobar 78 lts. xion,Xion,Electro,"Heladeras, Xion, stock-verificado",TRUE,Color,WHITE,XI-H90WHT-WHT-U,7420.00,,10,deny,https://f.fcdn.app/imgs/db4352/joacamar.com.uy/joacuy/af86/original/catalogo/XI-H90WHT_WHT_1/1024-1024/frigobar-78-lts-xion-white.jpg,1,,
jm-xi-h90wht,,,,,,,,,,,,,,https://f.fcdn.app/imgs/cc7803/joacamar.com.uy/joacuy/b280/original/catalogo/XI-H90WHT_WHT_2/1024-1024/frigobar-78-lts-xion-white.jpg,2,,
jm-xi-h90wht,,,,,,,,,,,,,,https://f.fcdn.app/imgs/5e2049/joacamar.com.uy/joacuy/493a/original/catalogo/XI-H90WHT_WHT_3/1024-1024/frigobar-78-lts-xion-white.jpg,3,,
jm-xi-gl22,calientacamas 2 plaza polyester,calientacamas 2 plaza polyester,Xion,Electro,"Climatización, Xion, stock-verificado",TRUE,Color,COLOR UNICO,XI-GL22-CU-U,1326.00,1575.00,10,deny,https://f.fcdn.app/imgs/1f7969/joacamar.com.uy/joacuy/69f1/original/catalogo/XI-GL22_CU_1/1024-1024/calientacamas-2-plaza-polyester-color-unico.jpg,1,,
jm-xi-gl31,calientacamas 1 plaza lana sintética,calientacamas 1 plaza lana sintética,Xion,Electro,"Climatización, Xion, stock-verificado",TRUE,Color,COLOR UNICO,XI-GL31-CU-U,1326.00,1368.00,10,deny,https://f.fcdn.app/imgs/a8c961/joacamar.com.uy/joacuy/9063/original/catalogo/XI-GL31_CU_1/1024-1024/calientacamas-1-plaza-lana-sintetica-color-unico.jpg,1,,
jm-xi-gl45,calienta cama tipo manta 1 plaza,calienta cama tipo manta 1 plaza,Xion,Electro,"Climatización, Xion, stock-verificado",TRUE,Color,COLOR UNICO,XI-GL45-CU-U,2694.00,2860.00,10,deny,https://f.fcdn.app/imgs/e81e9c/joacamar.com.uy/joacuy/0e97/original/catalogo/XI-GL45_CU_1/1024-1024/calienta-cama-tipo-manta-1-plaza-color-unico.jpg,1,,
jm-xi-ba200,batidora de mano,batidora de mano,Xion,Electro,"Batidoras, Xion, stock-verificado",TRUE,Color,COLOR UNICO,XI-BA200-CU-U,788.00,829.00,10,deny,https://f.fcdn.app/imgs/4beb04/joacamar.com.uy/joacuy/4321/original/catalogo/XI-BA200_CU_1/1024-1024/batidora-de-mano-color-unico.jpg,1,,
jm-xi-ba1400,batidora planetaria 1400w,batidora planetaria 1400w,Xion,Electro,"Batidoras, Xion, stock-verificado",TRUE,Color,COLOR UNICO,XI-BA1400-CU-U,6259.00,6591.00,10,deny,https://f.fcdn.app/imgs/d217e4/joacamar.com.uy/joacuy/c0e6/original/catalogo/XI-BA1400_CU_1/1024-1024/batidora-planetaria-1400w-color-unico.jpg,1,,
jm-xi-ba1400,,,,,,,,,,,,,,https://f.fcdn.app/imgs/f5533f/joacamar.com.uy/joacuy/1627/original/catalogo/XI-BA1400_CU_2/1024-1024/batidora-planetaria-1400w-color-unico.jpg,2,,
jm-xi-ba1400,,,,,,,,,,,,,,https://f.fcdn.app/imgs/a25907/joacamar.com.uy/joacuy/6dca/original/catalogo/XI-BA1400_CU_3/1024-1024/batidora-planetaria-1400w-color-unico.jpg,3,,
jm-xi-ba1400,,,,,,,,,,,,,,https://f.fcdn.app/imgs/70b1cf/joacamar.com.uy/joacuy/094d/original/catalogo/XI-BA1400_CU_4/1024-1024/batidora-planetaria-1400w-color-unico.jpg,4,,
jm-xi-ba1400,,,,,,,,,,,,,,https://f.fcdn.app/imgs/8ff8f5/joacamar.com.uy/joacuy/235f/original/catalogo/XI-BA1400_CU_5/1024-1024/batidora-planetaria-1400w-color-unico.jpg,5,,
jm-xi-xt31,parlante inalámbrico portable,parlante inalámbrico portable,Xion,Electro,"Audio, Xion, stock-verificado",TRUE,Color,BLACK,XI-XT31-BLK-U,1368.00,1451.00,10,deny,https://f.fcdn.app/imgs/fd4831/joacamar.com.uy/joacuy/0dc9/original/catalogo/XI-XT31_BLK_1/1024-1024/parlante-inalambrico-portable-black.jpg,1,,
jm-xi-xt31,,,,,,,,,,,,,,https://f.fcdn.app/imgs/822ff2/joacamar.com.uy/joacuy/fe29/original/catalogo/XI-XT31_BLK_2/1024-1024/parlante-inalambrico-portable-black.jpg,2,,
jm-xi-xt31,,,,,,,,,,,,,,https://f.fcdn.app/imgs/1850c8/joacamar.com.uy/joacuy/5a61/original/catalogo/XI-XT31_BLK_3/1024-1024/parlante-inalambrico-portable-black.jpg,3,,
jm-xi-li6,licuadora portatil xion 380ml,licuadora portatil xion 380ml,Xion,Electro,"Licuadoras, Xion, stock-verificado",TRUE,Color,LIGHT BLUE,XI-LI6-LBL-U,788.00,829.00,10,deny,https://f.fcdn.app/imgs/5c75a9/joacamar.com.uy/joacuy/3804/original/catalogo/XI-LI6_LBL_1/1024-1024/licuadora-portatil-xion-380ml-light-blue.jpg,1,,
jm-xi-li6,,,,,,,,GRN,XI-LI6-GRN-U,788.00,829.00,10,deny,,,,
jm-xi-li6,,,,,,,,PNK,XI-LI6-PNK-U,788.00,829.00,10,deny,,,,
jm-xi-li6,,,,,,,,PRPL,XI-LI6-PRPL-U,788.00,829.00,10,deny,,,,
jm-xi-li6,,,,,,,,,,,,,,https://f.fcdn.app/imgs/5d115e/joacamar.com.uy/joacuy/cd1d/original/catalogo/XI-LI6_GRN_1/1024-1024/licuadora-portatil-xion-380ml-grn.jpg,2,,
jm-xi-li6,,,,,,,,,,,,,,https://f.fcdn.app/imgs/74d587/joacamar.com.uy/joacuy/cae4/original/catalogo/XI-LI6_PNK_1/1024-1024/licuadora-portatil-xion-380ml-pnk.jpg,3,,
jm-xi-li6,,,,,,,,,,,,,,https://f.fcdn.app/imgs/867118/joacamar.com.uy/joacuy/70cb/original/catalogo/XI-LI6_PRPL_1/1024-1024/licuadora-portatil-xion-380ml-prpl.jpg,4,,
jm-xi-xt11,parlante inalámbrico portable,parlante inalámbrico portable,Xion,Electro,"Audio, Xion, stock-verificado",TRUE,Color,COLOR UNICO,XI-XT11-CU-U,788.00,829.00,10,deny,https://f.fcdn.app/imgs/11a39a/joacamar.com.uy/joacuy/8c6f/original/catalogo/XI-XT11_CU_1/1024-1024/parlante-inalambrico-portable-color-unico.jpg,1,,
jm-xi-xt11,,,,,,,,,,,,,,https://f.fcdn.app/imgs/286431/joacamar.com.uy/joacuy/e55c/original/catalogo/XI-XT11_CU_2/1024-1024/parlante-inalambrico-portable-color-unico.jpg,2,,
jm-xi-xt11,,,,,,,,,,,,,,https://f.fcdn.app/imgs/7c32a0/joacamar.com.uy/joacuy/1bb7/original/catalogo/XI-XT11_CU_3/1024-1024/parlante-inalambrico-portable-color-unico.jpg,3,,
jm-xi-xt11,,,,,,,,,,,,,,https://f.fcdn.app/imgs/2ff01a/joacamar.com.uy/joacuy/cc87/original/catalogo/XI-XT11_CU_4/1024-1024/parlante-inalambrico-portable-color-unico.jpg,4,,
jm-xi-es116n,convector calefactor con turbo 2000w,convector calefactor con turbo 2000w,Xion,Electro,"Climatización, Xion, stock-verificado",TRUE,Color,COLOR UNICO,XI-ES116N-CU-U,1865.00,2031.00,10,deny,https://f.fcdn.app/imgs/11007c/joacamar.com.uy/joacuy/d68c/original/catalogo/XI-ES116N_CU_1/1024-1024/convector-calefactor-con-turbo-2000w-color-unico.jpg,1,,
jm-xi-gh22tgl,anafe 2 hornallas vidrio templado,anafe 2 hornallas vidrio templado,Xion,Electro,"Cocinas, Xion, stock-verificado",TRUE,Color,COLOR UNICO,XI-GH22TGL-CU-U,3316.00,3689.00,10,deny,https://f.fcdn.app/imgs/de5a37/joacamar.com.uy/joacuy/9516/original/catalogo/XI-GH22TGL_CU_1/1024-1024/anafe-2-hornallas-vidrio-templado-color-unico.jpg,1,,
jm-xi-es801,estufa calentador de cuarzo,estufa calentador de cuarzo,Xion,Electro,"Climatización, Xion, stock-verificado",TRUE,Color,BLACK,XI-ES801-BLK-U,580.00,,10,deny,https://f.fcdn.app/imgs/670822/joacamar.com.uy/joacuy/efb8/original/catalogo/XI-ES801_BLK_1/1024-1024/estufa-calentador-de-cuarzo-black.jpg,1,,
jm-xi-es801,,,,,,,,WHITE,XI-ES801-WHT-U,580.00,,10,deny,,,,
jm-xi-es801,,,,,,,,,,,,,,https://f.fcdn.app/imgs/022746/joacamar.com.uy/joacuy/bca2/original/catalogo/XI-ES801_BLK_2/1024-1024/estufa-calentador-de-cuarzo-black.jpg,2,,
jm-xi-es801,,,,,,,,,,,,,,https://f.fcdn.app/imgs/802ce8/joacamar.com.uy/joacuy/4f30/original/catalogo/XI-ES801_WHT_1/1024-1024/estufa-calentador-de-cuarzo-white.jpg,3,,
jm-xi-es801,,,,,,,,,,,,,,https://f.fcdn.app/imgs/4e37a6/joacamar.com.uy/joacuy/bca2/original/catalogo/XI-ES801_WHT_2/1024-1024/estufa-calentador-de-cuarzo-white.jpg,4,,
jm-xi-makeup,espejo de maquillaje led,espejo de maquillaje led,Xion,Electro,"Cuidado Personal, Xion, stock-verificado",TRUE,Color,COLOR UNICO,XI-MAKEUP-CU-U,622.00,,10,deny,https://f.fcdn.app/imgs/3f5d9d/joacamar.com.uy/joacuy/b7c6/original/catalogo/XI-MAKEUP_CU_1/1024-1024/espejo-de-maquillaje-led-color-unico.jpg,1,,
jm-xi-sd9led,"parlante 8"" 2800w - full led","parlante 8"" 2800w - full led",Xion,Electro,"Audio, Xion, stock-verificado",TRUE,Color,COLOR UNICO,XI-SD9LED-CU-U,1617.00,,10,deny,https://f.fcdn.app/imgs/dcc3bb/joacamar.com.uy/joacuy/217c/original/catalogo/XI-SD9LED_CU_1/1024-1024/parlante-8-2800w-full-led-color-unico.jpg,1,,
jm-xi-es120,Convector calefactor cerámico mural,Convector calefactor cerámico mural,Xion,Electro,"Climatización, Xion, stock-verificado",TRUE,Color,COLOR UNICO,XI-ES120-CU-U,1865.00,,10,deny,https://f.fcdn.app/imgs/5d7826/joacamar.com.uy/joacuy/6943/original/catalogo/XI-ES120_CU_1/1024-1024/convector-calefactor-ceramico-mural-color-unico.jpg,1,,
jm-xi-es201e,estufa calefactor infrarrojo para exterior,estufa calefactor infrarrojo para exterior,Xion,Electro,"Climatización, Xion, stock-verificado",TRUE,Color,COLOR UNICO,XI-ES201E-CU-U,2943.00,3275.00,10,deny,https://f.fcdn.app/imgs/a40c15/joacamar.com.uy/joacuy/6e8b/original/catalogo/XI-ES201E_CU_1/1024-1024/estufa-calefactor-infrarrojo-para-exterior-color-unico.jpg,1,,
jm-xi-es201e,,,,,,,,,,,,,,https://f.fcdn.app/imgs/93db19/joacamar.com.uy/joacuy/13db/original/catalogo/XI-ES201E_CU_2/1024-1024/estufa-calefactor-infrarrojo-para-exterior-color-unico.jpg,2,,
jm-xi-es201e,,,,,,,,,,,,,,https://f.fcdn.app/imgs/954b55/joacamar.com.uy/joacuy/d90a/original/catalogo/XI-ES201E_CU_3/1024-1024/estufa-calefactor-infrarrojo-para-exterior-color-unico.jpg,3,,
jm-xi-es201e,,,,,,,,,,,,,,https://f.fcdn.app/imgs/4f5724/joacamar.com.uy/joacuy/9ea6/original/catalogo/XI-ES201E_CU_4/1024-1024/estufa-calefactor-infrarrojo-para-exterior-color-unico.jpg,4,,
jm-xi-es201e,,,,,,,,,,,,,,https://f.fcdn.app/imgs/02fc3b/joacamar.com.uy/joacuy/a7d8/original/catalogo/XI-ES201E_CU_5/1024-1024/estufa-calefactor-infrarrojo-para-exterior-color-unico.jpg,5,,
jm-xi-ehi41,anafe elétrico de inducción,anafe elétrico de inducción,Xion,Electro,"Cocinas, Xion, stock-verificado",TRUE,Color,COLOR UNICO,XI-EHI41-CU-U,10984.00,11565.00,10,deny,https://f.fcdn.app/imgs/0d682d/joacamar.com.uy/joacuy/ff91/original/catalogo/XI-EHI41_CU_1/1024-1024/anafe-eletrico-de-induccion-color-unico.jpg,1,,
jm-xi-xt41,parlante inalámbrico portable XI-XT41,parlante inalámbrico portable XI-XT41,Xion,Electro,"Audio, Xion, stock-verificado",TRUE,Color,COLOR UNICO,XI-XT41-CU-U,1824.00,1865.00,10,deny,https://f.fcdn.app/imgs/0f2c1b/joacamar.com.uy/joacuy/b327/original/catalogo/XI-XT41_CU_1/1024-1024/parlante-inalambrico-portable-xi-xt41-color-unico.jpg,1,,
jm-xi-xt41,,,,,,,,,,,,,,https://f.fcdn.app/imgs/2c6474/joacamar.com.uy/joacuy/9e7f/original/catalogo/XI-XT41_CU_2/1024-1024/parlante-inalambrico-portable-xi-xt41-color-unico.jpg,2,,
jm-xi-xt41,,,,,,,,,,,,,,https://f.fcdn.app/imgs/fba255/joacamar.com.uy/joacuy/0ef2/original/catalogo/XI-XT41_CU_3/1024-1024/parlante-inalambrico-portable-xi-xt41-color-unico.jpg,3,,
jm-xi-xt41,,,,,,,,,,,,,,https://f.fcdn.app/imgs/c4a6d1/joacamar.com.uy/joacuy/eef4/original/catalogo/XI-XT41_CU_4/1024-1024/parlante-inalambrico-portable-xi-xt41-color-unico.jpg,4,,
jm-xi-xt41,,,,,,,,,,,,,,https://f.fcdn.app/imgs/5102e6/joacamar.com.uy/joacuy/ed7e/original/catalogo/XI-XT41_CU_5/1024-1024/parlante-inalambrico-portable-xi-xt41-color-unico.jpg,5,,
jm-xi-es3,calefactor cerámico oscilante 1500w,calefactor cerámico oscilante 1500w,Xion,Electro,"Climatización, Xion, stock-verificado",TRUE,Color,COLOR UNICO,XI-ES3-CU-U,788.00,829.00,10,deny,https://f.fcdn.app/imgs/529679/joacamar.com.uy/joacuy/2d0a/original/catalogo/XI-ES3_CU_1/1024-1024/calefactor-ceramico-oscilante-1500w-color-unico.jpg,1,,
jm-xi-li8,licuadora portatil 470ml,licuadora portatil 470ml,Xion,Electro,"Licuadoras, Xion, stock-verificado",TRUE,Color,LIGHT BLUE,XI-LI8-LBL-U,1202.00,,10,deny,https://f.fcdn.app/imgs/71a903/joacamar.com.uy/joacuy/3804/original/catalogo/XI-LI8_LBL_1/1024-1024/licuadora-portatil-470ml-light-blue.jpg,1,,
jm-xi-li8,,,,,,,,PRPL,XI-LI8-PRPL-U,1202.00,,10,deny,,,,
jm-xi-li8,,,,,,,,,,,,,,https://f.fcdn.app/imgs/075663/joacamar.com.uy/joacuy/70cb/original/catalogo/XI-LI8_PRPL_1/1024-1024/licuadora-portatil-470ml-prpl.jpg,2,,
jm-xi-li10,licuadora portatil personal 500ml,licuadora portatil personal 500ml,Xion,Electro,"Licuadoras, Xion, stock-verificado",TRUE,Color,WHITE,XI-LI10-WHT-U,1575.00,1741.00,10,deny,https://f.fcdn.app/imgs/99f2a1/joacamar.com.uy/joacuy/6fc6/original/catalogo/XI-LI10_WHT_1/1024-1024/licuadora-portatil-personal-500ml-white.jpg,1,,
jm-xi-li10,,,,,,,,,,,,,,https://f.fcdn.app/imgs/ecd3ff/joacamar.com.uy/joacuy/d14b/original/catalogo/XI-LI10_WHT_2/1024-1024/licuadora-portatil-personal-500ml-white.jpg,2,,
jm-xi-li10,,,,,,,,,,,,,,https://f.fcdn.app/imgs/cea1d0/joacamar.com.uy/joacuy/ac2a/original/catalogo/XI-LI10_WHT_3/1024-1024/licuadora-portatil-personal-500ml-white.jpg,3,,
jm-xi-sd650,"parlante recargable 6,5""x2","parlante recargable 6,5""x2",Xion,Electro,"Audio, Xion, stock-verificado",TRUE,Color,COLOR UNICO,XI-SD650-CU-U,2197.00,2446.00,10,deny,https://f.fcdn.app/imgs/2e7a2a/joacamar.com.uy/joacuy/5db3/original/catalogo/XI-SD650_CU_1/1024-1024/parlante-recargable-6-5-x2-color-unico.jpg,1,,
jm-xi-sd650,,,,,,,,,,,,,,https://f.fcdn.app/imgs/adc285/joacamar.com.uy/joacuy/1ff2/original/catalogo/XI-SD650_CU_2/1024-1024/parlante-recargable-6-5-x2-color-unico.jpg,2,,
jm-xi-sd650,,,,,,,,,,,,,,https://f.fcdn.app/imgs/a26605/joacamar.com.uy/joacuy/ad96/original/catalogo/XI-SD650_CU_3/1024-1024/parlante-recargable-6-5-x2-color-unico.jpg,3,,
jm-xi-sd650,,,,,,,,,,,,,,https://f.fcdn.app/imgs/c51d29/joacamar.com.uy/joacuy/8b57/original/catalogo/XI-SD650_CU_4/1024-1024/parlante-recargable-6-5-x2-color-unico.jpg,4,,
jm-xi-sd650,,,,,,,,,,,,,,https://f.fcdn.app/imgs/f9ec96/joacamar.com.uy/joacuy/8edd/original/catalogo/XI-SD650_CU_5/1024-1024/parlante-recargable-6-5-x2-color-unico.jpg,5,,
jm-xi-li1977,mixer multifunción retro 4 en 1 800w,mixer multifunción retro 4 en 1 800w,Xion,Electro,"Licuadoras, Xion, stock-verificado",TRUE,Color,COLOR UNICO,XI-LI1977-CU-U,2280.00,2446.00,10,deny,https://f.fcdn.app/imgs/d7c9e8/joacamar.com.uy/joacuy/8c52/original/catalogo/XI-LI1977_CU_1/1024-1024/mixer-multifuncion-retro-4-en-1-800w-color-unico.jpg,1,,
jm-xi-li1977,,,,,,,,,,,,,,https://f.fcdn.app/imgs/b772a2/joacamar.com.uy/joacuy/efd4/original/catalogo/XI-LI1977_CU_2/1024-1024/mixer-multifuncion-retro-4-en-1-800w-color-unico.jpg,2,,
jm-xi-li1977,,,,,,,,,,,,,,https://f.fcdn.app/imgs/3f9475/joacamar.com.uy/joacuy/2e65/original/catalogo/XI-LI1977_CU_3/1024-1024/mixer-multifuncion-retro-4-en-1-800w-color-unico.jpg,3,,
jm-e9pro,"MONOPATÍN 8.5"" E9PRO","MONOPATÍN 8.5"" E9PRO",MAXWHEEL,Accesorios,"Movilidad, MAXWHEEL, stock-verificado",TRUE,Color,COLOR UNICO,E9PRO-CU-U,16041.00,16539.00,10,deny,https://f.fcdn.app/imgs/69fa73/joacamar.com.uy/joacuy/294c/original/catalogo/E9PRO_CU_1/1024-1024/monopatin-8-5-e9pro-color-unico.jpg,1,,
jm-e9pro,,,,,,,,,,,,,,https://f.fcdn.app/imgs/92f30d/joacamar.com.uy/joacuy/d80e/original/catalogo/E9PRO_CU_2/1024-1024/monopatin-8-5-e9pro-color-unico.jpg,2,,
jm-e9pro,,,,,,,,,,,,,,https://f.fcdn.app/imgs/c9c73b/joacamar.com.uy/joacuy/3748/original/catalogo/E9PRO_CU_3/1024-1024/monopatin-8-5-e9pro-color-unico.jpg,3,,
jm-e9pro,,,,,,,,,,,,,,https://f.fcdn.app/imgs/f08362/joacamar.com.uy/joacuy/5454/original/catalogo/E9PRO_CU_4/1024-1024/monopatin-8-5-e9pro-color-unico.jpg,4,,
jm-e9pro,,,,,,,,,,,,,,https://f.fcdn.app/imgs/2224c0/joacamar.com.uy/joacuy/5320/original/catalogo/E9PRO_CU_5/1024-1024/monopatin-8-5-e9pro-color-unico.jpg,5,,
jm-xi-ex50,exprimidor eléctrico 50w,exprimidor eléctrico 50w,Xion,Electro,"Exprimidores, Xion, stock-verificado",TRUE,Color,COLOR UNICO,XI-EX50-CU-U,870.00,912.00,10,deny,https://f.fcdn.app/imgs/84a13b/joacamar.com.uy/joacuy/0777/original/catalogo/XI-EX50_CU_1/1024-1024/exprimidor-electrico-50w-color-unico.jpg,1,,
jm-xi-gh48tgl,anafe 4 hornallas vidrio templado,anafe 4 hornallas vidrio templado,Xion,Electro,"Cocinas, Xion, stock-verificado",TRUE,Color,COLOR UNICO,XI-GH48TGL-CU-U,4767.00,4933.00,10,deny,https://f.fcdn.app/imgs/3cb6bf/joacamar.com.uy/joacuy/022b/original/catalogo/XI-GH48TGL_CU_1/1024-1024/anafe-4-hornallas-vidrio-templado-color-unico.jpg,1,,
jm-xi-gh55tgl,anafe 5 hornallas vidrio templado,anafe 5 hornallas vidrio templado,Xion,Electro,"Cocinas, Xion, stock-verificado",TRUE,Color,COLOR UNICO,XI-GH55TGL-CU-U,5886.00,6176.00,10,deny,https://f.fcdn.app/imgs/aefcd0/joacamar.com.uy/joacuy/6b64/original/catalogo/XI-GH55TGL_CU_1/1024-1024/anafe-5-hornallas-vidrio-templado-color-unico.jpg,1,,
jm-xi-es115c,convector/calefactor,convector/calefactor,Xion,Electro,"Climatización, Xion, stock-verificado",TRUE,Color,BLACK,XI-ES115C-BLK-U,1119.00,1244.00,10,deny,https://f.fcdn.app/imgs/2d0b08/joacamar.com.uy/joacuy/a3ad/original/catalogo/XI-ES115C_BLK_1/1024-1024/convector-calefactor-black.jpg,1,,
jm-xi-es115c,,,,,,,,WHITE,XI-ES115C-WHT-U,1119.00,1244.00,10,deny,,,,
jm-xi-es115c,,,,,,,,,,,,,,https://f.fcdn.app/imgs/439c99/joacamar.com.uy/joacuy/ceda/original/catalogo/XI-ES115C_WHT_1/1024-1024/convector-calefactor-white.jpg,2,,
jm-xi-makeup3,espejo de maquillaje led xion,espejo de maquillaje led xion,Xion,Electro,"Cuidado Personal, Xion, stock-verificado",TRUE,Color,COLOR UNICO,XI-MAKEUP3-CU-U,622.00,746.00,10,deny,https://f.fcdn.app/imgs/812954/joacamar.com.uy/joacuy/56f4/original/catalogo/XI-MAKEUP3_CU_1/1024-1024/espejo-de-maquillaje-led-xion-color-unico.jpg,1,,
jm-xi-makeup3,,,,,,,,,,,,,,https://f.fcdn.app/imgs/969724/joacamar.com.uy/joacuy/c1ea/original/catalogo/XI-MAKEUP3_CU_2/1024-1024/espejo-de-maquillaje-led-xion-color-unico.jpg,2,,
jm-xi-makeup4,espejo de maquillaje led xion,espejo de maquillaje led xion,Xion,Electro,"Cuidado Personal, Xion, stock-verificado",TRUE,Color,COLOR UNICO,XI-MAKEUP4-CU-U,1741.00,2031.00,10,deny,https://f.fcdn.app/imgs/9903c3/joacamar.com.uy/joacuy/2868/original/catalogo/XI-MAKEUP4_CU_1/1024-1024/espejo-de-maquillaje-led-xion-color-unico.jpg,1,,
jm-xi-makeup4,,,,,,,,,,,,,,https://f.fcdn.app/imgs/940eab/joacamar.com.uy/joacuy/f5a9/original/catalogo/XI-MAKEUP4_CU_2/1024-1024/espejo-de-maquillaje-led-xion-color-unico.jpg,2,,
jm-xi-makeup4,,,,,,,,,,,,,,https://f.fcdn.app/imgs/27f333/joacamar.com.uy/joacuy/dd54/original/catalogo/XI-MAKEUP4_CU_3/1024-1024/espejo-de-maquillaje-led-xion-color-unico.jpg,3,,
jm-xi-makeup4,,,,,,,,,,,,,,https://f.fcdn.app/imgs/93783b/joacamar.com.uy/joacuy/3050/original/catalogo/XI-MAKEUP4_CU_4/1024-1024/espejo-de-maquillaje-led-xion-color-unico.jpg,4,,
jm-xi-makeup4,,,,,,,,,,,,,,https://f.fcdn.app/imgs/09f81c/joacamar.com.uy/joacuy/d6c0/original/catalogo/XI-MAKEUP4_CU_5/1024-1024/espejo-de-maquillaje-led-xion-color-unico.jpg,5,,
jm-xi-epilator20,depiladora inalámbrica xion,depiladora inalámbrica xion,Xion,Electro,"Cuidado Personal, Xion, stock-verificado",TRUE,Color,COLOR UNICO,XI-EPILATOR20-CU-U,1036.00,1202.00,10,deny,https://f.fcdn.app/imgs/942f66/joacamar.com.uy/joacuy/ee5d/original/catalogo/XI-EPILATOR20_CU_1/1024-1024/depiladora-inalambrica-xion-color-unico.jpg,1,,
jm-xi-epilator20,,,,,,,,,,,,,,https://f.fcdn.app/imgs/7b8542/joacamar.com.uy/joacuy/bffb/original/catalogo/XI-EPILATOR20_CU_2/1024-1024/depiladora-inalambrica-xion-color-unico.jpg,2,,
jm-xi-epilator20,,,,,,,,,,,,,,https://f.fcdn.app/imgs/a7dbe7/joacamar.com.uy/joacuy/4f38/original/catalogo/XI-EPILATOR20_CU_3/1024-1024/depiladora-inalambrica-xion-color-unico.jpg,3,,
jm-xi-epilator6x1,depiladora inalámbrica 6 en 1 xion,depiladora inalámbrica 6 en 1 xion,Xion,Electro,"Cuidado Personal, Xion, stock-verificado",TRUE,Color,COLOR UNICO,XI-EPILATOR6X1-CU-U,1824.00,2031.00,10,deny,https://f.fcdn.app/imgs/53fcf1/joacamar.com.uy/joacuy/6956/original/catalogo/XI-EPILATOR6X1_CU_1/1024-1024/depiladora-inalambrica-6-en-1-xion-color-unico.jpg,1,,
jm-xi-epilator6x1,,,,,,,,,,,,,,https://f.fcdn.app/imgs/fb1a8c/joacamar.com.uy/joacuy/08bf/original/catalogo/XI-EPILATOR6X1_CU_2/1024-1024/depiladora-inalambrica-6-en-1-xion-color-unico.jpg,2,,
jm-xi-epilator6x1,,,,,,,,,,,,,,https://f.fcdn.app/imgs/f82c24/joacamar.com.uy/joacuy/b619/original/catalogo/XI-EPILATOR6X1_CU_3/1024-1024/depiladora-inalambrica-6-en-1-xion-color-unico.jpg,3,,
jm-xi-epilator6x1,,,,,,,,,,,,,,https://f.fcdn.app/imgs/f09a39/joacamar.com.uy/joacuy/bb6d/original/catalogo/XI-EPILATOR6X1_CU_4/1024-1024/depiladora-inalambrica-6-en-1-xion-color-unico.jpg,4,,
jm-xi-epilator6x1,,,,,,,,,,,,,,https://f.fcdn.app/imgs/03b192/joacamar.com.uy/joacuy/d465/original/catalogo/XI-EPILATOR6X1_CU_5/1024-1024/depiladora-inalambrica-6-en-1-xion-color-unico.jpg,5,,
jm-xi-sd4000,Parlante 2.1 CH Audio System 4000w pmpo,Parlante 2.1 CH Audio System 4000w pmpo,Xion,Electro,"Audio, Xion, stock-verificado",TRUE,Color,COLOR UNICO,XI-SD4000-CU-U,2031.00,,10,deny,https://f.fcdn.app/imgs/c77d49/joacamar.com.uy/joacuy/bec9/original/catalogo/XI-SD4000_CU_1/1024-1024/parlante-2-1-ch-audio-system-4000w-pmpo-color-unico.jpg,1,,
jm-xi-li1974,licuadora retro 700w con jarra de vidrio,licuadora retro 700w con jarra de vidrio,Xion,Electro,"Licuadoras, Xion, stock-verificado",TRUE,Color,COLOR UNICO,XI-LI1974-CU-U,2736.00,2860.00,10,deny,https://f.fcdn.app/imgs/bac519/joacamar.com.uy/joacuy/0d98/original/catalogo/XI-LI1974_CU_1/1024-1024/licuadora-retro-700w-con-jarra-de-vidrio-color-unico.jpg,1,,
jm-xi-li1974,,,,,,,,,,,,,,https://f.fcdn.app/imgs/688d78/joacamar.com.uy/joacuy/f414/original/catalogo/XI-LI1974_CU_2/1024-1024/licuadora-retro-700w-con-jarra-de-vidrio-color-unico.jpg,2,,
jm-xi-li1974,,,,,,,,,,,,,,https://f.fcdn.app/imgs/fd9a29/joacamar.com.uy/joacuy/9864/original/catalogo/XI-LI1974_CU_3/1024-1024/licuadora-retro-700w-con-jarra-de-vidrio-color-unico.jpg,3,,
jm-xi-remover,removedor de callos,removedor de callos,Xion,Electro,"Cuidado Personal, Xion, stock-verificado",TRUE,Color,COLOR UNICO,XI-REMOVER-CU-U,663.00,746.00,10,deny,https://f.fcdn.app/imgs/319754/joacamar.com.uy/joacuy/5059/original/catalogo/XI-REMOVER_CU_1/1024-1024/removedor-de-callos-color-unico.jpg,1,,
jm-xi-li1200,mixer 3 en 1 1200w,mixer 3 en 1 1200w,Xion,Electro,"Licuadoras, Xion, stock-verificado",TRUE,Color,COLOR UNICO,XI-LI1200-CU-U,2363.00,2446.00,10,deny,https://f.fcdn.app/imgs/91a979/joacamar.com.uy/joacuy/3a2d/original/catalogo/XI-LI1200_CU_1/1024-1024/mixer-3-en-1-1200w-color-unico.jpg,1,,
jm-xi-li1200,,,,,,,,,,,,,,https://f.fcdn.app/imgs/d1e4a8/joacamar.com.uy/joacuy/9cd5/original/catalogo/XI-LI1200_CU_2/1024-1024/mixer-3-en-1-1200w-color-unico.jpg,2,,
jm-xi-li1200,,,,,,,,,,,,,,https://f.fcdn.app/imgs/366b08/joacamar.com.uy/joacuy/01cc/original/catalogo/XI-LI1200_CU_3/1024-1024/mixer-3-en-1-1200w-color-unico.jpg,3,,
jm-xi-li1200,,,,,,,,,,,,,,https://f.fcdn.app/imgs/b98861/joacamar.com.uy/joacuy/8f7a/original/catalogo/XI-LI1200_CU_4/1024-1024/mixer-3-en-1-1200w-color-unico.jpg,4,,
jm-xi-li1200,,,,,,,,,,,,,,https://f.fcdn.app/imgs/38fae2/joacamar.com.uy/joacuy/07bd/original/catalogo/XI-LI1200_CU_5/1024-1024/mixer-3-en-1-1200w-color-unico.jpg,5,,
jm-xi-ehi20,anafe eléctrico de inducción 2 discos,anafe eléctrico de inducción 2 discos,Xion,Electro,"Cocinas, Xion, stock-verificado",TRUE,Color,COLOR UNICO,XI-EHI20-CU-U,7047.00,7834.00,10,deny,https://f.fcdn.app/imgs/f6e029/joacamar.com.uy/joacuy/e953/original/catalogo/XI-EHI20_CU_1/1024-1024/anafe-electrico-de-induccion-2-discos-color-unico.jpg,1,,
jm-xi-ehi20,,,,,,,,,,,,,,https://f.fcdn.app/imgs/b57a00/joacamar.com.uy/joacuy/d9fd/original/catalogo/XI-EHI20_CU_2/1024-1024/anafe-electrico-de-induccion-2-discos-color-unico.jpg,2,,
jm-fe4tc,cocina Electrolux 4 Hornallas FE4TC,cocina Electrolux 4 Hornallas FE4TC,electrolux,Electro,"Cocinas, electrolux, stock-verificado",TRUE,Color,ACERO INOXIDABLE,FE4TC-INOX-U,22756.00,33119.00,10,deny,https://f.fcdn.app/imgs/2a267f/joacamar.com.uy/joacuy/76ab/original/catalogo/FE4TC_INOX_1/1024-1024/cocina-electrolux-4-hornallas-fe4tc-acero-inoxidable.jpg,1,,
jm-fe4tc,,,,,,,,,,,,,,https://f.fcdn.app/imgs/ee98d3/joacamar.com.uy/joacuy/267e/original/catalogo/FE4TC_INOX_2/1024-1024/cocina-electrolux-4-hornallas-fe4tc-acero-inoxidable.jpg,2,,
jm-fe4tc,,,,,,,,,,,,,,https://f.fcdn.app/imgs/e4c205/joacamar.com.uy/joacuy/9d27/original/catalogo/FE4TC_INOX_3/1024-1024/cocina-electrolux-4-hornallas-fe4tc-acero-inoxidable.jpg,3,,
jm-fe4tc,,,,,,,,,,,,,,https://f.fcdn.app/imgs/5d91fc/joacamar.com.uy/joacuy/0e61/original/catalogo/FE4TC_INOX_4/1024-1024/cocina-electrolux-4-hornallas-fe4tc-acero-inoxidable.jpg,4,,
jm-xi-sd116,"parlante activo 15"" recargable","parlante activo 15"" recargable",Xion,Electro,"Audio, Xion, stock-verificado",TRUE,Color,COLOR UNICO,XI-SD116-CU-U,7005.00,,10,deny,https://f.fcdn.app/imgs/4398a7/joacamar.com.uy/joacuy/15de/original/catalogo/XI-SD116_CU_1/1024-1024/parlante-activo-15-recargable-color-unico.jpg,1,,
jm-xi-sd116,,,,,,,,,,,,,,https://f.fcdn.app/imgs/7c936f/joacamar.com.uy/joacuy/d77a/original/catalogo/XI-SD116_CU_2/1024-1024/parlante-activo-15-recargable-color-unico.jpg,2,,
jm-xi-sd116,,,,,,,,,,,,,,https://f.fcdn.app/imgs/c2266a/joacamar.com.uy/joacuy/bc3b/original/catalogo/XI-SD116_CU_3/1024-1024/parlante-activo-15-recargable-color-unico.jpg,3,,
jm-gt75x,anafe electrolux 5 hornallas,anafe electrolux 5 hornallas,electrolux,Electro,"Cocinas, electrolux, stock-verificado",TRUE,Color,ACERO INOXIDABLE,GT75X-INOX-U,12394.00,16953.00,10,deny,https://f.fcdn.app/imgs/1e2eeb/joacamar.com.uy/joacuy/d355/original/catalogo/GT75X_INOX_1/1024-1024/anafe-electrolux-5-hornallas-acero-inoxidable.jpg,1,,
jm-xi-xt2,parlante inalámbrico portable 8hs de batería,parlante inalámbrico portable 8hs de batería,Xion,Electro,"Audio, Xion, stock-verificado",TRUE,Color,BLUE,XI-XT2-bl-U,912.00,953.00,10,deny,https://f.fcdn.app/imgs/324095/joacamar.com.uy/joacuy/0edc/original/catalogo/XI-XT2_bl_1/1024-1024/parlante-inalambrico-portable-8hs-de-bateria-blue.jpg,1,,
jm-xi-lamp10,lampara led de escritorio,lampara led de escritorio,Xion,Electro,"Tecnología, Xion, stock-verificado",TRUE,Color,COLOR UNICO,XI-LAMP10-CU-U,539.00,,10,deny,https://f.fcdn.app/imgs/74b0e0/joacamar.com.uy/joacuy/0d50/original/catalogo/XI-LAMP10_CU_1/1024-1024/lampara-led-de-escritorio-color-unico.jpg,1,,
jm-xi-lamp10,,,,,,,,,,,,,,https://f.fcdn.app/imgs/5e23d0/joacamar.com.uy/joacuy/0c56/original/catalogo/XI-LAMP10_CU_2/1024-1024/lampara-led-de-escritorio-color-unico.jpg,2,,
jm-xi-lamp20,lampara led de escritorio,lampara led de escritorio,Xion,Electro,"Tecnología, Xion, stock-verificado",TRUE,Color,COLOR UNICO,XI-LAMP20-CU-U,539.00,,10,deny,https://f.fcdn.app/imgs/c03f91/joacamar.com.uy/joacuy/2d54/original/catalogo/XI-LAMP20_CU_1/1024-1024/lampara-led-de-escritorio-color-unico.jpg,1,,
jm-xi-lamp20,,,,,,,,,,,,,,https://f.fcdn.app/imgs/7a2cad/joacamar.com.uy/joacuy/559f/original/catalogo/XI-LAMP20_CU_2/1024-1024/lampara-led-de-escritorio-color-unico.jpg,2,,
jm-xi-makeup2,espejo de maquillaje luz led estandar y con aumento x5,espejo de maquillaje luz led estandar y con aumento x5,Xion,Electro,"Cuidado Personal, Xion, stock-verificado",TRUE,Color,COLOR UNICO,XI-MAKEUP2-CU-U,995.00,1161.00,10,deny,https://f.fcdn.app/imgs/3a199f/joacamar.com.uy/joacuy/2d9a/original/catalogo/XI-MAKEUP2_CU_1/1024-1024/espejo-de-maquillaje-luz-led-estandar-y-con-aumento-x5-color-unico.jpg,1,,
jm-xi-makeup2,,,,,,,,,,,,,,https://f.fcdn.app/imgs/e2974c/joacamar.com.uy/joacuy/ab9e/original/catalogo/XI-MAKEUP2_CU_2/1024-1024/espejo-de-maquillaje-luz-led-estandar-y-con-aumento-x5-color-unico.jpg,2,,
jm-xi-sd114,"parlante activo 12"" recargable","parlante activo 12"" recargable",Xion,Electro,"Audio, Xion, stock-verificado",TRUE,Color,COLOR UNICO,XI-SD114-CU-U,5098.00,5347.00,10,deny,https://f.fcdn.app/imgs/2bf258/joacamar.com.uy/joacuy/66fd/original/catalogo/XI-SD114_CU_1/1024-1024/parlante-activo-12-recargable-color-unico.jpg,1,,
jm-xi-sd114,,,,,,,,,,,,,,https://f.fcdn.app/imgs/9b5b72/joacamar.com.uy/joacuy/a8e3/original/catalogo/XI-SD114_CU_2/1024-1024/parlante-activo-12-recargable-color-unico.jpg,2,,
jm-xi-sd114,,,,,,,,,,,,,,https://f.fcdn.app/imgs/6b8ddf/joacamar.com.uy/joacuy/9508/original/catalogo/XI-SD114_CU_3/1024-1024/parlante-activo-12-recargable-color-unico.jpg,3,,
jm-xi-sd114,,,,,,,,,,,,,,https://f.fcdn.app/imgs/ef8e1b/joacamar.com.uy/joacuy/d77a/original/catalogo/XI-SD114_CU_4/1024-1024/parlante-activo-12-recargable-color-unico.jpg,4,,
jm-xi-sd114,,,,,,,,,,,,,,https://f.fcdn.app/imgs/1e2bd5/joacamar.com.uy/joacuy/bc3b/original/catalogo/XI-SD114_CU_5/1024-1024/parlante-activo-12-recargable-color-unico.jpg,5,,
jm-xi-sd501,"parlante 5"" 1200W","parlante 5"" 1200W",Xion,Electro,"Audio, Xion, stock-verificado",TRUE,Color,COLOR UNICO,XI-SD501-CU-U,580.00,622.00,10,deny,https://f.fcdn.app/imgs/eff648/joacamar.com.uy/joacuy/7193/original/catalogo/XI-SD501_CU_1/1024-1024/parlante-5-1200w-color-unico.jpg,1,,
jm-xi-sdbox,parlante bluetooth batería 6000w,parlante bluetooth batería 6000w,Xion,Electro,"Audio, Xion, stock-verificado",TRUE,Color,COLOR UNICO,XI-SDBOX-CU-U,3689.00,4104.00,10,deny,https://f.fcdn.app/imgs/8ab1ba/joacamar.com.uy/joacuy/972d/original/catalogo/XI-SDBOX_CU_1/1024-1024/parlante-bluetooth-bateria-6000w-color-unico.jpg,1,,
jm-xi-sdbox,,,,,,,,,,,,,,https://f.fcdn.app/imgs/3ce2c2/joacamar.com.uy/joacuy/ab03/original/catalogo/XI-SDBOX_CU_2/1024-1024/parlante-bluetooth-bateria-6000w-color-unico.jpg,2,,
jm-xi-sdbox,,,,,,,,,,,,,,https://f.fcdn.app/imgs/72ee21/joacamar.com.uy/joacuy/bbac/original/catalogo/XI-SDBOX_CU_3/1024-1024/parlante-bluetooth-bateria-6000w-color-unico.jpg,3,,
jm-xi-eh4,anafe eléctrico vitroceramica 4 discos,anafe eléctrico vitroceramica 4 discos,Xion,Electro,"Cocinas, Xion, stock-verificado",TRUE,Color,COLOR UNICO,XI-EH4-CU-U,9036.00,9492.00,10,deny,https://f.fcdn.app/imgs/6dc055/joacamar.com.uy/joacuy/22d5/original/catalogo/XI-EH4_CU_1/1024-1024/anafe-electrico-vitroceramica-4-discos-color-unico.jpg,1,,
jm-xi-eh2,anafe eléctrico vitrocerámica 2 discos,anafe eléctrico vitrocerámica 2 discos,Xion,Electro,"Cocinas, Xion, stock-verificado",TRUE,Color,COLOR UNICO,XI-EH2-CU-U,5720.00,6176.00,10,deny,https://f.fcdn.app/imgs/29e3b4/joacamar.com.uy/joacuy/f135/original/catalogo/XI-EH2_CU_1/1024-1024/anafe-electrico-vitroceramica-2-discos-color-unico.jpg,1,,
jm-xi-xtretro,parlante retro xion potencia 10.000w pmpo,parlante retro xion potencia 10.000w pmpo,Xion,Electro,"Audio, Xion, stock-verificado",TRUE,Color,COLOR UNICO,XI-XTRETRO-CU-U,6176.00,7834.00,10,deny,https://f.fcdn.app/imgs/fe29ce/joacamar.com.uy/joacuy/fadb/original/catalogo/XI-XTRETRO_CU_1/1024-1024/parlante-retro-xion-potencia-10-000w-pmpo-color-unico.jpg,1,,
jm-xi-sd21,radio reproductor usb xion,radio reproductor usb xion,Xion,Electro,"Audio, Xion, stock-verificado",TRUE,Color,COLOR UNICO,XI-SD21-CU-U,1202.00,,10,deny,https://f.fcdn.app/imgs/fc3f16/joacamar.com.uy/joacuy/b2b9/original/catalogo/XI-SD21_CU_1/1024-1024/radio-reproductor-usb-xion-color-unico.jpg,1,,
jm-xi-sd21,,,,,,,,,,,,,,https://f.fcdn.app/imgs/852284/joacamar.com.uy/joacuy/789f/original/catalogo/XI-SD21_CU_2/1024-1024/radio-reproductor-usb-xion-color-unico.jpg,2,,
jm-xi-latte,mixer espumador de leche xion,mixer espumador de leche xion,Xion,Electro,"Licuadoras, Xion, stock-verificado",TRUE,Color,COLOR UNICO,XI-LATTE-CU-U,705.00,746.00,10,deny,https://f.fcdn.app/imgs/0857ec/joacamar.com.uy/joacuy/5dc9/original/catalogo/XI-LATTE_CU_1/1024-1024/mixer-espumador-de-leche-xion-color-unico.jpg,1,,
jm-ebs20,licuadora electrolux efficient 500w electrolux,licuadora electrolux efficient 500w electrolux,electrolux,Electro,"Licuadoras, electrolux, stock-verificado",TRUE,Color,COLOR UNICO,EBS20-CU-U,1824.00,3689.00,10,deny,https://f.fcdn.app/imgs/11106f/joacamar.com.uy/joacuy/d6f7/original/catalogo/EBS20_CU_1/1024-1024/licuadora-electrolux-efficient-500w-electrolux-color-unico.jpg,1,,
jm-ebs20,,,,,,,,,,,,,,https://f.fcdn.app/imgs/af7bc7/joacamar.com.uy/joacuy/256b/original/catalogo/EBS20_CU_2/1024-1024/licuadora-electrolux-efficient-500w-electrolux-color-unico.jpg,2,,
jm-ebs20,,,,,,,,,,,,,,https://f.fcdn.app/imgs/f5c6a2/joacamar.com.uy/joacuy/b8b2/original/catalogo/EBS20_CU_3/1024-1024/licuadora-electrolux-efficient-500w-electrolux-color-unico.jpg,3,,
jm-xi-gh40x,anafe 4 hornallas,anafe 4 hornallas,Xion,Electro,"Cocinas, Xion, stock-verificado",TRUE,Color,ACERO INOXIDABLE,XI-GH40X-INOX-U,3896.00,4104.00,10,deny,https://f.fcdn.app/imgs/5615bf/joacamar.com.uy/joacuy/f53e/original/catalogo/XI-GH40X_INOX_1/1024-1024/anafe-4-hornallas-acero-inoxidable.jpg,1,,
jm-xi-gh44x,anafe 4 hornallas inox triple corona,anafe 4 hornallas inox triple corona,Xion,Electro,"Cocinas, Xion, stock-verificado",TRUE,Color,ACERO INOXIDABLE,XI-GH44X-INOX-U,5181.00,5762.00,10,deny,https://f.fcdn.app/imgs/02ad69/joacamar.com.uy/joacuy/e70b/original/catalogo/XI-GH44X_INOX_1/1024-1024/anafe-4-hornallas-inox-triple-corona-acero-inoxidable.jpg,1,,
jm-xi-li450,mixer de mano 450w,mixer de mano 450w,Xion,Electro,"Licuadoras, Xion, stock-verificado",TRUE,Color,COLOR UNICO,XI-LI450-CU-U,953.00,995.00,10,deny,https://f.fcdn.app/imgs/e67ea5/joacamar.com.uy/joacuy/a661/original/catalogo/XI-LI450_CU_1/1024-1024/mixer-de-mano-450w-color-unico.jpg,1,,
jm-xi-li400,"licuadora personal ""shakes""","licuadora personal ""shakes""",Xion,Electro,"Licuadoras, Xion, stock-verificado",TRUE,Color,COLOR UNICO,XI-LI400-CU-U,1409.00,1451.00,10,deny,https://f.fcdn.app/imgs/6d1a9b/joacamar.com.uy/joacuy/0b98/original/catalogo/XI-LI400_CU_1/1024-1024/licuadora-personal-shakes-color-unico.jpg,1,,
jm-xi-li500,licuadora 500w,licuadora 500w,Xion,Electro,"Licuadoras, Xion, stock-verificado",TRUE,Color,COLOR UNICO,XI-LI500-CU-U,1326.00,,10,deny,https://f.fcdn.app/imgs/244ecf/joacamar.com.uy/joacuy/2b58/original/catalogo/XI-LI500_CU_1/1024-1024/licuadora-500w-color-unico.jpg,1,,
jm-xi-es1,caloventilador 2000w,caloventilador 2000w,Xion,Electro,"Climatización, Xion, stock-verificado",TRUE,Color,COLOR UNICO,XI-ES1-CU-U,663.00,705.00,10,deny,https://f.fcdn.app/imgs/98abdd/joacamar.com.uy/joacuy/78e6/original/catalogo/XI-ES1_CU_1/1024-1024/caloventilador-2000w-color-unico.jpg,1,,
jm-xi-set,kit portable de manicura y pedicura,kit portable de manicura y pedicura,Xion,Electro,"Cuidado Personal, Xion, stock-verificado",TRUE,Color,COLOR UNICO,XI-SET-CU-U,539.00,622.00,10,deny,https://f.fcdn.app/imgs/d86f84/joacamar.com.uy/joacuy/4553/original/catalogo/XI-SET_CU_1/1024-1024/kit-portable-de-manicura-y-pedicura-color-unico.jpg,1,,
jm-xi-ex44,exprimidor eléctrico 40w,exprimidor eléctrico 40w,Xion,Electro,"Exprimidores, Xion, stock-verificado",TRUE,Color,COLOR UNICO,XI-EX44-CU-U,663.00,,10,deny,https://f.fcdn.app/imgs/f0bb23/joacamar.com.uy/joacuy/65c0/original/catalogo/XI-EX44_CU_1/1024-1024/exprimidor-electrico-40w-color-unico.jpg,1,,
jm-xi-juice,juguera centrifuga 900w,juguera centrifuga 900w,Xion,Electro,"Exprimidores, Xion, stock-verificado",TRUE,Color,COLOR UNICO,XI-JUICE-CU-U,3523.00,3689.00,10,deny,https://f.fcdn.app/imgs/337a20/joacamar.com.uy/joacuy/e399/original/catalogo/XI-JUICE_CU_1/1024-1024/juguera-centrifuga-900w-color-unico.jpg,1,,
jm-xi-li600,mixer 3 en 1 600w,mixer 3 en 1 600w,Xion,Electro,"Licuadoras, Xion, stock-verificado",TRUE,Color,COLOR UNICO,XI-LI600-CU-U,1617.00,,10,deny,https://f.fcdn.app/imgs/a4abca/joacamar.com.uy/joacuy/dff3/original/catalogo/XI-LI600_CU_1/1024-1024/mixer-3-en-1-600w-color-unico.jpg,1,,
jm-xi-li600,,,,,,,,,,,,,,https://f.fcdn.app/imgs/1ad1c1/joacamar.com.uy/joacuy/1ee9/original/catalogo/XI-LI600_CU_2/1024-1024/mixer-3-en-1-600w-color-unico.jpg,2,,
jm-xi-li650,licuadora jarra inox 650w,licuadora jarra inox 650w,Xion,Electro,"Licuadoras, Xion, stock-verificado",TRUE,Color,COLOR UNICO,XI-LI650-CU-U,2031.00,,10,deny,https://f.fcdn.app/imgs/635374/joacamar.com.uy/joacuy/ed2d/original/catalogo/XI-LI650_CU_1/1024-1024/licuadora-jarra-inox-650w-color-unico.jpg,1,,
jm-xi-sd112,"parlante activo 12"" recargable","parlante activo 12"" recargable",Xion,Electro,"Audio, Xion, stock-verificado",TRUE,Color,COLOR UNICO,XI-SD112-CU-U,3896.00,4104.00,10,deny,https://f.fcdn.app/imgs/16912e/joacamar.com.uy/joacuy/c9e5/original/catalogo/XI-SD112_CU_1/1024-1024/parlante-activo-12-recargable-color-unico.jpg,1,,
jm-xi-es1500,turbo calefactor 1600w,turbo calefactor 1600w,Xion,Electro,"Climatización, Xion, stock-verificado",TRUE,Color,COLOR UNICO,XI-ES1500-CU-U,1119.00,1202.00,10,deny,https://f.fcdn.app/imgs/d203ef/joacamar.com.uy/joacuy/44a6/original/catalogo/XI-ES1500_CU_1/1024-1024/turbo-calefactor-1600w-color-unico.jpg,1,,
jm-xi-ec750,campana extractora isla inox 38 cm,campana extractora isla inox 38 cm,Xion,Electro,"Campanas, Xion, stock-verificado",TRUE,Color,COLOR UNICO,XI-EC750-CU-U,16539.00,,10,deny,https://f.fcdn.app/imgs/899fad/joacamar.com.uy/joacuy/cba1/original/catalogo/XI-EC750_CU_1/1024-1024/campana-extractora-isla-inox-38-cm-color-unico.jpg,1,,
jm-xi-cm2,cafetera portátil para capsula y café molido,cafetera portátil para capsula y café molido,Xion,Electro,"Cafeteras, Xion, stock-verificado",TRUE,Color,COLOR UNICO,XI-CM2-CU-U,3275.00,3689.00,10,deny,https://f.fcdn.app/imgs/52967d/joacamar.com.uy/joacuy/9e0b/original/catalogo/XI-CM2_CU_1/1024-1024/cafetera-portatil-para-capsula-y-cafe-molido-color-unico.jpg,1,,
jm-xi-cm2,,,,,,,,,,,,,,https://f.fcdn.app/imgs/d525b3/joacamar.com.uy/joacuy/d0d6/original/catalogo/XI-CM2_CU_2/1024-1024/cafetera-portatil-para-capsula-y-cafe-molido-color-unico.jpg,2,,
jm-xi-cm2,,,,,,,,,,,,,,https://f.fcdn.app/imgs/d98cfe/joacamar.com.uy/joacuy/418b/original/catalogo/XI-CM2_CU_3/1024-1024/cafetera-portatil-para-capsula-y-cafe-molido-color-unico.jpg,3,,
jm-xi-cm2,,,,,,,,,,,,,,https://f.fcdn.app/imgs/652ea9/joacamar.com.uy/joacuy/6e52/original/catalogo/XI-CM2_CU_4/1024-1024/cafetera-portatil-para-capsula-y-cafe-molido-color-unico.jpg,4,,
jm-xi-cm2,,,,,,,,,,,,,,https://f.fcdn.app/imgs/e461b9/joacamar.com.uy/joacuy/528c/original/catalogo/XI-CM2_CU_5/1024-1024/cafetera-portatil-para-capsula-y-cafe-molido-color-unico.jpg,5,,
jm-xi-cm92,cafetera espresso y capuccino barista xion,cafetera espresso y capuccino barista xion,Xion,Electro,"Cafeteras, Xion, stock-verificado",TRUE,Color,COLOR UNICO,XI-CM92-CU-U,17368.00,19026.00,10,deny,https://f.fcdn.app/imgs/5a0356/joacamar.com.uy/joacuy/cce1/original/catalogo/XI-CM92_CU_1/1024-1024/cafetera-espresso-y-capuccino-barista-xion-color-unico.jpg,1,,
jm-xi-cm92,,,,,,,,,,,,,,https://f.fcdn.app/imgs/c8726d/joacamar.com.uy/joacuy/59f8/original/catalogo/XI-CM92_CU_2/1024-1024/cafetera-espresso-y-capuccino-barista-xion-color-unico.jpg,2,,
jm-xi-cm92,,,,,,,,,,,,,,https://f.fcdn.app/imgs/96c87c/joacamar.com.uy/joacuy/9253/original/catalogo/XI-CM92_CU_3/1024-1024/cafetera-espresso-y-capuccino-barista-xion-color-unico.jpg,3,,
jm-xi-cm92,,,,,,,,,,,,,,https://f.fcdn.app/imgs/acad16/joacamar.com.uy/joacuy/93c3/original/catalogo/XI-CM92_CU_4/1024-1024/cafetera-espresso-y-capuccino-barista-xion-color-unico.jpg,4,,
jm-xi-cm92,,,,,,,,,,,,,,https://f.fcdn.app/imgs/2aad4f/joacamar.com.uy/joacuy/5234/original/catalogo/XI-CM92_CU_5/1024-1024/cafetera-espresso-y-capuccino-barista-xion-color-unico.jpg,5,,
jm-s2,"MONOPATÍN DE NIÑO 6,5"" S2","MONOPATÍN DE NIÑO 6,5"" S2",MAXWHEEL,Accesorios,"Movilidad, MAXWHEEL, stock-verificado",TRUE,Color,COLOR UNICO,S2-CU-U,10031.00,10321.00,10,deny,https://f.fcdn.app/imgs/62a121/joacamar.com.uy/joacuy/7cb6/original/catalogo/S2_CU_1/1024-1024/monopatin-de-nino-6-5-s2-color-unico.jpg,1,,
jm-s2,,,,,,,,,,,,,,https://f.fcdn.app/imgs/ae1558/joacamar.com.uy/joacuy/57f6/original/catalogo/S2_CU_2/1024-1024/monopatin-de-nino-6-5-s2-color-unico.jpg,2,,
jm-s2,,,,,,,,,,,,,,https://f.fcdn.app/imgs/1c953f/joacamar.com.uy/joacuy/4a39/original/catalogo/S2_CU_3/1024-1024/monopatin-de-nino-6-5-s2-color-unico.jpg,3,,
jm-s2,,,,,,,,,,,,,,https://f.fcdn.app/imgs/a13486/joacamar.com.uy/joacuy/792e/original/catalogo/S2_CU_4/1024-1024/monopatin-de-nino-6-5-s2-color-unico.jpg,4,,
jm-s2,,,,,,,,,,,,,,https://f.fcdn.app/imgs/444051/joacamar.com.uy/joacuy/97b6/original/catalogo/S2_CU_5/1024-1024/monopatin-de-nino-6-5-s2-color-unico.jpg,5,,
jm-xi-cm308,cafetera espresso automática cream touch,cafetera espresso automática cream touch,Xion,Electro,"Cafeteras, Xion, stock-verificado",TRUE,Color,COLOR UNICO,XI-CM308-CU-U,5596.00,5762.00,10,deny,https://f.fcdn.app/imgs/a69760/joacamar.com.uy/joacuy/72ad/original/catalogo/XI-CM308_CU_1/1024-1024/cafetera-espresso-automatica-cream-touch-color-unico.jpg,1,,
jm-xi-cm308,,,,,,,,,,,,,,https://f.fcdn.app/imgs/37485c/joacamar.com.uy/joacuy/c9a7/original/catalogo/XI-CM308_CU_2/1024-1024/cafetera-espresso-automatica-cream-touch-color-unico.jpg,2,,
jm-xi-game64,consola mini arcade,consola mini arcade,Xion,Electro,"Tecnología, Xion, stock-verificado",TRUE,Color,COLOR UNICO,XI-GAME64-CU-U,2860.00,,10,deny,https://f.fcdn.app/imgs/8c6788/joacamar.com.uy/joacuy/04ac/original/catalogo/XI-GAME64_CU_1/1024-1024/consola-mini-arcade-color-unico.jpg,1,,
jm-xi-game64,,,,,,,,,,,,,,https://f.fcdn.app/imgs/8dab98/joacamar.com.uy/joacuy/9e48/original/catalogo/XI-GAME64_CU_2/1024-1024/consola-mini-arcade-color-unico.jpg,2,,
jm-xi-game64,,,,,,,,,,,,,,https://f.fcdn.app/imgs/a4cae2/joacamar.com.uy/joacuy/da7e/original/catalogo/XI-GAME64_CU_3/1024-1024/consola-mini-arcade-color-unico.jpg,3,,
jm-xi-game350,consola mini arcade retro,consola mini arcade retro,Xion,Electro,"Tecnología, Xion, stock-verificado",TRUE,Color,COLOR UNICO,XI-GAME350-CU-U,2860.00,,10,deny,https://f.fcdn.app/imgs/8f5ade/joacamar.com.uy/joacuy/86b2/original/catalogo/XI-GAME350_CU_1/1024-1024/consola-mini-arcade-retro-color-unico.jpg,1,,
jm-xi-game350,,,,,,,,,,,,,,https://f.fcdn.app/imgs/c36fe3/joacamar.com.uy/joacuy/211a/original/catalogo/XI-GAME350_CU_2/1024-1024/consola-mini-arcade-retro-color-unico.jpg,2,,
jm-xi-game350,,,,,,,,,,,,,,https://f.fcdn.app/imgs/87d605/joacamar.com.uy/joacuy/d24c/original/catalogo/XI-GAME350_CU_3/1024-1024/consola-mini-arcade-retro-color-unico.jpg,3,,
jm-xi-game350,,,,,,,,,,,,,,https://f.fcdn.app/imgs/4f7e5d/joacamar.com.uy/joacuy/79b4/original/catalogo/XI-GAME350_CU_4/1024-1024/consola-mini-arcade-retro-color-unico.jpg,4,,
jm-xi-game350,,,,,,,,,,,,,,https://f.fcdn.app/imgs/7d90c9/joacamar.com.uy/joacuy/b630/original/catalogo/XI-GAME350_CU_5/1024-1024/consola-mini-arcade-retro-color-unico.jpg,5,,
jm-xi-cm1,cafetera portátil para capsula y café molido,cafetera portátil para capsula y café molido,Xion,Electro,"Cafeteras, Xion, stock-verificado",TRUE,Color,COLOR UNICO,XI-CM1-CU-U,2072.00,2446.00,10,deny,https://f.fcdn.app/imgs/f5281a/joacamar.com.uy/joacuy/5914/original/catalogo/XI-CM1_CU_1/1024-1024/cafetera-portatil-para-capsula-y-cafe-molido-color-unico.jpg,1,,
jm-xi-cm1,,,,,,,,,,,,,,https://f.fcdn.app/imgs/1838a5/joacamar.com.uy/joacuy/6632/original/catalogo/XI-CM1_CU_2/1024-1024/cafetera-portatil-para-capsula-y-cafe-molido-color-unico.jpg,2,,
jm-xi-cm1,,,,,,,,,,,,,,https://f.fcdn.app/imgs/9519ab/joacamar.com.uy/joacuy/d782/original/catalogo/XI-CM1_CU_3/1024-1024/cafetera-portatil-para-capsula-y-cafe-molido-color-unico.jpg,3,,
jm-xi-cm1,,,,,,,,,,,,,,https://f.fcdn.app/imgs/55bc6a/joacamar.com.uy/joacuy/b7c8/original/catalogo/XI-CM1_CU_4/1024-1024/cafetera-portatil-para-capsula-y-cafe-molido-color-unico.jpg,4,,
jm-xi-cm1,,,,,,,,,,,,,,https://f.fcdn.app/imgs/fc841c/joacamar.com.uy/joacuy/ed92/original/catalogo/XI-CM1_CU_5/1024-1024/cafetera-portatil-para-capsula-y-cafe-molido-color-unico.jpg,5,,
jm-xi-cmg50,molinillo de café,molinillo de café,Xion,Electro,"Cafeteras, Xion, stock-verificado",TRUE,Color,COLOR UNICO,XI-CMG50-CU-U,1119.00,1161.00,10,deny,https://f.fcdn.app/imgs/7562ac/joacamar.com.uy/joacuy/6cf5/original/catalogo/XI-CMG50_CU_1/1024-1024/molinillo-de-cafe-color-unico.jpg,1,,
jm-xi-cmg50,,,,,,,,,,,,,,https://f.fcdn.app/imgs/4964b3/joacamar.com.uy/joacuy/ca6b/original/catalogo/XI-CMG50_CU_2/1024-1024/molinillo-de-cafe-color-unico.jpg,2,,
jm-xi-cmg50,,,,,,,,,,,,,,https://f.fcdn.app/imgs/c71512/joacamar.com.uy/joacuy/01c8/original/catalogo/XI-CMG50_CU_3/1024-1024/molinillo-de-cafe-color-unico.jpg,3,,
jm-xi-cmg110,molinillo de café con regulador de tiempo,molinillo de café con regulador de tiempo,Xion,Electro,"Cafeteras, Xion, stock-verificado",TRUE,Color,COLOR UNICO,XI-CMG110-CU-U,1824.00,1865.00,10,deny,https://f.fcdn.app/imgs/e972db/joacamar.com.uy/joacuy/56d6/original/catalogo/XI-CMG110_CU_1/1024-1024/molinillo-de-cafe-con-regulador-de-tiempo-color-unico.jpg,1,,
jm-xi-cmg110,,,,,,,,,,,,,,https://f.fcdn.app/imgs/adebbb/joacamar.com.uy/joacuy/b78d/original/catalogo/XI-CMG110_CU_2/1024-1024/molinillo-de-cafe-con-regulador-de-tiempo-color-unico.jpg,2,,
jm-xi-cmg110,,,,,,,,,,,,,,https://f.fcdn.app/imgs/fc4f39/joacamar.com.uy/joacuy/516f/original/catalogo/XI-CMG110_CU_3/1024-1024/molinillo-de-cafe-con-regulador-de-tiempo-color-unico.jpg,3,,
jm-xi-cmg110,,,,,,,,,,,,,,https://f.fcdn.app/imgs/356803/joacamar.com.uy/joacuy/bd8c/original/catalogo/XI-CMG110_CU_4/1024-1024/molinillo-de-cafe-con-regulador-de-tiempo-color-unico.jpg,4,,
jm-xi-cm1000,cafetera espresso fully automatic digital,cafetera espresso fully automatic digital,Xion,Electro,"Cafeteras, Xion, stock-verificado",TRUE,Color,COLOR UNICO,XI-CM1000-CU-U,20062.00,20684.00,10,deny,https://f.fcdn.app/imgs/caa3e4/joacamar.com.uy/joacuy/5bc1/original/catalogo/XI-CM1000_CU_1/1024-1024/cafetera-espresso-fully-automatic-digital-color-unico.jpg,1,,
jm-xi-cm1000,,,,,,,,,,,,,,https://f.fcdn.app/imgs/479994/joacamar.com.uy/joacuy/0b26/original/catalogo/XI-CM1000_CU_2/1024-1024/cafetera-espresso-fully-automatic-digital-color-unico.jpg,2,,
jm-xi-cm1000,,,,,,,,,,,,,,https://f.fcdn.app/imgs/c776b6/joacamar.com.uy/joacuy/a382/original/catalogo/XI-CM1000_CU_3/1024-1024/cafetera-espresso-fully-automatic-digital-color-unico.jpg,3,,
jm-xi-cm1000,,,,,,,,,,,,,,https://f.fcdn.app/imgs/b44775/joacamar.com.uy/joacuy/5669/original/catalogo/XI-CM1000_CU_4/1024-1024/cafetera-espresso-fully-automatic-digital-color-unico.jpg,4,,
jm-xi-cm1000,,,,,,,,,,,,,,https://f.fcdn.app/imgs/d0e276/joacamar.com.uy/joacuy/f36d/original/catalogo/XI-CM1000_CU_5/1024-1024/cafetera-espresso-fully-automatic-digital-color-unico.jpg,5,,
jm-xi-v155,ventilador de pie luxe design con control,ventilador de pie luxe design con control,Xion,Electro,"Climatización, Xion, stock-verificado",TRUE,Color,COLOR UNICO,XI-V155-CU-U,1990.00,,10,deny,https://f.fcdn.app/imgs/749dbb/joacamar.com.uy/joacuy/4b0b/original/catalogo/XI-V155_CU_1/1024-1024/ventilador-de-pie-luxe-design-con-control-color-unico.jpg,1,,
jm-xi-v155,,,,,,,,,,,,,,https://f.fcdn.app/imgs/73da1f/joacamar.com.uy/joacuy/d8c9/original/catalogo/XI-V155_CU_2/1024-1024/ventilador-de-pie-luxe-design-con-control-color-unico.jpg,2,,
jm-xi-v155,,,,,,,,,,,,,,https://f.fcdn.app/imgs/c8e36c/joacamar.com.uy/joacuy/e3c7/original/catalogo/XI-V155_CU_3/1024-1024/ventilador-de-pie-luxe-design-con-control-color-unico.jpg,3,,
jm-xi-ec62,campana extractora telescopica acero inox 60cm,campana extractora telescopica acero inox 60cm,Xion,Electro,"Campanas, Xion, stock-verificado",TRUE,Color,COLOR UNICO,XI-EC62-CU-U,4933.00,,10,deny,https://f.fcdn.app/imgs/b6a591/joacamar.com.uy/joacuy/97c3/original/catalogo/XI-EC62_CU_1/1024-1024/campana-extractora-telescopica-acero-inox-60cm-color-unico.jpg,1,,
jm-xi-ec62,,,,,,,,,,,,,,https://f.fcdn.app/imgs/a8ff4e/joacamar.com.uy/joacuy/037b/original/catalogo/XI-EC62_CU_2/1024-1024/campana-extractora-telescopica-acero-inox-60cm-color-unico.jpg,2,,
jm-xi-ec64,campana extractora telescopica full black/glass,campana extractora telescopica full black/glass,Xion,Electro,"Campanas, Xion, stock-verificado",TRUE,Color,COLOR UNICO,XI-EC64-CU-U,6591.00,,10,deny,https://f.fcdn.app/imgs/53336c/joacamar.com.uy/joacuy/f3a3/original/catalogo/XI-EC64_CU_1/1024-1024/campana-extractora-telescopica-full-black-glass-color-unico.jpg,1,,
jm-xi-ec64,,,,,,,,,,,,,,https://f.fcdn.app/imgs/53c29b/joacamar.com.uy/joacuy/3b3a/original/catalogo/XI-EC64_CU_2/1024-1024/campana-extractora-telescopica-full-black-glass-color-unico.jpg,2,,
jm-xi-ec64,,,,,,,,,,,,,,https://f.fcdn.app/imgs/794c54/joacamar.com.uy/joacuy/43ee/original/catalogo/XI-EC64_CU_3/1024-1024/campana-extractora-telescopica-full-black-glass-color-unico.jpg,3,,
jm-xi-ec64,,,,,,,,,,,,,,https://f.fcdn.app/imgs/457cf8/joacamar.com.uy/joacuy/ffa5/original/catalogo/XI-EC64_CU_4/1024-1024/campana-extractora-telescopica-full-black-glass-color-unico.jpg,4,,
jm-xi-ec601,campana extractora acero inox con vidrio 60 cm,campana extractora acero inox con vidrio 60 cm,Xion,Electro,"Campanas, Xion, stock-verificado",TRUE,Color,COLOR UNICO,XI-EC601-CU-U,5181.00,5762.00,10,deny,https://f.fcdn.app/imgs/77924c/joacamar.com.uy/joacuy/3273/original/catalogo/XI-EC601_CU_1/1024-1024/campana-extractora-acero-inox-con-vidrio-60-cm-color-unico.jpg,1,,
jm-xi-ec601,,,,,,,,,,,,,,https://f.fcdn.app/imgs/0c6952/joacamar.com.uy/joacuy/8915/original/catalogo/XI-EC601_CU_2/1024-1024/campana-extractora-acero-inox-con-vidrio-60-cm-color-unico.jpg,2,,
jm-xi-ec90,campana extractora xion acero inox 90cm,campana extractora xion acero inox 90cm,Xion,Electro,"Campanas, Xion, stock-verificado",TRUE,Color,COLOR UNICO,XI-EC90-CU-U,6176.00,,10,deny,https://f.fcdn.app/imgs/e64a5b/joacamar.com.uy/joacuy/eee2/original/catalogo/XI-EC90_CU_1/1024-1024/campana-extractora-xion-acero-inox-90cm-color-unico.jpg,1,,
jm-xi-cm24,cafetera multicapsulas y espresso,cafetera multicapsulas y espresso,Xion,Electro,"Cafeteras, Xion, stock-verificado",TRUE,Color,COLOR UNICO,XI-CM24-CU-U,5347.00,,10,deny,https://f.fcdn.app/imgs/c9fb94/joacamar.com.uy/joacuy/1d07/original/catalogo/XI-CM24_CU_1/1024-1024/cafetera-multicapsulas-y-espresso-color-unico.jpg,1,,
jm-xi-cm24,,,,,,,,,,,,,,https://f.fcdn.app/imgs/25972e/joacamar.com.uy/joacuy/ffcc/original/catalogo/XI-CM24_CU_2/1024-1024/cafetera-multicapsulas-y-espresso-color-unico.jpg,2,,
jm-xi-cm24,,,,,,,,,,,,,,https://f.fcdn.app/imgs/862c92/joacamar.com.uy/joacuy/36eb/original/catalogo/XI-CM24_CU_3/1024-1024/cafetera-multicapsulas-y-espresso-color-unico.jpg,3,,
jm-xi-cm24,,,,,,,,,,,,,,https://f.fcdn.app/imgs/673b62/joacamar.com.uy/joacuy/31bb/original/catalogo/XI-CM24_CU_4/1024-1024/cafetera-multicapsulas-y-espresso-color-unico.jpg,4,,
jm-xi-cm24,,,,,,,,,,,,,,https://f.fcdn.app/imgs/87f29c/joacamar.com.uy/joacuy/9061/original/catalogo/XI-CM24_CU_5/1024-1024/cafetera-multicapsulas-y-espresso-color-unico.jpg,5,,
jm-xi-v180,ventilador de pie slim con control,ventilador de pie slim con control,Xion,Electro,"Climatización, Xion, stock-verificado",TRUE,Color,COLOR UNICO,XI-V180-CU-U,2984.00,,10,deny,https://f.fcdn.app/imgs/e425d3/joacamar.com.uy/joacuy/bbfd/original/catalogo/XI-V180_CU_1/1024-1024/ventilador-de-pie-slim-con-control-color-unico.jpg,1,,
jm-xi-v180,,,,,,,,,,,,,,https://f.fcdn.app/imgs/e1fa34/joacamar.com.uy/joacuy/b480/original/catalogo/XI-V180_CU_2/1024-1024/ventilador-de-pie-slim-con-control-color-unico.jpg,2,,
jm-xi-v180,,,,,,,,,,,,,,https://f.fcdn.app/imgs/5e2830/joacamar.com.uy/joacuy/9bf2/original/catalogo/XI-V180_CU_3/1024-1024/ventilador-de-pie-slim-con-control-color-unico.jpg,3,,
jm-xi-v180,,,,,,,,,,,,,,https://f.fcdn.app/imgs/22b480/joacamar.com.uy/joacuy/f808/original/catalogo/XI-V180_CU_4/1024-1024/ventilador-de-pie-slim-con-control-color-unico.jpg,4,,
jm-xi-v180,,,,,,,,,,,,,,https://f.fcdn.app/imgs/8ef147/joacamar.com.uy/joacuy/96ed/original/catalogo/XI-V180_CU_5/1024-1024/ventilador-de-pie-slim-con-control-color-unico.jpg,5,,
jm-xi-ec320,purificador extractor acero inox 60cm,purificador extractor acero inox 60cm,Xion,Electro,"Campanas, Xion, stock-verificado",TRUE,Color,COLOR UNICO,XI-EC320-CU-U,3689.00,4104.00,10,deny,https://f.fcdn.app/imgs/082090/joacamar.com.uy/joacuy/7469/original/catalogo/XI-EC320_CU_1/1024-1024/purificador-extractor-acero-inox-60cm-color-unico.jpg,1,,
jm-xi-ec990t,campana extractora xion acero inox 90cm,campana extractora xion acero inox 90cm,Xion,Electro,"Campanas, Xion, stock-verificado",TRUE,Color,COLOR UNICO,XI-EC990T-CU-U,9078.00,,10,deny,https://f.fcdn.app/imgs/976111/joacamar.com.uy/joacuy/4e09/original/catalogo/XI-EC990T_CU_1/1024-1024/campana-extractora-xion-acero-inox-90cm-color-unico.jpg,1,,
jm-xi-v200t,"Ventilador de techo 42"".","Ventilador de techo 42"".",Xion,Electro,"Climatización, Xion, stock-verificado",TRUE,Color,COLOR UNICO,XI-V200T-CU-U,5347.00,,10,deny,https://f.fcdn.app/imgs/64f6e1/joacamar.com.uy/joacuy/efb7/original/catalogo/XI-V200T_CU_1/1024-1024/ventilador-de-techo-42-color-unico.jpg,1,,
jm-xi-v200t,,,,,,,,,,,,,,https://f.fcdn.app/imgs/eb9270/joacamar.com.uy/joacuy/78d8/original/catalogo/XI-V200T_CU_2/1024-1024/ventilador-de-techo-42-color-unico.jpg,2,,
jm-xi-v200t,,,,,,,,,,,,,,https://f.fcdn.app/imgs/301a2a/joacamar.com.uy/joacuy/1161/original/catalogo/XI-V200T_CU_3/1024-1024/ventilador-de-techo-42-color-unico.jpg,3,,
jm-xi-mousew,mouse inalámbrico recargable xion,mouse inalámbrico recargable xion,Xion,Electro,"Tecnología, Xion, stock-verificado",TRUE,Color,COLOR UNICO,XI-MOUSEW-CU-U,249.00,,10,deny,https://f.fcdn.app/imgs/744ed3/joacamar.com.uy/joacuy/8eba/original/catalogo/XI-MOUSEW_CU_1/1024-1024/mouse-inalambrico-recargable-xion-color-unico.jpg,1,,
jm-xi-mousew,,,,,,,,,,,,,,https://f.fcdn.app/imgs/c37132/joacamar.com.uy/joacuy/9149/original/catalogo/XI-MOUSEW_CU_2/1024-1024/mouse-inalambrico-recargable-xion-color-unico.jpg,2,,
jm-xi-mousew,,,,,,,,,,,,,,https://f.fcdn.app/imgs/71dc5a/joacamar.com.uy/joacuy/ec83/original/catalogo/XI-MOUSEW_CU_3/1024-1024/mouse-inalambrico-recargable-xion-color-unico.jpg,3,,
jm-xi-mousew,,,,,,,,,,,,,,https://f.fcdn.app/imgs/a57cf6/joacamar.com.uy/joacuy/c235/original/catalogo/XI-MOUSEW_CU_4/1024-1024/mouse-inalambrico-recargable-xion-color-unico.jpg,4,,
jm-xi-kbcombow2,combo mouse y teclado inalámbrico.,combo mouse y teclado inalámbrico.,Xion,Electro,"Tecnología, Xion, stock-verificado",TRUE,Color,COLOR UNICO,XI-KBCOMBOW2-CU-U,539.00,,10,deny,https://f.fcdn.app/imgs/f1f089/joacamar.com.uy/joacuy/a14e/original/catalogo/XI-KBCOMBOW2_CU_1/1024-1024/combo-mouse-y-teclado-inalambrico-color-unico.jpg,1,,
jm-xi-kbcombow2,,,,,,,,,,,,,,https://f.fcdn.app/imgs/bba6c5/joacamar.com.uy/joacuy/cb05/original/catalogo/XI-KBCOMBOW2_CU_2/1024-1024/combo-mouse-y-teclado-inalambrico-color-unico.jpg,2,,
jm-xi-kbcombow2,,,,,,,,,,,,,,https://f.fcdn.app/imgs/babb98/joacamar.com.uy/joacuy/2efb/original/catalogo/XI-KBCOMBOW2_CU_3/1024-1024/combo-mouse-y-teclado-inalambrico-color-unico.jpg,3,,
jm-xi-kbcombow2,,,,,,,,,,,,,,https://f.fcdn.app/imgs/65904b/joacamar.com.uy/joacuy/674d/original/catalogo/XI-KBCOMBOW2_CU_4/1024-1024/combo-mouse-y-teclado-inalambrico-color-unico.jpg,4,,
jm-xi-kbcombow2,,,,,,,,,,,,,,https://f.fcdn.app/imgs/39e0ea/joacamar.com.uy/joacuy/11bc/original/catalogo/XI-KBCOMBOW2_CU_5/1024-1024/combo-mouse-y-teclado-inalambrico-color-unico.jpg,5,,
jm-xi-kbcombow3,combo mouse y teclado inalámbrico recargable,combo mouse y teclado inalámbrico recargable,Xion,Electro,"Tecnología, Xion, stock-verificado",TRUE,Color,COLOR UNICO,XI-KBCOMBOW3-CU-U,953.00,,10,deny,https://f.fcdn.app/imgs/b99789/joacamar.com.uy/joacuy/1352/original/catalogo/XI-KBCOMBOW3_CU_1/1024-1024/combo-mouse-y-teclado-inalambrico-recargable-color-unico.jpg,1,,
jm-xi-kbcombow3,,,,,,,,,,,,,,https://f.fcdn.app/imgs/bb6db4/joacamar.com.uy/joacuy/a8a7/original/catalogo/XI-KBCOMBOW3_CU_2/1024-1024/combo-mouse-y-teclado-inalambrico-recargable-color-unico.jpg,2,,
jm-xi-kbcombow3,,,,,,,,,,,,,,https://f.fcdn.app/imgs/75593b/joacamar.com.uy/joacuy/fa58/original/catalogo/XI-KBCOMBOW3_CU_3/1024-1024/combo-mouse-y-teclado-inalambrico-recargable-color-unico.jpg,3,,
jm-xi-kbcombow3,,,,,,,,,,,,,,https://f.fcdn.app/imgs/cec1c3/joacamar.com.uy/joacuy/3632/original/catalogo/XI-KBCOMBOW3_CU_4/1024-1024/combo-mouse-y-teclado-inalambrico-recargable-color-unico.jpg,4,,
jm-xi-cm90,cafetera espresso y capuccino barista xion,cafetera espresso y capuccino barista xion,Xion,Electro,"Cafeteras, Xion, stock-verificado",TRUE,Color,COLOR UNICO,XI-CM90-CU-U,15710.00,17368.00,10,deny,https://f.fcdn.app/imgs/0e612c/joacamar.com.uy/joacuy/c2eb/original/catalogo/XI-CM90_CU_1/1024-1024/cafetera-espresso-y-capuccino-barista-xion-color-unico.jpg,1,,
jm-xi-cm90,,,,,,,,,,,,,,https://f.fcdn.app/imgs/d2e833/joacamar.com.uy/joacuy/69fc/original/catalogo/XI-CM90_CU_2/1024-1024/cafetera-espresso-y-capuccino-barista-xion-color-unico.jpg,2,,
jm-xi-cm90,,,,,,,,,,,,,,https://f.fcdn.app/imgs/55af44/joacamar.com.uy/joacuy/3265/original/catalogo/XI-CM90_CU_3/1024-1024/cafetera-espresso-y-capuccino-barista-xion-color-unico.jpg,3,,
jm-xi-cm90,,,,,,,,,,,,,,https://f.fcdn.app/imgs/22a938/joacamar.com.uy/joacuy/e4d4/original/catalogo/XI-CM90_CU_4/1024-1024/cafetera-espresso-y-capuccino-barista-xion-color-unico.jpg,4,,
jm-xi-cm90,,,,,,,,,,,,,,https://f.fcdn.app/imgs/140be5/joacamar.com.uy/joacuy/fa18/original/catalogo/XI-CM90_CU_5/1024-1024/cafetera-espresso-y-capuccino-barista-xion-color-unico.jpg,5,,
jm-xi-cm6,cafetera de goteo 6 tazas,cafetera de goteo 6 tazas,Xion,Electro,"Cafeteras, Xion, stock-verificado",TRUE,Color,COLOR UNICO,XI-CM6-CU-U,912.00,,10,deny,https://f.fcdn.app/imgs/d15b9c/joacamar.com.uy/joacuy/0afb/original/catalogo/XI-CM6_CU_1/1024-1024/cafetera-de-goteo-6-tazas-color-unico.jpg,1,,
jm-xi-atv4k,tv box android smart 4K HDR,tv box android smart 4K HDR,Xion,Electro,"Tecnología, Xion, stock-verificado",TRUE,Color,COLOR UNICO,XI-ATV4K-CU-U,2197.00,2446.00,10,deny,https://f.fcdn.app/imgs/1318af/joacamar.com.uy/joacuy/06e5/original/catalogo/XI-ATV4K_CU_1/1024-1024/tv-box-android-smart-4k-hdr-color-unico.jpg,1,,
jm-xi-hi2000,hidrolavadora 2000w,hidrolavadora 2000w,Xion,Jardín,"Xion, stock-verificado",TRUE,Color,COLOR UNICO,XI-HI2000-CU-U,6176.00,,10,deny,https://f.fcdn.app/imgs/e9678b/joacamar.com.uy/joacuy/1324/original/catalogo/XI-HI2000_CU_1/1024-1024/hidrolavadora-2000w-color-unico.jpg,1,,
jm-xi-v3190,ventilador 3 en 1 pie/turbo/pared,ventilador 3 en 1 pie/turbo/pared,Xion,Electro,"Climatización, Xion, stock-verificado",TRUE,Color,COLOR UNICO,XI-V3190-CU-U,1492.00,,10,deny,https://f.fcdn.app/imgs/22a30a/joacamar.com.uy/joacuy/5802/original/catalogo/XI-V3190_CU_1/1024-1024/ventilador-3-en-1-pie-turbo-pared-color-unico.jpg,1,,
jm-xi-v3190,,,,,,,,,,,,,,https://f.fcdn.app/imgs/12f858/joacamar.com.uy/joacuy/cb56/original/catalogo/XI-V3190_CU_2/1024-1024/ventilador-3-en-1-pie-turbo-pared-color-unico.jpg,2,,
jm-xi-v12,ventilador de pie 34 cm de diámetro.,ventilador de pie 34 cm de diámetro.,Xion,Electro,"Climatización, Xion, stock-verificado",TRUE,Color,COLOR UNICO,XI-V12-CU-U,1409.00,,10,deny,https://f.fcdn.app/imgs/c760d0/joacamar.com.uy/joacuy/373c/original/catalogo/XI-V12_CU_1/1024-1024/ventilador-de-pie-34-cm-de-diametro-color-unico.jpg,1,,
jm-xi-v12,,,,,,,,,,,,,,https://f.fcdn.app/imgs/96d9c5/joacamar.com.uy/joacuy/3e34/original/catalogo/XI-V12_CU_2/1024-1024/ventilador-de-pie-34-cm-de-diametro-color-unico.jpg,2,,
jm-xi-v12,,,,,,,,,,,,,,https://f.fcdn.app/imgs/4bbc89/joacamar.com.uy/joacuy/227d/original/catalogo/XI-V12_CU_3/1024-1024/ventilador-de-pie-34-cm-de-diametro-color-unico.jpg,3,,
jm-xi-v150,ventilador de pie con remoto 40 cm,ventilador de pie con remoto 40 cm,Xion,Electro,"Climatización, Xion, stock-verificado",TRUE,Color,COLOR UNICO,XI-V150-CU-U,2072.00,,10,deny,https://f.fcdn.app/imgs/8fb0dc/joacamar.com.uy/joacuy/7b46/original/catalogo/XI-V150_CU_1/1024-1024/ventilador-de-pie-con-remoto-40-cm-color-unico.jpg,1,,
jm-xi-v16,ventilador de pie slim design,ventilador de pie slim design,Xion,Electro,"Climatización, Xion, stock-verificado",TRUE,Color,COLOR UNICO,XI-V16-CU-U,2072.00,,10,deny,https://f.fcdn.app/imgs/75588a/joacamar.com.uy/joacuy/7340/original/catalogo/XI-V16_CU_1/1024-1024/ventilador-de-pie-slim-design-color-unico.jpg,1,,
jm-xi-cm23,"cafetera 3 usos, nespresso, dolce gusto y café molido","cafetera 3 usos, nespresso, dolce gusto y café molido",Xion,Electro,"Cafeteras, Xion, stock-verificado",TRUE,Color,COLOR UNICO,XI-CM23-CU-U,4518.00,,10,deny,https://f.fcdn.app/imgs/3235a8/joacamar.com.uy/joacuy/f259/original/catalogo/XI-CM23_CU_1/1024-1024/cafetera-3-usos-nespresso-dolce-gusto-y-cafe-molido-color-unico.jpg,1,,
jm-xi-cm23,,,,,,,,,,,,,,https://f.fcdn.app/imgs/442552/joacamar.com.uy/joacuy/ee75/original/catalogo/XI-CM23_CU_2/1024-1024/cafetera-3-usos-nespresso-dolce-gusto-y-cafe-molido-color-unico.jpg,2,,
jm-xi-cm23,,,,,,,,,,,,,,https://f.fcdn.app/imgs/4cd055/joacamar.com.uy/joacuy/54e4/original/catalogo/XI-CM23_CU_3/1024-1024/cafetera-3-usos-nespresso-dolce-gusto-y-cafe-molido-color-unico.jpg,3,,
jm-xi-ec60,campana extractora xion acero inox 60cm,campana extractora xion acero inox 60cm,Xion,Electro,"Campanas, Xion, stock-verificado",TRUE,Color,COLOR UNICO,XI-EC60-CU-U,3565.00,4145.00,10,deny,https://f.fcdn.app/imgs/05ced8/joacamar.com.uy/joacuy/3a68/original/catalogo/XI-EC60_CU_1/1024-1024/campana-extractora-xion-acero-inox-60cm-color-unico.jpg,1,,
jm-xi-ec60,,,,,,,,,,,,,,https://f.fcdn.app/imgs/93970a/joacamar.com.uy/joacuy/f2e3/original/catalogo/XI-EC60_CU_2/1024-1024/campana-extractora-xion-acero-inox-60cm-color-unico.jpg,2,,
jm-xi-micga,micrófono gamer xion,micrófono gamer xion,Xion,Electro,"Tecnología, Xion, stock-verificado",TRUE,Color,COLOR UNICO,XI-MICGA-CU-U,1078.00,1202.00,10,deny,https://f.fcdn.app/imgs/da0280/joacamar.com.uy/joacuy/00c2/original/catalogo/XI-MICGA_CU_1/1024-1024/microfono-gamer-xion-color-unico.jpg,1,,
jm-xi-v55,turbo ventilador 50 cm,turbo ventilador 50 cm,Xion,Electro,"Climatización, Xion, stock-verificado",TRUE,Color,COLOR UNICO,XI-V55-CU-U,2280.00,,10,deny,https://f.fcdn.app/imgs/67a7e9/joacamar.com.uy/joacuy/3450/original/catalogo/XI-V55_CU_1/1024-1024/turbo-ventilador-50-cm-color-unico.jpg,1,,
jm-ejwa365tbis,campana de pared electrolux 90cm,campana de pared electrolux 90cm,electrolux,Electro,"Campanas, electrolux, stock-verificado",TRUE,Color,ACERO INOXIDABLE,EJWA365TBIS-INOX-U,7585.00,7834.00,10,deny,https://f.fcdn.app/imgs/6b67fa/joacamar.com.uy/joacuy/ed7b/original/catalogo/EJWA365TBIS_INOX_1/1024-1024/campana-de-pared-electrolux-90cm-acero-inoxidable.jpg,1,,
jm-xi-v130,ventilador de pie 1.3 mts 40 cm,ventilador de pie 1.3 mts 40 cm,Xion,Electro,"Climatización, Xion, stock-verificado",TRUE,Color,COLOR UNICO,XI-V130-CU-U,1119.00,,10,deny,https://f.fcdn.app/imgs/a2a26c/joacamar.com.uy/joacuy/dae6/original/catalogo/XI-V130_CU_1/1024-1024/ventilador-de-pie-1-3-mts-40-cm-color-unico.jpg,1,,
jm-xi-cm12,cafetera de goteo 12 tazas,cafetera de goteo 12 tazas,Xion,Electro,"Cafeteras, Xion, stock-verificado",TRUE,Color,COLOR UNICO,XI-CM12-CU-U,1036.00,1078.00,10,deny,https://f.fcdn.app/imgs/d0c013/joacamar.com.uy/joacuy/2f38/original/catalogo/XI-CM12_CU_1/1024-1024/cafetera-de-goteo-12-tazas-color-unico.jpg,1,,
jm-xi-cm15,cafetera espresso,cafetera espresso,Xion,Electro,"Cafeteras, Xion, stock-verificado",TRUE,Color,COLOR UNICO,XI-CM15-CU-U,1948.00,2031.00,10,deny,https://f.fcdn.app/imgs/96820e/joacamar.com.uy/joacuy/d152/original/catalogo/XI-CM15_CU_1/1024-1024/cafetera-espresso-color-unico.jpg,1,,
jm-xi-cm15,,,,,,,,,,,,,,https://f.fcdn.app/imgs/5788c2/joacamar.com.uy/joacuy/b3c4/original/catalogo/XI-CM15_CU_2/1024-1024/cafetera-espresso-color-unico.jpg,2,,
jm-xi-cm15,,,,,,,,,,,,,,https://f.fcdn.app/imgs/8dafec/joacamar.com.uy/joacuy/7f72/original/catalogo/XI-CM15_CU_3/1024-1024/cafetera-espresso-color-unico.jpg,3,,
jm-xi-v165,ventilador de pie 1.7 mts 40 cm,ventilador de pie 1.7 mts 40 cm,Xion,Electro,"Climatización, Xion, stock-verificado",TRUE,Color,COLOR UNICO,XI-V165-CU-U,1492.00,,10,deny,https://f.fcdn.app/imgs/d2218a/joacamar.com.uy/joacuy/8c1c/original/catalogo/XI-V165_CU_1/1024-1024/ventilador-de-pie-1-7-mts-40-cm-color-unico.jpg,1,,
jm-xi-v700,ventilador industrial de pie 65 cm,ventilador industrial de pie 65 cm,Xion,Electro,"Climatización, Xion, stock-verificado",TRUE,Color,COLOR UNICO,XI-V700-CU-U,5347.00,,10,deny,https://f.fcdn.app/imgs/2d8115/joacamar.com.uy/joacuy/4779/original/catalogo/XI-V700_CU_1/1024-1024/ventilador-industrial-de-pie-65-cm-color-unico.jpg,1,,
jm-xi-cm14t,caferera termo 1l,caferera termo 1l,Xion,Electro,"Cafeteras, Xion, stock-verificado",TRUE,Color,COLOR UNICO,XI-CM14T-CU-U,1451.00,1617.00,10,deny,https://f.fcdn.app/imgs/92615a/joacamar.com.uy/joacuy/8e74/original/catalogo/XI-CM14T_CU_1/1024-1024/caferera-termo-1l-color-unico.jpg,1,,
jm-xi-v3145,ventilador 3 en 1 45cm dos unidades por caja,ventilador 3 en 1 45cm dos unidades por caja,Xion,Electro,"Climatización, Xion, stock-verificado",TRUE,Color,COLOR UNICO,XI-V3145-CU-U,2694.00,,10,deny,https://f.fcdn.app/imgs/0efd6c/joacamar.com.uy/joacuy/93fa/original/catalogo/XI-V3145_CU_1/1024-1024/ventilador-3-en-1-45cm-dos-unidades-por-caja-color-unico.jpg,1,,
jm-xi-v3145,,,,,,,,,,,,,,https://f.fcdn.app/imgs/ed133d/joacamar.com.uy/joacuy/8998/original/catalogo/XI-V3145_CU_2/1024-1024/ventilador-3-en-1-45cm-dos-unidades-por-caja-color-unico.jpg,2,,
jm-xi-tool20,taladro inalámbrico 20v,taladro inalámbrico 20v,Xion,Herramientas,"Xion, stock-verificado",TRUE,Color,COLOR UNICO,XI-TOOL20-CU-U,2363.00,2902.00,10,deny,https://f.fcdn.app/imgs/c23542/joacamar.com.uy/joacuy/6cb4/original/catalogo/XI-TOOL20_CU_1/1024-1024/taladro-inalambrico-20v-color-unico.jpg,1,,
jm-xi-toolhd695k,kit taladro percutor 650w + 95 accesorios,kit taladro percutor 650w + 95 accesorios,Xion,Herramientas,"Xion, stock-verificado",TRUE,Color,COLOR UNICO,XI-TOOLHD695K-CU-U,2155.00,2653.00,10,deny,https://f.fcdn.app/imgs/a2a915/joacamar.com.uy/joacuy/65e3/original/catalogo/XI-TOOLHD695K_CU_1/1024-1024/kit-taladro-percutor-650w-95-accesorios-color-unico.jpg,1,,
jm-xi-pizzae4,horno de pizza eléctrico,horno de pizza eléctrico,Xion,Electro,"Cocinas, Xion, stock-verificado",TRUE,Color,COLOR UNICO,XI-PIZZAE4-CU-U,3316.00,3689.00,10,deny,https://f.fcdn.app/imgs/7ae487/joacamar.com.uy/joacuy/f10f/original/catalogo/XI-PIZZAE4_CU_1/1024-1024/horno-de-pizza-electrico-color-unico.jpg,1,,
jm-xi-pizzae4,,,,,,,,,,,,,,https://f.fcdn.app/imgs/6af38e/joacamar.com.uy/joacuy/8957/original/catalogo/XI-PIZZAE4_CU_2/1024-1024/horno-de-pizza-electrico-color-unico.jpg,2,,
jm-xi-pizzae4,,,,,,,,,,,,,,https://f.fcdn.app/imgs/a9930b/joacamar.com.uy/joacuy/1309/original/catalogo/XI-PIZZAE4_CU_3/1024-1024/horno-de-pizza-electrico-color-unico.jpg,3,,
jm-xi-pizzae4,,,,,,,,,,,,,,https://f.fcdn.app/imgs/2cf81e/joacamar.com.uy/joacuy/3cfc/original/catalogo/XI-PIZZAE4_CU_4/1024-1024/horno-de-pizza-electrico-color-unico.jpg,4,,
jm-xi-pizzae4,,,,,,,,,,,,,,https://f.fcdn.app/imgs/93bd03/joacamar.com.uy/joacuy/9937/original/catalogo/XI-PIZZAE4_CU_5/1024-1024/horno-de-pizza-electrico-color-unico.jpg,5,,
jm-xi-toolte36,tijera textil eléctrica inalámbrica,tijera textil eléctrica inalámbrica,Xion,Herramientas,"Xion, stock-verificado",TRUE,Color,COLOR UNICO,XI-TOOLTE36-CU-U,1244.00,1492.00,10,deny,https://f.fcdn.app/imgs/44d3cc/joacamar.com.uy/joacuy/d342/original/catalogo/XI-TOOLTE36_CU_1/1024-1024/tijera-textil-electrica-inalambrica-color-unico.jpg,1,,
jm-xi-toolte36,,,,,,,,,,,,,,https://f.fcdn.app/imgs/23fe9a/joacamar.com.uy/joacuy/ccc7/original/catalogo/XI-TOOLTE36_CU_2/1024-1024/tijera-textil-electrica-inalambrica-color-unico.jpg,2,,
jm-xi-toolps21w,tijera de poda electrica recargable,tijera de poda electrica recargable,Xion,Herramientas,"Xion, stock-verificado",TRUE,Color,COLOR UNICO,XI-TOOLPS21W-CU-U,2694.00,4104.00,10,deny,https://f.fcdn.app/imgs/011a6d/joacamar.com.uy/joacuy/c6cf/original/catalogo/XI-TOOLPS21W_CU_1/1024-1024/tijera-de-poda-electrica-recargable-color-unico.jpg,1,,
jm-xi-toolhs14w,mini motosierra inalámbrica,mini motosierra inalámbrica,Xion,Herramientas,"Xion, stock-verificado",TRUE,Color,COLOR UNICO,XI-TOOLHS14W-CU-U,1658.00,2031.00,10,deny,https://f.fcdn.app/imgs/a62cdb/joacamar.com.uy/joacuy/1b2c/original/catalogo/XI-TOOLHS14W_CU_1/1024-1024/mini-motosierra-inalambrica-color-unico.jpg,1,,
jm-xi-toolhs14w,,,,,,,,,,,,,,https://f.fcdn.app/imgs/a49d5a/joacamar.com.uy/joacuy/baf6/original/catalogo/XI-TOOLHS14W_CU_2/1024-1024/mini-motosierra-inalambrica-color-unico.jpg,2,,
jm-xi-gl1970,jarra electrica 1.7 lts retro.,jarra electrica 1.7 lts retro.,Xion,Electro,"Jarras, Xion, stock-verificado",TRUE,Color,COLOR UNICO,XI-GL1970-CU-U,1948.00,2031.00,10,deny,https://f.fcdn.app/imgs/396057/joacamar.com.uy/joacuy/ce0c/original/catalogo/XI-GL1970_CU_1/1024-1024/jarra-electrica-1-7-lts-retro-color-unico.jpg,1,,
jm-xi-gl1970,,,,,,,,,,,,,,https://f.fcdn.app/imgs/ec6cfe/joacamar.com.uy/joacuy/35ad/original/catalogo/XI-GL1970_CU_2/1024-1024/jarra-electrica-1-7-lts-retro-color-unico.jpg,2,,
jm-xi-gl1970,,,,,,,,,,,,,,https://f.fcdn.app/imgs/09e061/joacamar.com.uy/joacuy/5c29/original/catalogo/XI-GL1970_CU_3/1024-1024/jarra-electrica-1-7-lts-retro-color-unico.jpg,3,,
jm-xi-gl1970,,,,,,,,,,,,,,https://f.fcdn.app/imgs/c9d017/joacamar.com.uy/joacuy/ad57/original/catalogo/XI-GL1970_CU_4/1024-1024/jarra-electrica-1-7-lts-retro-color-unico.jpg,4,,
jm-xi-gl1970,,,,,,,,,,,,,,https://f.fcdn.app/imgs/a10eb8/joacamar.com.uy/joacuy/39fa/original/catalogo/XI-GL1970_CU_5/1024-1024/jarra-electrica-1-7-lts-retro-color-unico.jpg,5,,
jm-xi-hi1800,hidrolavadora 1800w,hidrolavadora 1800w,Xion,Jardín,"Xion, stock-verificado",TRUE,Color,COLOR UNICO,XI-HI1800-CU-U,4145.00,,10,deny,https://f.fcdn.app/imgs/db0c63/joacamar.com.uy/joacuy/ffc2/original/catalogo/XI-HI1800_CU_1/1024-1024/hidrolavadora-1800w-color-unico.jpg,1,,
jm-xi-hde60b,horno de empotrar 60 cm mecánico frente vidrio negro,horno de empotrar 60 cm mecánico frente vidrio negro,Xion,Electro,"Cocinas, Xion, stock-verificado",TRUE,Color,COLOR UNICO,XI-HDE60B-CU-U,12228.00,12808.00,10,deny,https://f.fcdn.app/imgs/de7e06/joacamar.com.uy/joacuy/7809/original/catalogo/XI-HDE60B_CU_1/1024-1024/horno-de-empotrar-60-cm-mecanico-frente-vidrio-negro-color-unico.jpg,1,,
jm-xi-hde60b,,,,,,,,,,,,,,https://f.fcdn.app/imgs/96ecaf/joacamar.com.uy/joacuy/26f6/original/catalogo/XI-HDE60B_CU_2/1024-1024/horno-de-empotrar-60-cm-mecanico-frente-vidrio-negro-color-unico.jpg,2,,
jm-xi-hde60b,,,,,,,,,,,,,,https://f.fcdn.app/imgs/3acbf1/joacamar.com.uy/joacuy/8f21/original/catalogo/XI-HDE60B_CU_3/1024-1024/horno-de-empotrar-60-cm-mecanico-frente-vidrio-negro-color-unico.jpg,3,,
jm-xi-hde60b,,,,,,,,,,,,,,https://f.fcdn.app/imgs/a820c1/joacamar.com.uy/joacuy/c8e9/original/catalogo/XI-HDE60B_CU_4/1024-1024/horno-de-empotrar-60-cm-mecanico-frente-vidrio-negro-color-unico.jpg,4,,
jm-xi-ra5,radio portátil am/fm,radio portátil am/fm,Xion,Electro,"Audio, Xion, stock-verificado",TRUE,Color,COLOR UNICO,XI-RA5-CU-U,1078.00,,10,deny,https://f.fcdn.app/imgs/0b9ef0/joacamar.com.uy/joacuy/6948/original/catalogo/XI-RA5_CU_1/1024-1024/radio-portatil-am-fm-color-unico.jpg,1,,
jm-xi-ra12,Radio portátil am/fm/sw,Radio portátil am/fm/sw,Xion,Electro,"Audio, Xion, stock-verificado",TRUE,Color,COLOR UNICO,XI-RA12-CU-U,788.00,,10,deny,https://f.fcdn.app/imgs/545393/joacamar.com.uy/joacuy/fed0/original/catalogo/XI-RA12_CU_1/1024-1024/radio-portatil-am-fm-sw-color-unico.jpg,1,,
jm-xi-gl30,"jarra eléctrica, 1.7l acero inox","jarra eléctrica, 1.7l acero inox",Xion,Electro,"Jarras, Xion, stock-verificado",TRUE,Color,COLOR UNICO,XI-GL30-CU-U,1036.00,1078.00,10,deny,https://f.fcdn.app/imgs/856024/joacamar.com.uy/joacuy/5266/original/catalogo/XI-GL30_CU_1/1024-1024/jarra-electrica-1-7l-acero-inox-color-unico.jpg,1,,
jm-xi-gl38,jarra eléctrica 1.7 lts.,jarra eléctrica 1.7 lts.,Xion,Electro,"Jarras, Xion, stock-verificado",TRUE,Color,COLOR UNICO,XI-GL38-CU-U,1202.00,1244.00,10,deny,https://f.fcdn.app/imgs/e3ddf5/joacamar.com.uy/joacuy/2504/original/catalogo/XI-GL38_CU_1/1024-1024/jarra-electrica-1-7-lts-color-unico.jpg,1,,
jm-xi-gl15,jarra eléctrica 1.7 lts.,jarra eléctrica 1.7 lts.,Xion,Electro,"Jarras, Xion, stock-verificado",TRUE,Color,BLACK,XI-GL15-BLK-U,663.00,,10,deny,https://f.fcdn.app/imgs/ec8b73/joacamar.com.uy/joacuy/180c/original/catalogo/XI-GL15_BLK_1/1024-1024/jarra-electrica-1-7-lts-black.jpg,1,,
jm-xi-gl15,,,,,,,,GRY,XI-GL15-GRY-U,663.00,,10,deny,,,,
jm-xi-gl15,,,,,,,,,,,,,,https://f.fcdn.app/imgs/76f3a8/joacamar.com.uy/joacuy/6566/original/catalogo/XI-GL15_GRY_1/1024-1024/jarra-electrica-1-7-lts-gry.jpg,2,,
jm-xi-gl23,jarra eléctrica 1.7 lts. función mate,jarra eléctrica 1.7 lts. función mate,Xion,Electro,"Jarras, Xion, stock-verificado",TRUE,Color,WHITE BLUE,XI-GL23-WHTBL-U,995.00,,10,deny,https://f.fcdn.app/imgs/14e1c0/joacamar.com.uy/joacuy/41ed/original/catalogo/XI-GL23_WHTBL_1/1024-1024/jarra-electrica-1-7-lts-funcion-mate-white-blue.jpg,1,,
jm-xi-ra28bt,radio portátil am/fm recargable xion,radio portátil am/fm recargable xion,Xion,Electro,"Audio, Xion, stock-verificado",TRUE,Color,COLOR UNICO,XI-RA28BT-CU-U,1451.00,,10,deny,https://f.fcdn.app/imgs/13fd01/joacamar.com.uy/joacuy/3a1c/original/catalogo/XI-RA28BT_CU_1/1024-1024/radio-portatil-am-fm-recargable-xion-color-unico.jpg,1,,
jm-xi-toolag81,amoladora angular 800w - 4-1/2¨,amoladora angular 800w - 4-1/2¨,Xion,Herramientas,"Xion, stock-verificado",TRUE,Color,COLOR UNICO,XI-TOOLAG81-CU-U,1534.00,1865.00,10,deny,https://f.fcdn.app/imgs/aeca19/joacamar.com.uy/joacuy/dad5/original/catalogo/XI-TOOLAG81_CU_1/1024-1024/amoladora-angular-800w-4-1-2-color-unico.jpg,1,,
jm-xi-toolcs15,sierra circular 1500w,sierra circular 1500w,Xion,Herramientas,"Xion, stock-verificado",TRUE,Color,COLOR UNICO,XI-TOOLCS15-CU-U,3316.00,4062.00,10,deny,https://f.fcdn.app/imgs/de269a/joacamar.com.uy/joacuy/d540/original/catalogo/XI-TOOLCS15_CU_1/1024-1024/sierra-circular-1500w-color-unico.jpg,1,,
jm-xi-toolag1200,amoladora angular 1200w - 5¨,amoladora angular 1200w - 5¨,Xion,Herramientas,"Xion, stock-verificado",TRUE,Color,COLOR UNICO,XI-TOOLAG1200-CU-U,2363.00,2860.00,10,deny,https://f.fcdn.app/imgs/738e4d/joacamar.com.uy/joacuy/436b/original/catalogo/XI-TOOLAG1200_CU_1/1024-1024/amoladora-angular-1200w-5-color-unico.jpg,1,,
jm-xi-toolag2400,amoladora angular 2400w - 9¨,amoladora angular 2400w - 9¨,Xion,Herramientas,"Xion, stock-verificado",TRUE,Color,COLOR UNICO,XI-TOOLAG2400-CU-U,4062.00,4933.00,10,deny,https://f.fcdn.app/imgs/91d784/joacamar.com.uy/joacuy/e4c9/original/catalogo/XI-TOOLAG2400_CU_1/1024-1024/amoladora-angular-2400w-9-color-unico.jpg,1,,
jm-xi-lvv10,lavavajillas xion de 10 servicios.,lavavajillas xion de 10 servicios.,Xion,Electro,"Lavavajillas, Xion, stock-verificado",TRUE,Color,COLOR UNICO,XI-LVV10-CU-U,14922.00,15710.00,10,deny,https://f.fcdn.app/imgs/7244bc/joacamar.com.uy/joacuy/7669/original/catalogo/XI-LVV10_CU_1/1024-1024/lavavajillas-xion-de-10-servicios-color-unico.jpg,1,,
jm-xi-lvv10,,,,,,,,,,,,,,https://f.fcdn.app/imgs/ed4ef5/joacamar.com.uy/joacuy/44e5/original/catalogo/XI-LVV10_CU_2/1024-1024/lavavajillas-xion-de-10-servicios-color-unico.jpg,2,,
jm-xi-lvv10,,,,,,,,,,,,,,https://f.fcdn.app/imgs/c74581/joacamar.com.uy/joacuy/25fe/original/catalogo/XI-LVV10_CU_3/1024-1024/lavavajillas-xion-de-10-servicios-color-unico.jpg,3,,
jm-xi-lvv10,,,,,,,,,,,,,,https://f.fcdn.app/imgs/0df29a/joacamar.com.uy/joacuy/ff4f/original/catalogo/XI-LVV10_CU_4/1024-1024/lavavajillas-xion-de-10-servicios-color-unico.jpg,4,,
jm-xi-lvv10,,,,,,,,,,,,,,https://f.fcdn.app/imgs/bec813/joacamar.com.uy/joacuy/7acd/original/catalogo/XI-LVV10_CU_5/1024-1024/lavavajillas-xion-de-10-servicios-color-unico.jpg,5,,
jm-xi-lvv14,lavavajillas xion de 14 servicios.,lavavajillas xion de 14 servicios.,Xion,Electro,"Lavavajillas, Xion, stock-verificado",TRUE,Color,COLOR UNICO,XI-LVV14-CU-U,19647.00,20684.00,10,deny,https://f.fcdn.app/imgs/8aa9ee/joacamar.com.uy/joacuy/4f55/original/catalogo/XI-LVV14_CU_1/1024-1024/lavavajillas-xion-de-14-servicios-color-unico.jpg,1,,
jm-xi-lvv14,,,,,,,,,,,,,,https://f.fcdn.app/imgs/9acebd/joacamar.com.uy/joacuy/3f08/original/catalogo/XI-LVV14_CU_2/1024-1024/lavavajillas-xion-de-14-servicios-color-unico.jpg,2,,
jm-xi-lvv14,,,,,,,,,,,,,,https://f.fcdn.app/imgs/8139f1/joacamar.com.uy/joacuy/6ebf/original/catalogo/XI-LVV14_CU_3/1024-1024/lavavajillas-xion-de-14-servicios-color-unico.jpg,3,,
jm-xi-sw43,"sandwichera, grill y waflera 3 en 1","sandwichera, grill y waflera 3 en 1",Xion,Electro,"Sandwicheras, Xion, stock-verificado",TRUE,Color,COLOR UNICO,XI-SW43-CU-U,2570.00,2860.00,10,deny,https://f.fcdn.app/imgs/dcef37/joacamar.com.uy/joacuy/2b3c/original/catalogo/XI-SW43_CU_1/1024-1024/sandwichera-grill-y-waflera-3-en-1-color-unico.jpg,1,,
jm-xi-sw43,,,,,,,,,,,,,,https://f.fcdn.app/imgs/861e1d/joacamar.com.uy/joacuy/9833/original/catalogo/XI-SW43_CU_2/1024-1024/sandwichera-grill-y-waflera-3-en-1-color-unico.jpg,2,,
jm-xi-sw43,,,,,,,,,,,,,,https://f.fcdn.app/imgs/298eb9/joacamar.com.uy/joacuy/28ee/original/catalogo/XI-SW43_CU_3/1024-1024/sandwichera-grill-y-waflera-3-en-1-color-unico.jpg,3,,
jm-xi-sw43,,,,,,,,,,,,,,https://f.fcdn.app/imgs/c0ddab/joacamar.com.uy/joacuy/2ba8/original/catalogo/XI-SW43_CU_4/1024-1024/sandwichera-grill-y-waflera-3-en-1-color-unico.jpg,4,,
jm-xi-sw43,,,,,,,,,,,,,,https://f.fcdn.app/imgs/3aeb0b/joacamar.com.uy/joacuy/e546/original/catalogo/XI-SW43_CU_5/1024-1024/sandwichera-grill-y-waflera-3-en-1-color-unico.jpg,5,,
jm-xi-lvv6,lavavajillas xion de 6 servicios,lavavajillas xion de 6 servicios,Xion,Electro,"Lavavajillas, Xion, stock-verificado",TRUE,Color,COLOR UNICO,XI-LVV6-CU-U,15710.00,,10,deny,https://f.fcdn.app/imgs/4b4ba8/joacamar.com.uy/joacuy/4c88/original/catalogo/XI-LVV6_CU_1/1024-1024/lavavajillas-xion-de-6-servicios-color-unico.jpg,1,,
jm-xi-lvv6,,,,,,,,,,,,,,https://f.fcdn.app/imgs/0c8f2a/joacamar.com.uy/joacuy/d0fe/original/catalogo/XI-LVV6_CU_2/1024-1024/lavavajillas-xion-de-6-servicios-color-unico.jpg,2,,
jm-xi-micw,micrófono inalámbrico xion con usb,micrófono inalámbrico xion con usb,Xion,Electro,"Audio, Xion, stock-verificado",TRUE,Color,COLOR UNICO,XI-MICW-CU-U,1202.00,1244.00,10,deny,https://f.fcdn.app/imgs/5173a6/joacamar.com.uy/joacuy/135b/original/catalogo/XI-MICW_CU_1/1024-1024/microfono-inalambrico-xion-con-usb-color-unico.jpg,1,,
jm-xi-sw40,sandwichera grill 4 panes,sandwichera grill 4 panes,Xion,Electro,"Sandwicheras, Xion, stock-verificado",TRUE,Color,COLOR UNICO,XI-SW40-CU-U,1782.00,1990.00,10,deny,https://f.fcdn.app/imgs/af0fc9/joacamar.com.uy/joacuy/756b/original/catalogo/XI-SW40_CU_1/1024-1024/sandwichera-grill-4-panes-color-unico.jpg,1,,
jm-xi-sw40,,,,,,,,,,,,,,https://f.fcdn.app/imgs/1c73c5/joacamar.com.uy/joacuy/dcdd/original/catalogo/XI-SW40_CU_2/1024-1024/sandwichera-grill-4-panes-color-unico.jpg,2,,
jm-xi-gr44,grill sandwichera 4 panes,grill sandwichera 4 panes,Xion,Electro,"Sandwicheras, Xion, stock-verificado",TRUE,Color,COLOR UNICO,XI-GR44-CU-U,2570.00,2860.00,10,deny,https://f.fcdn.app/imgs/30f907/joacamar.com.uy/joacuy/493b/original/catalogo/XI-GR44_CU_1/1024-1024/grill-sandwichera-4-panes-color-unico.jpg,1,,
jm-xi-gr44,,,,,,,,,,,,,,https://f.fcdn.app/imgs/1fed75/joacamar.com.uy/joacuy/a919/original/catalogo/XI-GR44_CU_2/1024-1024/grill-sandwichera-4-panes-color-unico.jpg,2,,
jm-xi-gr44,,,,,,,,,,,,,,https://f.fcdn.app/imgs/2e81df/joacamar.com.uy/joacuy/42fb/original/catalogo/XI-GR44_CU_3/1024-1024/grill-sandwichera-4-panes-color-unico.jpg,3,,
jm-xi-gr44,,,,,,,,,,,,,,https://f.fcdn.app/imgs/f84dae/joacamar.com.uy/joacuy/85ac/original/catalogo/XI-GR44_CU_4/1024-1024/grill-sandwichera-4-panes-color-unico.jpg,4,,
jm-xi-sw20,sandwichera eléctrica 2 panes,sandwichera eléctrica 2 panes,Xion,Electro,"Sandwicheras, Xion, stock-verificado",TRUE,Color,BLACK,XI-SW20-BLK-U,746.00,829.00,10,deny,https://f.fcdn.app/imgs/e86e03/joacamar.com.uy/joacuy/eef5/original/catalogo/XI-SW20_BLK_1/1024-1024/sandwichera-electrica-2-panes-black.jpg,1,,
jm-xi-micwduo,micrófono doble inalámbricos xion con usb,micrófono doble inalámbricos xion con usb,Xion,Electro,"Audio, Xion, stock-verificado",TRUE,Color,COLOR UNICO,XI-MICWDUO-CU-U,2072.00,2155.00,10,deny,https://f.fcdn.app/imgs/5757a5/joacamar.com.uy/joacuy/490d/original/catalogo/XI-MICWDUO_CU_1/1024-1024/microfono-doble-inalambricos-xion-con-usb-color-unico.jpg,1,,
jm-xi-cal101,termotanque calefón 100lts.,termotanque calefón 100lts.,Xion,Electro,"Calefones, Xion, stock-verificado",TRUE,Color,COLOR UNICO,XI-CAL101-CU-U,8539.00,9492.00,10,deny,https://f.fcdn.app/imgs/e2e2f6/joacamar.com.uy/joacuy/0847/original/catalogo/XI-CAL101_CU_1/1024-1024/termotanque-calefon-100lts-color-unico.jpg,1,,
jm-xi-cal101,,,,,,,,,,,,,,https://f.fcdn.app/imgs/a9891e/joacamar.com.uy/joacuy/986f/original/catalogo/XI-CAL101_CU_2/1024-1024/termotanque-calefon-100lts-color-unico.jpg,2,,
jm-xi-cal88,termotanque calefón 80 lts.,termotanque calefón 80 lts.,Xion,Electro,"Calefones, Xion, stock-verificado",TRUE,Color,COLOR UNICO,XI-CAL88-CU-U,7834.00,8249.00,10,deny,https://f.fcdn.app/imgs/c1fab1/joacamar.com.uy/joacuy/5a60/original/catalogo/XI-CAL88_CU_1/1024-1024/termotanque-calefon-80-lts-color-unico.jpg,1,,
jm-xi-iron155i,plancha a vapor inalámbrica 2200w,plancha a vapor inalámbrica 2200w,Xion,Electro,"Planchas, Xion, stock-verificado",TRUE,Color,COLOR UNICO,XI-IRON155I-CU-U,1824.00,2031.00,10,deny,https://f.fcdn.app/imgs/3493e9/joacamar.com.uy/joacuy/99c2/original/catalogo/XI-IRON155I_CU_1/1024-1024/plancha-a-vapor-inalambrica-2200w-color-unico.jpg,1,,
jm-xi-iron155i,,,,,,,,,,,,,,https://f.fcdn.app/imgs/e35984/joacamar.com.uy/joacuy/4dcb/original/catalogo/XI-IRON155I_CU_2/1024-1024/plancha-a-vapor-inalambrica-2200w-color-unico.jpg,2,,
jm-xi-iron155i,,,,,,,,,,,,,,https://f.fcdn.app/imgs/959b4f/joacamar.com.uy/joacuy/8e4d/original/catalogo/XI-IRON155I_CU_3/1024-1024/plancha-a-vapor-inalambrica-2200w-color-unico.jpg,3,,
jm-xi-bar60,barra de sonido 2.1 con subwoofer 5000w pmpo,barra de sonido 2.1 con subwoofer 5000w pmpo,Xion,Electro,"Audio, Xion, stock-verificado",TRUE,Color,COLOR UNICO,XI-BAR60-CU-U,2736.00,2860.00,10,deny,https://f.fcdn.app/imgs/53d7b1/joacamar.com.uy/joacuy/1a35/original/catalogo/XI-BAR60_CU_1/1024-1024/barra-de-sonido-2-1-con-subwoofer-5000w-pmpo-color-unico.jpg,1,,
jm-xi-bar60,,,,,,,,,,,,,,https://f.fcdn.app/imgs/edd2d4/joacamar.com.uy/joacuy/daa1/original/catalogo/XI-BAR60_CU_2/1024-1024/barra-de-sonido-2-1-con-subwoofer-5000w-pmpo-color-unico.jpg,2,,
jm-xi-bar60,,,,,,,,,,,,,,https://f.fcdn.app/imgs/61f0fd/joacamar.com.uy/joacuy/9223/original/catalogo/XI-BAR60_CU_3/1024-1024/barra-de-sonido-2-1-con-subwoofer-5000w-pmpo-color-unico.jpg,3,,
jm-xi-bar60,,,,,,,,,,,,,,https://f.fcdn.app/imgs/60d78c/joacamar.com.uy/joacuy/d5b3/original/catalogo/XI-BAR60_CU_4/1024-1024/barra-de-sonido-2-1-con-subwoofer-5000w-pmpo-color-unico.jpg,4,,
jm-xi-bar60,,,,,,,,,,,,,,https://f.fcdn.app/imgs/3bfad2/joacamar.com.uy/joacuy/bb41/original/catalogo/XI-BAR60_CU_5/1024-1024/barra-de-sonido-2-1-con-subwoofer-5000w-pmpo-color-unico.jpg,5,,
jm-xi-bar180-2,barra de sonido xion 2.1 potencia 8000w pmpo,barra de sonido xion 2.1 potencia 8000w pmpo,Xion,Electro,"Audio, Xion, stock-verificado",TRUE,Color,COLOR UNICO,XI-BAR180-2-CU-U,4808.00,5347.00,10,deny,https://f.fcdn.app/imgs/1cd375/joacamar.com.uy/joacuy/84fe/original/catalogo/XI-BAR180-2_CU_1/1024-1024/barra-de-sonido-xion-2-1-potencia-8000w-pmpo-color-unico.jpg,1,,
jm-xi-iron9,plancha de vapor vertical portatil,plancha de vapor vertical portatil,Xion,Electro,"Planchas, Xion, stock-verificado",TRUE,Color,COLOR UNICO,XI-IRON9-CU-U,1617.00,,10,deny,https://f.fcdn.app/imgs/da2888/joacamar.com.uy/joacuy/0f89/original/catalogo/XI-IRON9_CU_1/1024-1024/plancha-de-vapor-vertical-portatil-color-unico.jpg,1,,
jm-xi-iron9,,,,,,,,,,,,,,https://f.fcdn.app/imgs/b7f280/joacamar.com.uy/joacuy/2193/original/catalogo/XI-IRON9_CU_2/1024-1024/plancha-de-vapor-vertical-portatil-color-unico.jpg,2,,
jm-xi-iron9,,,,,,,,,,,,,,https://f.fcdn.app/imgs/67a521/joacamar.com.uy/joacuy/df3d/original/catalogo/XI-IRON9_CU_3/1024-1024/plancha-de-vapor-vertical-portatil-color-unico.jpg,3,,
jm-xi-iron12,plancha a vapor 1600w,plancha a vapor 1600w,Xion,Electro,"Planchas, Xion, stock-verificado",TRUE,Color,COLOR UNICO,XI-IRON12-CU-U,788.00,,10,deny,https://f.fcdn.app/imgs/a65b1c/joacamar.com.uy/joacuy/139b/original/catalogo/XI-IRON12_CU_1/1024-1024/plancha-a-vapor-1600w-color-unico.jpg,1,,
jm-xi-iron12,,,,,,,,,,,,,,https://f.fcdn.app/imgs/f60abd/joacamar.com.uy/joacuy/8c93/original/catalogo/XI-IRON12_CU_2/1024-1024/plancha-a-vapor-1600w-color-unico.jpg,2,,
jm-xi-cal30p,termotanque calefón 28lts. prisma,termotanque calefón 28lts. prisma,Xion,Electro,"Calefones, Xion, stock-verificado",TRUE,Color,COLOR UNICO,XI-CAL30P-CU-U,5264.00,6176.00,10,deny,https://f.fcdn.app/imgs/c36ddd/joacamar.com.uy/joacuy/1bf2/original/catalogo/XI-CAL30P_CU_1/1024-1024/termotanque-calefon-28lts-prisma-color-unico.jpg,1,,
jm-xi-cal30p,,,,,,,,,,,,,,https://f.fcdn.app/imgs/814219/joacamar.com.uy/joacuy/f7b0/original/catalogo/XI-CAL30P_CU_2/1024-1024/termotanque-calefon-28lts-prisma-color-unico.jpg,2,,
jm-sl19501p-12a,aspiradora profesional stanley 45 litros,aspiradora profesional stanley 45 litros,STANLEY,Electro,"Aspiradoras, STANLEY, stock-verificado",TRUE,Color,COLOR UNICO,SL19501P-12A-CU-U,10818.00,11150.00,10,deny,https://f.fcdn.app/imgs/9cdf42/joacamar.com.uy/joacuy/9689/original/catalogo/SL19501P-12A_CU_1/1024-1024/aspiradora-profesional-stanley-45-litros-color-unico.jpg,1,,
jm-sl19501p-12a,,,,,,,,,,,,,,https://f.fcdn.app/imgs/bb1104/joacamar.com.uy/joacuy/d770/original/catalogo/SL19501P-12A_CU_2/1024-1024/aspiradora-profesional-stanley-45-litros-color-unico.jpg,2,,
jm-xi-vcrobot360,aspiradora robot laser con depósito,aspiradora robot laser con depósito,Xion,Electro,"Aspiradoras, Xion, stock-verificado",TRUE,Color,COLOR UNICO,XI-VCROBOT360-CU-U,10984.00,11565.00,10,deny,https://f.fcdn.app/imgs/e44ebb/joacamar.com.uy/joacuy/911b/original/catalogo/XI-VCROBOT360_CU_1/1024-1024/aspiradora-robot-laser-con-deposito-color-unico.jpg,1,,
jm-xi-vcrobot360,,,,,,,,,,,,,,https://f.fcdn.app/imgs/1d1d14/joacamar.com.uy/joacuy/93c4/original/catalogo/XI-VCROBOT360_CU_2/1024-1024/aspiradora-robot-laser-con-deposito-color-unico.jpg,2,,
jm-xi-vcrobot360,,,,,,,,,,,,,,https://f.fcdn.app/imgs/c79371/joacamar.com.uy/joacuy/2be3/original/catalogo/XI-VCROBOT360_CU_3/1024-1024/aspiradora-robot-laser-con-deposito-color-unico.jpg,3,,
jm-xi-vcrobot360,,,,,,,,,,,,,,https://f.fcdn.app/imgs/5e31f5/joacamar.com.uy/joacuy/6522/original/catalogo/XI-VCROBOT360_CU_4/1024-1024/aspiradora-robot-laser-con-deposito-color-unico.jpg,4,,
jm-xi-vcrobot360,,,,,,,,,,,,,,https://f.fcdn.app/imgs/8939a4/joacamar.com.uy/joacuy/291e/original/catalogo/XI-VCROBOT360_CU_5/1024-1024/aspiradora-robot-laser-con-deposito-color-unico.jpg,5,,
jm-sl19116p,aspiradora profesional stanley 23 litros,aspiradora profesional stanley 23 litros,STANLEY,Electro,"Aspiradoras, STANLEY, stock-verificado",TRUE,Color,COLOR UNICO,SL19116P-CU-U,6383.00,6591.00,10,deny,https://f.fcdn.app/imgs/dea579/joacamar.com.uy/joacuy/8725/original/catalogo/SL19116P_CU_1/1024-1024/aspiradora-profesional-stanley-23-litros-color-unico.jpg,1,,
jm-sl19202p-3b,aspiradora profesional stanley 11 litros,aspiradora profesional stanley 11 litros,STANLEY,Electro,"Aspiradoras, STANLEY, stock-verificado",TRUE,Color,COLOR UNICO,SL19202P-3B-CU-U,4767.00,4933.00,10,deny,https://f.fcdn.app/imgs/9aaae0/joacamar.com.uy/joacuy/9bb5/original/catalogo/SL19202P-3B_CU_1/1024-1024/aspiradora-profesional-stanley-11-litros-color-unico.jpg,1,,
jm-sl19117p,aspiradora profesional stanley 30 litros,aspiradora profesional stanley 30 litros,STANLEY,Electro,"Aspiradoras, STANLEY, stock-verificado",TRUE,Color,COLOR UNICO,SL19117P-CU-U,7544.00,7834.00,10,deny,https://f.fcdn.app/imgs/3c33f3/joacamar.com.uy/joacuy/2d46/original/catalogo/SL19117P_CU_1/1024-1024/aspiradora-profesional-stanley-30-litros-color-unico.jpg,1,,
jm-xi-vc3600pro,aspiradora profesional polvo y líquido 3600w,aspiradora profesional polvo y líquido 3600w,Xion,Electro,"Aspiradoras, Xion, stock-verificado",TRUE,Color,COLOR UNICO,XI-VC3600PRO-CU-U,6591.00,,10,deny,https://f.fcdn.app/imgs/8f1dc7/joacamar.com.uy/joacuy/fe62/original/catalogo/XI-VC3600PRO_CU_1/1024-1024/aspiradora-profesional-polvo-y-liquido-3600w-color-unico.jpg,1,,
jm-xi-vc2850,aspiradora sin bolsa 2600W,aspiradora sin bolsa 2600W,Xion,Electro,"Aspiradoras, Xion, stock-verificado",TRUE,Color,COLOR UNICO,XI-VC2850-CU-U,3689.00,4104.00,10,deny,https://f.fcdn.app/imgs/4260a4/joacamar.com.uy/joacuy/ab80/original/catalogo/XI-VC2850_CU_1/1024-1024/aspiradora-sin-bolsa-2600w-color-unico.jpg,1,,
jm-xi-vc2850,,,,,,,,,,,,,,https://f.fcdn.app/imgs/f93fc9/joacamar.com.uy/joacuy/247a/original/catalogo/XI-VC2850_CU_2/1024-1024/aspiradora-sin-bolsa-2600w-color-unico.jpg,2,,
jm-xi-vc2850,,,,,,,,,,,,,,https://f.fcdn.app/imgs/987bd4/joacamar.com.uy/joacuy/f361/original/catalogo/XI-VC2850_CU_3/1024-1024/aspiradora-sin-bolsa-2600w-color-unico.jpg,3,,
jm-sl19301-4b,aspiradora profesional stanley 15 litros,aspiradora profesional stanley 15 litros,STANLEY,Electro,"Aspiradoras, STANLEY, stock-verificado",TRUE,Color,COLOR UNICO,SL19301-4B-CU-U,5596.00,5762.00,10,deny,https://f.fcdn.app/imgs/c899d4/joacamar.com.uy/joacuy/e32d/original/catalogo/SL19301-4B_CU_1/1024-1024/aspiradora-profesional-stanley-15-litros-color-unico.jpg,1,,
jm-xi-vc1950,aspiradora xion easy clean 1950W,aspiradora xion easy clean 1950W,Xion,Electro,"Aspiradoras, Xion, stock-verificado",TRUE,Color,COLOR UNICO,XI-VC1950-CU-U,2570.00,2860.00,10,deny,https://f.fcdn.app/imgs/3af835/joacamar.com.uy/joacuy/0c05/original/catalogo/XI-VC1950_CU_1/1024-1024/aspiradora-xion-easy-clean-1950w-color-unico.jpg,1,,
jm-xi-vc1950,,,,,,,,,,,,,,https://f.fcdn.app/imgs/d9eae7/joacamar.com.uy/joacuy/010b/original/catalogo/XI-VC1950_CU_2/1024-1024/aspiradora-xion-easy-clean-1950w-color-unico.jpg,2,,
jm-xi-vc1950,,,,,,,,,,,,,,https://f.fcdn.app/imgs/2dc590/joacamar.com.uy/joacuy/783a/original/catalogo/XI-VC1950_CU_3/1024-1024/aspiradora-xion-easy-clean-1950w-color-unico.jpg,3,,
jm-xi-vcrobot20,aspiradora robot 3 en 1,aspiradora robot 3 en 1,Xion,Electro,"Aspiradoras, Xion, stock-verificado",TRUE,Color,COLOR UNICO,XI-VCROBOT20-CU-U,3565.00,3689.00,10,deny,https://f.fcdn.app/imgs/55c827/joacamar.com.uy/joacuy/9a7d/original/catalogo/XI-VCROBOT20_CU_1/1024-1024/aspiradora-robot-3-en-1-color-unico.jpg,1,,
jm-xi-vcrobot20,,,,,,,,,,,,,,https://f.fcdn.app/imgs/4a0e01/joacamar.com.uy/joacuy/2b47/original/catalogo/XI-VCROBOT20_CU_2/1024-1024/aspiradora-robot-3-en-1-color-unico.jpg,2,,
jm-abs03,aspiradora Electrolux de trineo,aspiradora Electrolux de trineo,electrolux,Electro,"Aspiradoras, electrolux, stock-verificado",TRUE,Color,COLOR UNICO,ABS03-CU-U,2860.00,5762.00,10,deny,https://f.fcdn.app/imgs/7cd94b/joacamar.com.uy/joacuy/782c/original/catalogo/ABS03_CU_1/1024-1024/aspiradora-electrolux-de-trineo-color-unico.jpg,1,,
jm-abs03,,,,,,,,,,,,,,https://f.fcdn.app/imgs/c397ac/joacamar.com.uy/joacuy/7582/original/catalogo/ABS03_CU_2/1024-1024/aspiradora-electrolux-de-trineo-color-unico.jpg,2,,
jm-abs03,,,,,,,,,,,,,,https://f.fcdn.app/imgs/2a0787/joacamar.com.uy/joacuy/0664/original/catalogo/ABS03_CU_3/1024-1024/aspiradora-electrolux-de-trineo-color-unico.jpg,3,,
jm-xi-vcrobot80,aspiradora robot vuelve a la base,aspiradora robot vuelve a la base,Xion,Electro,"Aspiradoras, Xion, stock-verificado",TRUE,Color,COLOR UNICO,XI-VCROBOT80-CU-U,4684.00,4933.00,10,deny,https://f.fcdn.app/imgs/f89faf/joacamar.com.uy/joacuy/9fd1/original/catalogo/XI-VCROBOT80_CU_1/1024-1024/aspiradora-robot-vuelve-a-la-base-color-unico.jpg,1,,
jm-xi-vcrobot80,,,,,,,,,,,,,,https://f.fcdn.app/imgs/002327/joacamar.com.uy/joacuy/0648/original/catalogo/XI-VCROBOT80_CU_2/1024-1024/aspiradora-robot-vuelve-a-la-base-color-unico.jpg,2,,
jm-xi-vc1000,aspiradora vertical 2 en 1,aspiradora vertical 2 en 1,Xion,Electro,"Aspiradoras, Xion, stock-verificado",TRUE,Color,COLOR UNICO,XI-VC1000-CU-U,2031.00,,10,deny,https://f.fcdn.app/imgs/122a22/joacamar.com.uy/joacuy/78d1/original/catalogo/XI-VC1000_CU_1/1024-1024/aspiradora-vertical-2-en-1-color-unico.jpg,1,,
jm-xi-vc1000,,,,,,,,,,,,,,https://f.fcdn.app/imgs/8ab567/joacamar.com.uy/joacuy/7e4e/original/catalogo/XI-VC1000_CU_2/1024-1024/aspiradora-vertical-2-en-1-color-unico.jpg,2,,
jm-xi-vc1500,aspiradora 1500w,aspiradora 1500w,Xion,Electro,"Aspiradoras, Xion, stock-verificado",TRUE,Color,BLACK,XI-VC1500-BLK-U,2238.00,2321.00,10,deny,https://f.fcdn.app/imgs/77b0c2/joacamar.com.uy/joacuy/0e73/original/catalogo/XI-VC1500_BLK_1/1024-1024/aspiradora-1500w-black.jpg,1,,
jm-xi-vc2200pro,aspiradora profesional polvo y líquido 2200w,aspiradora profesional polvo y líquido 2200w,Xion,Electro,"Aspiradoras, Xion, stock-verificado",TRUE,Color,COLOR UNICO,XI-VC2200PRO-CU-U,3938.00,4104.00,10,deny,https://f.fcdn.app/imgs/4d4c28/joacamar.com.uy/joacuy/00d2/original/catalogo/XI-VC2200PRO_CU_1/1024-1024/aspiradora-profesional-polvo-y-liquido-2200w-color-unico.jpg,1,,
jm-xi-vc2800pro,aspiradora profesional polvo y liquido 2800w,aspiradora profesional polvo y liquido 2800w,Xion,Electro,"Aspiradoras, Xion, stock-verificado",TRUE,Color,COLOR UNICO,XI-VC2800PRO-CU-U,5347.00,,10,deny,https://f.fcdn.app/imgs/e1efc4/joacamar.com.uy/joacuy/c9b4/original/catalogo/XI-VC2800PRO_CU_1/1024-1024/aspiradora-profesional-polvo-y-liquido-2800w-color-unico.jpg,1,,
jm-xi-gl7010,multiprocesadora 3 en 1 800w,multiprocesadora 3 en 1 800w,Xion,Electro,"Otros, Xion, stock-verificado",TRUE,Color,COLOR UNICO,XI-GL7010-CU-U,3275.00,,10,deny,https://f.fcdn.app/imgs/721fd5/joacamar.com.uy/joacuy/5acc/original/catalogo/XI-GL7010_CU_1/1024-1024/multiprocesadora-3-en-1-800w-color-unico.jpg,1,,
jm-filtro-pc41x3,FILTRO PURIFIFCADOR ELECTROLUX PC41X,FILTRO PURIFIFCADOR ELECTROLUX PC41X,electrolux,Electro,"Otros, electrolux, stock-verificado",TRUE,Color,COLOR UNICO,FILTRO-PC41X3-CU-U,4104.00,6176.00,10,deny,https://f.fcdn.app/imgs/4ef31a/joacamar.com.uy/joacuy/7aea/original/catalogo/FILTRO-PC41X3_CU_1/1024-1024/filtro-purififcador-electrolux-pc41x-color-unico.jpg,1,,
jm-filtro-pc41x3,,,,,,,,,,,,,,https://f.fcdn.app/imgs/8d0542/joacamar.com.uy/joacuy/3d65/original/catalogo/FILTRO-PC41X3_CU_2/1024-1024/filtro-purififcador-electrolux-pc41x-color-unico.jpg,2,,
jm-filtro-pc41x3,,,,,,,,,,,,,,https://f.fcdn.app/imgs/ce1065/joacamar.com.uy/joacuy/2297/original/catalogo/FILTRO-PC41X3_CU_3/1024-1024/filtro-purififcador-electrolux-pc41x-color-unico.jpg,3,,
jm-xi-mc120,máquina de coser xion con 12 patrones de puntadas,máquina de coser xion con 12 patrones de puntadas,Xion,Electro,"Otros, Xion, stock-verificado",TRUE,Color,COLOR UNICO,XI-MC120-CU-U,2943.00,3275.00,10,deny,https://f.fcdn.app/imgs/c99e4e/joacamar.com.uy/joacuy/d8fe/original/catalogo/XI-MC120_CU_1/1024-1024/maquina-de-coser-xion-con-12-patrones-de-puntadas-color-unico.jpg,1,,
jm-xi-mc120,,,,,,,,,,,,,,https://f.fcdn.app/imgs/bda03d/joacamar.com.uy/joacuy/2ee8/original/catalogo/XI-MC120_CU_2/1024-1024/maquina-de-coser-xion-con-12-patrones-de-puntadas-color-unico.jpg,2,,
jm-xi-frozen,máquina de granizados y helados,máquina de granizados y helados,Xion,Electro,"Otros, Xion, stock-verificado",TRUE,Color,COLOR UNICO,XI-FROZEN-CU-U,10611.00,11150.00,10,deny,https://f.fcdn.app/imgs/c68245/joacamar.com.uy/joacuy/5245/original/catalogo/XI-FROZEN_CU_1/1024-1024/maquina-de-granizados-y-helados-color-unico.jpg,1,,
jm-xi-frozen,,,,,,,,,,,,,,https://f.fcdn.app/imgs/9d2ea9/joacamar.com.uy/joacuy/4d0a/original/catalogo/XI-FROZEN_CU_2/1024-1024/maquina-de-granizados-y-helados-color-unico.jpg,2,,
jm-xi-frozen,,,,,,,,,,,,,,https://f.fcdn.app/imgs/87d338/joacamar.com.uy/joacuy/3699/original/catalogo/XI-FROZEN_CU_3/1024-1024/maquina-de-granizados-y-helados-color-unico.jpg,3,,
jm-xi-frozen,,,,,,,,,,,,,,https://f.fcdn.app/imgs/3d8ad6/joacamar.com.uy/joacuy/a9d2/original/catalogo/XI-FROZEN_CU_4/1024-1024/maquina-de-granizados-y-helados-color-unico.jpg,4,,
jm-xi-frozen,,,,,,,,,,,,,,https://f.fcdn.app/imgs/c8ec19/joacamar.com.uy/joacuy/750a/original/catalogo/XI-FROZEN_CU_5/1024-1024/maquina-de-granizados-y-helados-color-unico.jpg,5,,
jm-xi-h2,cocina eléctrica 2 discos,cocina eléctrica 2 discos,Xion,Electro,"Otros, Xion, stock-verificado",TRUE,Color,COLOR UNICO,XI-H2-CU-U,1202.00,,10,deny,https://f.fcdn.app/imgs/5d71f0/joacamar.com.uy/joacuy/47b7/original/catalogo/XI-H2_CU_1/1024-1024/cocina-electrica-2-discos-color-unico.jpg,1,,
jm-xi-ice,máquina de hacer hielo,máquina de hacer hielo,Xion,Electro,"Otros, Xion, stock-verificado",TRUE,Color,COLOR UNICO,XI-ICE-CU-U,5181.00,5347.00,10,deny,https://f.fcdn.app/imgs/48dc95/joacamar.com.uy/joacuy/83de/original/catalogo/XI-ICE_CU_1/1024-1024/maquina-de-hacer-hielo-color-unico.jpg,1,,
jm-xi-h330,vitrina refrigerada 330 lts.,vitrina refrigerada 330 lts.,Xion,Electro,"Heladeras, Xion, stock-verificado",TRUE,Color,BLACK,XI-H330-BLK-U,28974.00,,10,deny,https://f.fcdn.app/imgs/68e955/joacamar.com.uy/joacuy/ea8a/original/catalogo/XI-H330_BLK_1/1024-1024/vitrina-refrigerada-330-lts-black.jpg,1,,
jm-xi-mc450,máquina de coser con 45 patrones de puntadas,máquina de coser con 45 patrones de puntadas,Xion,Electro,"Otros, Xion, stock-verificado",TRUE,Color,COLOR UNICO,XI-MC450-CU-U,4808.00,5347.00,10,deny,https://f.fcdn.app/imgs/5b4018/joacamar.com.uy/joacuy/6c1f/original/catalogo/XI-MC450_CU_1/1024-1024/maquina-de-coser-con-45-patrones-de-puntadas-color-unico.jpg,1,,
jm-xi-mc450,,,,,,,,,,,,,,https://f.fcdn.app/imgs/97f80f/joacamar.com.uy/joacuy/3cc6/original/catalogo/XI-MC450_CU_2/1024-1024/maquina-de-coser-con-45-patrones-de-puntadas-color-unico.jpg,2,,
jm-xi-mc450,,,,,,,,,,,,,,https://f.fcdn.app/imgs/80673f/joacamar.com.uy/joacuy/15ec/original/catalogo/XI-MC450_CU_3/1024-1024/maquina-de-coser-con-45-patrones-de-puntadas-color-unico.jpg,3,,
jm-xi-mc450,,,,,,,,,,,,,,https://f.fcdn.app/imgs/d7e70c/joacamar.com.uy/joacuy/4b7a/original/catalogo/XI-MC450_CU_4/1024-1024/maquina-de-coser-con-45-patrones-de-puntadas-color-unico.jpg,4,,
jm-xi-wrobot10,robot limpiavidrios doble rociador XI-WROBOT10,robot limpiavidrios doble rociador XI-WROBOT10,Xion,Electro,"Otros, Xion, stock-verificado",TRUE,Color,COLOR UNICO,XI-WROBOT10-CU-U,4808.00,5347.00,10,deny,https://f.fcdn.app/imgs/411677/joacamar.com.uy/joacuy/0ffe/original/catalogo/XI-WROBOT10_CU_1/1024-1024/robot-limpiavidrios-doble-rociador-xi-wrobot10-color-unico.jpg,1,,
jm-xi-wrobot10,,,,,,,,,,,,,,https://f.fcdn.app/imgs/edb0da/joacamar.com.uy/joacuy/3de8/original/catalogo/XI-WROBOT10_CU_2/1024-1024/robot-limpiavidrios-doble-rociador-xi-wrobot10-color-unico.jpg,2,,
jm-xi-wrobot10,,,,,,,,,,,,,,https://f.fcdn.app/imgs/20936b/joacamar.com.uy/joacuy/9f66/original/catalogo/XI-WROBOT10_CU_3/1024-1024/robot-limpiavidrios-doble-rociador-xi-wrobot10-color-unico.jpg,3,,
jm-xi-wrobot10,,,,,,,,,,,,,,https://f.fcdn.app/imgs/86221d/joacamar.com.uy/joacuy/154d/original/catalogo/XI-WROBOT10_CU_4/1024-1024/robot-limpiavidrios-doble-rociador-xi-wrobot10-color-unico.jpg,4,,
jm-xi-wrobot10,,,,,,,,,,,,,,https://f.fcdn.app/imgs/a9daa3/joacamar.com.uy/joacuy/cd0c/original/catalogo/XI-WROBOT10_CU_5/1024-1024/robot-limpiavidrios-doble-rociador-xi-wrobot10-color-unico.jpg,5,,
jm-xi-h340nf,vitrina refrigerada 340Lt frío seco,vitrina refrigerada 340Lt frío seco,Xion,Electro,"Heladeras, Xion, stock-verificado",TRUE,Color,BLACK,XI-H340NF-BLK-U,33119.00,,10,deny,https://f.fcdn.app/imgs/784779/joacamar.com.uy/joacuy/b92c/original/catalogo/XI-H340NF_BLK_1/1024-1024/vitrina-refrigerada-340lt-frio-seco-black.jpg,1,,
jm-xi-wrobot50,smart robot limpiavidrios xion,smart robot limpiavidrios xion,Xion,Electro,"Otros, Xion, stock-verificado",TRUE,Color,COLOR UNICO,XI-WROBOT50-CU-U,5927.00,6591.00,10,deny,https://f.fcdn.app/imgs/631f92/joacamar.com.uy/joacuy/a3f1/original/catalogo/XI-WROBOT50_CU_1/1024-1024/smart-robot-limpiavidrios-xion-color-unico.jpg,1,,
jm-xi-wrobot50,,,,,,,,,,,,,,https://f.fcdn.app/imgs/d1e199/joacamar.com.uy/joacuy/c5b1/original/catalogo/XI-WROBOT50_CU_2/1024-1024/smart-robot-limpiavidrios-xion-color-unico.jpg,2,,
jm-xi-wrobot50,,,,,,,,,,,,,,https://f.fcdn.app/imgs/fde4cd/joacamar.com.uy/joacuy/4234/original/catalogo/XI-WROBOT50_CU_3/1024-1024/smart-robot-limpiavidrios-xion-color-unico.jpg,3,,
jm-xi-wrobot50,,,,,,,,,,,,,,https://f.fcdn.app/imgs/1df98f/joacamar.com.uy/joacuy/09de/original/catalogo/XI-WROBOT50_CU_4/1024-1024/smart-robot-limpiavidrios-xion-color-unico.jpg,4,,
jm-xi-wrobot50,,,,,,,,,,,,,,https://f.fcdn.app/imgs/28bd0c/joacamar.com.uy/joacuy/921e/original/catalogo/XI-WROBOT50_CU_5/1024-1024/smart-robot-limpiavidrios-xion-color-unico.jpg,5,,
jm-xi-wine15,kit descorchador eléctrico recargable total inox,kit descorchador eléctrico recargable total inox,Xion,Electro,"Otros, Xion, stock-verificado",TRUE,Color,COLOR UNICO,XI-WINE15-CU-U,1409.00,1451.00,10,deny,https://f.fcdn.app/imgs/6d4ebb/joacamar.com.uy/joacuy/8f33/original/catalogo/XI-WINE15_CU_1/1024-1024/kit-descorchador-electrico-recargable-total-inox-color-unico.jpg,1,,
jm-xi-to1972,tostadora de pan retro 2 panes,tostadora de pan retro 2 panes,Xion,Electro,"Otros, Xion, stock-verificado",TRUE,Color,COLOR UNICO,XI-TO1972-CU-U,2363.00,2446.00,10,deny,https://f.fcdn.app/imgs/9bdd5e/joacamar.com.uy/joacuy/bd7f/original/catalogo/XI-TO1972_CU_1/1024-1024/tostadora-de-pan-retro-2-panes-color-unico.jpg,1,,
jm-xi-to1972,,,,,,,,,,,,,,https://f.fcdn.app/imgs/09e2de/joacamar.com.uy/joacuy/3bb7/original/catalogo/XI-TO1972_CU_2/1024-1024/tostadora-de-pan-retro-2-panes-color-unico.jpg,2,,
jm-xi-sharpener,afilador de cuchillos eléctrico,afilador de cuchillos eléctrico,Xion,Electro,"Otros, Xion, stock-verificado",TRUE,Color,COLOR UNICO,XI-SHARPENER-CU-U,1451.00,1617.00,10,deny,https://f.fcdn.app/imgs/707586/joacamar.com.uy/joacuy/731b/original/catalogo/XI-SHARPENER_CU_1/1024-1024/afilador-de-cuchillos-electrico-color-unico.jpg,1,,
jm-xi-op105,olla a presión eléctrica,olla a presión eléctrica,Xion,Electro,"Otros, Xion, stock-verificado",TRUE,Color,COLOR UNICO,XI-OP105-CU-U,3565.00,3689.00,10,deny,https://f.fcdn.app/imgs/a9953c/joacamar.com.uy/joacuy/afbc/original/catalogo/XI-OP105_CU_1/1024-1024/olla-a-presion-electrica-color-unico.jpg,1,,
jm-xi-op105,,,,,,,,,,,,,,https://f.fcdn.app/imgs/f3387c/joacamar.com.uy/joacuy/8158/original/catalogo/XI-OP105_CU_2/1024-1024/olla-a-presion-electrica-color-unico.jpg,2,,
jm-xi-op105,,,,,,,,,,,,,,https://f.fcdn.app/imgs/fbdfe6/joacamar.com.uy/joacuy/299f/original/catalogo/XI-OP105_CU_3/1024-1024/olla-a-presion-electrica-color-unico.jpg,3,,
jm-xi-op105,,,,,,,,,,,,,,https://f.fcdn.app/imgs/43e796/joacamar.com.uy/joacuy/3c6b/original/catalogo/XI-OP105_CU_4/1024-1024/olla-a-presion-electrica-color-unico.jpg,4,,
jm-xi-op105,,,,,,,,,,,,,,https://f.fcdn.app/imgs/b8f46b/joacamar.com.uy/joacuy/7f8f/original/catalogo/XI-OP105_CU_5/1024-1024/olla-a-presion-electrica-color-unico.jpg,5,,
jm-xi-mc380,máquina de coser con 38 patrones de puntadas,máquina de coser con 38 patrones de puntadas,Xion,Electro,"Otros, Xion, stock-verificado",TRUE,Color,COLOR UNICO,XI-MC380-CU-U,4435.00,4933.00,10,deny,https://f.fcdn.app/imgs/ba8a76/joacamar.com.uy/joacuy/11fd/original/catalogo/XI-MC380_CU_1/1024-1024/maquina-de-coser-con-38-patrones-de-puntadas-color-unico.jpg,1,,
jm-xi-mc380,,,,,,,,,,,,,,https://f.fcdn.app/imgs/c34c2a/joacamar.com.uy/joacuy/f2c2/original/catalogo/XI-MC380_CU_2/1024-1024/maquina-de-coser-con-38-patrones-de-puntadas-color-unico.jpg,2,,
jm-xi-wine10x,descorchador eléctrico inalámbrico - inox,descorchador eléctrico inalámbrico - inox,Xion,Electro,"Otros, Xion, stock-verificado",TRUE,Color,ACERO INOXIDABLE,XI-WINE10X-INOX-U,1202.00,1244.00,10,deny,https://f.fcdn.app/imgs/5eb0e8/joacamar.com.uy/joacuy/6565/original/catalogo/XI-WINE10X_INOX_1/1024-1024/descorchador-electrico-inalambrico-inox-acero-inoxidable.jpg,1,,
jm-xi-picmeat,picadora de carne xion 1400w,picadora de carne xion 1400w,Xion,Electro,"Otros, Xion, stock-verificado",TRUE,Color,COLOR UNICO,XI-PICMEAT-CU-U,3109.00,3275.00,10,deny,https://f.fcdn.app/imgs/9c2d1e/joacamar.com.uy/joacuy/df90/original/catalogo/XI-PICMEAT_CU_1/1024-1024/picadora-de-carne-xion-1400w-color-unico.jpg,1,,
jm-filtro-pc41x,filtro purififcador electrolux pc41x,filtro purififcador electrolux pc41x,electrolux,Electro,"Otros, electrolux, stock-verificado",TRUE,Color,COLOR UNICO,FILTRO-PC41X-CU-U,1617.00,2446.00,10,deny,https://f.fcdn.app/imgs/a18d36/joacamar.com.uy/joacuy/3d65/original/catalogo/FILTRO-PC41X_CU_1/1024-1024/filtro-purififcador-electrolux-pc41x-color-unico.jpg,1,,
jm-filtro-pc41x,,,,,,,,,,,,,,https://f.fcdn.app/imgs/902603/joacamar.com.uy/joacuy/3de7/original/catalogo/FILTRO-PC41X_CU_2/1024-1024/filtro-purififcador-electrolux-pc41x-color-unico.jpg,2,,
jm-filtro-pc41x,,,,,,,,,,,,,,https://f.fcdn.app/imgs/1cb9f6/joacamar.com.uy/joacuy/750c/original/catalogo/FILTRO-PC41X_CU_3/1024-1024/filtro-purififcador-electrolux-pc41x-color-unico.jpg,3,,
jm-xi-pic500,picadora de alimentos 500w,picadora de alimentos 500w,Xion,Electro,"Otros, Xion, stock-verificado",TRUE,Color,COLOR UNICO,XI-PIC500-CU-U,1534.00,1617.00,10,deny,https://f.fcdn.app/imgs/3afac5/joacamar.com.uy/joacuy/2776/original/catalogo/XI-PIC500_CU_1/1024-1024/picadora-de-alimentos-500w-color-unico.jpg,1,,
jm-xi-wine8,descorchador inalámbrico con luz led,descorchador inalámbrico con luz led,Xion,Electro,"Otros, Xion, stock-verificado",TRUE,Color,COLOR UNICO,XI-WINE8-CU-U,1036.00,,10,deny,https://f.fcdn.app/imgs/3bd36d/joacamar.com.uy/joacuy/25b9/original/catalogo/XI-WINE8_CU_1/1024-1024/descorchador-inalambrico-con-luz-led-color-unico.jpg,1,,
jm-xi-50,balanza de bolsillo digital,balanza de bolsillo digital,Xion,Electro,"Otros, Xion, stock-verificado",TRUE,Color,COLOR UNICO,XI-50-CU-U,1161.00,,10,deny,https://f.fcdn.app/imgs/3742be/joacamar.com.uy/joacuy/f0a0/original/catalogo/XI-50_CU_1/1024-1024/balanza-de-bolsillo-digital-color-unico.jpg,1,,
jm-xi-socart4,"soporte para TV con ruedas de 26 a 65""","soporte para TV con ruedas de 26 a 65""",Xion,Electro,"TV, Xion, stock-verificado",TRUE,Color,COLOR UNICO,XI-SOCART4-CU-U,4684.00,4933.00,10,deny,https://f.fcdn.app/imgs/7ff7f4/joacamar.com.uy/joacuy/1cef/original/catalogo/XI-SOCART4_CU_1/1024-1024/soporte-para-tv-con-ruedas-de-26-a-65-color-unico.jpg,1,,
jm-xi-hnf320c,heladera refrigerador 286 Litros,heladera refrigerador 286 Litros,Xion,Electro,"Heladeras, Xion, stock-verificado",TRUE,Color,COLOR UNICO,XI-HNF320C-CU-U,23585.00,24829.00,10,deny,https://f.fcdn.app/imgs/563934/joacamar.com.uy/joacuy/df63/original/catalogo/XI-HNF320C_CU_1/1024-1024/heladera-refrigerador-286-litros-color-unico.jpg,1,,
jm-xi-hnf320c,,,,,,,,,,,,,,https://f.fcdn.app/imgs/ba4993/joacamar.com.uy/joacuy/ebd2/original/catalogo/XI-HNF320C_CU_2/1024-1024/heladera-refrigerador-286-litros-color-unico.jpg,2,,
jm-xi-hnf320c,,,,,,,,,,,,,,https://f.fcdn.app/imgs/7cba6d/joacamar.com.uy/joacuy/5f57/original/catalogo/XI-HNF320C_CU_3/1024-1024/heladera-refrigerador-286-litros-color-unico.jpg,3,,
jm-xi-hnf320c,,,,,,,,,,,,,,https://f.fcdn.app/imgs/9184a4/joacamar.com.uy/joacuy/6d64/original/catalogo/XI-HNF320C_CU_4/1024-1024/heladera-refrigerador-286-litros-color-unico.jpg,4,,
jm-xi-hnf320c,,,,,,,,,,,,,,https://f.fcdn.app/imgs/a1e989/joacamar.com.uy/joacuy/04aa/original/catalogo/XI-HNF320C_CU_5/1024-1024/heladera-refrigerador-286-litros-color-unico.jpg,5,,
jm-xi-hnf231w,heladera refrigerador 197 litros,heladera refrigerador 197 litros,Xion,Electro,"Heladeras, Xion, stock-verificado",TRUE,Color,WHITE,XI-HNF231W-WHT-U,14466.00,15295.00,10,deny,https://f.fcdn.app/imgs/70f3c8/joacamar.com.uy/joacuy/7208/original/catalogo/XI-HNF231W_WHT_1/1024-1024/heladera-refrigerador-197-litros-white.jpg,1,,
jm-xi-hnf231w,,,,,,,,,,,,,,https://f.fcdn.app/imgs/b97b6b/joacamar.com.uy/joacuy/50d3/original/catalogo/XI-HNF231W_WHT_2/1024-1024/heladera-refrigerador-197-litros-white.jpg,2,,
jm-xi-hfh221w,heladera refrigerador frío humedo 221 litros,heladera refrigerador frío humedo 221 litros,Xion,Electro,"Heladeras, Xion, stock-verificado",TRUE,Color,WHITE,XI-HFH221W-WHT-U,10736.00,,10,deny,https://f.fcdn.app/imgs/05af0b/joacamar.com.uy/joacuy/8b82/original/catalogo/XI-HFH221W_WHT_1/1024-1024/heladera-refrigerador-frio-humedo-221-litros-white.jpg,1,,
jm-xi-hfh221w,,,,,,,,,,,,,,https://f.fcdn.app/imgs/a807b2/joacamar.com.uy/joacuy/57a2/original/catalogo/XI-HFH221W_WHT_2/1024-1024/heladera-refrigerador-frio-humedo-221-litros-white.jpg,2,,
jm-xi-ha21,heladera refrigerador portátil 21 litros apta para auto,heladera refrigerador portátil 21 litros apta para auto,Xion,Electro,"Heladeras, Xion, stock-verificado",TRUE,Color,COLOR UNICO,XI-HA21-CU-U,10984.00,11565.00,10,deny,https://f.fcdn.app/imgs/a5e57c/joacamar.com.uy/joacuy/b1ac/original/catalogo/XI-HA21_CU_1/1024-1024/heladera-refrigerador-portatil-21-litros-apta-para-auto-color-unico.jpg,1,,
jm-xi-ha21,,,,,,,,,,,,,,https://f.fcdn.app/imgs/ffa956/joacamar.com.uy/joacuy/bb3e/original/catalogo/XI-HA21_CU_2/1024-1024/heladera-refrigerador-portatil-21-litros-apta-para-auto-color-unico.jpg,2,,
jm-xi-ha21,,,,,,,,,,,,,,https://f.fcdn.app/imgs/79fa06/joacamar.com.uy/joacuy/0f06/original/catalogo/XI-HA21_CU_3/1024-1024/heladera-refrigerador-portatil-21-litros-apta-para-auto-color-unico.jpg,3,,
jm-xi-ha21,,,,,,,,,,,,,,https://f.fcdn.app/imgs/57bc89/joacamar.com.uy/joacuy/ad81/original/catalogo/XI-HA21_CU_4/1024-1024/heladera-refrigerador-portatil-21-litros-apta-para-auto-color-unico.jpg,4,,
jm-xi-ha21,,,,,,,,,,,,,,https://f.fcdn.app/imgs/fd24bb/joacamar.com.uy/joacuy/ec90/original/catalogo/XI-HA21_CU_5/1024-1024/heladera-refrigerador-portatil-21-litros-apta-para-auto-color-unico.jpg,5,,
jm-xi-ha35,heladera refrigerador portátil 35 litros apta para auto,heladera refrigerador portátil 35 litros apta para auto,Xion,Electro,"Heladeras, Xion, stock-verificado",TRUE,Color,COLOR UNICO,XI-HA35-CU-U,13347.00,14052.00,10,deny,https://f.fcdn.app/imgs/f1bff9/joacamar.com.uy/joacuy/6d29/original/catalogo/XI-HA35_CU_1/1024-1024/heladera-refrigerador-portatil-35-litros-apta-para-auto-color-unico.jpg,1,,
jm-xi-ha35,,,,,,,,,,,,,,https://f.fcdn.app/imgs/b08f5d/joacamar.com.uy/joacuy/974e/original/catalogo/XI-HA35_CU_2/1024-1024/heladera-refrigerador-portatil-35-litros-apta-para-auto-color-unico.jpg,2,,
jm-xi-ha35,,,,,,,,,,,,,,https://f.fcdn.app/imgs/d4e708/joacamar.com.uy/joacuy/ed24/original/catalogo/XI-HA35_CU_3/1024-1024/heladera-refrigerador-portatil-35-litros-apta-para-auto-color-unico.jpg,3,,
jm-xi-ha35,,,,,,,,,,,,,,https://f.fcdn.app/imgs/5d9fce/joacamar.com.uy/joacuy/ad81/original/catalogo/XI-HA35_CU_4/1024-1024/heladera-refrigerador-portatil-35-litros-apta-para-auto-color-unico.jpg,4,,
jm-xi-ha35,,,,,,,,,,,,,,https://f.fcdn.app/imgs/c94fe6/joacamar.com.uy/joacuy/5fc1/original/catalogo/XI-HA35_CU_5/1024-1024/heladera-refrigerador-portatil-35-litros-apta-para-auto-color-unico.jpg,5,,
jm-open-xi-xt8800,parlante de audio xion xtreme con bateria,parlante de audio xion xtreme con bateria,Xion,Electro,"Audio, Xion, stock-verificado",TRUE,Color,COLOR UNICO,OPEN-XI-XT8800-CU-U,8539.00,12394.00,10,deny,https://f.fcdn.app/imgs/d8a000/joacamar.com.uy/joacuy/4349/original/catalogo/OPEN-XI-XT8800_CU_1/1024-1024/parlante-de-audio-xion-xtreme-con-bateria-color-unico.jpg,1,,
jm-open-xi-xt8800,,,,,,,,,,,,,,https://f.fcdn.app/imgs/5b019a/joacamar.com.uy/joacuy/7d0b/original/catalogo/OPEN-XI-XT8800_CU_2/1024-1024/parlante-de-audio-xion-xtreme-con-bateria-color-unico.jpg,2,,
jm-xi-hnf371dx,heladera con freezer frio seco 332 L dispensador,heladera con freezer frio seco 332 L dispensador,Xion,Electro,"Heladeras, Xion, stock-verificado",TRUE,Color,ACERO INOXIDABLE,XI-HNF371DX-INOX-U,22010.00,23171.00,10,deny,https://f.fcdn.app/imgs/983af7/joacamar.com.uy/joacuy/9375/original/catalogo/XI-HNF371DX_INOX_1/1024-1024/heladera-con-freezer-frio-seco-332-l-dispensador-acero-inoxidable.jpg,1,,
jm-xi-hnf371dx,,,,,,,,,,,,,,https://f.fcdn.app/imgs/215045/joacamar.com.uy/joacuy/b7fc/original/catalogo/XI-HNF371DX_INOX_2/1024-1024/heladera-con-freezer-frio-seco-332-l-dispensador-acero-inoxidable.jpg,2,,
jm-xi-hnf371dx,,,,,,,,,,,,,,https://f.fcdn.app/imgs/a2f1bd/joacamar.com.uy/joacuy/8b72/original/catalogo/XI-HNF371DX_INOX_3/1024-1024/heladera-con-freezer-frio-seco-332-l-dispensador-acero-inoxidable.jpg,3,,
jm-xi-hnf371dx,,,,,,,,,,,,,,https://f.fcdn.app/imgs/e89153/joacamar.com.uy/joacuy/861d/original/catalogo/XI-HNF371DX_INOX_4/1024-1024/heladera-con-freezer-frio-seco-332-l-dispensador-acero-inoxidable.jpg,4,,
jm-xi-hnf371dx,,,,,,,,,,,,,,https://f.fcdn.app/imgs/7e222b/joacamar.com.uy/joacuy/2c12/original/catalogo/XI-HNF371DX_INOX_5/1024-1024/heladera-con-freezer-frio-seco-332-l-dispensador-acero-inoxidable.jpg,5,,
jm-xi-gl1973,jarra eléctrica 1.7 lts retro,jarra eléctrica 1.7 lts retro,Xion,Electro,"Jarras, Xion, stock-verificado",TRUE,Color,COLOR UNICO,XI-GL1973-CU-U,2155.00,2280.00,10,deny,https://f.fcdn.app/imgs/a00b54/joacamar.com.uy/joacuy/5d53/original/catalogo/XI-GL1973_CU_1/1024-1024/jarra-electrica-1-7-lts-retro-color-unico.jpg,1,,
jm-xi-gl1973,,,,,,,,,,,,,,https://f.fcdn.app/imgs/1523dc/joacamar.com.uy/joacuy/4928/original/catalogo/XI-GL1973_CU_2/1024-1024/jarra-electrica-1-7-lts-retro-color-unico.jpg,2,,
jm-xi-gl1973,,,,,,,,,,,,,,https://f.fcdn.app/imgs/85aea3/joacamar.com.uy/joacuy/b2ec/original/catalogo/XI-GL1973_CU_3/1024-1024/jarra-electrica-1-7-lts-retro-color-unico.jpg,3,,
jm-xi-gl1973,,,,,,,,,,,,,,https://f.fcdn.app/imgs/2df9a0/joacamar.com.uy/joacuy/d335/original/catalogo/XI-GL1973_CU_4/1024-1024/jarra-electrica-1-7-lts-retro-color-unico.jpg,4,,
jm-xi-hairpetpro,esquiladora de mascotas profesional,esquiladora de mascotas profesional,Xion,Accesorios,"Xion, stock-verificado",TRUE,Color,COLOR UNICO,XI-HAIRPETPRO-CU-U,1948.00,2446.00,10,deny,https://f.fcdn.app/imgs/f9bf0f/joacamar.com.uy/joacuy/82ea/original/catalogo/XI-HAIRPETPRO_CU_1/1024-1024/esquiladora-de-mascotas-profesional-color-unico.jpg,1,,
jm-xi-c51,cámara vehicular de reversa,cámara vehicular de reversa,Xion,Accesorios,"Accesorios Auto, Xion, stock-verificado",TRUE,Color,COLOR UNICO,XI-C51-CU-U,870.00,1036.00,10,deny,https://f.fcdn.app/imgs/4006af/joacamar.com.uy/joacuy/e53e/original/catalogo/XI-C51_CU_1/1024-1024/camara-vehicular-de-reversa-color-unico.jpg,1,,
jm-xi-cm401,"cafetera espresso ""cream touch"" leche automática","cafetera espresso ""cream touch"" leche automática",Xion,Electro,"Cafeteras, Xion, stock-verificado",TRUE,Color,COLOR UNICO,XI-CM401-CU-U,7047.00,7834.00,10,deny,https://f.fcdn.app/imgs/4fa338/joacamar.com.uy/joacuy/a686/original/catalogo/XI-CM401_CU_1/1024-1024/cafetera-espresso-cream-touch-leche-automatica-color-unico.jpg,1,,
jm-xi-cm401,,,,,,,,,,,,,,https://f.fcdn.app/imgs/c055d9/joacamar.com.uy/joacuy/5a73/original/catalogo/XI-CM401_CU_2/1024-1024/cafetera-espresso-cream-touch-leche-automatica-color-unico.jpg,2,,
jm-xi-cm401,,,,,,,,,,,,,,https://f.fcdn.app/imgs/624e7c/joacamar.com.uy/joacuy/9860/original/catalogo/XI-CM401_CU_3/1024-1024/cafetera-espresso-cream-touch-leche-automatica-color-unico.jpg,3,,
jm-xi-cm401,,,,,,,,,,,,,,https://f.fcdn.app/imgs/4c92f2/joacamar.com.uy/joacuy/d06a/original/catalogo/XI-CM401_CU_4/1024-1024/cafetera-espresso-cream-touch-leche-automatica-color-unico.jpg,4,,
jm-xi-cctv662,cámara smart wifi interior - doble cámara,cámara smart wifi interior - doble cámara,Xion,Electro,"Tecnología, Xion, stock-verificado",TRUE,Color,COLOR UNICO,XI-CCTV662-CU-U,1492.00,1658.00,10,deny,https://f.fcdn.app/imgs/2cb346/joacamar.com.uy/joacuy/0eca/original/catalogo/XI-CCTV662_CU_1/1024-1024/camara-smart-wifi-interior-doble-camara-color-unico.jpg,1,,
jm-xi-shaverpro3,afeitadora profesional de terminación,afeitadora profesional de terminación,Xion,Electro,"Cuidado Personal, Xion, stock-verificado",TRUE,Color,COLOR UNICO,XI-SHAVERPRO3-CU-U,4104.00,,10,deny,https://f.fcdn.app/imgs/4c4f28/joacamar.com.uy/joacuy/40bf/original/catalogo/XI-SHAVERPRO3_CU_1/1024-1024/afeitadora-profesional-de-terminacion-color-unico.jpg,1,,
jm-xi-shaverpro3,,,,,,,,,,,,,,https://f.fcdn.app/imgs/577854/joacamar.com.uy/joacuy/c4d8/original/catalogo/XI-SHAVERPRO3_CU_2/1024-1024/afeitadora-profesional-de-terminacion-color-unico.jpg,2,,
jm-xi-ionixpro,plancha de pelo profesional 2 en 1: doble uso,plancha de pelo profesional 2 en 1: doble uso,Xion,Electro,"Cuidado Personal, Xion, stock-verificado",TRUE,Color,COLOR UNICO,XI-IONIXPRO-CU-U,2446.00,,10,deny,https://f.fcdn.app/imgs/fe497c/joacamar.com.uy/joacuy/bc01/original/catalogo/XI-IONIXPRO_CU_1/1024-1024/plancha-de-pelo-profesional-2-en-1-doble-uso-color-unico.jpg,1,,
jm-xi-ionixpro,,,,,,,,,,,,,,https://f.fcdn.app/imgs/ae8db6/joacamar.com.uy/joacuy/b8a9/original/catalogo/XI-IONIXPRO_CU_2/1024-1024/plancha-de-pelo-profesional-2-en-1-doble-uso-color-unico.jpg,2,,
jm-xi-ionixpro,,,,,,,,,,,,,,https://f.fcdn.app/imgs/c07c9d/joacamar.com.uy/joacuy/b854/original/catalogo/XI-IONIXPRO_CU_3/1024-1024/plancha-de-pelo-profesional-2-en-1-doble-uso-color-unico.jpg,3,,
jm-xi-ionixpro,,,,,,,,,,,,,,https://f.fcdn.app/imgs/f2eab5/joacamar.com.uy/joacuy/eac0/original/catalogo/XI-IONIXPRO_CU_4/1024-1024/plancha-de-pelo-profesional-2-en-1-doble-uso-color-unico.jpg,4,,
jm-xi-ionixpro,,,,,,,,,,,,,,https://f.fcdn.app/imgs/ffdbd5/joacamar.com.uy/joacuy/1c4b/original/catalogo/XI-IONIXPRO_CU_5/1024-1024/plancha-de-pelo-profesional-2-en-1-doble-uso-color-unico.jpg,5,,
jm-xi-toolhs20w,motosierra mini inalámbrica xion,motosierra mini inalámbrica xion,Xion,Jardín,"Xion, stock-verificado",TRUE,Color,COLOR UNICO,XI-TOOLHS20W-CU-U,1990.00,2446.00,10,deny,https://f.fcdn.app/imgs/a4cc82/joacamar.com.uy/joacuy/4dfc/original/catalogo/XI-TOOLHS20W_CU_1/1024-1024/motosierra-mini-inalambrica-xion-color-unico.jpg,1,,
jm-xi-toolhs20w,,,,,,,,,,,,,,https://f.fcdn.app/imgs/371cfc/joacamar.com.uy/joacuy/d564/original/catalogo/XI-TOOLHS20W_CU_2/1024-1024/motosierra-mini-inalambrica-xion-color-unico.jpg,2,,
jm-xi-toolhs20w,,,,,,,,,,,,,,https://f.fcdn.app/imgs/0ee522/joacamar.com.uy/joacuy/2174/original/catalogo/XI-TOOLHS20W_CU_3/1024-1024/motosierra-mini-inalambrica-xion-color-unico.jpg,3,,
jm-xi-bbqgas,barbacoa a supergas,barbacoa a supergas,Xion,Accesorios,"Xion, stock-verificado",TRUE,Color,COLOR UNICO,XI-BBQGAS-CU-U,8249.00,10321.00,10,deny,https://f.fcdn.app/imgs/963767/joacamar.com.uy/joacuy/4f9f/original/catalogo/XI-BBQGAS_CU_1/1024-1024/barbacoa-a-supergas-color-unico.jpg,1,,
jm-xi-bbqgas,,,,,,,,,,,,,,https://f.fcdn.app/imgs/ca4b55/joacamar.com.uy/joacuy/db9a/original/catalogo/XI-BBQGAS_CU_2/1024-1024/barbacoa-a-supergas-color-unico.jpg,2,,
jm-xi-bbqgas,,,,,,,,,,,,,,https://f.fcdn.app/imgs/4a8f91/joacamar.com.uy/joacuy/67ff/original/catalogo/XI-BBQGAS_CU_3/1024-1024/barbacoa-a-supergas-color-unico.jpg,3,,
jm-xi-ev7wall,cargador de auto eléctrico de pared de 7kw tipo 2,cargador de auto eléctrico de pared de 7kw tipo 2,Xion,Electro,"Tecnología, Xion, stock-verificado",TRUE,Color,COLOR UNICO,XI-EV7WALL-CU-U,16539.00,17782.00,10,deny,https://f.fcdn.app/imgs/0a20e5/joacamar.com.uy/joacuy/004b/original/catalogo/XI-EV7WALL_CU_1/1024-1024/cargador-de-auto-electrico-de-pared-de-7kw-tipo-2-color-unico.jpg,1,,
jm-xi-ev7wall,,,,,,,,,,,,,,https://f.fcdn.app/imgs/b8e8fe/joacamar.com.uy/joacuy/035a/original/catalogo/XI-EV7WALL_CU_2/1024-1024/cargador-de-auto-electrico-de-pared-de-7kw-tipo-2-color-unico.jpg,2,,
jm-xi-ev7wall,,,,,,,,,,,,,,https://f.fcdn.app/imgs/5a8aa3/joacamar.com.uy/joacuy/3c84/original/catalogo/XI-EV7WALL_CU_3/1024-1024/cargador-de-auto-electrico-de-pared-de-7kw-tipo-2-color-unico.jpg,3,,
jm-xi-ev7port,cargador de auto eléctrico portátil,cargador de auto eléctrico portátil,Xion,Electro,"Tecnología, Xion, stock-verificado",TRUE,Color,COLOR UNICO,XI-EV7PORT-cu-U,13637.00,14881.00,10,deny,https://f.fcdn.app/imgs/a9b118/joacamar.com.uy/joacuy/777c/original/catalogo/XI-EV7PORT_cu_1/1024-1024/cargador-de-auto-electrico-portatil-color-unico.jpg,1,,
jm-xi-ev7port,,,,,,,,,,,,,,https://f.fcdn.app/imgs/5fda71/joacamar.com.uy/joacuy/19ec/original/catalogo/XI-EV7PORT_cu_2/1024-1024/cargador-de-auto-electrico-portatil-color-unico.jpg,2,,
jm-xi-ev7port,,,,,,,,,,,,,,https://f.fcdn.app/imgs/e0fb72/joacamar.com.uy/joacuy/8b11/original/catalogo/XI-EV7PORT_cu_3/1024-1024/cargador-de-auto-electrico-portatil-color-unico.jpg,3,,
jm-xi-ev7port,,,,,,,,,,,,,,https://f.fcdn.app/imgs/7b022e/joacamar.com.uy/joacuy/9799/original/catalogo/XI-EV7PORT_cu_4/1024-1024/cargador-de-auto-electrico-portatil-color-unico.jpg,4,,
jm-xi-beer,heladera cervecera refrigerada,heladera cervecera refrigerada,Xion,Electro,"Heladeras, Xion, stock-verificado",TRUE,Color,COLOR UNICO,XI-BEER-CU-U,15337.00,16124.00,10,deny,https://f.fcdn.app/imgs/968886/joacamar.com.uy/joacuy/0d2b/original/catalogo/XI-BEER_CU_1/1024-1024/heladera-cervecera-refrigerada-color-unico.jpg,1,,
jm-xi-beer,,,,,,,,,,,,,,https://f.fcdn.app/imgs/7e024e/joacamar.com.uy/joacuy/4658/original/catalogo/XI-BEER_CU_2/1024-1024/heladera-cervecera-refrigerada-color-unico.jpg,2,,
jm-xi-beer,,,,,,,,,,,,,,https://f.fcdn.app/imgs/c8c58f/joacamar.com.uy/joacuy/5115/original/catalogo/XI-BEER_CU_3/1024-1024/heladera-cervecera-refrigerada-color-unico.jpg,3,,
jm-xi-beer,,,,,,,,,,,,,,https://f.fcdn.app/imgs/1b4e30/joacamar.com.uy/joacuy/65e1/original/catalogo/XI-BEER_CU_4/1024-1024/heladera-cervecera-refrigerada-color-unico.jpg,4,,
jm-xi-beer,,,,,,,,,,,,,,https://f.fcdn.app/imgs/5fad2f/joacamar.com.uy/joacuy/364e/original/catalogo/XI-BEER_CU_5/1024-1024/heladera-cervecera-refrigerada-color-unico.jpg,5,,
jm-tender-2,tendedero eléctrico calefaccionado,tendedero eléctrico calefaccionado,otras-marcas 1,Electro,"Climatización, otras-marcas 1, stock-verificado",TRUE,Color,COLOR UNICO,TENDER-2-CU-U,2155.00,2446.00,10,deny,https://f.fcdn.app/imgs/e1469f/joacamar.com.uy/joacuy/9fc8/original/catalogo/TENDER-2_CU_1/1024-1024/tendedero-electrico-calefaccionado-color-unico.jpg,1,,
jm-tender-1,tendedero eléctrico calefaccionado con alas,tendedero eléctrico calefaccionado con alas,otras-marcas 1,Electro,"Climatización, otras-marcas 1, stock-verificado",TRUE,Color,COLOR UNICO,TENDER-1-CU-U,2984.00,3275.00,10,deny,https://f.fcdn.app/imgs/ee50af/joacamar.com.uy/joacuy/1bd7/original/catalogo/TENDER-1_CU_1/1024-1024/tendedero-electrico-calefaccionado-con-alas-color-unico.jpg,1,,
jm-open-xi-fr74,airfryer freidora sin aceite 4l 1500w,airfryer freidora sin aceite 4l 1500w,Xion,Electro,"Freidoras, Xion, stock-verificado",TRUE,Color,COLOR UNICO,OPEN-XI-FR74-CU-U,1824.00,2653.00,10,deny,https://f.fcdn.app/imgs/bd0cfc/joacamar.com.uy/joacuy/50a3/original/catalogo/OPEN-XI-FR74_CU_1/1024-1024/airfryer-freidora-sin-aceite-4l-1500w-color-unico.jpg,1,,
jm-open-xi-fr74,,,,,,,,,,,,,,https://f.fcdn.app/imgs/323d0c/joacamar.com.uy/joacuy/be9c/original/catalogo/OPEN-XI-FR74_CU_2/1024-1024/airfryer-freidora-sin-aceite-4l-1500w-color-unico.jpg,2,,
jm-open-xi-fr74,,,,,,,,,,,,,,https://f.fcdn.app/imgs/6b531d/joacamar.com.uy/joacuy/2d73/original/catalogo/OPEN-XI-FR74_CU_3/1024-1024/airfryer-freidora-sin-aceite-4l-1500w-color-unico.jpg,3,,
jm-open-xi-fr74,,,,,,,,,,,,,,https://f.fcdn.app/imgs/29d6e0/joacamar.com.uy/joacuy/d3a4/original/catalogo/OPEN-XI-FR74_CU_4/1024-1024/airfryer-freidora-sin-aceite-4l-1500w-color-unico.jpg,4,,
jm-open-xi-fr74,,,,,,,,,,,,,,https://f.fcdn.app/imgs/51c2df/joacamar.com.uy/joacuy/2b8e/original/catalogo/OPEN-XI-FR74_CU_5/1024-1024/airfryer-freidora-sin-aceite-4l-1500w-color-unico.jpg,5,,
jm-xi-cm408,"cafetera espresso ""cream touch"" leche automática","cafetera espresso ""cream touch"" leche automática",Xion,Electro,"Cafeteras, Xion, stock-verificado",TRUE,Color,COLOR UNICO,XI-CM408-CU-U,7585.00,7834.00,10,deny,https://f.fcdn.app/imgs/b76933/joacamar.com.uy/joacuy/bc86/original/catalogo/XI-CM408_CU_1/1024-1024/cafetera-espresso-cream-touch-leche-automatica-color-unico.jpg,1,,
jm-xi-cm408,,,,,,,,,,,,,,https://f.fcdn.app/imgs/91cd83/joacamar.com.uy/joacuy/a553/original/catalogo/XI-CM408_CU_2/1024-1024/cafetera-espresso-cream-touch-leche-automatica-color-unico.jpg,2,,
jm-xi-cm408,,,,,,,,,,,,,,https://f.fcdn.app/imgs/dcf9ee/joacamar.com.uy/joacuy/a9bb/original/catalogo/XI-CM408_CU_3/1024-1024/cafetera-espresso-cream-touch-leche-automatica-color-unico.jpg,3,,
jm-xi-cm408,,,,,,,,,,,,,,https://f.fcdn.app/imgs/a13e2b/joacamar.com.uy/joacuy/b88d/original/catalogo/XI-CM408_CU_4/1024-1024/cafetera-espresso-cream-touch-leche-automatica-color-unico.jpg,4,,
jm-xi-cm408,,,,,,,,,,,,,,https://f.fcdn.app/imgs/668f8d/joacamar.com.uy/joacuy/e833/original/catalogo/XI-CM408_CU_5/1024-1024/cafetera-espresso-cream-touch-leche-automatica-color-unico.jpg,5,,
jm-xi-power4,"kit arrancador, infaldor y cargador","kit arrancador, infaldor y cargador",Xion,Accesorios,"Accesorios Auto, Xion, stock-verificado",TRUE,Color,COLOR UNICO,XI-POWER4-CU-U,4311.00,4518.00,10,deny,https://f.fcdn.app/imgs/89e2bc/joacamar.com.uy/joacuy/7218/original/catalogo/XI-POWER4_CU_1/1024-1024/kit-arrancador-infaldor-y-cargador-color-unico.jpg,1,,
jm-xi-power4,,,,,,,,,,,,,,https://f.fcdn.app/imgs/c72314/joacamar.com.uy/joacuy/139b/original/catalogo/XI-POWER4_CU_2/1024-1024/kit-arrancador-infaldor-y-cargador-color-unico.jpg,2,,
jm-xi-cm900,cafetera espresso fully automatic digital,cafetera espresso fully automatic digital,Xion,Electro,"Cafeteras, Xion, stock-verificado",TRUE,Color,COLOR UNICO,XI-CM900-CU-U,17782.00,18197.00,10,deny,https://f.fcdn.app/imgs/6d5133/joacamar.com.uy/joacuy/601d/original/catalogo/XI-CM900_CU_1/1024-1024/cafetera-espresso-fully-automatic-digital-color-unico.jpg,1,,
jm-mla-110,"Porta netbook/Tablet hasta 10"" Case Logic","Porta netbook/Tablet hasta 10"" Case Logic",CASELOGIC,Accesorios,"CASELOGIC, stock-verificado",TRUE,Color,BLACK,MLA-110-BLK-U,1244.00,,10,deny,https://f.fcdn.app/imgs/083244/joacamar.com.uy/joacuy/c684/original/catalogo/MLA-110_BLK_1/1024-1024/porta-netbook-tablet-hasta-10-case-logic-black.jpg,1,,
jm-mla-110,,,,,,,,,,,,,,https://f.fcdn.app/imgs/284a96/joacamar.com.uy/joacuy/b55a/original/catalogo/MLA-110_BLK_2/1024-1024/porta-netbook-tablet-hasta-10-case-logic-black.jpg,2,,
jm-xi-cm1010,cafetera espresso cappuccino automática con molinillo,cafetera espresso cappuccino automática con molinillo,Xion,Electro,"Cafeteras, Xion, stock-verificado",TRUE,Color,COLOR UNICO,XI-CM1010-CU-U,21264.00,21927.00,10,deny,https://f.fcdn.app/imgs/5799a4/joacamar.com.uy/joacuy/a992/original/catalogo/XI-CM1010_CU_1/1024-1024/cafetera-espresso-cappuccino-automatica-con-molinillo-color-unico.jpg,1,,
jm-xi-sl46,cerradura inteligente smart locker XI-SL46,cerradura inteligente smart locker XI-SL46,Xion,Electro,"Tecnología, Xion, stock-verificado",TRUE,Color,COLOR UNICO,XI-SL46-CU-U,4062.00,4518.00,10,deny,https://f.fcdn.app/imgs/6182e3/joacamar.com.uy/joacuy/89f6/original/catalogo/XI-SL46_CU_1/1024-1024/cerradura-inteligente-smart-locker-xi-sl46-color-unico.jpg,1,,
jm-xi-sl52,cerradura smart con con pestillo,cerradura smart con con pestillo,Xion,Electro,"Tecnología, Xion, stock-verificado",TRUE,Color,COLOR UNICO,XI-SL52-CU-U,3565.00,3938.00,10,deny,https://f.fcdn.app/imgs/b42642/joacamar.com.uy/joacuy/cf93/original/catalogo/XI-SL52_CU_1/1024-1024/cerradura-smart-con-con-pestillo-color-unico.jpg,1,,
jm-xi-motobt,intercomunicador bluetooth de para casco de moto,intercomunicador bluetooth de para casco de moto,Xion,Accesorios,"Accesorios Auto, Xion, stock-verificado",TRUE,Color,COLOR UNICO,XI-MOTOBT-CU-U,1078.00,1244.00,10,deny,https://f.fcdn.app/imgs/724c6b/joacamar.com.uy/joacuy/a502/original/catalogo/XI-MOTOBT_CU_1/1024-1024/intercomunicador-bluetooth-de-para-casco-de-moto-color-unico.jpg,1,,
jm-xi-motobt,,,,,,,,,,,,,,https://f.fcdn.app/imgs/3005ff/joacamar.com.uy/joacuy/448f/original/catalogo/XI-MOTOBT_CU_2/1024-1024/intercomunicador-bluetooth-de-para-casco-de-moto-color-unico.jpg,2,,
jm-xi-motobt,,,,,,,,,,,,,,https://f.fcdn.app/imgs/ddc229/joacamar.com.uy/joacuy/5256/original/catalogo/XI-MOTOBT_CU_3/1024-1024/intercomunicador-bluetooth-de-para-casco-de-moto-color-unico.jpg,3,,
jm-xi-motobt,,,,,,,,,,,,,,https://f.fcdn.app/imgs/f37867/joacamar.com.uy/joacuy/b7a2/original/catalogo/XI-MOTOBT_CU_4/1024-1024/intercomunicador-bluetooth-de-para-casco-de-moto-color-unico.jpg,4,,
jm-xi-motobt,,,,,,,,,,,,,,https://f.fcdn.app/imgs/39709f/joacamar.com.uy/joacuy/5fe4/original/catalogo/XI-MOTOBT_CU_5/1024-1024/intercomunicador-bluetooth-de-para-casco-de-moto-color-unico.jpg,5,,
jm-xi-ice36pro,fabricadora de hielo profesional 36kg,fabricadora de hielo profesional 36kg,Xion,Electro,"Heladeras, Xion, stock-verificado",TRUE,Color,COLOR UNICO,XI-ICE36PRO-CU-U,20062.00,20684.00,10,deny,https://f.fcdn.app/imgs/3459f7/joacamar.com.uy/joacuy/26f7/original/catalogo/XI-ICE36PRO_CU_1/1024-1024/fabricadora-de-hielo-profesional-36kg-color-unico.jpg,1,,
jm-xi-gl231,jarra eléctrica 1.7L función mate,jarra eléctrica 1.7L función mate,Xion,Electro,"Jarras, Xion, stock-verificado",TRUE,Color,WHITE,XI-GL231-WHT-U,829.00,,10,deny,https://f.fcdn.app/imgs/d53076/joacamar.com.uy/joacuy/095f/original/catalogo/XI-GL231_WHT_1/1024-1024/jarra-electrica-1-7l-funcion-mate-white.jpg,1,,
jm-xi-fullbody,rasuradora y recortadora apta para partes ìntimas,rasuradora y recortadora apta para partes ìntimas,Xion,Electro,"Cuidado Personal, Xion, stock-verificado",TRUE,Color,COLOR UNICO,XI-FULLBODY-CU-U,1741.00,2031.00,10,deny,https://f.fcdn.app/imgs/ce6864/joacamar.com.uy/joacuy/9ad8/original/catalogo/XI-FULLBODY_CU_1/1024-1024/rasuradora-y-recortadora-apta-para-partes-intimas-color-unico.jpg,1,,
jm-xi-fullbody,,,,,,,,,,,,,,https://f.fcdn.app/imgs/838ace/joacamar.com.uy/joacuy/a8dc/original/catalogo/XI-FULLBODY_CU_2/1024-1024/rasuradora-y-recortadora-apta-para-partes-intimas-color-unico.jpg,2,,
jm-xi-fullbody,,,,,,,,,,,,,,https://f.fcdn.app/imgs/a3ffb1/joacamar.com.uy/joacuy/3bef/original/catalogo/XI-FULLBODY_CU_3/1024-1024/rasuradora-y-recortadora-apta-para-partes-intimas-color-unico.jpg,3,,
jm-xi-fullbody,,,,,,,,,,,,,,https://f.fcdn.app/imgs/9da172/joacamar.com.uy/joacuy/33e8/original/catalogo/XI-FULLBODY_CU_4/1024-1024/rasuradora-y-recortadora-apta-para-partes-intimas-color-unico.jpg,4,,
jm-xi-fullbody,,,,,,,,,,,,,,https://f.fcdn.app/imgs/38910b/joacamar.com.uy/joacuy/1a69/original/catalogo/XI-FULLBODY_CU_5/1024-1024/rasuradora-y-recortadora-apta-para-partes-intimas-color-unico.jpg,5,,
jm-xi-iron2600,plancha a vapor 2600W,plancha a vapor 2600W,Xion,Electro,"Planchas, Xion, stock-verificado",TRUE,Color,COLOR UNICO,XI-IRON2600-CU-U,1699.00,1865.00,10,deny,https://f.fcdn.app/imgs/cccfce/joacamar.com.uy/joacuy/3935/original/catalogo/XI-IRON2600_CU_1/1024-1024/plancha-a-vapor-2600w-color-unico.jpg,1,,
jm-xi-iron2600,,,,,,,,,,,,,,https://f.fcdn.app/imgs/34bdba/joacamar.com.uy/joacuy/fdb0/original/catalogo/XI-IRON2600_CU_2/1024-1024/plancha-a-vapor-2600w-color-unico.jpg,2,,
jm-xi-iron2600,,,,,,,,,,,,,,https://f.fcdn.app/imgs/8a29cb/joacamar.com.uy/joacuy/c92f/original/catalogo/XI-IRON2600_CU_3/1024-1024/plancha-a-vapor-2600w-color-unico.jpg,3,,
jm-xi-iron2600,,,,,,,,,,,,,,https://f.fcdn.app/imgs/83622c/joacamar.com.uy/joacuy/14b5/original/catalogo/XI-IRON2600_CU_4/1024-1024/plancha-a-vapor-2600w-color-unico.jpg,4,,
jm-xi-iron2600,,,,,,,,,,,,,,https://f.fcdn.app/imgs/943d2f/joacamar.com.uy/joacuy/3ef8/original/catalogo/XI-IRON2600_CU_5/1024-1024/plancha-a-vapor-2600w-color-unico.jpg,5,,
jm-xi-glassclean,"robot limpiavidrios 3 en 1: rociado, lavado y aspirado","robot limpiavidrios 3 en 1: rociado, lavado y aspirado",Xion,Electro,"Otros, Xion, stock-verificado",TRUE,Color,COLOR UNICO,XI-GLASSCLEAN-CU-U,1948.00,2031.00,10,deny,https://f.fcdn.app/imgs/ffb071/joacamar.com.uy/joacuy/ae74/original/catalogo/XI-GLASSCLEAN_CU_1/1024-1024/robot-limpiavidrios-3-en-1-rociado-lavado-y-aspirado-color-unico.jpg,1,,
jm-xi-glassclean,,,,,,,,,,,,,,https://f.fcdn.app/imgs/eab70e/joacamar.com.uy/joacuy/b35f/original/catalogo/XI-GLASSCLEAN_CU_2/1024-1024/robot-limpiavidrios-3-en-1-rociado-lavado-y-aspirado-color-unico.jpg,2,,
jm-xi-glassclean,,,,,,,,,,,,,,https://f.fcdn.app/imgs/400254/joacamar.com.uy/joacuy/2cc9/original/catalogo/XI-GLASSCLEAN_CU_3/1024-1024/robot-limpiavidrios-3-en-1-rociado-lavado-y-aspirado-color-unico.jpg,3,,
jm-xi-glassclean,,,,,,,,,,,,,,https://f.fcdn.app/imgs/2eac48/joacamar.com.uy/joacuy/4d4d/original/catalogo/XI-GLASSCLEAN_CU_4/1024-1024/robot-limpiavidrios-3-en-1-rociado-lavado-y-aspirado-color-unico.jpg,4,,
jm-xi-glassclean,,,,,,,,,,,,,,https://f.fcdn.app/imgs/fa0533/joacamar.com.uy/joacuy/d6dd/original/catalogo/XI-GLASSCLEAN_CU_5/1024-1024/robot-limpiavidrios-3-en-1-rociado-lavado-y-aspirado-color-unico.jpg,5,,
jm-xi-se2200dual,secador de pelo 2200W bi-voltaje,secador de pelo 2200W bi-voltaje,Xion,Electro,"Cuidado Personal, Xion, stock-verificado",TRUE,Color,PRPL,XI-SE2200DUAL-PRPL-U,1078.00,1244.00,10,deny,https://f.fcdn.app/imgs/e5b3f8/joacamar.com.uy/joacuy/ef7a/original/catalogo/XI-SE2200DUAL_PRPL_1/1024-1024/secador-de-pelo-2200w-bi-voltaje-prpl.jpg,1,,
jm-xi-se2200dual,,,,,,,,,,,,,,https://f.fcdn.app/imgs/face57/joacamar.com.uy/joacuy/c4b7/original/catalogo/XI-SE2200DUAL_PRPL_2/1024-1024/secador-de-pelo-2200w-bi-voltaje-prpl.jpg,2,,
jm-xi-tooljs85,sierra caladora 850W,sierra caladora 850W,Xion,Herramientas,"Xion, stock-verificado",TRUE,Color,COLOR UNICO,XI-TOOLJS85-CU-U,1534.00,1865.00,10,deny,https://f.fcdn.app/imgs/59b7bc/joacamar.com.uy/joacuy/c3ed/original/catalogo/XI-TOOLJS85_CU_1/1024-1024/sierra-caladora-850w-color-unico.jpg,1,,
jm-xi-tooljs85,,,,,,,,,,,,,,https://f.fcdn.app/imgs/f93780/joacamar.com.uy/joacuy/9050/original/catalogo/XI-TOOLJS85_CU_2/1024-1024/sierra-caladora-850w-color-unico.jpg,2,,
jm-xi-c510,cámara vehicular de reversa XI-C510,cámara vehicular de reversa XI-C510,Xion,Accesorios,"Accesorios Auto, Xion, stock-verificado",TRUE,Color,COLOR UNICO,XI-C510-CU-U,705.00,829.00,10,deny,https://f.fcdn.app/imgs/37092f/joacamar.com.uy/joacuy/1576/original/catalogo/XI-C510_CU_1/1024-1024/camara-vehicular-de-reversa-xi-c510-color-unico.jpg,1,,
jm-xi-c530,cámara vehicular de reversa XI-C530,cámara vehicular de reversa XI-C530,Xion,Accesorios,"Accesorios Auto, Xion, stock-verificado",TRUE,Color,COLOR UNICO,XI-C530-CU-U,705.00,829.00,10,deny,https://f.fcdn.app/imgs/3d5cc7/joacamar.com.uy/joacuy/6181/original/catalogo/XI-C530_CU_1/1024-1024/camara-vehicular-de-reversa-xi-c530-color-unico.jpg,1,,
jm-xi-dd70,autoradio multimedia 2 din pantalla tactil 7”,autoradio multimedia 2 din pantalla tactil 7”,Xion,Accesorios,"Accesorios Auto, Xion, stock-verificado",TRUE,Color,COLOR UNICO,XI-DD70-CU-U,4186.00,4933.00,10,deny,https://f.fcdn.app/imgs/b025f3/joacamar.com.uy/joacuy/40cd/original/catalogo/XI-DD70_CU_1/1024-1024/autoradio-multimedia-2-din-pantalla-tactil-7-color-unico.jpg,1,,
jm-open-xi-beauty,kit cepillo secador de pelo rotativo,kit cepillo secador de pelo rotativo,Xion,Electro,"Cuidado Personal, Xion, stock-verificado",TRUE,Color,COLOR UNICO,OPEN-XI-BEAUTY-CU-U,1617.00,2031.00,10,deny,https://f.fcdn.app/imgs/787798/joacamar.com.uy/joacuy/f87c/original/catalogo/OPEN-XI-BEAUTY_CU_1/1024-1024/kit-cepillo-secador-de-pelo-rotativo-color-unico.jpg,1,,
jm-open-xi-beauty,,,,,,,,,,,,,,https://f.fcdn.app/imgs/b25cd9/joacamar.com.uy/joacuy/be9c/original/catalogo/OPEN-XI-BEAUTY_CU_2/1024-1024/kit-cepillo-secador-de-pelo-rotativo-color-unico.jpg,2,,
jm-open-xi-ba400,batidora con bowl y soporte 400w,batidora con bowl y soporte 400w,Xion,Electro,"Batidoras, Xion, stock-verificado",TRUE,Color,COLOR UNICO,OPEN-XI-BA400-CU-U,1948.00,2446.00,10,deny,https://f.fcdn.app/imgs/6cf7f8/joacamar.com.uy/joacuy/d57d/original/catalogo/OPEN-XI-BA400_CU_1/1024-1024/batidora-con-bowl-y-soporte-400w-color-unico.jpg,1,,
jm-open-xi-ba400,,,,,,,,,,,,,,https://f.fcdn.app/imgs/91446b/joacamar.com.uy/joacuy/be9c/original/catalogo/OPEN-XI-BA400_CU_2/1024-1024/batidora-con-bowl-y-soporte-400w-color-unico.jpg,2,,
jm-xi-wave32,ondulador de cabello triple,ondulador de cabello triple,Xion,Electro,"Cuidado Personal, Xion, stock-verificado",TRUE,Color,BLACK,XI-WAVE32-BLK-U,1741.00,2031.00,10,deny,https://f.fcdn.app/imgs/64183a/joacamar.com.uy/joacuy/3b5b/original/catalogo/XI-WAVE32_BLK_1/1024-1024/ondulador-de-cabello-triple-black.jpg,1,,
jm-xi-wave32,,,,,,,,,,,,,,https://f.fcdn.app/imgs/5ecbf9/joacamar.com.uy/joacuy/f20b/original/catalogo/XI-WAVE32_BLK_2/1024-1024/ondulador-de-cabello-triple-black.jpg,2,,
jm-xi-wave32,,,,,,,,,,,,,,https://f.fcdn.app/imgs/7b16cc/joacamar.com.uy/joacuy/daf3/original/catalogo/XI-WAVE32_BLK_3/1024-1024/ondulador-de-cabello-triple-black.jpg,3,,
jm-xi-wave32,,,,,,,,,,,,,,https://f.fcdn.app/imgs/9f14de/joacamar.com.uy/joacuy/4528/original/catalogo/XI-WAVE32_BLK_4/1024-1024/ondulador-de-cabello-triple-black.jpg,4,,
jm-xi-wave32,,,,,,,,,,,,,,https://f.fcdn.app/imgs/8d5171/joacamar.com.uy/joacuy/08b4/original/catalogo/XI-WAVE32_BLK_5/1024-1024/ondulador-de-cabello-triple-black.jpg,5,,
jm-xi-tripod410,tripode multiuso en aluminio,tripode multiuso en aluminio,Xion,Accesorios,"Xion, stock-verificado",TRUE,Color,COLOR UNICO,XI-TRIPOD410-CU-U,746.00,,10,deny,https://f.fcdn.app/imgs/1ede5a/joacamar.com.uy/joacuy/0620/original/catalogo/XI-TRIPOD410_CU_1/1024-1024/tripode-multiuso-en-aluminio-color-unico.jpg,1,,
jm-xi-tripod410,,,,,,,,,,,,,,https://f.fcdn.app/imgs/f7ef4f/joacamar.com.uy/joacuy/1bbc/original/catalogo/XI-TRIPOD410_CU_2/1024-1024/tripode-multiuso-en-aluminio-color-unico.jpg,2,,
jm-xi-cm21,cafetera espresso 15 bares XI-CM21,cafetera espresso 15 bares XI-CM21,Xion,Electro,"Cafeteras, Xion, stock-verificado",TRUE,Color,COLOR UNICO,XI-CM21-CU-U,3896.00,4104.00,10,deny,https://f.fcdn.app/imgs/2538bf/joacamar.com.uy/joacuy/ded1/original/catalogo/XI-CM21_CU_1/1024-1024/cafetera-espresso-15-bares-xi-cm21-color-unico.jpg,1,,
jm-xi-cm21,,,,,,,,,,,,,,https://f.fcdn.app/imgs/b30ba7/joacamar.com.uy/joacuy/707c/original/catalogo/XI-CM21_CU_2/1024-1024/cafetera-espresso-15-bares-xi-cm21-color-unico.jpg,2,,
jm-xi-cm71,cafetera espresso y capuccino retro,cafetera espresso y capuccino retro,Xion,Electro,"Cafeteras, Xion, stock-verificado",TRUE,Color,COLOR UNICO,XI-CM71-CU-U,5098.00,5347.00,10,deny,https://f.fcdn.app/imgs/e85849/joacamar.com.uy/joacuy/023d/original/catalogo/XI-CM71_CU_1/1024-1024/cafetera-espresso-y-capuccino-retro-color-unico.jpg,1,,
jm-xi-cm71,,,,,,,,,,,,,,https://f.fcdn.app/imgs/e6cab2/joacamar.com.uy/joacuy/ba66/original/catalogo/XI-CM71_CU_2/1024-1024/cafetera-espresso-y-capuccino-retro-color-unico.jpg,2,,
jm-xi-cm71,,,,,,,,,,,,,,https://f.fcdn.app/imgs/29440a/joacamar.com.uy/joacuy/3614/original/catalogo/XI-CM71_CU_3/1024-1024/cafetera-espresso-y-capuccino-retro-color-unico.jpg,3,,
jm-xi-cm71,,,,,,,,,,,,,,https://f.fcdn.app/imgs/377f15/joacamar.com.uy/joacuy/3873/original/catalogo/XI-CM71_CU_4/1024-1024/cafetera-espresso-y-capuccino-retro-color-unico.jpg,4,,
jm-xi-cm71,,,,,,,,,,,,,,https://f.fcdn.app/imgs/5d80cd/joacamar.com.uy/joacuy/cad0/original/catalogo/XI-CM71_CU_5/1024-1024/cafetera-espresso-y-capuccino-retro-color-unico.jpg,5,,
jm-xi-vcw222,aspiradora inalámbrica vertical XI-VCW222,aspiradora inalámbrica vertical XI-VCW222,Xion,Electro,"Aspiradoras, Xion, stock-verificado",TRUE,Color,COLOR UNICO,XI-VCW222-CU-U,4808.00,5347.00,10,deny,https://f.fcdn.app/imgs/6435d5/joacamar.com.uy/joacuy/d10b/original/catalogo/XI-VCW222_CU_1/1024-1024/aspiradora-inalambrica-vertical-xi-vcw222-color-unico.jpg,1,,
jm-xi-vcw222,,,,,,,,,,,,,,https://f.fcdn.app/imgs/911a0d/joacamar.com.uy/joacuy/cdef/original/catalogo/XI-VCW222_CU_2/1024-1024/aspiradora-inalambrica-vertical-xi-vcw222-color-unico.jpg,2,,
jm-xi-vcw222,,,,,,,,,,,,,,https://f.fcdn.app/imgs/9405f8/joacamar.com.uy/joacuy/2622/original/catalogo/XI-VCW222_CU_3/1024-1024/aspiradora-inalambrica-vertical-xi-vcw222-color-unico.jpg,3,,
jm-xi-vcw222,,,,,,,,,,,,,,https://f.fcdn.app/imgs/5f4276/joacamar.com.uy/joacuy/337b/original/catalogo/XI-VCW222_CU_4/1024-1024/aspiradora-inalambrica-vertical-xi-vcw222-color-unico.jpg,4,,
jm-xi-vcw222,,,,,,,,,,,,,,https://f.fcdn.app/imgs/0b7f7c/joacamar.com.uy/joacuy/85a1/original/catalogo/XI-VCW222_CU_5/1024-1024/aspiradora-inalambrica-vertical-xi-vcw222-color-unico.jpg,5,,
jm-open-xi-vc1500,aspiradora 1500w,aspiradora 1500w,Xion,Electro,"Aspiradoras, Xion, stock-verificado",TRUE,Color,BLACK,OPEN-XI-VC1500-BLK-U,1865.00,2321.00,10,deny,https://f.fcdn.app/imgs/14f100/joacamar.com.uy/joacuy/0e73/original/catalogo/OPEN-XI-VC1500_BLK_1/1024-1024/aspiradora-1500w-black.jpg,1,,
jm-open-xi-vc1500,,,,,,,,WHITE,OPEN-XI-VC1500-WHT-U,1865.00,2321.00,10,deny,,,,
jm-open-xi-vc1500,,,,,,,,,,,,,,https://f.fcdn.app/imgs/86a6f7/joacamar.com.uy/joacuy/be9c/original/catalogo/OPEN-XI-VC1500_BLK_2/1024-1024/aspiradora-1500w-black.jpg,2,,
jm-open-xi-vc1500,,,,,,,,,,,,,,https://f.fcdn.app/imgs/db0291/joacamar.com.uy/joacuy/31aa/original/catalogo/OPEN-XI-VC1500_WHT_1/1024-1024/aspiradora-1500w-white.jpg,3,,
jm-open-xi-vc1500,,,,,,,,,,,,,,https://f.fcdn.app/imgs/966c76/joacamar.com.uy/joacuy/be9c/original/catalogo/OPEN-XI-VC1500_WHT_2/1024-1024/aspiradora-1500w-white.jpg,4,,
jm-xi-hair55,cortadora de pelo y barba inalámbrica,cortadora de pelo y barba inalámbrica,Xion,Electro,"Cuidado Personal, Xion, stock-verificado",TRUE,Color,BLUE,XI-HAIR55-bl-U,870.00,1036.00,10,deny,https://f.fcdn.app/imgs/0ff7e5/joacamar.com.uy/joacuy/8aa3/original/catalogo/XI-HAIR55_bl_1/1024-1024/cortadora-de-pelo-y-barba-inalambrica-blue.jpg,1,,
jm-xi-hair55,,,,,,,,BLACK,XI-HAIR55-BLK-U,870.00,1036.00,10,deny,,,,
jm-xi-hair55,,,,,,,,,,,,,,https://f.fcdn.app/imgs/a75cfe/joacamar.com.uy/joacuy/2a87/original/catalogo/XI-HAIR55_bl_2/1024-1024/cortadora-de-pelo-y-barba-inalambrica-blue.jpg,2,,
jm-xi-hair55,,,,,,,,,,,,,,https://f.fcdn.app/imgs/dce81f/joacamar.com.uy/joacuy/6a1d/original/catalogo/XI-HAIR55_BLK_1/1024-1024/cortadora-de-pelo-y-barba-inalambrica-black.jpg,3,,
jm-xi-hair55,,,,,,,,,,,,,,https://f.fcdn.app/imgs/a578b7/joacamar.com.uy/joacuy/2a87/original/catalogo/XI-HAIR55_BLK_2/1024-1024/cortadora-de-pelo-y-barba-inalambrica-black.jpg,4,,
jm-xi-hair55,,,,,,,,,,,,,,https://f.fcdn.app/imgs/e61787/joacamar.com.uy/joacuy/0207/original/catalogo/XI-HAIR55_BLK_3/1024-1024/cortadora-de-pelo-y-barba-inalambrica-black.jpg,5,,
jm-xi-hair55,,,,,,,,,,,,,,https://f.fcdn.app/imgs/859ef5/joacamar.com.uy/joacuy/6615/original/catalogo/XI-HAIR55_BLK_4/1024-1024/cortadora-de-pelo-y-barba-inalambrica-black.jpg,6,,
jm-xi-ps55wm,pantalla con resolución full HD 55”,pantalla con resolución full HD 55”,Xion,Electro,"TV, Xion, stock-verificado",TRUE,Color,COLOR UNICO,XI-PS55WM-CU-U,24829.00,31046.00,10,deny,https://f.fcdn.app/imgs/9cb9c6/joacamar.com.uy/joacuy/cc9e/original/catalogo/XI-PS55WM_CU_1/1024-1024/pantalla-con-resolucion-full-hd-55-color-unico.jpg,1,,
jm-xi-ps55wm,,,,,,,,,,,,,,https://f.fcdn.app/imgs/4d2d7c/joacamar.com.uy/joacuy/a1a5/original/catalogo/XI-PS55WM_CU_2/1024-1024/pantalla-con-resolucion-full-hd-55-color-unico.jpg,2,,
jm-xi-ps55wm,,,,,,,,,,,,,,https://f.fcdn.app/imgs/176a11/joacamar.com.uy/joacuy/6590/original/catalogo/XI-PS55WM_CU_3/1024-1024/pantalla-con-resolucion-full-hd-55-color-unico.jpg,3,,
jm-xi-ps65wm,pantalla con resolución 4K 65”,pantalla con resolución 4K 65”,Xion,Electro,"TV, Xion, stock-verificado",TRUE,Color,COLOR UNICO,XI-PS65WM-CU-U,33119.00,41409.00,10,deny,https://f.fcdn.app/imgs/656be6/joacamar.com.uy/joacuy/ba4a/original/catalogo/XI-PS65WM_CU_1/1024-1024/pantalla-con-resolucion-4k-65-color-unico.jpg,1,,
jm-xi-ps65wm,,,,,,,,,,,,,,https://f.fcdn.app/imgs/7f72f1/joacamar.com.uy/joacuy/b8e6/original/catalogo/XI-PS65WM_CU_2/1024-1024/pantalla-con-resolucion-4k-65-color-unico.jpg,2,,
jm-xi-ps65wm,,,,,,,,,,,,,,https://f.fcdn.app/imgs/1c3a72/joacamar.com.uy/joacuy/a1a5/original/catalogo/XI-PS65WM_CU_3/1024-1024/pantalla-con-resolucion-4k-65-color-unico.jpg,3,,
jm-xi-ps65wm,,,,,,,,,,,,,,https://f.fcdn.app/imgs/48f100/joacamar.com.uy/joacuy/2d22/original/catalogo/XI-PS65WM_CU_4/1024-1024/pantalla-con-resolucion-4k-65-color-unico.jpg,4,,
jm-xi-pstir65wm,pantalla touch 65” 4K XION,pantalla touch 65” 4K XION,Xion,Electro,"TV, Xion, stock-verificado",TRUE,Color,COLOR UNICO,XI-PSTIR65WM-CU-U,49699.00,,10,deny,https://f.fcdn.app/imgs/3242ad/joacamar.com.uy/joacuy/6310/original/catalogo/XI-PSTIR65WM_CU_1/1024-1024/pantalla-touch-65-4k-xion-color-unico.jpg,1,,
jm-xi-pstir65wm,,,,,,,,,,,,,,https://f.fcdn.app/imgs/840dce/joacamar.com.uy/joacuy/a91d/original/catalogo/XI-PSTIR65WM_CU_2/1024-1024/pantalla-touch-65-4k-xion-color-unico.jpg,2,,
jm-xi-pstir65wm,,,,,,,,,,,,,,https://f.fcdn.app/imgs/088451/joacamar.com.uy/joacuy/ebf2/original/catalogo/XI-PSTIR65WM_CU_3/1024-1024/pantalla-touch-65-4k-xion-color-unico.jpg,3,,
jm-xi-ice30pro,fabricadora de hielo profesional 30kg,fabricadora de hielo profesional 30kg,Xion,Electro,"Heladeras, Xion, stock-verificado",TRUE,Color,COLOR UNICO,XI-ICE30PRO-CU-U,16041.00,16539.00,10,deny,https://f.fcdn.app/imgs/bfcde8/joacamar.com.uy/joacuy/a187/original/catalogo/XI-ICE30PRO_CU_1/1024-1024/fabricadora-de-hielo-profesional-30kg-color-unico.jpg,1,,
jm-open-xi-sw20,sandwichera eléctrica 2 panes,sandwichera eléctrica 2 panes,Xion,Electro,"Sandwicheras, Xion, stock-verificado",TRUE,Color,COLOR UNICO,OPEN-XI-SW20-CU-U,622.00,829.00,10,deny,https://f.fcdn.app/imgs/b4a7a6/joacamar.com.uy/joacuy/7093/original/catalogo/OPEN-XI-SW20_CU_1/1024-1024/sandwichera-electrica-2-panes-color-unico.jpg,1,,
jm-open-xi-sw20,,,,,,,,,,,,,,https://f.fcdn.app/imgs/579357/joacamar.com.uy/joacuy/be9c/original/catalogo/OPEN-XI-SW20_CU_2/1024-1024/sandwichera-electrica-2-panes-color-unico.jpg,2,,
jm-xi-cava28comp,enfriadora de vinos 28 botellas con compresor,enfriadora de vinos 28 botellas con compresor,Xion,Electro,"Heladeras, Xion, stock-verificado",TRUE,Color,COLOR UNICO,XI-CAVA28COMP-CU-U,12808.00,13223.00,10,deny,https://f.fcdn.app/imgs/bf0458/joacamar.com.uy/joacuy/dc25/original/catalogo/XI-CAVA28COMP_CU_1/1024-1024/enfriadora-de-vinos-28-botellas-con-compresor-color-unico.jpg,1,,
jm-xi-cava28comp,,,,,,,,,,,,,,https://f.fcdn.app/imgs/29f4e8/joacamar.com.uy/joacuy/8387/original/catalogo/XI-CAVA28COMP_CU_2/1024-1024/enfriadora-de-vinos-28-botellas-con-compresor-color-unico.jpg,2,,
jm-xi-cava28comp,,,,,,,,,,,,,,https://f.fcdn.app/imgs/b804fa/joacamar.com.uy/joacuy/531b/original/catalogo/XI-CAVA28COMP_CU_3/1024-1024/enfriadora-de-vinos-28-botellas-con-compresor-color-unico.jpg,3,,
jm-open-xi-hair25,cortadora de pelo,cortadora de pelo,Xion,Electro,"Cuidado Personal, Xion, stock-verificado",TRUE,Color,COLOR UNICO,OPEN-XI-HAIR25-CU-U,622.00,788.00,10,deny,https://f.fcdn.app/imgs/c8e545/joacamar.com.uy/joacuy/4198/original/catalogo/OPEN-XI-HAIR25_CU_1/1024-1024/cortadora-de-pelo-color-unico.jpg,1,,
jm-open-xi-hair25,,,,,,,,,,,,,,https://f.fcdn.app/imgs/38d276/joacamar.com.uy/joacuy/be9c/original/catalogo/OPEN-XI-HAIR25_CU_2/1024-1024/cortadora-de-pelo-color-unico.jpg,2,,
jm-open-xi-sd33light,parlante xion recargable 2x6 4000w,parlante xion recargable 2x6 4000w,Xion,Electro,"Audio, Xion, stock-verificado",TRUE,Color,COLOR UNICO,OPEN-XI-SD33LIGHT-CU-U,1948.00,2446.00,10,deny,https://f.fcdn.app/imgs/6148fd/joacamar.com.uy/joacuy/f9a6/original/catalogo/OPEN-XI-SD33LIGHT_CU_1/1024-1024/parlante-xion-recargable-2x6-4000w-color-unico.jpg,1,,
jm-open-xi-sd33light,,,,,,,,,,,,,,https://f.fcdn.app/imgs/5bed09/joacamar.com.uy/joacuy/be9c/original/catalogo/OPEN-XI-SD33LIGHT_CU_2/1024-1024/parlante-xion-recargable-2x6-4000w-color-unico.jpg,2,,
jm-xi-cal55,termotanque calefón 50 lts,termotanque calefón 50 lts,Xion,Electro,"Calefones, Xion, stock-verificado",TRUE,Color,COLOR UNICO,XI-CAL55-CU-U,6383.00,6591.00,10,deny,https://f.fcdn.app/imgs/666e3d/joacamar.com.uy/joacuy/06dd/original/catalogo/XI-CAL55_CU_1/1024-1024/termotanque-calefon-50-lts-color-unico.jpg,1,,
jm-xi-cal55,,,,,,,,,,,,,,https://f.fcdn.app/imgs/8b4640/joacamar.com.uy/joacuy/4382/original/catalogo/XI-CAL55_CU_2/1024-1024/termotanque-calefon-50-lts-color-unico.jpg,2,,
jm-xi-ice2x,máquina de hielo inoxidable 12kg,máquina de hielo inoxidable 12kg,Xion,Electro,"Otros, Xion, stock-verificado",TRUE,Color,COLOR UNICO,XI-ICE2X-CU-U,5596.00,5762.00,10,deny,https://f.fcdn.app/imgs/02f9a4/joacamar.com.uy/joacuy/2b2b/original/catalogo/XI-ICE2X_CU_1/1024-1024/maquina-de-hielo-inoxidable-12kg-color-unico.jpg,1,,
jm-xi-ice2x,,,,,,,,,,,,,,https://f.fcdn.app/imgs/d79455/joacamar.com.uy/joacuy/61a7/original/catalogo/XI-ICE2X_CU_2/1024-1024/maquina-de-hielo-inoxidable-12kg-color-unico.jpg,2,,
jm-xi-ice2x,,,,,,,,,,,,,,https://f.fcdn.app/imgs/316103/joacamar.com.uy/joacuy/f135/original/catalogo/XI-ICE2X_CU_3/1024-1024/maquina-de-hielo-inoxidable-12kg-color-unico.jpg,3,,
jm-xi-ice2x,,,,,,,,,,,,,,https://f.fcdn.app/imgs/ef5b39/joacamar.com.uy/joacuy/e0b5/original/catalogo/XI-ICE2X_CU_4/1024-1024/maquina-de-hielo-inoxidable-12kg-color-unico.jpg,4,,
jm-xi-ice2x,,,,,,,,,,,,,,https://f.fcdn.app/imgs/36b8b4/joacamar.com.uy/joacuy/836c/original/catalogo/XI-ICE2X_CU_5/1024-1024/maquina-de-hielo-inoxidable-12kg-color-unico.jpg,5,,
jm-xi-sl20,cerradura smart con desbloqueo dactilar,cerradura smart con desbloqueo dactilar,Xion,Electro,"Tecnología, Xion, stock-verificado",TRUE,Color,COLOR UNICO,XI-SL20-CU-U,2943.00,3275.00,10,deny,https://f.fcdn.app/imgs/4f3727/joacamar.com.uy/joacuy/5310/original/catalogo/XI-SL20_CU_1/1024-1024/cerradura-smart-con-desbloqueo-dactilar-color-unico.jpg,1,,
jm-xi-sl30,cerradura smart inteligente interior,cerradura smart inteligente interior,Xion,Electro,"Tecnología, Xion, stock-verificado",TRUE,Color,COLOR UNICO,XI-SL30-CU-U,2694.00,2984.00,10,deny,https://f.fcdn.app/imgs/ee7de5/joacamar.com.uy/joacuy/57d1/original/catalogo/XI-SL30_CU_1/1024-1024/cerradura-smart-inteligente-interior-color-unico.jpg,1,,
jm-xi-sl60,cerradura smart con desbloqueo dactilar,cerradura smart con desbloqueo dactilar,Xion,Electro,"Tecnología, Xion, stock-verificado",TRUE,Color,COLOR UNICO,XI-SL60-CU-U,5927.00,6591.00,10,deny,https://f.fcdn.app/imgs/b12fcd/joacamar.com.uy/joacuy/18d3/original/catalogo/XI-SL60_CU_1/1024-1024/cerradura-smart-con-desbloqueo-dactilar-color-unico.jpg,1,,
jm-xi-tool38b,"llave de impacto 1/2"" (brushless)","llave de impacto 1/2"" (brushless)",Xion,Herramientas,"Xion, stock-verificado",TRUE,Color,COLOR UNICO,XI-TOOL38B-CU-U,3357.00,5762.00,10,deny,https://f.fcdn.app/imgs/63d2b5/joacamar.com.uy/joacuy/d28f/original/catalogo/XI-TOOL38B_CU_1/1024-1024/llave-de-impacto-1-2-brushless-color-unico.jpg,1,,
jm-xi-tool38b,,,,,,,,,,,,,,https://f.fcdn.app/imgs/08ea41/joacamar.com.uy/joacuy/3155/original/catalogo/XI-TOOL38B_CU_2/1024-1024/llave-de-impacto-1-2-brushless-color-unico.jpg,2,,
jm-xi-tool38b,,,,,,,,,,,,,,https://f.fcdn.app/imgs/230732/joacamar.com.uy/joacuy/4a00/original/catalogo/XI-TOOL38B_CU_3/1024-1024/llave-de-impacto-1-2-brushless-color-unico.jpg,3,,
jm-xi-toolss12,sierra sable 1100W con mango giratorio,sierra sable 1100W con mango giratorio,Xion,Jardín,"Xion, stock-verificado",TRUE,Color,COLOR UNICO,XI-TOOLSS12-CU-U,2694.00,3275.00,10,deny,https://f.fcdn.app/imgs/aaf7e8/joacamar.com.uy/joacuy/edcc/original/catalogo/XI-TOOLSS12_CU_1/1024-1024/sierra-sable-1100w-con-mango-giratorio-color-unico.jpg,1,,
jm-xi-toolss12,,,,,,,,,,,,,,https://f.fcdn.app/imgs/71b398/joacamar.com.uy/joacuy/8c37/original/catalogo/XI-TOOLSS12_CU_2/1024-1024/sierra-sable-1100w-con-mango-giratorio-color-unico.jpg,2,,
jm-xi-powerair,Inflador y power bank,Inflador y power bank,Xion,Accesorios,"Accesorios Auto, Xion, stock-verificado",TRUE,Color,COLOR UNICO,XI-POWERAIR-CU-U,1036.00,1078.00,10,deny,https://f.fcdn.app/imgs/633408/joacamar.com.uy/joacuy/5e9e/original/catalogo/XI-POWERAIR_CU_1/1024-1024/inflador-y-power-bank-color-unico.jpg,1,,
jm-xi-cr20,crepera panquequera eléctrica 20cm diámetro,crepera panquequera eléctrica 20cm diámetro,Xion,Electro,"Otros, Xion, stock-verificado",TRUE,Color,COLOR UNICO,XI-CR20-CU-U,788.00,829.00,10,deny,https://f.fcdn.app/imgs/d0a453/joacamar.com.uy/joacuy/37f3/original/catalogo/XI-CR20_CU_1/1024-1024/crepera-panquequera-electrica-20cm-diametro-color-unico.jpg,1,,
jm-xi-cr30,crepera panquequera eléctrica diámetro 30 cm,crepera panquequera eléctrica diámetro 30 cm,Xion,Electro,"Otros, Xion, stock-verificado",TRUE,Color,COLOR UNICO,XI-CR30-CU-U,1161.00,1244.00,10,deny,https://f.fcdn.app/imgs/f4681e/joacamar.com.uy/joacuy/4048/original/catalogo/XI-CR30_CU_1/1024-1024/crepera-panquequera-electrica-diametro-30-cm-color-unico.jpg,1,,
jm-xi-cr30,,,,,,,,,,,,,,https://f.fcdn.app/imgs/e4ada0/joacamar.com.uy/joacuy/54af/original/catalogo/XI-CR30_CU_2/1024-1024/crepera-panquequera-electrica-diametro-30-cm-color-unico.jpg,2,,
jm-xi-tool28b,taladro de impacto 20V (brushless),taladro de impacto 20V (brushless),Xion,Herramientas,"Xion, stock-verificado",TRUE,Color,COLOR UNICO,XI-TOOL28B-CU-U,3026.00,3689.00,10,deny,https://f.fcdn.app/imgs/ba5d2e/joacamar.com.uy/joacuy/2c54/original/catalogo/XI-TOOL28B_CU_1/1024-1024/taladro-de-impacto-20v-brushless-color-unico.jpg,1,,
jm-xi-tool28b,,,,,,,,,,,,,,https://f.fcdn.app/imgs/008e0b/joacamar.com.uy/joacuy/52e6/original/catalogo/XI-TOOL28B_CU_2/1024-1024/taladro-de-impacto-20v-brushless-color-unico.jpg,2,,
jm-xi-tool28b,,,,,,,,,,,,,,https://f.fcdn.app/imgs/4a8640/joacamar.com.uy/joacuy/cafa/original/catalogo/XI-TOOL28B_CU_3/1024-1024/taladro-de-impacto-20v-brushless-color-unico.jpg,3,,
jm-if43b,heladera refrigerador Electrolux autosense 408 lts,heladera refrigerador Electrolux autosense 408 lts,electrolux,Electro,"Heladeras, electrolux, stock-verificado",TRUE,Color,BLACK,IF43B-BLK-U,31046.00,43481.00,10,deny,https://f.fcdn.app/imgs/e1aa6c/joacamar.com.uy/joacuy/7187/original/catalogo/IF43B_BLK_1/1024-1024/heladera-refrigerador-electrolux-autosense-408-lts-black.jpg,1,,
jm-if43b,,,,,,,,,,,,,,https://f.fcdn.app/imgs/7d17f4/joacamar.com.uy/joacuy/60d5/original/catalogo/IF43B_BLK_2/1024-1024/heladera-refrigerador-electrolux-autosense-408-lts-black.jpg,2,,
jm-if43b,,,,,,,,,,,,,,https://f.fcdn.app/imgs/ea76e7/joacamar.com.uy/joacuy/99b3/original/catalogo/IF43B_BLK_3/1024-1024/heladera-refrigerador-electrolux-autosense-408-lts-black.jpg,3,,
jm-if43b,,,,,,,,,,,,,,https://f.fcdn.app/imgs/c205d3/joacamar.com.uy/joacuy/efb0/original/catalogo/IF43B_BLK_4/1024-1024/heladera-refrigerador-electrolux-autosense-408-lts-black.jpg,4,,
jm-if43b,,,,,,,,,,,,,,https://f.fcdn.app/imgs/0666cc/joacamar.com.uy/joacuy/6f88/original/catalogo/IF43B_BLK_5/1024-1024/heladera-refrigerador-electrolux-autosense-408-lts-black.jpg,5,,
jm-xi-ehi10,anafe de inducción portátil con olla de regalo,anafe de inducción portátil con olla de regalo,Xion,Electro,"Cocinas, Xion, stock-verificado",TRUE,Color,COLOR UNICO,XI-EHi10-CU-U,1824.00,2031.00,10,deny,https://f.fcdn.app/imgs/7857cb/joacamar.com.uy/joacuy/cb19/original/catalogo/XI-EHi10_CU_1/1024-1024/anafe-de-induccion-portatil-con-olla-de-regalo-color-unico.jpg,1,,
jm-xi-ehi15,anafe de inducción portátil con olla de regalo,anafe de inducción portátil con olla de regalo,Xion,Electro,"Cocinas, Xion, stock-verificado",TRUE,Color,COLOR UNICO,XI-EHi15-CU-U,2363.00,2446.00,10,deny,https://f.fcdn.app/imgs/5d931d/joacamar.com.uy/joacuy/95f3/original/catalogo/XI-EHi15_CU_1/1024-1024/anafe-de-induccion-portatil-con-olla-de-regalo-color-unico.jpg,1,,
jm-xi-sl40,cerradura pestillo smart con desbloqueo dactilar,cerradura pestillo smart con desbloqueo dactilar,Xion,Electro,"Tecnología, Xion, stock-verificado",TRUE,Color,COLOR UNICO,XI-SL40-CU-U,2943.00,3275.00,10,deny,https://f.fcdn.app/imgs/fb0e60/joacamar.com.uy/joacuy/d74d/original/catalogo/XI-SL40_CU_1/1024-1024/cerradura-pestillo-smart-con-desbloqueo-dactilar-color-unico.jpg,1,,
jm-xi-sl50,cerradura smart con desbloqueo dactilar,cerradura smart con desbloqueo dactilar,Xion,Electro,"Tecnología, Xion, stock-verificado",TRUE,Color,COLOR UNICO,XI-SL50-CU-U,3192.00,3523.00,10,deny,https://f.fcdn.app/imgs/7cb66d/joacamar.com.uy/joacuy/63ad/original/catalogo/XI-SL50_CU_1/1024-1024/cerradura-smart-con-desbloqueo-dactilar-color-unico.jpg,1,,
jm-xi-eh101,anafe vitrocerámico portátil 1 hornalla,anafe vitrocerámico portátil 1 hornalla,Xion,Electro,"Cocinas, Xion, stock-verificado",TRUE,Color,COLOR UNICO,XI-EH101-CU-U,1990.00,2031.00,10,deny,https://f.fcdn.app/imgs/aefde2/joacamar.com.uy/joacuy/8026/original/catalogo/XI-EH101_CU_1/1024-1024/anafe-vitroceramico-portatil-1-hornalla-color-unico.jpg,1,,
jm-xi-eh101,,,,,,,,,,,,,,https://f.fcdn.app/imgs/7b4b51/joacamar.com.uy/joacuy/be12/original/catalogo/XI-EH101_CU_2/1024-1024/anafe-vitroceramico-portatil-1-hornalla-color-unico.jpg,2,,
jm-xi-pb100,power bank magnético 10.000 mAh,power bank magnético 10.000 mAh,Xion,Electro,"Tecnología, Xion, stock-verificado",TRUE,Color,COLOR UNICO,XI-PB100-CU-U,995.00,1036.00,10,deny,https://f.fcdn.app/imgs/44f742/joacamar.com.uy/joacuy/21b3/original/catalogo/XI-PB100_CU_1/1024-1024/power-bank-magnetico-10-000-mah-color-unico.jpg,1,,
jm-xi-pb200,power bank 10.000mAh,power bank 10.000mAh,Xion,Electro,"Tecnología, Xion, stock-verificado",TRUE,Color,COLOR UNICO,XI-PB200-CU-U,746.00,788.00,10,deny,https://f.fcdn.app/imgs/931a5d/joacamar.com.uy/joacuy/f832/original/catalogo/XI-PB200_CU_1/1024-1024/power-bank-10-000mah-color-unico.jpg,1,,
jm-xi-lamp25,lámpara de escritorio recargable,lámpara de escritorio recargable,Xion,Electro,"Tecnología, Xion, stock-verificado",TRUE,Color,COLOR UNICO,XI-LAMP25-CU-U,622.00,,10,deny,https://f.fcdn.app/imgs/8224e9/joacamar.com.uy/joacuy/91cd/original/catalogo/XI-LAMP25_CU_1/1024-1024/lampara-de-escritorio-recargable-color-unico.jpg,1,,
jm-xi-lamp25,,,,,,,,,,,,,,https://f.fcdn.app/imgs/806a2e/joacamar.com.uy/joacuy/4b8d/original/catalogo/XI-LAMP25_CU_2/1024-1024/lampara-de-escritorio-recargable-color-unico.jpg,2,,
jm-xi-lamp25,,,,,,,,,,,,,,https://f.fcdn.app/imgs/e83389/joacamar.com.uy/joacuy/6779/original/catalogo/XI-LAMP25_CU_3/1024-1024/lampara-de-escritorio-recargable-color-unico.jpg,3,,
jm-xi-parking,kit de 4 sensores de estacionamiento,kit de 4 sensores de estacionamiento,Xion,Accesorios,"Accesorios Auto, Xion, stock-verificado",TRUE,Color,COLOR UNICO,XI-PARKING-CU-U,663.00,788.00,10,deny,https://f.fcdn.app/imgs/62e62d/joacamar.com.uy/joacuy/2ff8/original/catalogo/XI-PARKING_CU_1/1024-1024/kit-de-4-sensores-de-estacionamiento-color-unico.jpg,1,,
jm-55vl5f,"pantalla comercial para VideoWall LG serie VL5F 55""","pantalla comercial para VideoWall LG serie VL5F 55""",LG,Electro,"TV, LG, stock-verificado",TRUE,Color,COLOR UNICO,55VL5F-CU-U,65284.00,78340.00,10,deny,https://f.fcdn.app/imgs/492d45/joacamar.com.uy/joacuy/82c0/original/catalogo/55VL5F_CU_1/1024-1024/pantalla-comercial-para-videowall-lg-serie-vl5f-55-color-unico.jpg,1,,
jm-55vl5f,,,,,,,,,,,,,,https://f.fcdn.app/imgs/1f8286/joacamar.com.uy/joacuy/6631/original/catalogo/55VL5F_CU_2/1024-1024/pantalla-comercial-para-videowall-lg-serie-vl5f-55-color-unico.jpg,2,,
jm-55vl5f,,,,,,,,,,,,,,https://f.fcdn.app/imgs/73ce00/joacamar.com.uy/joacuy/5a9f/original/catalogo/55VL5F_CU_3/1024-1024/pantalla-comercial-para-videowall-lg-serie-vl5f-55-color-unico.jpg,3,,
jm-55vl5f,,,,,,,,,,,,,,https://f.fcdn.app/imgs/dd1b72/joacamar.com.uy/joacuy/53d3/original/catalogo/55VL5F_CU_4/1024-1024/pantalla-comercial-para-videowall-lg-serie-vl5f-55-color-unico.jpg,4,,
jm-55vl5f,,,,,,,,,,,,,,https://f.fcdn.app/imgs/2ce2a2/joacamar.com.uy/joacuy/c852/original/catalogo/55VL5F_CU_5/1024-1024/pantalla-comercial-para-videowall-lg-serie-vl5f-55-color-unico.jpg,5,,
jm-32sm5j-b,"pantalla comercial LG 32""","pantalla comercial LG 32""",LG,Electro,"TV, LG, stock-verificado",TRUE,Color,COLOR UNICO,32SM5J-B-CU-U,25740.00,30880.00,10,deny,https://f.fcdn.app/imgs/ad6a02/joacamar.com.uy/joacuy/091e/original/catalogo/32SM5J-B_CU_1/1024-1024/pantalla-comercial-lg-32-color-unico.jpg,1,,
jm-32sm5j-b,,,,,,,,,,,,,,https://f.fcdn.app/imgs/bf5ea0/joacamar.com.uy/joacuy/27b5/original/catalogo/32SM5J-B_CU_2/1024-1024/pantalla-comercial-lg-32-color-unico.jpg,2,,
jm-32sm5j-b,,,,,,,,,,,,,,https://f.fcdn.app/imgs/a6a507/joacamar.com.uy/joacuy/4cad/original/catalogo/32SM5J-B_CU_3/1024-1024/pantalla-comercial-lg-32-color-unico.jpg,3,,
jm-32sm5j-b,,,,,,,,,,,,,,https://f.fcdn.app/imgs/52e82e/joacamar.com.uy/joacuy/7937/original/catalogo/32SM5J-B_CU_4/1024-1024/pantalla-comercial-lg-32-color-unico.jpg,4,,
jm-32sm5j-b,,,,,,,,,,,,,,https://f.fcdn.app/imgs/6e3793/joacamar.com.uy/joacuy/a6fa/original/catalogo/32SM5J-B_CU_5/1024-1024/pantalla-comercial-lg-32-color-unico.jpg,5,,
jm-43um5n-e,"pantalla comercial LG UHD con plataforma webOS 43""","pantalla comercial LG UHD con plataforma webOS 43""",LG,Electro,"TV, LG, stock-verificado",TRUE,Color,COLOR UNICO,43UM5N-E-CU-U,37264.00,44725.00,10,deny,https://f.fcdn.app/imgs/2b4064/joacamar.com.uy/joacuy/4bb5/original/catalogo/43UM5N-E_CU_1/1024-1024/pantalla-comercial-lg-uhd-con-plataforma-webos-43-color-unico.jpg,1,,
jm-43um5n-e,,,,,,,,,,,,,,https://f.fcdn.app/imgs/cc3cda/joacamar.com.uy/joacuy/10af/original/catalogo/43UM5N-E_CU_2/1024-1024/pantalla-comercial-lg-uhd-con-plataforma-webos-43-color-unico.jpg,2,,
jm-43um5n-e,,,,,,,,,,,,,,https://f.fcdn.app/imgs/c7cd92/joacamar.com.uy/joacuy/d052/original/catalogo/43UM5N-E_CU_3/1024-1024/pantalla-comercial-lg-uhd-con-plataforma-webos-43-color-unico.jpg,3,,
jm-43um5n-e,,,,,,,,,,,,,,https://f.fcdn.app/imgs/194e7c/joacamar.com.uy/joacuy/305f/original/catalogo/43UM5N-E_CU_4/1024-1024/pantalla-comercial-lg-uhd-con-plataforma-webos-43-color-unico.jpg,4,,
jm-49vl5g-m,"pantalla comercial para VideoWall LG Serie VL5G-M 49""","pantalla comercial para VideoWall LG Serie VL5G-M 49""",LG,Electro,"TV, LG, stock-verificado",TRUE,Color,COLOR UNICO,49VL5G-M-CU-U,60641.00,72786.00,10,deny,https://f.fcdn.app/imgs/599746/joacamar.com.uy/joacuy/5390/original/catalogo/49VL5G-M_CU_1/1024-1024/pantalla-comercial-para-videowall-lg-serie-vl5g-m-49-color-unico.jpg,1,,
jm-49vl5g-m,,,,,,,,,,,,,,https://f.fcdn.app/imgs/ee7f33/joacamar.com.uy/joacuy/f586/original/catalogo/49VL5G-M_CU_2/1024-1024/pantalla-comercial-para-videowall-lg-serie-vl5g-m-49-color-unico.jpg,2,,
jm-49vl5g-m,,,,,,,,,,,,,,https://f.fcdn.app/imgs/6a7c45/joacamar.com.uy/joacuy/d6a5/original/catalogo/49VL5G-M_CU_3/1024-1024/pantalla-comercial-para-videowall-lg-serie-vl5g-m-49-color-unico.jpg,3,,
jm-49vl5g-m,,,,,,,,,,,,,,https://f.fcdn.app/imgs/97e925/joacamar.com.uy/joacuy/9bb5/original/catalogo/49VL5G-M_CU_4/1024-1024/pantalla-comercial-para-videowall-lg-serie-vl5g-m-49-color-unico.jpg,4,,
jm-86ul3j-b,"pantalla comercial LG UHD con plataforma webOS 85""","pantalla comercial LG UHD con plataforma webOS 85""",LG,Electro,"TV, LG, stock-verificado",TRUE,Color,COLOR UNICO,86UL3J-B-CU-U,113780.00,136536.00,10,deny,https://f.fcdn.app/imgs/c8f19b/joacamar.com.uy/joacuy/2129/original/catalogo/86UL3J-B_CU_1/1024-1024/pantalla-comercial-lg-uhd-con-plataforma-webos-85-color-unico.jpg,1,,
jm-86ul3j-b,,,,,,,,,,,,,,https://f.fcdn.app/imgs/f7881f/joacamar.com.uy/joacuy/5aca/original/catalogo/86UL3J-B_CU_2/1024-1024/pantalla-comercial-lg-uhd-con-plataforma-webos-85-color-unico.jpg,2,,
jm-86ul3j-b,,,,,,,,,,,,,,https://f.fcdn.app/imgs/c6f345/joacamar.com.uy/joacuy/e41f/original/catalogo/86UL3J-B_CU_3/1024-1024/pantalla-comercial-lg-uhd-con-plataforma-webos-85-color-unico.jpg,3,,
jm-86ul3j-b,,,,,,,,,,,,,,https://f.fcdn.app/imgs/eec427/joacamar.com.uy/joacuy/0020/original/catalogo/86UL3J-B_CU_4/1024-1024/pantalla-comercial-lg-uhd-con-plataforma-webos-85-color-unico.jpg,4,,
jm-mlt-114,"porta Notebook/Ipad hasta 14"" Case Logic","porta Notebook/Ipad hasta 14"" Case Logic",CASELOGIC,Accesorios,"CASELOGIC, stock-verificado",TRUE,Color,GRY,MLT-114-GRY-U,1451.00,,10,deny,https://f.fcdn.app/imgs/38bca6/joacamar.com.uy/joacuy/0721/original/catalogo/MLT-114_GRY_1/1024-1024/porta-notebook-ipad-hasta-14-case-logic-gry.jpg,1,,
jm-mlt-114,,,,,,,,MGTA,MLT-114-MGTA-U,1451.00,,10,deny,,,,
jm-mlt-114,,,,,,,,,,,,,,https://f.fcdn.app/imgs/425890/joacamar.com.uy/joacuy/4b21/original/catalogo/MLT-114_MGTA_1/1024-1024/porta-notebook-ipad-hasta-14-case-logic-mgta.jpg,2,,
jm-mlt-114,,,,,,,,,,,,,,https://f.fcdn.app/imgs/4031ea/joacamar.com.uy/joacuy/590f/original/catalogo/MLT-114_MGTA_2/1024-1024/porta-notebook-ipad-hasta-14-case-logic-mgta.jpg,3,,
jm-xi-iron24,plancha a vapor 2400W,plancha a vapor 2400W,Xion,Electro,"Planchas, Xion, stock-verificado",TRUE,Color,COLOR UNICO,XI-IRON24-CU-U,1078.00,1202.00,10,deny,https://f.fcdn.app/imgs/6500f8/joacamar.com.uy/joacuy/65e3/original/catalogo/XI-IRON24_CU_1/1024-1024/plancha-a-vapor-2400w-color-unico.jpg,1,,
jm-xi-iron24,,,,,,,,,,,,,,https://f.fcdn.app/imgs/d01e4e/joacamar.com.uy/joacuy/3fc5/original/catalogo/XI-IRON24_CU_2/1024-1024/plancha-a-vapor-2400w-color-unico.jpg,2,,
jm-xi-iron24,,,,,,,,,,,,,,https://f.fcdn.app/imgs/284af6/joacamar.com.uy/joacuy/57df/original/catalogo/XI-IRON24_CU_3/1024-1024/plancha-a-vapor-2400w-color-unico.jpg,3,,
jm-xi-sewall,secador de cabello con soporte de pared,secador de cabello con soporte de pared,Xion,Electro,"Cuidado Personal, Xion, stock-verificado",TRUE,Color,COLOR UNICO,XI-SEWALL-CU-U,1409.00,1617.00,10,deny,https://f.fcdn.app/imgs/3c5b3f/joacamar.com.uy/joacuy/f729/original/catalogo/XI-SEWALL_CU_1/1024-1024/secador-de-cabello-con-soporte-de-pared-color-unico.jpg,1,,
jm-xi-sewall,,,,,,,,,,,,,,https://f.fcdn.app/imgs/d9bde0/joacamar.com.uy/joacuy/ebfc/original/catalogo/XI-SEWALL_CU_2/1024-1024/secador-de-cabello-con-soporte-de-pared-color-unico.jpg,2,,
jm-xi-salon3,cortadora de pelo profesional XI-SALON3,cortadora de pelo profesional XI-SALON3,Xion,Electro,"Cuidado Personal, Xion, stock-verificado",TRUE,Color,COLOR UNICO,XI-SALON3-CU-U,2280.00,2860.00,10,deny,https://f.fcdn.app/imgs/1363a8/joacamar.com.uy/joacuy/283b/original/catalogo/XI-SALON3_CU_1/1024-1024/cortadora-de-pelo-profesional-xi-salon3-color-unico.jpg,1,,
jm-xi-salon3,,,,,,,,,,,,,,https://f.fcdn.app/imgs/2a494e/joacamar.com.uy/joacuy/e9fa/original/catalogo/XI-SALON3_CU_2/1024-1024/cortadora-de-pelo-profesional-xi-salon3-color-unico.jpg,2,,
jm-xi-salon3,,,,,,,,,,,,,,https://f.fcdn.app/imgs/32dfca/joacamar.com.uy/joacuy/1243/original/catalogo/XI-SALON3_CU_3/1024-1024/cortadora-de-pelo-profesional-xi-salon3-color-unico.jpg,3,,
jm-xi-salon3,,,,,,,,,,,,,,https://f.fcdn.app/imgs/cbd485/joacamar.com.uy/joacuy/5bdf/original/catalogo/XI-SALON3_CU_4/1024-1024/cortadora-de-pelo-profesional-xi-salon3-color-unico.jpg,4,,
jm-xi-salon3,,,,,,,,,,,,,,https://f.fcdn.app/imgs/b5337e/joacamar.com.uy/joacuy/b60e/original/catalogo/XI-SALON3_CU_5/1024-1024/cortadora-de-pelo-profesional-xi-salon3-color-unico.jpg,5,,
jm-open-xi-sd114,"parlante activo 12"" recargable","parlante activo 12"" recargable",Xion,Electro,"Audio, Xion, stock-verificado",TRUE,Color,COLOR UNICO,OPEN-XI-SD114-CU-U,4933.00,6176.00,10,deny,https://f.fcdn.app/imgs/74215c/joacamar.com.uy/joacuy/66fd/original/catalogo/OPEN-XI-SD114_CU_1/1024-1024/parlante-activo-12-recargable-color-unico.jpg,1,,
jm-open-xi-sd114,,,,,,,,,,,,,,https://f.fcdn.app/imgs/f80efa/joacamar.com.uy/joacuy/be9c/original/catalogo/OPEN-XI-SD114_CU_2/1024-1024/parlante-activo-12-recargable-color-unico.jpg,2,,
jm-open-xi-v3145,ventilador 3 en 1 45cm dos unidades por caja,ventilador 3 en 1 45cm dos unidades por caja,Xion,Electro,"Climatización, Xion, stock-verificado",TRUE,Color,COLOR UNICO,OPEN-XI-V3145-CU-U,2155.00,2694.00,10,deny,https://f.fcdn.app/imgs/487862/joacamar.com.uy/joacuy/93fa/original/catalogo/OPEN-XI-V3145_CU_1/1024-1024/ventilador-3-en-1-45cm-dos-unidades-por-caja-color-unico.jpg,1,,
jm-open-xi-v3145,,,,,,,,,,,,,,https://f.fcdn.app/imgs/3117c2/joacamar.com.uy/joacuy/8998/original/catalogo/OPEN-XI-V3145_CU_2/1024-1024/ventilador-3-en-1-45cm-dos-unidades-por-caja-color-unico.jpg,2,,
jm-open-xi-v3145,,,,,,,,,,,,,,https://f.fcdn.app/imgs/8f0087/joacamar.com.uy/joacuy/be9c/original/catalogo/OPEN-XI-V3145_CU_3/1024-1024/ventilador-3-en-1-45cm-dos-unidades-por-caja-color-unico.jpg,3,,
jm-open-xi-v3190,ventilador 3 en 1 pie/turbo/pared,ventilador 3 en 1 pie/turbo/pared,Xion,Electro,"Climatización, Xion, stock-verificado",TRUE,Color,COLOR UNICO,OPEN-XI-V3190-CU-U,1202.00,1492.00,10,deny,https://f.fcdn.app/imgs/344c1c/joacamar.com.uy/joacuy/5802/original/catalogo/OPEN-XI-V3190_CU_1/1024-1024/ventilador-3-en-1-pie-turbo-pared-color-unico.jpg,1,,
jm-open-xi-v3190,,,,,,,,,,,,,,https://f.fcdn.app/imgs/0f7d4b/joacamar.com.uy/joacuy/cb56/original/catalogo/OPEN-XI-V3190_CU_2/1024-1024/ventilador-3-en-1-pie-turbo-pared-color-unico.jpg,2,,
jm-open-xi-v3190,,,,,,,,,,,,,,https://f.fcdn.app/imgs/d12c46/joacamar.com.uy/joacuy/be9c/original/catalogo/OPEN-XI-V3190_CU_3/1024-1024/ventilador-3-en-1-pie-turbo-pared-color-unico.jpg,3,,
jm-open-xi-ec990t,campana extractora xion acero inox 90cm,campana extractora xion acero inox 90cm,Xion,Electro,"Campanas, Xion, stock-verificado",TRUE,Color,COLOR UNICO,OPEN-XI-EC990T-CU-U,5927.00,7420.00,10,deny,https://f.fcdn.app/imgs/bc7c3f/joacamar.com.uy/joacuy/4e09/original/catalogo/OPEN-XI-EC990T_CU_1/1024-1024/campana-extractora-xion-acero-inox-90cm-color-unico.jpg,1,,
jm-open-xi-ec990t,,,,,,,,,,,,,,https://f.fcdn.app/imgs/741da7/joacamar.com.uy/joacuy/be9c/original/catalogo/OPEN-XI-EC990T_CU_2/1024-1024/campana-extractora-xion-acero-inox-90cm-color-unico.jpg,2,,
jm-open-xi-v130,ventilador de pie 1.3 mts 40 cm,ventilador de pie 1.3 mts 40 cm,Xion,Electro,"Climatización, Xion, stock-verificado",TRUE,Color,COLOR UNICO,OPEN-XI-V130-CU-U,995.00,1244.00,10,deny,https://f.fcdn.app/imgs/e7a688/joacamar.com.uy/joacuy/6ca1/original/catalogo/OPEN-XI-V130_CU_1/1024-1024/ventilador-de-pie-1-3-mts-40-cm-color-unico.jpg,1,,
jm-open-xi-v130,,,,,,,,,,,,,,https://f.fcdn.app/imgs/4c708b/joacamar.com.uy/joacuy/be9c/original/catalogo/OPEN-XI-V130_CU_2/1024-1024/ventilador-de-pie-1-3-mts-40-cm-color-unico.jpg,2,,
jm-open-xi-v150,ventilador de pie con remoto 40 cm,ventilador de pie con remoto 40 cm,Xion,Electro,"Climatización, Xion, stock-verificado",TRUE,Color,COLOR UNICO,OPEN-XI-V150-CU-U,1658.00,2072.00,10,deny,https://f.fcdn.app/imgs/d3e156/joacamar.com.uy/joacuy/a2a7/original/catalogo/OPEN-XI-V150_CU_1/1024-1024/ventilador-de-pie-con-remoto-40-cm-color-unico.jpg,1,,
jm-open-xi-v150,,,,,,,,,,,,,,https://f.fcdn.app/imgs/88d291/joacamar.com.uy/joacuy/be9c/original/catalogo/OPEN-XI-V150_CU_2/1024-1024/ventilador-de-pie-con-remoto-40-cm-color-unico.jpg,2,,
jm-open-xi-fr180,horno freidora sin aceite formato horno airfryer 18 lts.,horno freidora sin aceite formato horno airfryer 18 lts.,Xion,Electro,"Freidoras, Xion, stock-verificado",TRUE,Color,COLOR UNICO,OPEN-XI-FR180-CU-U,3275.00,4104.00,10,deny,https://f.fcdn.app/imgs/762276/joacamar.com.uy/joacuy/2a94/original/catalogo/OPEN-XI-FR180_CU_1/1024-1024/horno-freidora-sin-aceite-formato-horno-airfryer-18-lts-color-unico.jpg,1,,
jm-open-xi-fr180,,,,,,,,,,,,,,https://f.fcdn.app/imgs/9e6e97/joacamar.com.uy/joacuy/be9c/original/catalogo/OPEN-XI-FR180_CU_2/1024-1024/horno-freidora-sin-aceite-formato-horno-airfryer-18-lts-color-unico.jpg,2,,
jm-xi-tool7,"destornillador inalámbrico 3,6 volts","destornillador inalámbrico 3,6 volts",Xion,Herramientas,"Xion, stock-verificado",TRUE,Color,COLOR UNICO,XI-TOOL7-CU-U,1202.00,1451.00,10,deny,https://f.fcdn.app/imgs/b00ee9/joacamar.com.uy/joacuy/c69e/original/catalogo/XI-TOOL7_CU_1/1024-1024/destornillador-inalambrico-3-6-volts-color-unico.jpg,1,,
jm-xi-tool7,,,,,,,,,,,,,,https://f.fcdn.app/imgs/20d860/joacamar.com.uy/joacuy/e1ea/original/catalogo/XI-TOOL7_CU_2/1024-1024/destornillador-inalambrico-3-6-volts-color-unico.jpg,2,,
jm-xi-cg20,cargador carga rápida USB C + USB A,cargador carga rápida USB C + USB A,Xion,Accesorios,"Xion, stock-verificado",TRUE,Color,COLOR UNICO,XI-CG20-CU-U,332.00,,10,deny,https://f.fcdn.app/imgs/8ad8ee/joacamar.com.uy/joacuy/4a57/original/catalogo/XI-CG20_CU_1/1024-1024/cargador-carga-rapida-usb-c-usb-a-color-unico.jpg,1,,
jm-xi-cg65,cargador carga rápida USB - USB C,cargador carga rápida USB - USB C,Xion,Accesorios,"Xion, stock-verificado",TRUE,Color,COLOR UNICO,XI-CG65-CU-U,995.00,,10,deny,https://f.fcdn.app/imgs/2ef281/joacamar.com.uy/joacuy/6cbd/original/catalogo/XI-CG65_CU_1/1024-1024/cargador-carga-rapida-usb-usb-c-color-unico.jpg,1,,
jm-xi-tool74,kit taladro inalámbrico 12v + 74 accesorios,kit taladro inalámbrico 12v + 74 accesorios,Xion,Herramientas,"Xion, stock-verificado",TRUE,Color,COLOR UNICO,XI-TOOL74-CU-U,2197.00,2694.00,10,deny,https://f.fcdn.app/imgs/19ccbf/joacamar.com.uy/joacuy/d151/original/catalogo/XI-TOOL74_CU_1/1024-1024/kit-taladro-inalambrico-12v-74-accesorios-color-unico.jpg,1,,
jm-xi-tool74,,,,,,,,,,,,,,https://f.fcdn.app/imgs/b2d320/joacamar.com.uy/joacuy/d478/original/catalogo/XI-TOOL74_CU_2/1024-1024/kit-taladro-inalambrico-12v-74-accesorios-color-unico.jpg,2,,
jm-xi-tooltor17,mini torno/amoladora multiuso xion,mini torno/amoladora multiuso xion,Xion,Herramientas,"Xion, stock-verificado",TRUE,Color,COLOR UNICO,XI-TOOLTOR17-CU-U,1782.00,2155.00,10,deny,https://f.fcdn.app/imgs/571c67/joacamar.com.uy/joacuy/d93f/original/catalogo/XI-TOOLTOR17_CU_1/1024-1024/mini-torno-amoladora-multiuso-xion-color-unico.jpg,1,,
jm-xi-toolrm21,rotomartillo inalámbrico 21v RPM 0-1000,rotomartillo inalámbrico 21v RPM 0-1000,Xion,Herramientas,"Xion, stock-verificado",TRUE,Color,COLOR UNICO,XI-TOOLRM21-CU-U,8787.00,12394.00,10,deny,https://f.fcdn.app/imgs/d3f65f/joacamar.com.uy/joacuy/d4ce/original/catalogo/XI-TOOLRM21_CU_1/1024-1024/rotomartillo-inalambrico-21v-rpm-0-1000-color-unico.jpg,1,,
jm-xi-toolrm21,,,,,,,,,,,,,,https://f.fcdn.app/imgs/4b9014/joacamar.com.uy/joacuy/54f6/original/catalogo/XI-TOOLRM21_CU_2/1024-1024/rotomartillo-inalambrico-21v-rpm-0-1000-color-unico.jpg,2,,
jm-xi-toolcc600,cortacerco electrico toolcc600 600w,cortacerco electrico toolcc600 600w,Xion,Jardín,"Cortadoras de Césped, Xion, stock-verificado",TRUE,Color,COLOR UNICO,XI-TOOLCC600-CU-U,3026.00,3689.00,10,deny,https://f.fcdn.app/imgs/3c8323/joacamar.com.uy/joacuy/541e/original/catalogo/XI-TOOLCC600_CU_1/1024-1024/cortacerco-electrico-toolcc600-600w-color-unico.jpg,1,,
jm-xi-multipet,kit de corte y aseo para mascotas,kit de corte y aseo para mascotas,Xion,Accesorios,"Xion, stock-verificado",TRUE,Color,COLOR UNICO,XI-MULTIPET-CU-U,7461.00,7834.00,10,deny,https://f.fcdn.app/imgs/948b88/joacamar.com.uy/joacuy/570d/original/catalogo/XI-MULTIPET_CU_1/1024-1024/kit-de-corte-y-aseo-para-mascotas-color-unico.jpg,1,,
jm-xi-multipet,,,,,,,,,,,,,,https://f.fcdn.app/imgs/4d5621/joacamar.com.uy/joacuy/72a5/original/catalogo/XI-MULTIPET_CU_2/1024-1024/kit-de-corte-y-aseo-para-mascotas-color-unico.jpg,2,,
jm-xi-multipet,,,,,,,,,,,,,,https://f.fcdn.app/imgs/8eff06/joacamar.com.uy/joacuy/710f/original/catalogo/XI-MULTIPET_CU_3/1024-1024/kit-de-corte-y-aseo-para-mascotas-color-unico.jpg,3,,
jm-xi-multipet,,,,,,,,,,,,,,https://f.fcdn.app/imgs/0821f9/joacamar.com.uy/joacuy/2be7/original/catalogo/XI-MULTIPET_CU_4/1024-1024/kit-de-corte-y-aseo-para-mascotas-color-unico.jpg,4,,
jm-xi-multipet,,,,,,,,,,,,,,https://f.fcdn.app/imgs/1ef710/joacamar.com.uy/joacuy/ee02/original/catalogo/XI-MULTIPET_CU_5/1024-1024/kit-de-corte-y-aseo-para-mascotas-color-unico.jpg,5,,
jm-xi-tool15,atornillador eléctrico inalámbrico 3.7V,atornillador eléctrico inalámbrico 3.7V,Xion,Herramientas,"Xion, stock-verificado",TRUE,Color,COLOR UNICO,XI-TOOL15-CU-U,829.00,1326.00,10,deny,https://f.fcdn.app/imgs/97b801/joacamar.com.uy/joacuy/ab29/original/catalogo/XI-TOOL15_CU_1/1024-1024/atornillador-electrico-inalambrico-3-7v-color-unico.jpg,1,,
jm-xi-tool15,,,,,,,,,,,,,,https://f.fcdn.app/imgs/d99093/joacamar.com.uy/joacuy/1ff3/original/catalogo/XI-TOOL15_CU_2/1024-1024/atornillador-electrico-inalambrico-3-7v-color-unico.jpg,2,,
jm-xi-toolso3x1,"sopladora, trituradora y aspiradora 3000w","sopladora, trituradora y aspiradora 3000w",Xion,Jardín,"Xion, stock-verificado",TRUE,Color,COLOR UNICO,XI-TOOLSO3X1-CU-U,2902.00,3523.00,10,deny,https://f.fcdn.app/imgs/bfeb47/joacamar.com.uy/joacuy/284d/original/catalogo/XI-TOOLSO3X1_CU_1/1024-1024/sopladora-trituradora-y-aspiradora-3000w-color-unico.jpg,1,,
jm-xi-cp40,cargador de pilas usb,cargador de pilas usb,Xion,Accesorios,"Xion, stock-verificado",TRUE,Color,COLOR UNICO,XI-CP40-CU-U,912.00,,10,deny,https://f.fcdn.app/imgs/733b08/joacamar.com.uy/joacuy/97eb/original/catalogo/XI-CP40_CU_1/1024-1024/cargador-de-pilas-usb-color-unico.jpg,1,,
jm-xi-pi31,pilas recargables aa,pilas recargables aa,Xion,Accesorios,"Xion, stock-verificado",TRUE,Color,COLOR UNICO,XI-PI31-CU-U,663.00,,10,deny,https://f.fcdn.app/imgs/7b6870/joacamar.com.uy/joacuy/9200/original/catalogo/XI-PI31_CU_1/1024-1024/pilas-recargables-aa-color-unico.jpg,1,,
jm-xi-flextrip185,tripode para smartphone flex,tripode para smartphone flex,Xion,Accesorios,"Xion, stock-verificado",TRUE,Color,COLOR UNICO,XI-FLEXTRIP185-CU-U,166.00,,10,deny,https://f.fcdn.app/imgs/1a012e/joacamar.com.uy/joacuy/ca6b/original/catalogo/XI-FLEXTRIP185_CU_1/1024-1024/tripode-para-smartphone-flex-color-unico.jpg,1,,
jm-xi-cs10bt,autoradio bluetooth xion,autoradio bluetooth xion,Xion,Accesorios,"Accesorios Auto, Xion, stock-verificado",TRUE,Color,COLOR UNICO,XI-CS10BT-CU-U,1119.00,1244.00,10,deny,https://f.fcdn.app/imgs/b29a4e/joacamar.com.uy/joacuy/aa24/original/catalogo/XI-CS10BT_CU_1/1024-1024/autoradio-bluetooth-xion-color-unico.jpg,1,,
jm-xi-fl2161,linterna led recargable,linterna led recargable,Xion,Accesorios,"Xion, stock-verificado",TRUE,Color,COLOR UNICO,XI-FL2161-CU-U,829.00,,10,deny,https://f.fcdn.app/imgs/f2a277/joacamar.com.uy/joacuy/8ca0/original/catalogo/XI-FL2161_CU_1/1024-1024/linterna-led-recargable-color-unico.jpg,1,,
jm-xi-hi40w,hidrolavadora inalambrica xion,hidrolavadora inalambrica xion,Xion,Jardín,"Xion, stock-verificado",TRUE,Color,COLOR UNICO,XI-HI40W-CU-U,4104.00,,10,deny,https://f.fcdn.app/imgs/3bcbb1/joacamar.com.uy/joacuy/a0bf/original/catalogo/XI-HI40W_CU_1/1024-1024/hidrolavadora-inalambrica-xion-color-unico.jpg,1,,
jm-xi-hi40w,,,,,,,,,,,,,,https://f.fcdn.app/imgs/1bc9e0/joacamar.com.uy/joacuy/a77a/original/catalogo/XI-HI40W_CU_2/1024-1024/hidrolavadora-inalambrica-xion-color-unico.jpg,2,,
jm-xi-power2,arrancador de auto multifunción xion,arrancador de auto multifunción xion,Xion,Accesorios,"Accesorios Auto, Xion, stock-verificado",TRUE,Color,COLOR UNICO,XI-POWER2-CU-U,3357.00,3523.00,10,deny,https://f.fcdn.app/imgs/7dad1d/joacamar.com.uy/joacuy/f8f9/original/catalogo/XI-POWER2_CU_1/1024-1024/arrancador-de-auto-multifuncion-xion-color-unico.jpg,1,,
jm-xi-power2,,,,,,,,,,,,,,https://f.fcdn.app/imgs/22c09b/joacamar.com.uy/joacuy/8b9b/original/catalogo/XI-POWER2_CU_2/1024-1024/arrancador-de-auto-multifuncion-xion-color-unico.jpg,2,,
jm-xi-toolag115w,amoladora angular inalámbrica,amoladora angular inalámbrica,Xion,Herramientas,"Xion, stock-verificado",TRUE,Color,COLOR UNICO,XI-TOOLAG115W-CU-U,4394.00,5347.00,10,deny,https://f.fcdn.app/imgs/8a863e/joacamar.com.uy/joacuy/afde/original/catalogo/XI-TOOLAG115W_CU_1/1024-1024/amoladora-angular-inalambrica-color-unico.jpg,1,,
jm-xi-hairpetkit,kit de corte para mascotas,kit de corte para mascotas,Xion,Accesorios,"Xion, stock-verificado",TRUE,Color,COLOR UNICO,XI-HAIRPETKIT-CU-U,2321.00,2446.00,10,deny,https://f.fcdn.app/imgs/0f7429/joacamar.com.uy/joacuy/8e2a/original/catalogo/XI-HAIRPETKIT_CU_1/1024-1024/kit-de-corte-para-mascotas-color-unico.jpg,1,,
jm-xi-hairpetkit,,,,,,,,,,,,,,https://f.fcdn.app/imgs/c07922/joacamar.com.uy/joacuy/8638/original/catalogo/XI-HAIRPETKIT_CU_2/1024-1024/kit-de-corte-para-mascotas-color-unico.jpg,2,,
jm-xi-hairpetkit,,,,,,,,,,,,,,https://f.fcdn.app/imgs/588ffb/joacamar.com.uy/joacuy/2420/original/catalogo/XI-HAIRPETKIT_CU_3/1024-1024/kit-de-corte-para-mascotas-color-unico.jpg,3,,
jm-xi-hairpetkit,,,,,,,,,,,,,,https://f.fcdn.app/imgs/41b2a4/joacamar.com.uy/joacuy/07ab/original/catalogo/XI-HAIRPETKIT_CU_4/1024-1024/kit-de-corte-para-mascotas-color-unico.jpg,4,,
jm-xi-hairpetkit,,,,,,,,,,,,,,https://f.fcdn.app/imgs/1c34f3/joacamar.com.uy/joacuy/de16/original/catalogo/XI-HAIRPETKIT_CU_5/1024-1024/kit-de-corte-para-mascotas-color-unico.jpg,5,,
jm-pnm-214,"porta Notebook/Ipad de hasta 14 "" Case Logic","porta Notebook/Ipad de hasta 14 "" Case Logic",CASELOGIC,Accesorios,"CASELOGIC, stock-verificado",TRUE,Color,BLACK,PNM-214-BLK-U,1451.00,,10,deny,https://f.fcdn.app/imgs/162cf7/joacamar.com.uy/joacuy/ef47/original/catalogo/PNM-214_BLK_1/1024-1024/porta-notebook-ipad-de-hasta-14-case-logic-black.jpg,1,,
jm-xi-hair80pro,cortadora de pelo profesional xion,cortadora de pelo profesional xion,Xion,Electro,"Cuidado Personal, Xion, stock-verificado",TRUE,Color,COLOR UNICO,XI-HAIR80PRO-CU-U,1741.00,2031.00,10,deny,https://f.fcdn.app/imgs/da0787/joacamar.com.uy/joacuy/6769/original/catalogo/XI-HAIR80PRO_CU_1/1024-1024/cortadora-de-pelo-profesional-xion-color-unico.jpg,1,,
jm-xi-hair80pro,,,,,,,,,,,,,,https://f.fcdn.app/imgs/6cc76b/joacamar.com.uy/joacuy/d9c8/original/catalogo/XI-HAIR80PRO_CU_2/1024-1024/cortadora-de-pelo-profesional-xion-color-unico.jpg,2,,
jm-xi-hair80pro,,,,,,,,,,,,,,https://f.fcdn.app/imgs/00d13f/joacamar.com.uy/joacuy/3edb/original/catalogo/XI-HAIR80PRO_CU_3/1024-1024/cortadora-de-pelo-profesional-xion-color-unico.jpg,3,,
jm-xi-pi32,pilas recargables aaa,pilas recargables aaa,Xion,Accesorios,"Xion, stock-verificado",TRUE,Color,COLOR UNICO,XI-PI32-CU-U,456.00,,10,deny,https://f.fcdn.app/imgs/3db091/joacamar.com.uy/joacuy/3430/original/catalogo/XI-PI32_CU_1/1024-1024/pilas-recargables-aaa-color-unico.jpg,1,,
jm-xi-toolag1,soporte de amoladora,soporte de amoladora,Xion,Herramientas,"Xion, stock-verificado",TRUE,Color,COLOR UNICO,XI-TOOLAG1-CU-U,497.00,1202.00,10,deny,https://f.fcdn.app/imgs/4920eb/joacamar.com.uy/joacuy/2288/original/catalogo/XI-TOOLAG1_CU_1/1024-1024/soporte-de-amoladora-color-unico.jpg,1,,
jm-xi-tooldcd28,taladro perforador de hormigón xion,taladro perforador de hormigón xion,Xion,Herramientas,"Xion, stock-verificado",TRUE,Color,COLOR UNICO,XI-TOOLDCD28-CU-U,10155.00,12394.00,10,deny,https://f.fcdn.app/imgs/e44696/joacamar.com.uy/joacuy/8b63/original/catalogo/XI-TOOLDCD28_CU_1/1024-1024/taladro-perforador-de-hormigon-xion-color-unico.jpg,1,,
jm-xi-toolep90,cepilladora eléctrica,cepilladora eléctrica,Xion,Herramientas,"Xion, stock-verificado",TRUE,Color,COLOR UNICO,XI-TOOLEP90-CU-U,2984.00,3648.00,10,deny,https://f.fcdn.app/imgs/4c3cc8/joacamar.com.uy/joacuy/21f9/original/catalogo/XI-TOOLEP90_CU_1/1024-1024/cepilladora-electrica-color-unico.jpg,1,,
jm-xi-toolnl20,nivel laser,nivel laser,Xion,Herramientas,"Xion, stock-verificado",TRUE,Color,COLOR UNICO,XI-TOOLNL20-CU-U,2694.00,3275.00,10,deny,https://f.fcdn.app/imgs/3e9692/joacamar.com.uy/joacuy/8870/original/catalogo/XI-TOOLNL20_CU_1/1024-1024/nivel-laser-color-unico.jpg,1,,
jm-xi-toolng100,clavadora eléctrica,clavadora eléctrica,Xion,Herramientas,"Xion, stock-verificado",TRUE,Color,COLOR UNICO,XI-TOOLNG100-CU-U,2694.00,3689.00,10,deny,https://f.fcdn.app/imgs/d7dc14/joacamar.com.uy/joacuy/7b0d/original/catalogo/XI-TOOLNG100_CU_1/1024-1024/clavadora-electrica-color-unico.jpg,1,,
jm-xi-tool19,taladro inalámbrico 12v,taladro inalámbrico 12v,Xion,Herramientas,"Xion, stock-verificado",TRUE,Color,COLOR UNICO,XI-TOOL19-CU-U,1368.00,1658.00,10,deny,https://f.fcdn.app/imgs/8f0630/joacamar.com.uy/joacuy/e552/original/catalogo/XI-TOOL19_CU_1/1024-1024/taladro-inalambrico-12v-color-unico.jpg,1,,
jm-xi-toolss11,sierra sable 1100w,sierra sable 1100w,Xion,Jardín,"Xion, stock-verificado",TRUE,Color,COLOR UNICO,XI-TOOLSS11-CU-U,2363.00,2860.00,10,deny,https://f.fcdn.app/imgs/34187d/joacamar.com.uy/joacuy/dd1c/original/catalogo/XI-TOOLSS11_CU_1/1024-1024/sierra-sable-1100w-color-unico.jpg,1,,
jm-xi-bbqg18,barbacoa a super gas portable,barbacoa a super gas portable,Xion,Accesorios,"Xion, stock-verificado",TRUE,Color,COLOR UNICO,XI-BBQG18-CU-U,2446.00,4104.00,10,deny,https://f.fcdn.app/imgs/f4d33e/joacamar.com.uy/joacuy/b98d/original/catalogo/XI-BBQG18_CU_1/1024-1024/barbacoa-a-super-gas-portable-color-unico.jpg,1,,
jm-xi-bbqg18,,,,,,,,,,,,,,https://f.fcdn.app/imgs/b78980/joacamar.com.uy/joacuy/dfcb/original/catalogo/XI-BBQG18_CU_2/1024-1024/barbacoa-a-super-gas-portable-color-unico.jpg,2,,
jm-xi-bbqg18,,,,,,,,,,,,,,https://f.fcdn.app/imgs/2592c2/joacamar.com.uy/joacuy/594c/original/catalogo/XI-BBQG18_CU_3/1024-1024/barbacoa-a-super-gas-portable-color-unico.jpg,3,,
jm-xi-bbqg18,,,,,,,,,,,,,,https://f.fcdn.app/imgs/9e6ec1/joacamar.com.uy/joacuy/93ed/original/catalogo/XI-BBQG18_CU_4/1024-1024/barbacoa-a-super-gas-portable-color-unico.jpg,4,,
jm-xi-bbqg18,,,,,,,,,,,,,,https://f.fcdn.app/imgs/18a4b0/joacamar.com.uy/joacuy/094c/original/catalogo/XI-BBQG18_CU_5/1024-1024/barbacoa-a-super-gas-portable-color-unico.jpg,5,,
jm-xi-tool18,llave de impacto inalámbrica 18v - 1/2¨,llave de impacto inalámbrica 18v - 1/2¨,Xion,Herramientas,"Xion, stock-verificado",TRUE,Color,COLOR UNICO,XI-TOOL18-CU-U,3357.00,4933.00,10,deny,https://f.fcdn.app/imgs/55c8ca/joacamar.com.uy/joacuy/2530/original/catalogo/XI-TOOL18_CU_1/1024-1024/llave-de-impacto-inalambrica-18v-1-2-color-unico.jpg,1,,
jm-xi-tool18,,,,,,,,,,,,,,https://f.fcdn.app/imgs/0eef9b/joacamar.com.uy/joacuy/ad73/original/catalogo/XI-TOOL18_CU_2/1024-1024/llave-de-impacto-inalambrica-18v-1-2-color-unico.jpg,2,,
jm-xi-cr3,lector de tarjetas usb,lector de tarjetas usb,Xion,Accesorios,"Xion, stock-verificado",TRUE,Color,COLOR UNICO,XI-CR3-CU-U,207.00,,10,deny,https://f.fcdn.app/imgs/26ab59/joacamar.com.uy/joacuy/24e5/original/catalogo/XI-CR3_CU_1/1024-1024/lector-de-tarjetas-usb-color-unico.jpg,1,,
jm-xi-bbqg22,barbacoa a supergas de mesada,barbacoa a supergas de mesada,Xion,Accesorios,"Xion, stock-verificado",TRUE,Color,COLOR UNICO,XI-BBQG22-CU-U,4435.00,4933.00,10,deny,https://f.fcdn.app/imgs/c15c35/joacamar.com.uy/joacuy/fb9d/original/catalogo/XI-BBQG22_CU_1/1024-1024/barbacoa-a-supergas-de-mesada-color-unico.jpg,1,,
jm-xi-hairone,afeitadora rasuradora corporal one blade,afeitadora rasuradora corporal one blade,Xion,Electro,"Cuidado Personal, Xion, stock-verificado",TRUE,Color,COLOR UNICO,XI-HAIRONE-CU-U,1036.00,1202.00,10,deny,https://f.fcdn.app/imgs/1a3df9/joacamar.com.uy/joacuy/c2f4/original/catalogo/XI-HAIRONE_CU_1/1024-1024/afeitadora-rasuradora-corporal-one-blade-color-unico.jpg,1,,
jm-xi-toolhd65,taladro percutor 650w,taladro percutor 650w,Xion,Herramientas,"Xion, stock-verificado",TRUE,Color,COLOR UNICO,XI-TOOLHD65-CU-U,1078.00,1326.00,10,deny,https://f.fcdn.app/imgs/2fa4f6/joacamar.com.uy/joacuy/f2bb/original/catalogo/XI-TOOLHD65_CU_1/1024-1024/taladro-percutor-650w-color-unico.jpg,1,,
jm-xi-toolhd80,taladro percutor 800w,taladro percutor 800w,Xion,Herramientas,"Xion, stock-verificado",TRUE,Color,COLOR UNICO,XI-TOOLHD80-CU-U,1534.00,1865.00,10,deny,https://f.fcdn.app/imgs/4630ff/joacamar.com.uy/joacuy/d712/original/catalogo/XI-TOOLHD80_CU_1/1024-1024/taladro-percutor-800w-color-unico.jpg,1,,
jm-xi-tooljs55,sierra caladora 550w,sierra caladora 550w,Xion,Herramientas,"Xion, stock-verificado",TRUE,Color,COLOR UNICO,XI-TOOLJS55-CU-U,1202.00,1451.00,10,deny,https://f.fcdn.app/imgs/70177e/joacamar.com.uy/joacuy/dd03/original/catalogo/XI-TOOLJS55_CU_1/1024-1024/sierra-caladora-550w-color-unico.jpg,1,,
jm-xi-lightcell,aro de luz led clip para celular,aro de luz led clip para celular,Xion,Accesorios,"Xion, stock-verificado",TRUE,Color,COLOR UNICO,XI-LIGHTCELL-CU-U,83.00,,10,deny,https://f.fcdn.app/imgs/750c07/joacamar.com.uy/joacuy/dddf/original/catalogo/XI-LIGHTCELL_CU_1/1024-1024/aro-de-luz-led-clip-para-celular-color-unico.jpg,1,,
jm-xi-toolcs160,sierra ingletadora 1600w disco8,sierra ingletadora 1600w disco8,Xion,Herramientas,"Xion, stock-verificado",TRUE,Color,COLOR UNICO,XI-TOOLCS160-CU-U,5057.00,7420.00,10,deny,https://f.fcdn.app/imgs/11f352/joacamar.com.uy/joacuy/534b/original/catalogo/XI-TOOLCS160_CU_1/1024-1024/sierra-ingletadora-1600w-disco8-color-unico.jpg,1,,
jm-xi-toolos30r,lijadora roto orbital de palma 300w,lijadora roto orbital de palma 300w,Xion,Herramientas,"Xion, stock-verificado",TRUE,Color,COLOR UNICO,XI-TOOLOS30R-CU-U,1865.00,2280.00,10,deny,https://f.fcdn.app/imgs/bb8438/joacamar.com.uy/joacuy/ddd9/original/catalogo/XI-TOOLOS30R_CU_1/1024-1024/lijadora-roto-orbital-de-palma-300w-color-unico.jpg,1,,
jm-xi-toolrm800,rotomartillo 820w,rotomartillo 820w,Xion,Herramientas,"Xion, stock-verificado",TRUE,Color,COLOR UNICO,XI-TOOLRM800-CU-U,3357.00,4104.00,10,deny,https://f.fcdn.app/imgs/1725c2/joacamar.com.uy/joacuy/e0f2/original/catalogo/XI-TOOLRM800_CU_1/1024-1024/rotomartillo-820w-color-unico.jpg,1,,
jm-xi-toolos1879,lijadora orbital de palma 250w,lijadora orbital de palma 250w,Xion,Herramientas,"Xion, stock-verificado",TRUE,Color,COLOR UNICO,XI-TOOLOS1879-CU-U,1824.00,2238.00,10,deny,https://f.fcdn.app/imgs/1e9fc4/joacamar.com.uy/joacuy/8ac1/original/catalogo/XI-TOOLOS1879_CU_1/1024-1024/lijadora-orbital-de-palma-250w-color-unico.jpg,1,,
jm-xi-toolsi225a,soldadora inverter 225a,soldadora inverter 225a,Xion,Herramientas,"Xion, stock-verificado",TRUE,Color,COLOR UNICO,XI-TOOLSI225A-CU-U,4394.00,5347.00,10,deny,https://f.fcdn.app/imgs/ea968d/joacamar.com.uy/joacuy/445c/original/catalogo/XI-TOOLSI225A_CU_1/1024-1024/soldadora-inverter-225a-color-unico.jpg,1,,
