Handle,Title,Body HTML,Vendor,Type,Tags,Published,Option1 Name,Option1 Value,Variant SKU,Variant Price,Variant Compare At Price,Variant Inventory Qty,Variant Inventory Policy,Image Src,Image Position,Status,Command
lg-wd20egntspg,Lavasecarropas frontal inverter LG 20Kg WD20EGNTSPG,"<ul><li>Especificaciones</li><li>Capacidad lavado</li><li>20 Kg</li><li>Capacidad secado</li><li>10 Kg</li><li>Tipo de panel</li><li>Digital</li><li>Peso</li><li>85 Kg</li><li>Color</li><li>Negro</li><li>Dimensiones (Al x An x Prof.)</li><li>95 x 65 x 78cm</li><li>Características generales</li><li>Cantidad de programas Lavado / Secado</li><li>14 / 3</li><li>ThinQ</li><li>Sí</li><li>Motor</li><li>Inverter Direct Drive</li><li>Tecnología TurboWash</li><li>™ 360</li><li>Sí</li><li>Eco Hybrid 6 Motion DD™</li><li>Sí</li><li>Smart Diagnosis™</li><li>Sí</li><li>AI DD (Inteligencia Artificial)</li><li>Sí</li><li>Tecnología Steam™</li><li>Sí</li><li>Niveles de temperatura</li><li>6</li><li>Entrada de agua</li><li>Sólo fría</li><li>Puesta en marcha sin costo en Montevideo y Ciudad de la Costa. Conexión a la red eléctrica, agua corriente y/o desagüe según disponibilidad en el domicilio. Coordinar día y hora con Service ATE. Tel.: 2203 5997</li><li>Garantía: 12 meses defecto de fabricación - 10 años en el motor</li></ul>",LG,Electro,"Lavarropas, LG, stock-verificado",TRUE,Modelo,Lavasecarropas frontal inverter LG 20Kg WD20EGNTSPG,WD20EGNTSPG,49579.00,,10,deny,https://f.fcdn.app/imgs/c66059/www.ltienda.com.uy/lguy/b9c7/original/catalogo/WD20EGNTSPGWD20EGNTSPG1/1024-1024/lavasecarropas-frontal-inverter-lg-20kg-wd20egntspg-lavasecarropas-frontal-inverter-lg-20kg-wd20egntspg.jpg,1,,
lg-wd20egntspg,,,,,,,,,,,,,,https://f.fcdn.app/imgs/4c2663/www.ltienda.com.uy/lguy/9e0f/original/catalogo/WD20EGNTSPGWD20EGNTSPG2/1024-1024/lavasecarropas-frontal-inverter-lg-20kg-wd20egntspg-lavasecarropas-frontal-inverter-lg-20kg-wd20egntspg.jpg,2,,
lg-wd20egntspg,,,,,,,,,,,,,,https://f.fcdn.app/imgs/3400ac/www.ltienda.com.uy/lguy/5587/original/catalogo/WD20EGNTSPGWD20EGNTSPG3/1024-1024/lavasecarropas-frontal-inverter-lg-20kg-wd20egntspg-lavasecarropas-frontal-inverter-lg-20kg-wd20egntspg.jpg,3,,
lg-wd20egntspg,,,,,,,,,,,,,,https://f.fcdn.app/imgs/ce54cc/www.ltienda.com.uy/lguy/13a9/original/catalogo/WD20EGNTSPGWD20EGNTSPG4/1024-1024/lavasecarropas-frontal-inverter-lg-20kg-wd20egntspg-lavasecarropas-frontal-inverter-lg-20kg-wd20egntspg.jpg,4,,
lg-wd20egntspg,,,,,,,,,,,,,,https://f.fcdn.app/imgs/223d8e/www.ltienda.com.uy/lguy/d858/original/catalogo/WD20EGNTSPGWD20EGNTSPG5/1024-1024/lavasecarropas-frontal-inverter-lg-20kg-wd20egntspg-lavasecarropas-frontal-inverter-lg-20kg-wd20egntspg.jpg,5,,
lg-wd20egntspg,,,,,,,,,,,,,,https://f.fcdn.app/imgs/36e0a8/www.ltienda.com.uy/lguy/a099/original/catalogo/WD20EGNTSPGWD20EGNTSPG6/1024-1024/lavasecarropas-frontal-inverter-lg-20kg-wd20egntspg-lavasecarropas-frontal-inverter-lg-20kg-wd20egntspg.jpg,6,,
lg-wd20egntspg,,,,,,,,,,,,,,https://f.fcdn.app/imgs/44ef24/www.ltienda.com.uy/lguy/2176/original/catalogo/WD20EGNTSPGWD20EGNTSPG7/1024-1024/lavasecarropas-frontal-inverter-lg-20kg-wd20egntspg-lavasecarropas-frontal-inverter-lg-20kg-wd20egntspg.jpg,7,,
lg-wd20egntspg,,,,,,,,,,,,,,https://f.fcdn.app/imgs/328de0/www.ltienda.com.uy/lguy/318b/original/catalogo/WD20EGNTSPGWD20EGNTSPG8/1024-1024/lavasecarropas-frontal-inverter-lg-20kg-wd20egntspg-lavasecarropas-frontal-inverter-lg-20kg-wd20egntspg.jpg,8,,
lg-wk22bs6,Torre de lavado y secado WashTower 22Kg WK22BS6,"<ul><li>Especificaciones</li><li>Material del tambor</li><li>Acero inoxidable</li><li>Capacidad lavado</li><li>22 Kg</li><li>Capacidad secado</li><li>16 Kg</li><li>Peso</li><li>154 Kg</li><li>Color</li><li>Negro</li><li>Dimensiones (An x Al x Prof):</li><li>68,6 x 189 x 77 cm</li><li>Características especiales</li><li>Cantidad de programas Lavado / Secado</li><li>6 / 6</li><li>Tipo de motor</li><li>Inverter Direct Drive</li><li>10 años de Garantía en el Motor</li><li>Sí</li><li>Tipo de secadora</li><li>Eléctrica</li><li>6 Motion DD™</li><li>Sí</li><li>TurboWash™ 360</li><li>Sí</li><li>Limpieza de Tambor</li><li>Sí</li><li>Smart Diagnosis</li><li>Sí</li><li>AI Assistant + ThinQ</li><li>Sí</li><li>Tecnología Steam (Lavado) / Turbo Steam (Secado)</li><li>Sí / Sí</li><li>Puesta en marcha sin costo en Montevideo y Ciudad de la Costa. Conexión a la red eléctrica, agua corriente y/o desagüe según disponibilidad en el domicilio. Coordinar día y hora con Service ATE. Tel.: 2203 5997</li><li>Garantía: 12 meses defecto de fabricación - 10 años en el motor</li></ul>",LG,Electro,"Lavarropas, LG, stock-verificado",TRUE,Modelo,Torre de lavado y secado WashTower 22Kg WK22BS6,WK22BS6,157089.00,,10,deny,https://f.fcdn.app/imgs/710aa2/www.ltienda.com.uy/lguy/91ba/original/catalogo/WK22BS6WK22BS61/1024-1024/torre-de-lavado-y-secado-washtower-22kg-wk22bs6-torre-de-lavado-y-secado-washtower-22kg-wk22bs6.jpg,1,,
lg-wk22bs6,,,,,,,,,,,,,,https://f.fcdn.app/imgs/e195a7/www.ltienda.com.uy/lguy/735d/original/catalogo/WK22BS6WK22BS62/1024-1024/torre-de-lavado-y-secado-washtower-22kg-wk22bs6-torre-de-lavado-y-secado-washtower-22kg-wk22bs6.jpg,2,,
lg-wk22bs6,,,,,,,,,,,,,,https://f.fcdn.app/imgs/375668/www.ltienda.com.uy/lguy/8ec0/original/catalogo/WK22BS6WK22BS63/1024-1024/torre-de-lavado-y-secado-washtower-22kg-wk22bs6-torre-de-lavado-y-secado-washtower-22kg-wk22bs6.jpg,3,,
lg-wk22bs6,,,,,,,,,,,,,,https://f.fcdn.app/imgs/9b4c23/www.ltienda.com.uy/lguy/1ce3/original/catalogo/WK22BS6WK22BS64/1024-1024/torre-de-lavado-y-secado-washtower-22kg-wk22bs6-torre-de-lavado-y-secado-washtower-22kg-wk22bs6.jpg,4,,
lg-wk22bs6,,,,,,,,,,,,,,https://f.fcdn.app/imgs/c3695a/www.ltienda.com.uy/lguy/2cad/original/catalogo/WK22BS6WK22BS65/1024-1024/torre-de-lavado-y-secado-washtower-22kg-wk22bs6-torre-de-lavado-y-secado-washtower-22kg-wk22bs6.jpg,5,,
lg-wk22bs6,,,,,,,,,,,,,,https://f.fcdn.app/imgs/1e9e7b/www.ltienda.com.uy/lguy/cc42/original/catalogo/WK22BS6WK22BS66/1024-1024/torre-de-lavado-y-secado-washtower-22kg-wk22bs6-torre-de-lavado-y-secado-washtower-22kg-wk22bs6.jpg,6,,
lg-wk22bs6,,,,,,,,,,,,,,https://f.fcdn.app/imgs/4025b3/www.ltienda.com.uy/lguy/565d/original/catalogo/WK22BS6WK22BS67/1024-1024/torre-de-lavado-y-secado-washtower-22kg-wk22bs6-torre-de-lavado-y-secado-washtower-22kg-wk22bs6.jpg,7,,
lg-wk22bs6,,,,,,,,,,,,,,https://f.fcdn.app/imgs/1b42c8/www.ltienda.com.uy/lguy/318b/original/catalogo/WK22BS6WK22BS68/1024-1024/torre-de-lavado-y-secado-washtower-22kg-wk22bs6-torre-de-lavado-y-secado-washtower-22kg-wk22bs6.jpg,8,,
lg-wk14bs6r,Torre de lavado y secado WashTower LG 14Kg WK14BS6,"<ul><li>Especificaciones</li><li>Material del tambor</li><li>Acero inoxidable</li><li>Capacidad lavado</li><li>14 Kg</li><li>Capacidad secado</li><li>10 Kg</li><li>Peso</li><li>128 Kg</li><li>Color</li><li>Negro plateado</li><li>Dimensiones (An x Al x Prof):</li><li>60 x 165.5 x 66 cm</li><li>Características especiales</li><li>Cantidad de programas Lavado / Secado</li><li>6 / 6</li><li>Tipo de motor</li><li>Inverter Direct Drive</li><li>10 años de Garantía en el Motor</li><li>Sí</li><li>Tipo de secadora</li><li>Eléctrica</li><li>6 Motion DD™</li><li>Sí</li><li>TurboWash™ 360</li><li>Sí</li><li>Limpieza de Tambor</li><li>Sí</li><li>Smart Diagnosis</li><li>Sí</li><li>AI Assistant + ThinQ</li><li>Sí</li><li>Tecnología Steam (Lavado) / Turbo Steam (Secado)</li><li>Sí / Sí</li><li>Puesta en marcha sin costo en Montevideo y Ciudad de la Costa. Conexión a la red eléctrica, agua corriente y/o desagüe según disponibilidad en el domicilio. Coordinar día y hora con Service ATE. Tel.: 2203 5997</li><li>Garantía: 12 meses por defecto de fabricación - 10 años en el motor</li></ul>",LG,Electro,"Lavarropas, LG",TRUE,Modelo,Torre de lavado y secado WashTower LG 14Kg WK14BS6,WK14BS6R,115739.00,,0,deny,https://f.fcdn.app/imgs/d647ac/www.ltienda.com.uy/lguy/91ba/original/catalogo/WK14BS6RWK14BS6R1/1024-1024/torre-de-lavado-y-secado-washtower-lg-14kg-wk14bs6-torre-de-lavado-y-secado-washtower-lg-14kg-wk14bs6.jpg,1,,
lg-wk14bs6r,,,,,,,,,,,,,,https://f.fcdn.app/imgs/6fea4b/www.ltienda.com.uy/lguy/8ec0/original/catalogo/WK14BS6RWK14BS6R2/1024-1024/torre-de-lavado-y-secado-washtower-lg-14kg-wk14bs6-torre-de-lavado-y-secado-washtower-lg-14kg-wk14bs6.jpg,2,,
lg-wk14bs6r,,,,,,,,,,,,,,https://f.fcdn.app/imgs/e5a293/www.ltienda.com.uy/lguy/2cad/original/catalogo/WK14BS6RWK14BS6R3/1024-1024/torre-de-lavado-y-secado-washtower-lg-14kg-wk14bs6-torre-de-lavado-y-secado-washtower-lg-14kg-wk14bs6.jpg,3,,
lg-wk14bs6r,,,,,,,,,,,,,,https://f.fcdn.app/imgs/5fbe08/www.ltienda.com.uy/lguy/735d/original/catalogo/WK14BS6RWK14BS6R4/1024-1024/torre-de-lavado-y-secado-washtower-lg-14kg-wk14bs6-torre-de-lavado-y-secado-washtower-lg-14kg-wk14bs6.jpg,4,,
lg-wk14bs6r,,,,,,,,,,,,,,https://f.fcdn.app/imgs/a0671e/www.ltienda.com.uy/lguy/1ce3/original/catalogo/WK14BS6RWK14BS6R5/1024-1024/torre-de-lavado-y-secado-washtower-lg-14kg-wk14bs6-torre-de-lavado-y-secado-washtower-lg-14kg-wk14bs6.jpg,5,,
lg-wk14bs6r,,,,,,,,,,,,,,https://f.fcdn.app/imgs/9eb72d/www.ltienda.com.uy/lguy/565d/original/catalogo/WK14BS6RWK14BS6R6/1024-1024/torre-de-lavado-y-secado-washtower-lg-14kg-wk14bs6-torre-de-lavado-y-secado-washtower-lg-14kg-wk14bs6.jpg,6,,
lg-wk14bs6r,,,,,,,,,,,,,,https://f.fcdn.app/imgs/df4229/www.ltienda.com.uy/lguy/cc42/original/catalogo/WK14BS6RWK14BS6R7/1024-1024/torre-de-lavado-y-secado-washtower-lg-14kg-wk14bs6-torre-de-lavado-y-secado-washtower-lg-14kg-wk14bs6.jpg,7,,
lg-wk14bs6r,,,,,,,,,,,,,,https://f.fcdn.app/imgs/33bd46/www.ltienda.com.uy/lguy/318b/original/catalogo/WK14BS6RWK14BS6R8/1024-1024/torre-de-lavado-y-secado-washtower-lg-14kg-wk14bs6-torre-de-lavado-y-secado-washtower-lg-14kg-wk14bs6.jpg,8,,
lg-32lr650bpsa,"TV LG HD 32"" 32LR650","<ul><li>Pantalla</li><li>Tipo de resolución</li><li>HD</li><li>Pulgadas</li><li>32""</li><li>Tecnología del TV</li><li>LED</li><li>Resolución</li><li>1366 × 768</li><li>Sonido</li><li>Tecnología de audio</li><li>Sonido AI (Virtual 5.1 Up-mix)</li><li>Canales</li><li>2.0 CH 20W</li><li>Smart TV</li><li>Smart TV</li><li>WebOS 22 AI ThinQ</li><li>Procesador</li><li>QuadCore</li><li>Netflix</li><li>Sí</li><li>Youtube</li><li>Sí</li><li>Conectividad</li><li>HDMI</li><li>2</li><li>USB</li><li>1 (v 2.0)</li><li>Wifi</li><li>Sí</li><li>Salida de audio digital (óptico)</li><li>Sí</li><li>Dimensiones</li><li>Con base (An x Al x Prof):</li><li>72,8 x 45,7 x 16,4 cm</li><li>Garantía: 12 meses</li></ul>",LG,Electro,"TV, LG, stock-verificado",TRUE,Modelo,"TV LG HD 32"" 32LR650",32LR650BPSA,10296.00,,10,deny,https://f.fcdn.app/imgs/aec742/www.ltienda.com.uy/lguy/54ea/original/catalogo/32LR650BPSA32LR650BPSA1/1024-1024/tv-lg-hd-32-32lr650-tv-lg-hd-32-32lr650.jpg,1,,
lg-32lr650bpsa,,,,,,,,,,,,,,https://f.fcdn.app/imgs/c668f5/www.ltienda.com.uy/lguy/7beb/original/catalogo/32LR650BPSA32LR650BPSA2/1024-1024/tv-lg-hd-32-32lr650-tv-lg-hd-32-32lr650.jpg,2,,
lg-32lr650bpsa,,,,,,,,,,,,,,https://f.fcdn.app/imgs/d6b6bd/www.ltienda.com.uy/lguy/d425/original/catalogo/32LR650BPSA32LR650BPSA3/1024-1024/tv-lg-hd-32-32lr650-tv-lg-hd-32-32lr650.jpg,3,,
lg-32lr650bpsa,,,,,,,,,,,,,,https://f.fcdn.app/imgs/35d8d4/www.ltienda.com.uy/lguy/cd98/original/catalogo/32LR650BPSA32LR650BPSA4/1024-1024/tv-lg-hd-32-32lr650-tv-lg-hd-32-32lr650.jpg,4,,
lg-32lr650bpsa,,,,,,,,,,,,,,https://f.fcdn.app/imgs/4a8871/www.ltienda.com.uy/lguy/df32/original/catalogo/32LR650BPSA32LR650BPSA5/1024-1024/tv-lg-hd-32-32lr650-tv-lg-hd-32-32lr650.jpg,5,,
lg-stage301new,Parlante LG xboom Stage 301,"<ul><li>Sonido</li><li>Potencia</li><li>120W (2.1ch)</li><li>Sound Boost</li><li>Sí</li><li>Woofer</li><li>6,5""</li><li>Unidad de rango medio</li><li>2.5"" x2</li><li>Batería</li><li>Duración</li><li>12hs*</li><li>Tiempo de carga</li><li>3hs</li><li>*Volumen al 20%, EQ de voz clara activado y sin iluminación. Incluye una batería reemplazable.</li><li>Consumo de energía</li><li>Encendido</li><li>50W</li><li>Modo de espera</li><li>0.3W</li><li>Conectividad</li><li>Bluetooth 5.3</li><li>Entrada auxiliar x1</li><li>USB x1</li><li>MIC / Guitarra x1</li><li>Dimensiones y peso</li><li>Dimensiones (AnxAlxProf): 31,2 x 31,1 x 28,2 cm</li><li>Peso: 8,2 Kg</li><li>Garantía: 12 meses</li></ul>",LG,Electro,"Audio, LG, stock-verificado",TRUE,Modelo,Parlante LG xboom Stage 301,STAGE301NEW,17987.00,,10,deny,https://f.fcdn.app/imgs/c606bc/www.ltienda.com.uy/lguy/e567/original/catalogo/STAGE301NEWSTAGE301NEW1/1024-1024/parlante-lg-xboom-stage-301-parlante-lg-xboom-stage-301.jpg,1,,
lg-stage301new,,,,,,,,,,,,,,https://f.fcdn.app/imgs/4184c7/www.ltienda.com.uy/lguy/54c2/original/catalogo/STAGE301NEWSTAGE301NEW2/1024-1024/parlante-lg-xboom-stage-301-parlante-lg-xboom-stage-301.jpg,2,,
lg-stage301new,,,,,,,,,,,,,,https://f.fcdn.app/imgs/2d6e60/www.ltienda.com.uy/lguy/e0ec/original/catalogo/STAGE301NEWSTAGE301NEW3/1024-1024/parlante-lg-xboom-stage-301-parlante-lg-xboom-stage-301.jpg,3,,
lg-stage301new,,,,,,,,,,,,,,https://f.fcdn.app/imgs/e57166/www.ltienda.com.uy/lguy/52f6/original/catalogo/STAGE301NEWSTAGE301NEW4/1024-1024/parlante-lg-xboom-stage-301-parlante-lg-xboom-stage-301.jpg,4,,
lg-stage301new,,,,,,,,,,,,,,https://f.fcdn.app/imgs/083df8/www.ltienda.com.uy/lguy/639f/original/catalogo/STAGE301NEWSTAGE301NEW5/1024-1024/parlante-lg-xboom-stage-301-parlante-lg-xboom-stage-301.jpg,5,,
lg-stage301new,,,,,,,,,,,,,,https://f.fcdn.app/imgs/8a54b6/www.ltienda.com.uy/lguy/3ce7/original/catalogo/STAGE301NEWSTAGE301NEW6/1024-1024/parlante-lg-xboom-stage-301-parlante-lg-xboom-stage-301.jpg,6,,
lg-stage301new,,,,,,,,,,,,,,https://f.fcdn.app/imgs/ab080c/www.ltienda.com.uy/lguy/334b/original/catalogo/STAGE301NEWSTAGE301NEW7/1024-1024/parlante-lg-xboom-stage-301-parlante-lg-xboom-stage-301.jpg,7,,
lg-stage301new,,,,,,,,,,,,,,https://f.fcdn.app/imgs/971b30/www.ltienda.com.uy/lguy/d8ca/original/catalogo/STAGE301NEWSTAGE301NEW8/1024-1024/parlante-lg-xboom-stage-301-parlante-lg-xboom-stage-301.jpg,8,,
lg-bounce,Parlante LG xboom Bounce,"<ul><li>Sonido</li><li>Potencia</li><li>40W (2.1ch)</li><li>Sound Boost</li><li>Sí</li><li>Woofer</li><li>93 x 53 mm</li><li>Unidad de agudos</li><li>20 mm x2</li><li>Batería</li><li>Duración</li><li>30hs*</li><li>Tiempo de carga</li><li>3hs</li><li>*Volumen al 50%, EQ de voz clara activado y sin iluminación.</li><li>Consumo de energía</li><li>Encendido</li><li>20W</li><li>Modo de espera</li><li>0.3W</li><li>Conectividad</li><li>Bluetooth 5.3</li><li>Comandos de voz: asistente de Google, Siri</li><li>Dimensiones y peso</li><li>Dimensiones (AnxAlxProf): 27,2 x 10,3 x 8,8 cm</li><li>Peso: 2,04 Kg</li><li>Garantía: 12 meses</li></ul>",LG,Electro,"Audio, LG, stock-verificado",TRUE,Modelo,Parlante LG xboom Bounce,BOUNCE,9304.00,,10,deny,https://f.fcdn.app/imgs/d9c9cc/www.ltienda.com.uy/lguy/4d91/original/catalogo/BOUNCEBOUNCE1/1024-1024/parlante-lg-xboom-bounce-parlante-lg-xboom-bounce.jpg,1,,
lg-bounce,,,,,,,,,,,,,,https://f.fcdn.app/imgs/9c86d3/www.ltienda.com.uy/lguy/34e4/original/catalogo/BOUNCEBOUNCE2/1024-1024/parlante-lg-xboom-bounce-parlante-lg-xboom-bounce.jpg,2,,
lg-bounce,,,,,,,,,,,,,,https://f.fcdn.app/imgs/41b9fb/www.ltienda.com.uy/lguy/da17/original/catalogo/BOUNCEBOUNCE3/1024-1024/parlante-lg-xboom-bounce-parlante-lg-xboom-bounce.jpg,3,,
lg-bounce,,,,,,,,,,,,,,https://f.fcdn.app/imgs/9c4ad5/www.ltienda.com.uy/lguy/c30a/original/catalogo/BOUNCEBOUNCE4/1024-1024/parlante-lg-xboom-bounce-parlante-lg-xboom-bounce.jpg,4,,
lg-bounce,,,,,,,,,,,,,,https://f.fcdn.app/imgs/026731/www.ltienda.com.uy/lguy/e0c1/original/catalogo/BOUNCEBOUNCE5/1024-1024/parlante-lg-xboom-bounce-parlante-lg-xboom-bounce.jpg,5,,
lg-bounce,,,,,,,,,,,,,,https://f.fcdn.app/imgs/b81147/www.ltienda.com.uy/lguy/70b8/original/catalogo/BOUNCEBOUNCE6/1024-1024/parlante-lg-xboom-bounce-parlante-lg-xboom-bounce.jpg,6,,
lg-bounce,,,,,,,,,,,,,,https://f.fcdn.app/imgs/b3b080/www.ltienda.com.uy/lguy/2026/original/catalogo/BOUNCEBOUNCE7/1024-1024/parlante-lg-xboom-bounce-parlante-lg-xboom-bounce.jpg,7,,
lg-bounce,,,,,,,,,,,,,,https://f.fcdn.app/imgs/9f2659/www.ltienda.com.uy/lguy/1fcf/original/catalogo/BOUNCEBOUNCE8/1024-1024/parlante-lg-xboom-bounce-parlante-lg-xboom-bounce.jpg,8,,
lg-grab,Parlante LG xboom Grab,"<ul><li>Sonido</li><li>Potencia</li><li>30W (2.1ch)</li><li>Sound Boost</li><li>Sí</li><li>Woofer</li><li>80 x 45 mm</li><li>Unidad de agudos</li><li>16 mm x1</li><li>Batería</li><li>Duración</li><li>20hs*</li><li>Tiempo de carga</li><li>3hs</li><li>*Volumen al 50%, EQ de voz clara activado y sin iluminación.</li><li>Consumo de energía</li><li>Encendido</li><li>10W</li><li>Modo de espera</li><li>0.3W</li><li>Conectividad</li><li>Bluetooth 5.3</li><li>Comandos de voz: asistente de Google, Siri</li><li>Dimensiones y peso</li><li>Dimensiones (AnxAlxProf): 21,1 x 7 x 7 cm</li><li>Peso: 1,1 Kg</li><li>Garantía: 12 meses</li></ul>",LG,Electro,"Audio, LG, stock-verificado",TRUE,Modelo,Parlante LG xboom Grab,GRAB,8063.00,,10,deny,https://f.fcdn.app/imgs/d1c378/www.ltienda.com.uy/lguy/43bc/original/catalogo/GRABGRAB1/1024-1024/parlante-lg-xboom-grab-parlante-lg-xboom-grab.jpg,1,,
lg-grab,,,,,,,,,,,,,,https://f.fcdn.app/imgs/b81840/www.ltienda.com.uy/lguy/f119/original/catalogo/GRABGRAB2/1024-1024/parlante-lg-xboom-grab-parlante-lg-xboom-grab.jpg,2,,
lg-grab,,,,,,,,,,,,,,https://f.fcdn.app/imgs/1f85f4/www.ltienda.com.uy/lguy/02a2/original/catalogo/GRABGRAB3/1024-1024/parlante-lg-xboom-grab-parlante-lg-xboom-grab.jpg,3,,
lg-grab,,,,,,,,,,,,,,https://f.fcdn.app/imgs/55210c/www.ltienda.com.uy/lguy/595c/original/catalogo/GRABGRAB4/1024-1024/parlante-lg-xboom-grab-parlante-lg-xboom-grab.jpg,4,,
lg-grab,,,,,,,,,,,,,,https://f.fcdn.app/imgs/e4fd71/www.ltienda.com.uy/lguy/334b/original/catalogo/GRABGRAB5/1024-1024/parlante-lg-xboom-grab-parlante-lg-xboom-grab.jpg,5,,
lg-grab,,,,,,,,,,,,,,https://f.fcdn.app/imgs/168fa0/www.ltienda.com.uy/lguy/09bb/original/catalogo/GRABGRAB6/1024-1024/parlante-lg-xboom-grab-parlante-lg-xboom-grab.jpg,6,,
lg-grab,,,,,,,,,,,,,,https://f.fcdn.app/imgs/d5fdc7/www.ltienda.com.uy/lguy/6583/original/catalogo/GRABGRAB7/1024-1024/parlante-lg-xboom-grab-parlante-lg-xboom-grab.jpg,7,,
lg-grab,,,,,,,,,,,,,,https://f.fcdn.app/imgs/d460b0/www.ltienda.com.uy/lguy/0f31/original/catalogo/GRABGRAB8/1024-1024/parlante-lg-xboom-grab-parlante-lg-xboom-grab.jpg,8,,
lg-gb37spp,Refrigerador inverter 373L GB37SPP LG,"<ul><li>Capacidad</li><li>Capacidad bruta</li><li>373L</li><li>Capacidad neta</li><li>336L</li><li>Refrigerador neta</li><li>229L</li><li>Freezer neta</li><li>107L</li><li>Características generales</li><li>Tipo de refrigerador</li><li>Bottom freezer</li><li>Tipo de puerta</li><li>Reversible</li><li>Sistema de enfriamiento</li><li>Control de Temperatura Electrónico</li><li>Si</li><li>Express Freeze</li><li>Express Cool</li><li>Sistema de enfriamiento</li><li>No frost</li><li>Multi-Air Flow</li><li>Si</li><li>Door Cooling+</li><li>Sí</li><li>Diseño</li><li>Dimensiones (An x Al x Prof)</li><li>59,5 x 186 x 68,2 cm</li><li>Color</li><li>Platinum Silver</li><li>Características especiales</li><li>Motor</li><li>Smart Inverter Compressor</li><li>Smart ThinQ / Wifi</li><li>Sí</li><li>Smart Diagnosis</li><li>Sí</li><li>Dispensador de agua</li><li>Sí</li><li>Moist Balance Crisper</li><li>Sí</li><li>Multi Air Flow</li><li>Sí</li><li>Fresh Zone</li><li>Sí</li><li>Luz LED</li><li>Sí</li><li>Fabrica de Hielos</li><li>Si (Manual)</li><li>Linear Cooling</li><li>No</li><li>Garantía: 12 meses defecto de fabricación - 10 años en el motor</li></ul>",LG,Electro,"Heladeras, LG, stock-verificado",TRUE,Modelo,Refrigerador inverter 373L GB37SPP LG,GB37SPP,43376.00,,10,deny,https://f.fcdn.app/imgs/f1048d/www.ltienda.com.uy/lguy/bdd6/original/catalogo/GB37SPPGB37SPP1/1024-1024/refrigerador-inverter-373l-gb37spp-lg-refrigerador-inverter-373l-gb37spp-lg.jpg,1,,
lg-gb37spp,,,,,,,,,,,,,,https://f.fcdn.app/imgs/652c84/www.ltienda.com.uy/lguy/d05c/original/catalogo/GB37SPPGB37SPP2/1024-1024/refrigerador-inverter-373l-gb37spp-lg-refrigerador-inverter-373l-gb37spp-lg.jpg,2,,
lg-gb37spp,,,,,,,,,,,,,,https://f.fcdn.app/imgs/5fe6fe/www.ltienda.com.uy/lguy/bb32/original/catalogo/GB37SPPGB37SPP3/1024-1024/refrigerador-inverter-373l-gb37spp-lg-refrigerador-inverter-373l-gb37spp-lg.jpg,3,,
lg-gb37spp,,,,,,,,,,,,,,https://f.fcdn.app/imgs/51030e/www.ltienda.com.uy/lguy/338b/original/catalogo/GB37SPPGB37SPP4/1024-1024/refrigerador-inverter-373l-gb37spp-lg-refrigerador-inverter-373l-gb37spp-lg.jpg,4,,
lg-gb37spp,,,,,,,,,,,,,,https://f.fcdn.app/imgs/dbda7f/www.ltienda.com.uy/lguy/4c6f/original/catalogo/GB37SPPGB37SPP5/1024-1024/refrigerador-inverter-373l-gb37spp-lg-refrigerador-inverter-373l-gb37spp-lg.jpg,5,,
lg-gb37spp,,,,,,,,,,,,,,https://f.fcdn.app/imgs/fffc40/www.ltienda.com.uy/lguy/8c86/original/catalogo/GB37SPPGB37SPP6/1024-1024/refrigerador-inverter-373l-gb37spp-lg-refrigerador-inverter-373l-gb37spp-lg.jpg,6,,
lg-gb37spp,,,,,,,,,,,,,,https://f.fcdn.app/imgs/60190d/www.ltienda.com.uy/lguy/318b/original/catalogo/GB37SPPGB37SPP7/1024-1024/refrigerador-inverter-373l-gb37spp-lg-refrigerador-inverter-373l-gb37spp-lg.jpg,7,,
lg-mh8236gir,Microondas inverter con grill 42L LG MH8236GIR,"<ul><li>Producto</li><li>Tipo de horno</li><li>Con grill</li><li>Capacidad</li><li>42 Litros</li><li>Características generales</li><li>Color</li><li>Negro</li><li>Pantalla del controlador</li><li>LED</li><li>Interior</li><li>EasyClean</li><li>Panel de control</li><li>Táctil</li><li>Tipo de luz</li><li>LED</li><li>Anillo estable hexagonal</li><li>Sí</li><li>Características especiales</li><li>Tecnología Smart Inverter</li><li>Sí</li><li>Fácil limpieza antibacterial</li><li>Sí</li><li>Temporizador de cocina</li><li>Sí</li><li>Inicio rápido</li><li>Sí</li><li>Reloj</li><li>Sí</li><li>Bloqueo para niños</li><li>Sí</li><li>Ahorro de energía eco-on</li><li>Sí</li><li>Tipo de grill</li><li>Cuarzo</li><li>Tipos de cocción</li><li>Grill (dorador)</li><li>Sí</li><li>Potencia eléctrica en microondas</li><li>1200 W</li><li>Potencia eléctrica en microondas</li><li>900 W</li><li>Potencia eléctrica combinada</li><li>1450 W</li><li>Funciones adicionales</li><li>Menú gourmet</li><li>Sí</li><li>Descongelado inverter</li><li>Sí</li><li>Mantener caliente</li><li>Sí</li><li>Cocción inverter</li><li>Sí</li><li>Dimensiones</li><li>Medidas (anxalxprof)</li><li>54 x 32,2 x 43,2 cm</li><li>Garantía: 12 meses defecto de fabricación - 10 años en el magnetrón</li></ul>",LG,Electro,"Cocinas, LG, stock-verificado",TRUE,Modelo,Microondas inverter con grill 42L LG MH8236GIR,MH8236GIR,16085.00,,10,deny,https://f.fcdn.app/imgs/017d35/www.ltienda.com.uy/lguy/0ce7/original/catalogo/MH8236GIRMH8236GIR1/1024-1024/microondas-inverter-con-grill-42l-lg-mh8236gir-microondas-inverter-con-grill-42l-lg-mh8236gir.jpg,1,,
lg-mh8236gir,,,,,,,,,,,,,,https://f.fcdn.app/imgs/3ebe8d/www.ltienda.com.uy/lguy/c62e/original/catalogo/MH8236GIRMH8236GIR2/1024-1024/microondas-inverter-con-grill-42l-lg-mh8236gir-microondas-inverter-con-grill-42l-lg-mh8236gir.jpg,2,,
lg-mh8236gir,,,,,,,,,,,,,,https://f.fcdn.app/imgs/358ca5/www.ltienda.com.uy/lguy/0d68/original/catalogo/MH8236GIRMH8236GIR3/1024-1024/microondas-inverter-con-grill-42l-lg-mh8236gir-microondas-inverter-con-grill-42l-lg-mh8236gir.jpg,3,,
lg-mh8236gir,,,,,,,,,,,,,,https://f.fcdn.app/imgs/0c071a/www.ltienda.com.uy/lguy/ddde/original/catalogo/MH8236GIRMH8236GIR4/1024-1024/microondas-inverter-con-grill-42l-lg-mh8236gir-microondas-inverter-con-grill-42l-lg-mh8236gir.jpg,4,,
lg-mh8236gir,,,,,,,,,,,,,,https://f.fcdn.app/imgs/951646/www.ltienda.com.uy/lguy/a2e8/original/catalogo/MH8236GIRMH8236GIR5/1024-1024/microondas-inverter-con-grill-42l-lg-mh8236gir-microondas-inverter-con-grill-42l-lg-mh8236gir.jpg,5,,
lg-vt40apyc,Refrigerador inverter 423L VT40APYC LG,<ul><li>Características generales</li><li>Capacidad neta</li><li>394L</li><li>Tipo de refrigerador</li><li>Top Freezer</li><li>Diseño</li><li>Dimensiones (An x Al x Prof)</li><li>70 x 176 x 68 cm</li><li>Color</li><li>Silver</li><li>Características especiales</li><li>Tipo Compressor</li><li>Compresor Smart Inverter</li><li>Smart ThinQ / Wifi</li><li>Sí</li><li>Sistema de enfriamiento</li><li>No frost</li><li>Dispensador de agua</li><li>Sí</li><li>Fábrica de hielo</li><li>Sí (manual giratoria)</li><li>Multi Air Flow</li><li>Sí</li><li>Linear Cooling™</li><li>Sí</li><li>Door Cooling™</li><li>Sí</li><li>Eficiencia energética</li><li>A</li><li>Luz LED</li><li>Sí</li><li>Smart Diagnosis™</li><li>Sí</li><li>Deodorizador</li><li>Sí</li><li>Garantía: 12 meses defecto de fabricación - 10 años en el motor</li></ul>,LG,Electro,"Heladeras, LG, stock-verificado",TRUE,Modelo,Refrigerador inverter 423L VT40APYC LG,VT40APYC,39241.00,,10,deny,https://f.fcdn.app/imgs/a0cf73/www.ltienda.com.uy/lguy/3cde/original/catalogo/VT40APYCVT40APYC1/1024-1024/refrigerador-inverter-423l-vt40apyc-lg-refrigerador-inverter-423l-vt40apyc-lg.jpg,1,,
lg-vt40apyc,,,,,,,,,,,,,,https://f.fcdn.app/imgs/5f4754/www.ltienda.com.uy/lguy/ec01/original/catalogo/VT40APYCVT40APYC2/1024-1024/refrigerador-inverter-423l-vt40apyc-lg-refrigerador-inverter-423l-vt40apyc-lg.jpg,2,,
lg-vt40apyc,,,,,,,,,,,,,,https://f.fcdn.app/imgs/834e6f/www.ltienda.com.uy/lguy/c889/original/catalogo/VT40APYCVT40APYC3/1024-1024/refrigerador-inverter-423l-vt40apyc-lg-refrigerador-inverter-423l-vt40apyc-lg.jpg,3,,
lg-vt40apyc,,,,,,,,,,,,,,https://f.fcdn.app/imgs/4498fc/www.ltienda.com.uy/lguy/f497/original/catalogo/VT40APYCVT40APYC4/1024-1024/refrigerador-inverter-423l-vt40apyc-lg-refrigerador-inverter-423l-vt40apyc-lg.jpg,4,,
lg-vt40apyc,,,,,,,,,,,,,,https://f.fcdn.app/imgs/5495bd/www.ltienda.com.uy/lguy/e298/original/catalogo/VT40APYCVT40APYC5/1024-1024/refrigerador-inverter-423l-vt40apyc-lg-refrigerador-inverter-423l-vt40apyc-lg.jpg,5,,
lg-vt40apyc,,,,,,,,,,,,,,https://f.fcdn.app/imgs/725d86/www.ltienda.com.uy/lguy/94c8/original/catalogo/VT40APYCVT40APYC6/1024-1024/refrigerador-inverter-423l-vt40apyc-lg-refrigerador-inverter-423l-vt40apyc-lg.jpg,6,,
lg-vt40apyc,,,,,,,,,,,,,,https://f.fcdn.app/imgs/fafefd/www.ltienda.com.uy/lguy/9ce1/original/catalogo/VT40APYCVT40APYC7/1024-1024/refrigerador-inverter-423l-vt40apyc-lg-refrigerador-inverter-423l-vt40apyc-lg.jpg,7,,
lg-vt40apyc,,,,,,,,,,,,,,https://f.fcdn.app/imgs/8b24b3/www.ltienda.com.uy/lguy/318b/original/catalogo/VT40APYCVT40APYC8/1024-1024/refrigerador-inverter-423l-vt40apyc-lg-refrigerador-inverter-423l-vt40apyc-lg.jpg,8,,
lg-wm9gwvfs6,Lavarropas frontal LG inverter 9Kg WM9GWVFS6,"<ul><li>Especificaciones</li><li>Material del tambor</li><li>Acero inoxidable</li><li>Tipo de panel</li><li>Digital</li><li>Programas</li><li>10</li><li>Capacidad lavado</li><li>9 kg</li><li>Color</li><li>Blanco</li><li>Dimensiones (Al x An x Prof.)</li><li>85 x 60 x 55 cm</li><li>Características especiales</li><li>Tipo de motor</li><li>Inverter Direct Drive</li><li>10 años de Garantía en el Motor</li><li>Sí</li><li>Steam™</li><li>Sí</li><li>Lavado Diferido</li><li>Sí</li><li>Calefactor Incorporado</li><li>Ajuste automático según programas</li><li>Smart ThinQ/Wifi</li><li>Sí</li><li>Niveles de temperatura</li><li>Fría/20/30/40/60/95 °C</li><li>Velocidad de centrifugado</li><li>1200/1000/800/600/400/No centrifuga</li><li>Puesta en marcha sin costo en Montevideo y Ciudad de la Costa. Conexión a la red eléctrica, agua corriente y/o desagüe según disponibilidad en el domicilio. Coordinar día y hora con Service ATE. Tel.: 2203 5997</li><li>Garantía: 12 meses defecto de fabricación - 10 años en el motor</li></ul>",LG,Electro,"Lavarropas, LG, stock-verificado",TRUE,Modelo,Lavarropas frontal LG inverter 9Kg WM9GWVFS6,WM9GWVFS6,29731.00,,10,deny,https://f.fcdn.app/imgs/b9a682/www.ltienda.com.uy/lguy/3bb2/original/catalogo/WM9GWVFS6WM9GWVFS61/1024-1024/lavarropas-frontal-lg-inverter-9kg-wm9gwvfs6-lavarropas-frontal-lg-inverter-9kg-wm9gwvfs6.jpg,1,,
lg-wm9gwvfs6,,,,,,,,,,,,,,https://f.fcdn.app/imgs/f4398e/www.ltienda.com.uy/lguy/78da/original/catalogo/WM9GWVFS6WM9GWVFS62/1024-1024/lavarropas-frontal-lg-inverter-9kg-wm9gwvfs6-lavarropas-frontal-lg-inverter-9kg-wm9gwvfs6.jpg,2,,
lg-wm9gwvfs6,,,,,,,,,,,,,,https://f.fcdn.app/imgs/98e6b4/www.ltienda.com.uy/lguy/f319/original/catalogo/WM9GWVFS6WM9GWVFS63/1024-1024/lavarropas-frontal-lg-inverter-9kg-wm9gwvfs6-lavarropas-frontal-lg-inverter-9kg-wm9gwvfs6.jpg,3,,
lg-wm9gwvfs6,,,,,,,,,,,,,,https://f.fcdn.app/imgs/e125e9/www.ltienda.com.uy/lguy/cff4/original/catalogo/WM9GWVFS6WM9GWVFS64/1024-1024/lavarropas-frontal-lg-inverter-9kg-wm9gwvfs6-lavarropas-frontal-lg-inverter-9kg-wm9gwvfs6.jpg,4,,
lg-wm9gwvfs6,,,,,,,,,,,,,,https://f.fcdn.app/imgs/3d516b/www.ltienda.com.uy/lguy/fe1e/original/catalogo/WM9GWVFS6WM9GWVFS65/1024-1024/lavarropas-frontal-lg-inverter-9kg-wm9gwvfs6-lavarropas-frontal-lg-inverter-9kg-wm9gwvfs6.jpg,5,,
lg-wm9gwvfs6,,,,,,,,,,,,,,https://f.fcdn.app/imgs/9c333a/www.ltienda.com.uy/lguy/8977/original/catalogo/WM9GWVFS6WM9GWVFS66/1024-1024/lavarropas-frontal-lg-inverter-9kg-wm9gwvfs6-lavarropas-frontal-lg-inverter-9kg-wm9gwvfs6.jpg,6,,
lg-wm9gwvfs6,,,,,,,,,,,,,,https://f.fcdn.app/imgs/07e2a1/www.ltienda.com.uy/lguy/8dc4/original/catalogo/WM9GWVFS6WM9GWVFS67/1024-1024/lavarropas-frontal-lg-inverter-9kg-wm9gwvfs6-lavarropas-frontal-lg-inverter-9kg-wm9gwvfs6.jpg,7,,
lg-wm9gwvfs6,,,,,,,,,,,,,,https://f.fcdn.app/imgs/b09ef6/www.ltienda.com.uy/lguy/318b/original/catalogo/WM9GWVFS6WM9GWVFS68/1024-1024/lavarropas-frontal-lg-inverter-9kg-wm9gwvfs6-lavarropas-frontal-lg-inverter-9kg-wm9gwvfs6.jpg,8,,
lg-oled77c6psa,"TV LG OLED evo AI C6 4K 77"" OLED77C6","<ul><li>PRODUCTO EN PREVENTA</li><li>Comprá ahora y asegurá tu unidad antes del lanzamiento. Entregas a partir del 14/9. Envío gratis a todo el país.</li><li>Pantalla</li><li>Tipo de resolución</li><li>4K Ultra HD (3,840 x 2,160)</li><li>Pulgadas</li><li>77”</li><li>Tecnología del TV</li><li>OLED</li><li>Procesador</li><li>Procesador α11 IA 4K Gen3</li><li>Filmmaker Mode</li><li>Sí</li><li>Tasa de Refresco</li><li>120Hz (VRR 165Hz)</li><li>Audio</li><li>Canales</li><li>2.2 Ch 40W</li><li>Dirección</li><li>Hacia abajo</li><li>LG Sound Sync</li><li>Sí</li><li>Clear Voice Pro</li><li>Sí</li><li>Afinación acústica de IA</li><li>Sí</li><li>Sonido AI Pro</li><li>Sí (Virtual 11.1.2 Up-mix )</li><li>Tecnología de audio:</li><li>Dolby Atmos</li><li>Bluetooth Surround Ready:</li><li>Sí</li><li>Smart TV</li><li>Sistema Operativo</li><li>WebOS 26</li><li>Procesador</li><li>4K Procesador Inteligente α11 Gen3</li><li>LG ThinQ® AI</li><li>Sí</li><li>Apple Airplay2</li><li>Sí</li><li>Reconocimiento de Voz Inteligente</li><li>Sí</li><li>Control AI Magic Remote</li><li>Sí (MR26GA)</li><li>Airplay2:</li><li>Sí</li><li>Sports Alert:</li><li>Sí</li><li>AI Super Upscaling 4K:</li><li>Sí</li><li>AI Picture Pro:</li><li>Sí</li><li>OLED Dynamic Tone Mapping Pro:</li><li>Sí</li><li>OLED Motion:</li><li>Sí</li><li>Gaming</li><li>Optimizador de juegos</li><li>Sí</li><li>Respuesta instantánea de juego (ALLM/VRR)</li><li>Sí</li><li>HGIG</li><li>Sí</li><li>G-Sync Compatible (Nvidia):</li><li>Sí</li><li>FreeSync Premium Compatible (AMD):</li><li>Sí</li><li>QMS (Quick Media Switching):</li><li>Sí</li><li>Conectividad</li><li>HDMI</li><li>4ea (soporta 4K 120Hz, eARC, VRR, ALLM, QMS, QFT)</li><li>USB</li><li>2ea (V2.0)</li><li>Bluetooth</li><li>Sí (V5.3)</li><li>SPDIF Salida óptica de audio</li><li>1ea</li><li>Entrada Ethernet:</li><li>1</li><li>Dimensiones y peso</li><li>Con base (An x Al x Prof)</li><li>171 x 103,5 x 26,7 cm</li><li>Sin base (An x Al x Prof)</li><li>171 x 98,2 x 4,7 cm</li><li>Peso con base:</li><li>27,1Kg</li><li>Peso sin base:</li><li>23,5Kg</li><li>Garantía: 12 meses</li></ul>",LG,Electro,"TV, LG, stock-verificado",TRUE,Modelo,"TV LG OLED evo AI C6 4K 77"" OLED77C6",OLED77C6PSA,165359.00,,10,deny,https://f.fcdn.app/imgs/2e4efb/www.ltienda.com.uy/lguy/2c28/original/catalogo/OLED77C6PSAOLED77C6PSA1/1024-1024/tv-lg-oled-evo-ai-c6-4k-77-oled77c6-tv-lg-oled-evo-ai-c6-4k-77-oled77c6.jpg,1,,
lg-oled77c6psa,,,,,,,,,,,,,,https://f.fcdn.app/imgs/97ecc7/www.ltienda.com.uy/lguy/e9cd/original/catalogo/OLED77C6PSAOLED77C6PSA2/1024-1024/tv-lg-oled-evo-ai-c6-4k-77-oled77c6-tv-lg-oled-evo-ai-c6-4k-77-oled77c6.jpg,2,,
lg-oled77c6psa,,,,,,,,,,,,,,https://f.fcdn.app/imgs/5481ad/www.ltienda.com.uy/lguy/4259/original/catalogo/OLED77C6PSAOLED77C6PSA3/1024-1024/tv-lg-oled-evo-ai-c6-4k-77-oled77c6-tv-lg-oled-evo-ai-c6-4k-77-oled77c6.jpg,3,,
lg-oled77c6psa,,,,,,,,,,,,,,https://f.fcdn.app/imgs/3e82c5/www.ltienda.com.uy/lguy/3230/original/catalogo/OLED77C6PSAOLED77C6PSA4/1024-1024/tv-lg-oled-evo-ai-c6-4k-77-oled77c6-tv-lg-oled-evo-ai-c6-4k-77-oled77c6.jpg,4,,
lg-oled77c6psa,,,,,,,,,,,,,,https://f.fcdn.app/imgs/fc06ba/www.ltienda.com.uy/lguy/c248/original/catalogo/OLED77C6PSAOLED77C6PSA5/1024-1024/tv-lg-oled-evo-ai-c6-4k-77-oled77c6-tv-lg-oled-evo-ai-c6-4k-77-oled77c6.jpg,5,,
lg-oled77c6psa,,,,,,,,,,,,,,https://f.fcdn.app/imgs/da2e41/www.ltienda.com.uy/lguy/d73f/original/catalogo/OLED77C6PSAOLED77C6PSA6/1024-1024/tv-lg-oled-evo-ai-c6-4k-77-oled77c6-tv-lg-oled-evo-ai-c6-4k-77-oled77c6.jpg,6,,
lg-oled77c6psa,,,,,,,,,,,,,,https://f.fcdn.app/imgs/d7e5b7/www.ltienda.com.uy/lguy/7a46/original/catalogo/OLED77C6PSAOLED77C6PSA7/1024-1024/tv-lg-oled-evo-ai-c6-4k-77-oled77c6-tv-lg-oled-evo-ai-c6-4k-77-oled77c6.jpg,7,,
lg-oled77c6psa,,,,,,,,,,,,,,https://f.fcdn.app/imgs/72a5a3/www.ltienda.com.uy/lguy/04c5/original/catalogo/OLED77C6PSAOLED77C6PSA8/1024-1024/tv-lg-oled-evo-ai-c6-4k-77-oled77c6-tv-lg-oled-evo-ai-c6-4k-77-oled77c6.jpg,8,,
lg-oled48c6psa,"TV LG OLED evo AI C6 4K 48"" OLED48C6","<ul><li>PRODUCTO EN PREVENTA</li><li>Comprá ahora y asegurá tu unidad antes del lanzamiento. Entregas a partir del 14/9. Envío gratis a todo el país.</li><li>Pantalla</li><li>Tipo de resolución</li><li>4K Ultra HD (3,840 x 2,160)</li><li>Pulgadas</li><li>48”</li><li>Tecnología del TV</li><li>OLED</li><li>Procesador</li><li>Procesador α11 IA 4K Gen3</li><li>Filmmaker Mode</li><li>Sí</li><li>Tasa de Refresco</li><li>120Hz (VRR 165Hz)</li><li>Audio</li><li>Canales</li><li>2.2 Ch 40W</li><li>Dirección</li><li>Hacia abajo</li><li>LG Sound Sync</li><li>Sí</li><li>Clear Voice Pro</li><li>Sí</li><li>Afinación acústica de IA</li><li>Sí</li><li>Sonido AI Pro</li><li>Sí (Virtual 11.1.2 Up-mix )</li><li>Tecnología de audio:</li><li>Dolby Atmos</li><li>Bluetooth Surround Ready:</li><li>Sí</li><li>Smart TV</li><li>Sistema Operativo</li><li>WebOS 26</li><li>Procesador</li><li>4K Procesador Inteligente α11 Gen3</li><li>LG ThinQ® AI</li><li>Sí</li><li>Apple Airplay2</li><li>Sí</li><li>Reconocimiento de Voz Inteligente</li><li>Sí</li><li>Control AI Magic Remote</li><li>Sí (MR26GA)</li><li>Airplay2:</li><li>Sí</li><li>Sports Alert:</li><li>Sí</li><li>AI Super Upscaling 4K:</li><li>Sí</li><li>AI Picture Pro:</li><li>Sí</li><li>OLED Dynamic Tone Mapping Pro:</li><li>Sí</li><li>OLED Motion:</li><li>Sí</li><li>Gaming</li><li>Optimizador de juegos</li><li>Sí</li><li>Respuesta instantánea de juego (ALLM/VRR)</li><li>Sí</li><li>HGIG</li><li>Sí</li><li>G-Sync Compatible (Nvidia):</li><li>Sí</li><li>FreeSync Premium Compatible (AMD):</li><li>Sí</li><li>QMS (Quick Media Switching):</li><li>Sí</li><li>Conectividad</li><li>HDMI</li><li>4ea (soporta 4K 120Hz, eARC, VRR, ALLM, QMS, QFT)</li><li>USB</li><li>2ea (V2.0)</li><li>Bluetooth</li><li>Sí (V5.3)</li><li>SPDIF Salida óptica de audio</li><li>1ea</li><li>Entrada Ethernet:</li><li>1</li><li>Dimensiones y peso</li><li>Con base (An x Al x Prof)</li><li>107,1 x 67,5 x 23 cm</li><li>Sin base (An x Al x Prof)</li><li>107,1 x 62 x 4,6 cm</li><li>Peso con base:</li><li>16,7Kg</li><li>Peso sin base:</li><li>14,9Kg</li><li>Garantía: 12 meses</li></ul>",LG,Electro,"TV, LG, stock-verificado",TRUE,Modelo,"TV LG OLED evo AI C6 4K 48"" OLED48C6",OLED48C6PSA,64878.00,,10,deny,https://f.fcdn.app/imgs/0b273d/www.ltienda.com.uy/lguy/79a3/original/catalogo/OLED48C6PSAOLED48C6PSA1/1024-1024/tv-lg-oled-evo-ai-c6-4k-48-oled48c6-tv-lg-oled-evo-ai-c6-4k-48-oled48c6.jpg,1,,
lg-oled48c6psa,,,,,,,,,,,,,,https://f.fcdn.app/imgs/816772/www.ltienda.com.uy/lguy/e9cd/original/catalogo/OLED48C6PSAOLED48C6PSA2/1024-1024/tv-lg-oled-evo-ai-c6-4k-48-oled48c6-tv-lg-oled-evo-ai-c6-4k-48-oled48c6.jpg,2,,
lg-oled48c6psa,,,,,,,,,,,,,,https://f.fcdn.app/imgs/4aee0b/www.ltienda.com.uy/lguy/bf2b/original/catalogo/OLED48C6PSAOLED48C6PSA3/1024-1024/tv-lg-oled-evo-ai-c6-4k-48-oled48c6-tv-lg-oled-evo-ai-c6-4k-48-oled48c6.jpg,3,,
lg-oled48c6psa,,,,,,,,,,,,,,https://f.fcdn.app/imgs/e1086d/www.ltienda.com.uy/lguy/3230/original/catalogo/OLED48C6PSAOLED48C6PSA4/1024-1024/tv-lg-oled-evo-ai-c6-4k-48-oled48c6-tv-lg-oled-evo-ai-c6-4k-48-oled48c6.jpg,4,,
lg-oled48c6psa,,,,,,,,,,,,,,https://f.fcdn.app/imgs/4923f9/www.ltienda.com.uy/lguy/7a46/original/catalogo/OLED48C6PSAOLED48C6PSA5/1024-1024/tv-lg-oled-evo-ai-c6-4k-48-oled48c6-tv-lg-oled-evo-ai-c6-4k-48-oled48c6.jpg,5,,
lg-oled48c6psa,,,,,,,,,,,,,,https://f.fcdn.app/imgs/778702/www.ltienda.com.uy/lguy/d73f/original/catalogo/OLED48C6PSAOLED48C6PSA6/1024-1024/tv-lg-oled-evo-ai-c6-4k-48-oled48c6-tv-lg-oled-evo-ai-c6-4k-48-oled48c6.jpg,6,,
lg-oled48c6psa,,,,,,,,,,,,,,https://f.fcdn.app/imgs/a830c4/www.ltienda.com.uy/lguy/c248/original/catalogo/OLED48C6PSAOLED48C6PSA7/1024-1024/tv-lg-oled-evo-ai-c6-4k-48-oled48c6-tv-lg-oled-evo-ai-c6-4k-48-oled48c6.jpg,7,,
lg-oled48c6psa,,,,,,,,,,,,,,https://f.fcdn.app/imgs/4ae991/www.ltienda.com.uy/lguy/04c5/original/catalogo/OLED48C6PSAOLED48C6PSA8/1024-1024/tv-lg-oled-evo-ai-c6-4k-48-oled48c6-tv-lg-oled-evo-ai-c6-4k-48-oled48c6.jpg,8,,
lg-oled65c6psa,"TV LG OLED evo AI C6 4K 65"" OLED65C6","<ul><li>PRODUCTO EN PREVENTA</li><li>Comprá ahora y asegurá tu unidad antes del lanzamiento. Entregas a partir del 14/9. Envío gratis a todo el país.</li><li>Pantalla</li><li>Tipo de resolución</li><li>4K Ultra HD (3,840 x 2,160)</li><li>Pulgadas</li><li>65”</li><li>Tecnología del TV</li><li>OLED</li><li>Procesador</li><li>Procesador α11 IA 4K Gen3</li><li>Filmmaker Mode</li><li>Sí</li><li>Tasa de Refresco</li><li>120Hz (VRR 165Hz)</li><li>Audio</li><li>Canales</li><li>2.2 Ch 40W</li><li>Dirección</li><li>Hacia abajo</li><li>LG Sound Sync</li><li>Sí</li><li>Clear Voice Pro</li><li>Sí</li><li>Afinación acústica de IA</li><li>Sí</li><li>Sonido AI Pro</li><li>Sí (Virtual 11.1.2 Up-mix )</li><li>Tecnología de audio:</li><li>Dolby Atmos</li><li>Bluetooth Surround Ready:</li><li>Sí</li><li>Smart TV</li><li>Sistema Operativo</li><li>WebOS 26</li><li>Procesador</li><li>4K Procesador Inteligente α11 Gen3</li><li>LG ThinQ® AI</li><li>Sí</li><li>Apple Airplay2</li><li>Sí</li><li>Reconocimiento de Voz Inteligente</li><li>Sí</li><li>Control AI Magic Remote</li><li>Sí (MR26GA)</li><li>Airplay2:</li><li>Sí</li><li>Sports Alert:</li><li>Sí</li><li>AI Super Upscaling 4K:</li><li>Sí</li><li>AI Picture Pro:</li><li>Sí</li><li>OLED Dynamic Tone Mapping Pro:</li><li>Sí</li><li>OLED Motion:</li><li>Sí</li><li>Gaming</li><li>Optimizador de juegos</li><li>Sí</li><li>Respuesta instantánea de juego (ALLM/VRR)</li><li>Sí</li><li>HGIG</li><li>Sí</li><li>G-Sync Compatible (Nvidia):</li><li>Sí</li><li>FreeSync Premium Compatible (AMD):</li><li>Sí</li><li>QMS (Quick Media Switching):</li><li>Sí</li><li>Conectividad</li><li>HDMI</li><li>4ea (soporta 4K 120Hz, eARC, VRR, ALLM, QMS, QFT)</li><li>USB</li><li>2ea (V2.0)</li><li>Bluetooth</li><li>Sí (V5.3)</li><li>SPDIF Salida óptica de audio</li><li>1ea</li><li>Entrada Ethernet:</li><li>1</li><li>Dimensiones y peso</li><li>Con base (An x Al x Prof)</li><li>144,1 x 88 x 23 cm</li><li>Sin base (An x Al x Prof)</li><li>144,1 x 82,6 x 4,5 cm</li><li>Peso con base:</li><li>18,4Kg</li><li>Peso sin base:</li><li>16,6Kg</li><li>Garantía: 12 meses</li></ul>",LG,Electro,"TV, LG, stock-verificado",TRUE,Modelo,"TV LG OLED evo AI C6 4K 65"" OLED65C6",OLED65C6PSA,111604.00,,10,deny,https://f.fcdn.app/imgs/b0e6f7/www.ltienda.com.uy/lguy/a0ae/original/catalogo/OLED65C6PSAOLED65C6PSA1/1024-1024/tv-lg-oled-evo-ai-c6-4k-65-oled65c6-tv-lg-oled-evo-ai-c6-4k-65-oled65c6.jpg,1,,
lg-oled65c6psa,,,,,,,,,,,,,,https://f.fcdn.app/imgs/5fa1e1/www.ltienda.com.uy/lguy/e9cd/original/catalogo/OLED65C6PSAOLED65C6PSA2/1024-1024/tv-lg-oled-evo-ai-c6-4k-65-oled65c6-tv-lg-oled-evo-ai-c6-4k-65-oled65c6.jpg,2,,
lg-oled65c6psa,,,,,,,,,,,,,,https://f.fcdn.app/imgs/e80064/www.ltienda.com.uy/lguy/6fd8/original/catalogo/OLED65C6PSAOLED65C6PSA3/1024-1024/tv-lg-oled-evo-ai-c6-4k-65-oled65c6-tv-lg-oled-evo-ai-c6-4k-65-oled65c6.jpg,3,,
lg-oled65c6psa,,,,,,,,,,,,,,https://f.fcdn.app/imgs/abdbdc/www.ltienda.com.uy/lguy/aec4/original/catalogo/OLED65C6PSAOLED65C6PSA4/1024-1024/tv-lg-oled-evo-ai-c6-4k-65-oled65c6-tv-lg-oled-evo-ai-c6-4k-65-oled65c6.jpg,4,,
lg-oled65c6psa,,,,,,,,,,,,,,https://f.fcdn.app/imgs/57c0aa/www.ltienda.com.uy/lguy/c248/original/catalogo/OLED65C6PSAOLED65C6PSA5/1024-1024/tv-lg-oled-evo-ai-c6-4k-65-oled65c6-tv-lg-oled-evo-ai-c6-4k-65-oled65c6.jpg,5,,
lg-oled65c6psa,,,,,,,,,,,,,,https://f.fcdn.app/imgs/ccba58/www.ltienda.com.uy/lguy/3230/original/catalogo/OLED65C6PSAOLED65C6PSA6/1024-1024/tv-lg-oled-evo-ai-c6-4k-65-oled65c6-tv-lg-oled-evo-ai-c6-4k-65-oled65c6.jpg,6,,
lg-oled65c6psa,,,,,,,,,,,,,,https://f.fcdn.app/imgs/0e9153/www.ltienda.com.uy/lguy/d73f/original/catalogo/OLED65C6PSAOLED65C6PSA7/1024-1024/tv-lg-oled-evo-ai-c6-4k-65-oled65c6-tv-lg-oled-evo-ai-c6-4k-65-oled65c6.jpg,7,,
lg-oled65c6psa,,,,,,,,,,,,,,https://f.fcdn.app/imgs/c5ccae/www.ltienda.com.uy/lguy/7d47/original/catalogo/OLED65C6PSAOLED65C6PSA8/1024-1024/tv-lg-oled-evo-ai-c6-4k-65-oled65c6-tv-lg-oled-evo-ai-c6-4k-65-oled65c6.jpg,8,,
lg-27u711b-b,"Monitor LG UltraFine™ 27"" UHD 4K 16:9 27U711B-B","<ul><li>Pantalla</li><li>Tamaño (pulgadas):</li><li>27""</li><li>Resolución</li><li>3840 x 2160 (WFHD)</li><li>Tipo de panel</li><li>IPS</li><li>Ratio de Aspecto</li><li>21:9</li><li>Tasa de refresco (Máx)</li><li>60Hz</li><li>Ajustes de posición de la pantalla:</li><li>Inclinación</li><li>Ratio de contraste (Mín.)</li><li>1000:1</li><li>Tiempo de respuesta</li><li>5ms (GtG at Faster)</li><li>Características</li><li>Anti-reflejos</li><li>Modo Lectura</li><li>HDR 10</li><li>Conectividad</li><li>DislayPort</li><li>1eva (v1.4)</li><li>Entrada HDMI</li><li>SÍ 1eva (v2.2)</li><li>Salida auricular</li><li>3 polos (solo audio)</li><li>Dimensiones y peso</li><li>Con base (An x Al x Prof)</li><li>61,3 x 46,1 x 22cm</li><li>Sin base (An x Al x Prof)</li><li>61,3 x 36,3 x 4,5cm</li><li>Peso con base</li><li>5,7Kg</li><li>Peso sin base</li><li>4,8K</li><li>Garantía: 12 meses</li></ul>",LG,Electro,"Tecnología, LG, stock-verificado",TRUE,Modelo,"Monitor LG UltraFine™ 27"" UHD 4K 16:9 27U711B-B",27U711B-B,15258.00,,10,deny,https://f.fcdn.app/imgs/168917/www.ltienda.com.uy/lguy/8f5c/original/catalogo/27U711B-B27U711B-B1/1024-1024/monitor-lg-ultrafine-27-uhd-4k-16-9-27u711b-b-monitor-lg-ultrafine-27-uhd-4k-16-9-27u711b-b.jpg,1,,
lg-27u711b-b,,,,,,,,,,,,,,https://f.fcdn.app/imgs/cbf7d0/www.ltienda.com.uy/lguy/9cc5/original/catalogo/27U711B-B27U711B-B2/1024-1024/monitor-lg-ultrafine-27-uhd-4k-16-9-27u711b-b-monitor-lg-ultrafine-27-uhd-4k-16-9-27u711b-b.jpg,2,,
lg-29u511a-b,"Monitor LG UltraWide 29"" WFHD 21:9 29U511A-B","<ul><li>Pantalla</li><li>Tamaño (pulgadas):</li><li>29""</li><li>Resolución</li><li>2560 x 1080 (WFHD)</li><li>Tipo de panel</li><li>IPS</li><li>Ratio de Aspecto</li><li>21:9</li><li>Tasa de refresco (Máx)</li><li>100Hz</li><li>Ajustes de posición de la pantalla:</li><li>Inclinación</li><li>Brillo (Típ.)</li><li>200cd/m²</li><li>Tiempo de respuesta</li><li>5ms (GtG at Faster)</li><li>Características</li><li>Protección anti-parpadeo</li><li>Ahorro inteligente de energía</li><li>Estabilizador de Negros</li><li>Dynamic Action Sync</li><li>Conectividad</li><li>Entrada HDMI</li><li>SÍ (x1 V2.0)</li><li>Entrada USB-C</li><li>Sí (x1)</li><li>USB-C (Resolución máx. en Hz)</li><li>2560 x 1080 at 100Hz</li><li>Dimensiones y peso</li><li>Con base (An x Al x Prof)</li><li>68,8 x 40,6 x 22,3cm</li><li>Sin base (An x Al x Prof)</li><li>68,8 x 31,3 x 4,5cm</li><li>Peso con base</li><li>4,5Kg</li><li>Peso sin base</li><li>4Kg</li><li>Garantía: 12 meses</li></ul>",LG,Electro,"Tecnología, LG, stock-verificado",TRUE,Modelo,"Monitor LG UltraWide 29"" WFHD 21:9 29U511A-B",29U511A-B,13191.00,,10,deny,https://f.fcdn.app/imgs/cf4f97/www.ltienda.com.uy/lguy/138d/original/catalogo/29U511A-B29U511A-B1/1024-1024/monitor-lg-ultrawide-29-wfhd-21-9-29u511a-b-monitor-lg-ultrawide-29-wfhd-21-9-29u511a-b.jpg,1,,
lg-29u511a-b,,,,,,,,,,,,,,https://f.fcdn.app/imgs/34f903/www.ltienda.com.uy/lguy/6d9c/original/catalogo/29U511A-B29U511A-B2/1024-1024/monitor-lg-ultrawide-29-wfhd-21-9-29u511a-b-monitor-lg-ultrawide-29-wfhd-21-9-29u511a-b.jpg,2,,
lg-29u511a-b,,,,,,,,,,,,,,https://f.fcdn.app/imgs/bb5286/www.ltienda.com.uy/lguy/8c8a/original/catalogo/29U511A-B29U511A-B3/1024-1024/monitor-lg-ultrawide-29-wfhd-21-9-29u511a-b-monitor-lg-ultrawide-29-wfhd-21-9-29u511a-b.jpg,3,,
lg-29u511a-b,,,,,,,,,,,,,,https://f.fcdn.app/imgs/91f759/www.ltienda.com.uy/lguy/5aba/original/catalogo/29U511A-B29U511A-B4/1024-1024/monitor-lg-ultrawide-29-wfhd-21-9-29u511a-b-monitor-lg-ultrawide-29-wfhd-21-9-29u511a-b.jpg,4,,
lg-29u511a-b,,,,,,,,,,,,,,https://f.fcdn.app/imgs/295461/www.ltienda.com.uy/lguy/5cb9/original/catalogo/29U511A-B29U511A-B5/1024-1024/monitor-lg-ultrawide-29-wfhd-21-9-29u511a-b-monitor-lg-ultrawide-29-wfhd-21-9-29u511a-b.jpg,5,,
lg-29u511a-b,,,,,,,,,,,,,,https://f.fcdn.app/imgs/3ff607/www.ltienda.com.uy/lguy/9344/original/catalogo/29U511A-B29U511A-B6/1024-1024/monitor-lg-ultrawide-29-wfhd-21-9-29u511a-b-monitor-lg-ultrawide-29-wfhd-21-9-29u511a-b.jpg,6,,
lg-29u511a-b,,,,,,,,,,,,,,https://f.fcdn.app/imgs/fdcd29/www.ltienda.com.uy/lguy/3799/original/catalogo/29U511A-B29U511A-B7/1024-1024/monitor-lg-ultrawide-29-wfhd-21-9-29u511a-b-monitor-lg-ultrawide-29-wfhd-21-9-29u511a-b.jpg,7,,
lg-29u511a-b,,,,,,,,,,,,,,https://f.fcdn.app/imgs/c1f842/www.ltienda.com.uy/lguy/8918/original/catalogo/29U511A-B29U511A-B8/1024-1024/monitor-lg-ultrawide-29-wfhd-21-9-29u511a-b-monitor-lg-ultrawide-29-wfhd-21-9-29u511a-b.jpg,8,,
lg-32u990a-s,"Monitor Gaming LG UltraFine™ 32"" 6K 16:9 32U990A-S","<ul><li>Pantalla</li><li>Tamaño (pulgadas)</li><li>32""</li><li>Resolución</li><li>6144x3456 (6K)</li><li>Ratio de Aspecto</li><li>16:9</li><li>Tasa de refresco (Máx)</li><li>60Hz</li><li>Ajustes de posición de la pantalla</li><li>Inclinación / Altura / Pivote</li><li>Brillo (Típ.)</li><li>360'cd/m²</li><li>Tiempo de respuesta</li><li>5ms (GtG at Faster)</li><li>Ratio de contraste (Mín)</li><li>2000:1</li><li>Profundidad de Color (Nº de colores)</li><li>DCI-P3 98 % (CIE1976), Adobe 99,5 % (CIE1931)</li><li>Tipo de panel</li><li>Nano IPS Black</li><li>Características</li><li>G-SYNC Compatible</li><li>FreeSync Premium Pro</li><li>Modo Lectura</li><li>HDR 10</li><li>VRR</li><li>Parlante</li><li>5W x2</li><li>Conectividad</li><li>Display Port</li><li>Sí (1ea v2.1)</li><li>Entrada HDMI</li><li>SÍ (2ea v2.1)</li><li>Entrada USB-C</li><li>Sí (1 Arriba / 2 Abajo)</li><li>Parlante</li><li>5W x2</li><li>Salida auricular</li><li>4 polos (audio + mic.)</li><li>Thunderbolt</li><li>1 (entrada/salida)</li><li>Thunderbolt (Transmisión de energía)</li><li>96W</li><li>Dimensiones y peso</li><li>Con base (An x Al x Prof)</li><li>71,8 x 58,2 x 19,8 (arriba)</li><li>Sin base (An x Al x Prof)</li><li>71,8 x 41,3 x 2,2</li><li>Peso con base</li><li>9,5Kg</li><li>Peso sin base</li><li>6Kg</li><li>Garantía: 12 meses</li></ul>",LG,Electro,"Tecnología, LG, stock-verificado",TRUE,Modelo,"Monitor Gaming LG UltraFine™ 32"" 6K 16:9 32U990A-S",32U990A-S,103334.00,,10,deny,https://f.fcdn.app/imgs/936108/www.ltienda.com.uy/lguy/d09e/original/catalogo/32U990A-S32U990A-S1/1024-1024/monitor-gaming-lg-ultrafine-32-6k-16-9-32u990a-s-monitor-gaming-lg-ultrafine-32-6k-16-9-32u990a-s.jpg,1,,
lg-32u990a-s,,,,,,,,,,,,,,https://f.fcdn.app/imgs/9e496e/www.ltienda.com.uy/lguy/ad0b/original/catalogo/32U990A-S32U990A-S2/1024-1024/monitor-gaming-lg-ultrafine-32-6k-16-9-32u990a-s-monitor-gaming-lg-ultrafine-32-6k-16-9-32u990a-s.jpg,2,,
lg-32u990a-s,,,,,,,,,,,,,,https://f.fcdn.app/imgs/505fc6/www.ltienda.com.uy/lguy/9eed/original/catalogo/32U990A-S32U990A-S3/1024-1024/monitor-gaming-lg-ultrafine-32-6k-16-9-32u990a-s-monitor-gaming-lg-ultrafine-32-6k-16-9-32u990a-s.jpg,3,,
lg-32u990a-s,,,,,,,,,,,,,,https://f.fcdn.app/imgs/91e6e7/www.ltienda.com.uy/lguy/c887/original/catalogo/32U990A-S32U990A-S4/1024-1024/monitor-gaming-lg-ultrafine-32-6k-16-9-32u990a-s-monitor-gaming-lg-ultrafine-32-6k-16-9-32u990a-s.jpg,4,,
lg-32u990a-s,,,,,,,,,,,,,,https://f.fcdn.app/imgs/a3beb2/www.ltienda.com.uy/lguy/98cc/original/catalogo/32U990A-S32U990A-S5/1024-1024/monitor-gaming-lg-ultrafine-32-6k-16-9-32u990a-s-monitor-gaming-lg-ultrafine-32-6k-16-9-32u990a-s.jpg,5,,
lg-32u990a-s,,,,,,,,,,,,,,https://f.fcdn.app/imgs/f26ca0/www.ltienda.com.uy/lguy/3fe6/original/catalogo/32U990A-S32U990A-S6/1024-1024/monitor-gaming-lg-ultrafine-32-6k-16-9-32u990a-s-monitor-gaming-lg-ultrafine-32-6k-16-9-32u990a-s.jpg,6,,
lg-32u990a-s,,,,,,,,,,,,,,https://f.fcdn.app/imgs/ad89b8/www.ltienda.com.uy/lguy/99e7/original/catalogo/32U990A-S32U990A-S7/1024-1024/monitor-gaming-lg-ultrafine-32-6k-16-9-32u990a-s-monitor-gaming-lg-ultrafine-32-6k-16-9-32u990a-s.jpg,7,,
lg-32u990a-s,,,,,,,,,,,,,,https://f.fcdn.app/imgs/50982c/www.ltienda.com.uy/lguy/3e29/original/catalogo/32U990A-S32U990A-S8/1024-1024/monitor-gaming-lg-ultrafine-32-6k-16-9-32u990a-s-monitor-gaming-lg-ultrafine-32-6k-16-9-32u990a-s.jpg,8,,
lg-34u650a-b,"Monitor Gaming LG UltraWide Curvo 34"" WQHD 21:9 34U650A-B","<ul><li>Pantalla</li><li>Tamaño (pulgadas):</li><li>34""</li><li>Resolución</li><li>3440 x 1440 (WFHD)</li><li>Tipo de panel</li><li>IPS</li><li>Ratio de Aspecto</li><li>21:9</li><li>Tasa de refresco (Máx)</li><li>60Hz</li><li>Ajustes de posición de la pantalla:</li><li>Inclinación / Altura / Giro</li><li>Brillo (Típ.)</li><li>300cd/m²</li><li>Tiempo de respuesta</li><li>5ms (GtG at Faster)</li><li>Tratamiento Superficial</li><li>Anti-reflejos</li><li>Ratio de Contraste (Mín.)</li><li>1000-1</li><li>Características</li><li>Modo Lectura</li><li>HDR 10</li><li>Conectividad</li><li>Display Port</li><li>Sí (1ea v1.4)</li><li>Entrada HDMI</li><li>SÍ (2ea v2.2)</li><li>Entrada USB-C</li><li>Sí (1ea)</li><li>USB-C Power delivery</li><li>96W</li><li>Salida auricular</li><li>4 polos (audio + mic)</li><li>Parlante</li><li>7W x2</li><li>Dimensiones y peso</li><li>Con base (An x Al x Prof)</li><li>81,6 x 53,5 x 23cm (Arriba)</li><li>81,6 x 38,5 x 23cm (Abajo)</li><li>Sin base (An x Al x Prof)</li><li>81,6 x 36,4 x 8,3cm</li><li>Peso con base</li><li>10,1Kg</li><li>Peso sin base</li><li>7,3Kg</li><li>Garantía: 12 meses</li></ul>",LG,Electro,"Tecnología, LG, stock-verificado",TRUE,Modelo,"Monitor Gaming LG UltraWide Curvo 34"" WQHD 21:9 34U650A-B",34U650A-B,30144.00,,10,deny,https://f.fcdn.app/imgs/a7d135/www.ltienda.com.uy/lguy/4181/original/catalogo/34U650A-B34U650A-B1/1024-1024/monitor-gaming-lg-ultrawide-curvo-34-wqhd-21-9-34u650a-b-monitor-gaming-lg-ultrawide-curvo-34-wqhd-21-9-34u650a-b.jpg,1,,
lg-34u650a-b,,,,,,,,,,,,,,https://f.fcdn.app/imgs/09c8d5/www.ltienda.com.uy/lguy/c87a/original/catalogo/34U650A-B34U650A-B2/1024-1024/monitor-gaming-lg-ultrawide-curvo-34-wqhd-21-9-34u650a-b-monitor-gaming-lg-ultrawide-curvo-34-wqhd-21-9-34u650a-b.jpg,2,,
lg-34u650a-b,,,,,,,,,,,,,,https://f.fcdn.app/imgs/5d6ea7/www.ltienda.com.uy/lguy/e9ac/original/catalogo/34U650A-B34U650A-B3/1024-1024/monitor-gaming-lg-ultrawide-curvo-34-wqhd-21-9-34u650a-b-monitor-gaming-lg-ultrawide-curvo-34-wqhd-21-9-34u650a-b.jpg,3,,
lg-34u650a-b,,,,,,,,,,,,,,https://f.fcdn.app/imgs/2a2c68/www.ltienda.com.uy/lguy/dd7f/original/catalogo/34U650A-B34U650A-B4/1024-1024/monitor-gaming-lg-ultrawide-curvo-34-wqhd-21-9-34u650a-b-monitor-gaming-lg-ultrawide-curvo-34-wqhd-21-9-34u650a-b.jpg,4,,
lg-34u650a-b,,,,,,,,,,,,,,https://f.fcdn.app/imgs/020e12/www.ltienda.com.uy/lguy/ce1f/original/catalogo/34U650A-B34U650A-B5/1024-1024/monitor-gaming-lg-ultrawide-curvo-34-wqhd-21-9-34u650a-b-monitor-gaming-lg-ultrawide-curvo-34-wqhd-21-9-34u650a-b.jpg,5,,
lg-34u650a-b,,,,,,,,,,,,,,https://f.fcdn.app/imgs/57de49/www.ltienda.com.uy/lguy/e9f1/original/catalogo/34U650A-B34U650A-B6/1024-1024/monitor-gaming-lg-ultrawide-curvo-34-wqhd-21-9-34u650a-b-monitor-gaming-lg-ultrawide-curvo-34-wqhd-21-9-34u650a-b.jpg,6,,
lg-34u650a-b,,,,,,,,,,,,,,https://f.fcdn.app/imgs/6811b6/www.ltienda.com.uy/lguy/9283/original/catalogo/34U650A-B34U650A-B7/1024-1024/monitor-gaming-lg-ultrawide-curvo-34-wqhd-21-9-34u650a-b-monitor-gaming-lg-ultrawide-curvo-34-wqhd-21-9-34u650a-b.jpg,7,,
lg-34u650a-b,,,,,,,,,,,,,,https://f.fcdn.app/imgs/880d3e/www.ltienda.com.uy/lguy/246a/original/catalogo/34U650A-B34U650A-B8/1024-1024/monitor-gaming-lg-ultrawide-curvo-34-wqhd-21-9-34u650a-b-monitor-gaming-lg-ultrawide-curvo-34-wqhd-21-9-34u650a-b.jpg,8,,
lg-32g810sa-w,"Monitor Gaming LG UltraGear™ 32"" UHD 4K 16:9 32G810SA-W","<ul><li>Pantalla</li><li>Tamaño (pulgadas)</li><li>34""</li><li>Curvatura</li><li>3800R</li><li>Resolución</li><li>3440 x 1440 (WQHD)</li><li>Tipo de panel</li><li>IPS</li><li>Ratio de Aspecto</li><li>21:9</li><li>Tasa de refresco (Máx)</li><li>144Hz</li><li>Ajustes de posición de la pantalla</li><li>Inclinación / Altura / Giro / Pivote</li><li>Brillo (Típ.)</li><li>430'cd/m²</li><li>Tiempo de respuesta</li><li>1ms (GtG at Faster)</li><li>Ratio de contraste (Mín)</li><li>1000:1</li><li>Características</li><li>Sistema Operativo (OS)</li><li>webOS 24</li><li>Anti-reflejos</li><li>Modo Lectura</li><li>HDR 10</li><li>Conectividad</li><li>Display Port</li><li>Sí (1ea v1.4)</li><li>Entrada HDMI</li><li>SÍ (2ea v2.2)</li><li>Entrada USB-C</li><li>Sí (1ea)</li><li>USB-C Power Delivery</li><li>65W</li><li>Parlante</li><li>7W x2</li><li>Salida auricular</li><li>3 polos (solo audio)</li><li>Dimensiones y peso</li><li>Con base (An x Al x Prof)</li><li>71,4 x 62,4 x 24,9cm</li><li>Sin base (An x Al x Prof)</li><li>71,4 x 42,8 x 6,7cm</li><li>Peso con base</li><li>10,5Kg</li><li>Peso sin base</li><li>6,5Kg</li><li>Garantía: 12 meses</li></ul>",LG,Electro,"Tecnología, LG, stock-verificado",TRUE,Modelo,"Monitor Gaming LG UltraGear™ 32"" UHD 4K 16:9 32G810SA-W",32G810SA-W,45444.00,,10,deny,https://f.fcdn.app/imgs/e34c56/www.ltienda.com.uy/lguy/2795/original/catalogo/32G810SA-W32G810SA-W1/1024-1024/monitor-gaming-lg-ultragear-32-uhd-4k-16-9-32g810sa-w-monitor-gaming-lg-ultragear-32-uhd-4k-16-9-32g810sa-w.jpg,1,,
lg-32g810sa-w,,,,,,,,,,,,,,https://f.fcdn.app/imgs/52ad3d/www.ltienda.com.uy/lguy/27c5/original/catalogo/32G810SA-W32G810SA-W2/1024-1024/monitor-gaming-lg-ultragear-32-uhd-4k-16-9-32g810sa-w-monitor-gaming-lg-ultragear-32-uhd-4k-16-9-32g810sa-w.jpg,2,,
lg-32g810sa-w,,,,,,,,,,,,,,https://f.fcdn.app/imgs/ac941e/www.ltienda.com.uy/lguy/5e4f/original/catalogo/32G810SA-W32G810SA-W3/1024-1024/monitor-gaming-lg-ultragear-32-uhd-4k-16-9-32g810sa-w-monitor-gaming-lg-ultragear-32-uhd-4k-16-9-32g810sa-w.jpg,3,,
lg-32g810sa-w,,,,,,,,,,,,,,https://f.fcdn.app/imgs/597715/www.ltienda.com.uy/lguy/fd5c/original/catalogo/32G810SA-W32G810SA-W4/1024-1024/monitor-gaming-lg-ultragear-32-uhd-4k-16-9-32g810sa-w-monitor-gaming-lg-ultragear-32-uhd-4k-16-9-32g810sa-w.jpg,4,,
lg-32g810sa-w,,,,,,,,,,,,,,https://f.fcdn.app/imgs/b6f070/www.ltienda.com.uy/lguy/3daa/original/catalogo/32G810SA-W32G810SA-W5/1024-1024/monitor-gaming-lg-ultragear-32-uhd-4k-16-9-32g810sa-w-monitor-gaming-lg-ultragear-32-uhd-4k-16-9-32g810sa-w.jpg,5,,
lg-32gx850a-b,"Monitor Gaming LG OLED UltraGear™ 32"" UHD 4K 16:9 32GX850A-B","<ul><li>Pantalla</li><li>Tamaño (pulgadas)</li><li>32""</li><li>Resolución</li><li>3440 x 1440 (WQHD)</li><li>Ratio de Aspecto</li><li>16:9</li><li>Tasa de refresco (Máx)</li><li>165 (UHD) / 330 (FHD)</li><li>Ajustes de posición de la pantalla</li><li>Inclinación / Altura / Giro / Pivote</li><li>Brillo (Típ.)</li><li>275'cd/m²</li><li>Tiempo de respuesta</li><li>0,03ms (GtG at Faster)</li><li>Ratio de contraste (Mín)</li><li>1500000:1</li><li>Profundidad de Color (Nº de colores)</li><li>1.07B</li><li>Tratamiento Superficial</li><li>Anti-reflejos</li><li>Tipo de panel</li><li>OLED</li><li>Características</li><li>G-SYNC Compatible</li><li>FreeSync Premium Pro</li><li>Modo Lectura</li><li>HDR 10</li><li>VRR</li><li>Parlante</li><li>7W x2</li><li>Conectividad</li><li>Display Port</li><li>Sí (1ea v2.1)</li><li>Entrada HDMI</li><li>SÍ 2ea (v2.1)</li><li>Salida auricular</li><li>3 polos (solo audio)</li><li>Dimensiones y peso</li><li>Con base (An x Al x Prof)</li><li>71,4 x 62 x 24,9cm (arriba)</li><li>71,4 x 51 x 24,9cm (abajo)</li><li>Sin base (An x Al x Prof)</li><li>71,4 x 41,1 x 6,5cm</li><li>Peso con base</li><li>9,1Kg</li><li>Peso sin base</li><li>4,9Kg</li><li>Garantía: 12 meses</li></ul>",LG,Electro,"Tecnología, LG, stock-verificado",TRUE,Modelo,"Monitor Gaming LG OLED UltraGear™ 32"" UHD 4K 16:9 32GX850A-B",32GX850A-B,62811.00,,10,deny,https://f.fcdn.app/imgs/bee624/www.ltienda.com.uy/lguy/ab30/original/catalogo/32GX850A-B32GX850A-B1/1024-1024/monitor-gaming-lg-oled-ultragear-32-uhd-4k-16-9-32gx850a-b-monitor-gaming-lg-oled-ultragear-32-uhd-4k-16-9-32gx850a-b.jpg,1,,
lg-32gx850a-b,,,,,,,,,,,,,,https://f.fcdn.app/imgs/4766e8/www.ltienda.com.uy/lguy/bc84/original/catalogo/32GX850A-B32GX850A-B2/1024-1024/monitor-gaming-lg-oled-ultragear-32-uhd-4k-16-9-32gx850a-b-monitor-gaming-lg-oled-ultragear-32-uhd-4k-16-9-32gx850a-b.jpg,2,,
lg-32gx850a-b,,,,,,,,,,,,,,https://f.fcdn.app/imgs/f700be/www.ltienda.com.uy/lguy/59e4/original/catalogo/32GX850A-B32GX850A-B3/1024-1024/monitor-gaming-lg-oled-ultragear-32-uhd-4k-16-9-32gx850a-b-monitor-gaming-lg-oled-ultragear-32-uhd-4k-16-9-32gx850a-b.jpg,3,,
lg-32gx850a-b,,,,,,,,,,,,,,https://f.fcdn.app/imgs/ad74aa/www.ltienda.com.uy/lguy/e224/original/catalogo/32GX850A-B32GX850A-B4/1024-1024/monitor-gaming-lg-oled-ultragear-32-uhd-4k-16-9-32gx850a-b-monitor-gaming-lg-oled-ultragear-32-uhd-4k-16-9-32gx850a-b.jpg,4,,
lg-32gx850a-b,,,,,,,,,,,,,,https://f.fcdn.app/imgs/5b02d9/www.ltienda.com.uy/lguy/877a/original/catalogo/32GX850A-B32GX850A-B5/1024-1024/monitor-gaming-lg-oled-ultragear-32-uhd-4k-16-9-32gx850a-b-monitor-gaming-lg-oled-ultragear-32-uhd-4k-16-9-32gx850a-b.jpg,5,,
lg-32u889sa-w,"Smart monitor LG Swing táctil 31.5"" UHD 4K 16:9 32U889SA-W","<ul><li>Pantalla</li><li>Tamaño (pulgadas)</li><li>31.5""</li><li>Resolución</li><li>3840 x 2160 (UHD)</li><li>Ratio de Aspecto</li><li>16:9</li><li>Tasa de refresco (Máx)</li><li>60Hz</li><li>Ajustes de posición de la pantalla</li><li>Inclinación / Altura / Giro</li><li>Brillo (Típ.)</li><li>350'cd/m²</li><li>Tiempo de respuesta</li><li>5ms (GtG at Faster)</li><li>Ratio de contraste (Mín)</li><li>1000:1</li><li>Tipo de panel</li><li>IPS</li><li>Tratamiento Superficial</li><li>Anti-reflejos</li><li>Características</li><li>Sistema Operativo (OS): webOS 24</li><li>Brillo automático</li><li>Ahorro inteligente de energía</li><li>HDR 10</li><li>Conectividad</li><li>USB-C</li><li>Sí (3ea)</li><li>Entrada HDMI</li><li>SÍ 2ea (v2.2)</li><li>USB-C Power delivery</li><li>65W</li><li>Bluetooth</li><li>Dimensiones y peso</li><li>Con base (An x Al x Prof)</li><li>72,7 x 130 x 42cm</li><li>Sin base (An x Al x Prof)</li><li>72,7 x 43,7 x 27,8cm</li><li>Peso con base</li><li>21,2Kg</li><li>Peso sin base</li><li>6,1Kg</li><li>Garantía: 12 meses</li></ul>",LG,Electro,"Tecnología, LG, stock-verificado",TRUE,Modelo,"Smart monitor LG Swing táctil 31.5"" UHD 4K 16:9 32U889SA-W",32U889SA-W,61984.00,,10,deny,https://f.fcdn.app/imgs/9bc13b/www.ltienda.com.uy/lguy/a209/original/catalogo/32U889SA-W32U889SA-W1/1024-1024/smart-monitor-lg-swing-tactil-31-5-uhd-4k-16-9-32u889sa-w-smart-monitor-lg-swing-tactil-31-5-uhd-4k-16-9-32u889sa-w.jpg,1,,
lg-32u889sa-w,,,,,,,,,,,,,,https://f.fcdn.app/imgs/9a2efd/www.ltienda.com.uy/lguy/ba74/original/catalogo/32U889SA-W32U889SA-W2/1024-1024/smart-monitor-lg-swing-tactil-31-5-uhd-4k-16-9-32u889sa-w-smart-monitor-lg-swing-tactil-31-5-uhd-4k-16-9-32u889sa-w.jpg,2,,
lg-32u889sa-w,,,,,,,,,,,,,,https://f.fcdn.app/imgs/236485/www.ltienda.com.uy/lguy/44d0/original/catalogo/32U889SA-W32U889SA-W3/1024-1024/smart-monitor-lg-swing-tactil-31-5-uhd-4k-16-9-32u889sa-w-smart-monitor-lg-swing-tactil-31-5-uhd-4k-16-9-32u889sa-w.jpg,3,,
lg-32u889sa-w,,,,,,,,,,,,,,https://f.fcdn.app/imgs/903b43/www.ltienda.com.uy/lguy/c140/original/catalogo/32U889SA-W32U889SA-W4/1024-1024/smart-monitor-lg-swing-tactil-31-5-uhd-4k-16-9-32u889sa-w-smart-monitor-lg-swing-tactil-31-5-uhd-4k-16-9-32u889sa-w.jpg,4,,
lg-45gx950a-b,"Monitor Gaming LG OLED UltraGear™ Curvo 45"" UWQHD 21:9 45GX950A-B","<ul><li>Pantalla</li><li>Tamaño (pulgadas)</li><li>45""</li><li>Curvatura</li><li>800R</li><li>Resolución</li><li>3440 x 1440 (WQHD)</li><li>Tipo de panel</li><li>OLED</li><li>Ratio de Aspecto</li><li>21:9</li><li>Tasa de refresco (Máx)</li><li>144Hz</li><li>Ajustes de posición de la pantalla</li><li>Inclinación / Altura / Giro / Pivote</li><li>Brillo (Típ.)</li><li>430'cd/m²</li><li>Tiempo de respuesta</li><li>1ms (GtG at Faster)</li><li>Ratio de contraste (Mín)</li><li>1500000:1</li><li>Profundidad de Color (Nº de colores)</li><li>1.07B</li><li>Tratamiento Superficial</li><li>Anti-reflejos</li><li>Características</li><li>G-SYNC Compatible</li><li>FreeSync Premium Pro</li><li>Modo Lectura</li><li>HDR 10</li><li>VRR</li><li>Conectividad</li><li>Display Port</li><li>Sí (1ea v2.1)</li><li>Entrada HDMI</li><li>SÍ (2ea v1.1)</li><li>Entrada USB-C</li><li>Sí (1ea)</li><li>USB-C Power Delivery</li><li>90W</li><li>Parlante</li><li>10W x2</li><li>Salida auricular</li><li>4 polos (audio + mic.)</li><li>Dimensiones y peso</li><li>Con base (An x Al x Prof)</li><li>99,1 x 66,5 x 34,2cm (arriba)</li><li>99,1 x 54,5 x 34,2cm (abajo)</li><li>Sin base (An x Al x Prof)</li><li>99,1 x 46 x 22,5cm</li><li>Peso con base</li><li>14Kg</li><li>Peso sin base</li><li>9,4Kg</li><li>Garantía: 12 meses</li></ul>",LG,Electro,"Tecnología, LG, stock-verificado",TRUE,Modelo,"Monitor Gaming LG OLED UltraGear™ Curvo 45"" UWQHD 21:9 45GX950A-B",45GX950A-B,107469.00,,10,deny,https://f.fcdn.app/imgs/6d23f4/www.ltienda.com.uy/lguy/a05a/original/catalogo/45GX950A-B45GX950A-B1/1024-1024/monitor-gaming-lg-oled-ultragear-curvo-45-uwqhd-21-9-45gx950a-b-monitor-gaming-lg-oled-ultragear-curvo-45-uwqhd-21-9-45gx950a-b.jpg,1,,
lg-45gx950a-b,,,,,,,,,,,,,,https://f.fcdn.app/imgs/158f95/www.ltienda.com.uy/lguy/fe8f/original/catalogo/45GX950A-B45GX950A-B2/1024-1024/monitor-gaming-lg-oled-ultragear-curvo-45-uwqhd-21-9-45gx950a-b-monitor-gaming-lg-oled-ultragear-curvo-45-uwqhd-21-9-45gx950a-b.jpg,2,,
lg-45gx950a-b,,,,,,,,,,,,,,https://f.fcdn.app/imgs/71d13d/www.ltienda.com.uy/lguy/bb0e/original/catalogo/45GX950A-B45GX950A-B3/1024-1024/monitor-gaming-lg-oled-ultragear-curvo-45-uwqhd-21-9-45gx950a-b-monitor-gaming-lg-oled-ultragear-curvo-45-uwqhd-21-9-45gx950a-b.jpg,3,,
lg-45gx950a-b,,,,,,,,,,,,,,https://f.fcdn.app/imgs/1eb144/www.ltienda.com.uy/lguy/e4d7/original/catalogo/45GX950A-B45GX950A-B4/1024-1024/monitor-gaming-lg-oled-ultragear-curvo-45-uwqhd-21-9-45gx950a-b-monitor-gaming-lg-oled-ultragear-curvo-45-uwqhd-21-9-45gx950a-b.jpg,4,,
lg-45gx950a-b,,,,,,,,,,,,,,https://f.fcdn.app/imgs/d59195/www.ltienda.com.uy/lguy/7209/original/catalogo/45GX950A-B45GX950A-B5/1024-1024/monitor-gaming-lg-oled-ultragear-curvo-45-uwqhd-21-9-45gx950a-b-monitor-gaming-lg-oled-ultragear-curvo-45-uwqhd-21-9-45gx950a-b.jpg,5,,
lg-oled55c6psa,"TV LG OLED evo AI C6 4K 55"" OLED55C6","<ul><li>PRODUCTO EN PREVENTA</li><li>Comprá ahora y asegurá tu unidad antes del lanzamiento. Entregas a partir del 14/9. Envío gratis a todo el país.</li><li>Pantalla</li><li>Tipo de resolución</li><li>4K Ultra HD (3,840 x 2,160)</li><li>Pulgadas</li><li>55”</li><li>Tecnología del TV</li><li>OLED</li><li>Procesador</li><li>Procesador α11 IA 4K Gen3</li><li>Filmmaker Mode</li><li>Sí</li><li>Tasa de Refresco</li><li>120Hz (VRR 165Hz)</li><li>Audio</li><li>Canales</li><li>2.2 Ch 40W</li><li>Dirección</li><li>Hacia abajo</li><li>LG Sound Sync</li><li>Sí</li><li>Clear Voice Pro</li><li>Sí</li><li>Afinación acústica de IA</li><li>Sí</li><li>Sonido AI Pro</li><li>Sí (Virtual 11.1.2 Up-mix )</li><li>Tecnología de audio:</li><li>Dolby Atmos</li><li>Bluetooth Surround Ready:</li><li>Sí</li><li>Smart TV</li><li>Sistema Operativo</li><li>WebOS 26</li><li>Procesador</li><li>4K Procesador Inteligente α11 Gen3</li><li>LG ThinQ® AI</li><li>Sí</li><li>Apple Airplay2</li><li>Sí</li><li>Reconocimiento de Voz Inteligente</li><li>Sí</li><li>Control AI Magic Remote</li><li>Sí (MR26GA)</li><li>Airplay2:</li><li>Sí</li><li>Sports Alert:</li><li>Sí</li><li>AI Super Upscaling 4K:</li><li>Sí</li><li>AI Picture Pro:</li><li>Sí</li><li>OLED Dynamic Tone Mapping Pro:</li><li>Sí</li><li>OLED Motion:</li><li>Sí</li><li>Gaming</li><li>Optimizador de juegos</li><li>Sí</li><li>Respuesta instantánea de juego (ALLM/VRR)</li><li>Sí</li><li>HGIG</li><li>Sí</li><li>G-Sync Compatible (Nvidia):</li><li>Sí</li><li>FreeSync Premium Compatible (AMD):</li><li>Sí</li><li>QMS (Quick Media Switching):</li><li>Sí</li><li>Conectividad</li><li>HDMI</li><li>4ea (soporta 4K 120Hz, eARC, VRR, ALLM, QMS, QFT)</li><li>USB</li><li>2ea (V2.0)</li><li>Bluetooth</li><li>Sí (V5.3)</li><li>SPDIF Salida óptica de audio</li><li>1ea</li><li>Entrada Ethernet:</li><li>1</li><li>Dimensiones y peso</li><li>Con base (An x Al x Prof)</li><li>122,2 x 75,7 x 23 cm</li><li>Sin base (An x Al x Prof)</li><li>122,2 x 70,3 x 4,5 cm</li><li>Peso con base:</li><li>15,9Kg</li><li>Peso sin base:</li><li>14,1Kg</li><li>Garantía: 12 meses</li></ul>",LG,Electro,"TV, LG, stock-verificado",TRUE,Modelo,"TV LG OLED evo AI C6 4K 55"" OLED55C6",OLED55C6PSA,82659.00,,10,deny,https://f.fcdn.app/imgs/f85961/www.ltienda.com.uy/lguy/18bb/original/catalogo/OLED55C6PSAOLED55C6PSA1/1024-1024/tv-lg-oled-evo-ai-c6-4k-55-oled55c6-tv-lg-oled-evo-ai-c6-4k-55-oled55c6.jpg,1,,
lg-oled55c6psa,,,,,,,,,,,,,,https://f.fcdn.app/imgs/55e555/www.ltienda.com.uy/lguy/e9cd/original/catalogo/OLED55C6PSAOLED55C6PSA2/1024-1024/tv-lg-oled-evo-ai-c6-4k-55-oled55c6-tv-lg-oled-evo-ai-c6-4k-55-oled55c6.jpg,2,,
lg-oled55c6psa,,,,,,,,,,,,,,https://f.fcdn.app/imgs/dcd272/www.ltienda.com.uy/lguy/b2e7/original/catalogo/OLED55C6PSAOLED55C6PSA3/1024-1024/tv-lg-oled-evo-ai-c6-4k-55-oled55c6-tv-lg-oled-evo-ai-c6-4k-55-oled55c6.jpg,3,,
lg-oled55c6psa,,,,,,,,,,,,,,https://f.fcdn.app/imgs/477c8e/www.ltienda.com.uy/lguy/c248/original/catalogo/OLED55C6PSAOLED55C6PSA4/1024-1024/tv-lg-oled-evo-ai-c6-4k-55-oled55c6-tv-lg-oled-evo-ai-c6-4k-55-oled55c6.jpg,4,,
lg-oled55c6psa,,,,,,,,,,,,,,https://f.fcdn.app/imgs/3d03e6/www.ltienda.com.uy/lguy/7a46/original/catalogo/OLED55C6PSAOLED55C6PSA5/1024-1024/tv-lg-oled-evo-ai-c6-4k-55-oled55c6-tv-lg-oled-evo-ai-c6-4k-55-oled55c6.jpg,5,,
lg-oled55c6psa,,,,,,,,,,,,,,https://f.fcdn.app/imgs/ab238e/www.ltienda.com.uy/lguy/d73f/original/catalogo/OLED55C6PSAOLED55C6PSA6/1024-1024/tv-lg-oled-evo-ai-c6-4k-55-oled55c6-tv-lg-oled-evo-ai-c6-4k-55-oled55c6.jpg,6,,
lg-oled55c6psa,,,,,,,,,,,,,,https://f.fcdn.app/imgs/eff226/www.ltienda.com.uy/lguy/7d47/original/catalogo/OLED55C6PSAOLED55C6PSA7/1024-1024/tv-lg-oled-evo-ai-c6-4k-55-oled55c6-tv-lg-oled-evo-ai-c6-4k-55-oled55c6.jpg,7,,
lg-oled55c6psa,,,,,,,,,,,,,,https://f.fcdn.app/imgs/3e3e1a/www.ltienda.com.uy/lguy/3230/original/catalogo/OLED55C6PSAOLED55C6PSA8/1024-1024/tv-lg-oled-evo-ai-c6-4k-55-oled55c6-tv-lg-oled-evo-ai-c6-4k-55-oled55c6.jpg,8,,
lg-wd11pvc3s6,Lavasecarropas LG AI DD™ 11Kg WD11PVC3S6,"<ul><li>Especificaciones</li><li>Capacidad lavado</li><li>11 Kg</li><li>Capacidad secado</li><li>7 Kg</li><li>Tipo de panel</li><li>Digital</li><li>Peso</li><li>73 Kg</li><li>Color</li><li>Inox</li><li>Dimensiones (Al x An x Prof.)</li><li>85 x 60 x 56,5 cm</li><li>Características generales</li><li>Cantidad de programas Lavado / Secado</li><li>12 / 2</li><li>ThinQ</li><li>Sí</li><li>Motor</li><li>Inverter Direct Drive</li><li>Tecnología TurboWash</li><li>™ 360</li><li>Sí</li><li>Eco Hybrid 6 Motion DD™</li><li>Sí</li><li>Smart Diagnosis™</li><li>Sí</li><li>AI DD (Inteligencia Artificial)</li><li>Sí</li><li>Tecnología Steam+™</li><li>Sí</li><li>Niveles de temperatura</li><li>6</li><li>Entrada de agua</li><li>Sólo fría</li><li>Puesta en marcha sin costo en Montevideo y Ciudad de la Costa. Conexión a la red eléctrica, agua corriente y/o desagüe según disponibilidad en el domicilio. Coordinar día y hora con Service ATE. Tel.: 2203 5997</li><li>Garantía: 12 meses defecto de fabricación - 10 años en el motor</li><li>El color del producto ha sido definido por el fabricante. Tenga en cuenta que la tonalidad puede diferir de la mostrada en la página web debido a factores externos, tales como la iluminación o la resolución de la pantalla. Considere esta posible variación al momento de realizar su compra.</li></ul>",LG,Electro,"Lavarropas, LG, stock-verificado",TRUE,Modelo,Lavasecarropas LG AI DD™ 11Kg WD11PVC3S6,WD11PVC3S6,33039.00,,10,deny,https://f.fcdn.app/imgs/12100e/www.ltienda.com.uy/lguy/96e5/original/catalogo/WD11PVC3S6WD11PVC3S61/1024-1024/lavasecarropas-lg-ai-dd-11kg-wd11pvc3s6-lavasecarropas-lg-ai-dd-11kg-wd11pvc3s6.jpg,1,,
lg-wd11pvc3s6,,,,,,,,,,,,,,https://f.fcdn.app/imgs/f907e1/www.ltienda.com.uy/lguy/1bd0/original/catalogo/WD11PVC3S6WD11PVC3S62/1024-1024/lavasecarropas-lg-ai-dd-11kg-wd11pvc3s6-lavasecarropas-lg-ai-dd-11kg-wd11pvc3s6.jpg,2,,
lg-wd11pvc3s6,,,,,,,,,,,,,,https://f.fcdn.app/imgs/2ac27e/www.ltienda.com.uy/lguy/464c/original/catalogo/WD11PVC3S6WD11PVC3S63/1024-1024/lavasecarropas-lg-ai-dd-11kg-wd11pvc3s6-lavasecarropas-lg-ai-dd-11kg-wd11pvc3s6.jpg,3,,
lg-wd11pvc3s6,,,,,,,,,,,,,,https://f.fcdn.app/imgs/214a59/www.ltienda.com.uy/lguy/7b5c/original/catalogo/WD11PVC3S6WD11PVC3S64/1024-1024/lavasecarropas-lg-ai-dd-11kg-wd11pvc3s6-lavasecarropas-lg-ai-dd-11kg-wd11pvc3s6.jpg,4,,
lg-65mrgb85bsc,"TV LG Mini RGB evo AI 4K 65"" 65MRGB85","TV LG Mini RGB evo AI 4K 65"" 65MRGB85",LG,Electro,"TV, LG, stock-verificado",TRUE,Modelo,"TV LG Mini RGB evo AI 4K 65"" 65MRGB85",65MRGB85BSC,55781.00,,10,deny,https://f.fcdn.app/imgs/7fb347/www.ltienda.com.uy/lguy/90c1/original/catalogo/65MRGB85BSC65MRGB85BSC1/1024-1024/tv-lg-mini-rgb-evo-ai-4k-65-65mrgb85-tv-lg-mini-rgb-evo-ai-4k-65-65mrgb85.jpg,1,,
lg-65mrgb85bsc,,,,,,,,,,,,,,https://f.fcdn.app/imgs/9db81b/www.ltienda.com.uy/lguy/447a/original/catalogo/65MRGB85BSC65MRGB85BSC2/1024-1024/tv-lg-mini-rgb-evo-ai-4k-65-65mrgb85-tv-lg-mini-rgb-evo-ai-4k-65-65mrgb85.jpg,2,,
lg-65mrgb85bsc,,,,,,,,,,,,,,https://f.fcdn.app/imgs/6b2642/www.ltienda.com.uy/lguy/7892/original/catalogo/65MRGB85BSC65MRGB85BSC3/1024-1024/tv-lg-mini-rgb-evo-ai-4k-65-65mrgb85-tv-lg-mini-rgb-evo-ai-4k-65-65mrgb85.jpg,3,,
lg-65mrgb85bsc,,,,,,,,,,,,,,https://f.fcdn.app/imgs/08d3cf/www.ltienda.com.uy/lguy/6592/original/catalogo/65MRGB85BSC65MRGB85BSC4/1024-1024/tv-lg-mini-rgb-evo-ai-4k-65-65mrgb85-tv-lg-mini-rgb-evo-ai-4k-65-65mrgb85.jpg,4,,
lg-65mrgb85bsc,,,,,,,,,,,,,,https://f.fcdn.app/imgs/43a33f/www.ltienda.com.uy/lguy/241d/original/catalogo/65MRGB85BSC65MRGB85BSC5/1024-1024/tv-lg-mini-rgb-evo-ai-4k-65-65mrgb85-tv-lg-mini-rgb-evo-ai-4k-65-65mrgb85.jpg,5,,
lg-65mrgb85bsc,,,,,,,,,,,,,,https://f.fcdn.app/imgs/07c92c/www.ltienda.com.uy/lguy/1346/original/catalogo/65MRGB85BSC65MRGB85BSC6/1024-1024/tv-lg-mini-rgb-evo-ai-4k-65-65mrgb85-tv-lg-mini-rgb-evo-ai-4k-65-65mrgb85.jpg,6,,
lg-65mrgb85bsc,,,,,,,,,,,,,,https://f.fcdn.app/imgs/09706d/www.ltienda.com.uy/lguy/6115/original/catalogo/65MRGB85BSC65MRGB85BSC7/1024-1024/tv-lg-mini-rgb-evo-ai-4k-65-65mrgb85-tv-lg-mini-rgb-evo-ai-4k-65-65mrgb85.jpg,7,,
lg-65mrgb85bsc,,,,,,,,,,,,,,https://f.fcdn.app/imgs/e77714/www.ltienda.com.uy/lguy/e6f7/original/catalogo/65MRGB85BSC65MRGB85BSC8/1024-1024/tv-lg-mini-rgb-evo-ai-4k-65-65mrgb85-tv-lg-mini-rgb-evo-ai-4k-65-65mrgb85.jpg,8,,
lg-75mrgb85bsc,"TV LG Mini RGB evo AI 4K 75"" 75MRGB85","TV LG Mini RGB evo AI 4K 75"" 75MRGB85",LG,Electro,"TV, LG, stock-verificado",TRUE,Modelo,"TV LG Mini RGB evo AI 4K 75"" 75MRGB85",75MRGB85BSC,82659.00,,10,deny,https://f.fcdn.app/imgs/ac129b/www.ltienda.com.uy/lguy/70f9/original/catalogo/75MRGB85BSC75MRGB85BSC1/1024-1024/tv-lg-mini-rgb-evo-ai-4k-75-75mrgb85-tv-lg-mini-rgb-evo-ai-4k-75-75mrgb85.jpg,1,,
lg-75mrgb85bsc,,,,,,,,,,,,,,https://f.fcdn.app/imgs/08d77a/www.ltienda.com.uy/lguy/5eba/original/catalogo/75MRGB85BSC75MRGB85BSC2/1024-1024/tv-lg-mini-rgb-evo-ai-4k-75-75mrgb85-tv-lg-mini-rgb-evo-ai-4k-75-75mrgb85.jpg,2,,
lg-75mrgb85bsc,,,,,,,,,,,,,,https://f.fcdn.app/imgs/708359/www.ltienda.com.uy/lguy/b416/original/catalogo/75MRGB85BSC75MRGB85BSC3/1024-1024/tv-lg-mini-rgb-evo-ai-4k-75-75mrgb85-tv-lg-mini-rgb-evo-ai-4k-75-75mrgb85.jpg,3,,
lg-75mrgb85bsc,,,,,,,,,,,,,,https://f.fcdn.app/imgs/584d88/www.ltienda.com.uy/lguy/6592/original/catalogo/75MRGB85BSC75MRGB85BSC4/1024-1024/tv-lg-mini-rgb-evo-ai-4k-75-75mrgb85-tv-lg-mini-rgb-evo-ai-4k-75-75mrgb85.jpg,4,,
lg-75mrgb85bsc,,,,,,,,,,,,,,https://f.fcdn.app/imgs/cb64a2/www.ltienda.com.uy/lguy/6115/original/catalogo/75MRGB85BSC75MRGB85BSC5/1024-1024/tv-lg-mini-rgb-evo-ai-4k-75-75mrgb85-tv-lg-mini-rgb-evo-ai-4k-75-75mrgb85.jpg,5,,
lg-75mrgb85bsc,,,,,,,,,,,,,,https://f.fcdn.app/imgs/d39e1b/www.ltienda.com.uy/lguy/1346/original/catalogo/75MRGB85BSC75MRGB85BSC6/1024-1024/tv-lg-mini-rgb-evo-ai-4k-75-75mrgb85-tv-lg-mini-rgb-evo-ai-4k-75-75mrgb85.jpg,6,,
lg-75mrgb85bsc,,,,,,,,,,,,,,https://f.fcdn.app/imgs/b3f954/www.ltienda.com.uy/lguy/e6f7/original/catalogo/75MRGB85BSC75MRGB85BSC7/1024-1024/tv-lg-mini-rgb-evo-ai-4k-75-75mrgb85-tv-lg-mini-rgb-evo-ai-4k-75-75mrgb85.jpg,7,,
lg-75mrgb85bsc,,,,,,,,,,,,,,https://f.fcdn.app/imgs/e0f9dd/www.ltienda.com.uy/lguy/6288/original/catalogo/75MRGB85BSC75MRGB85BSC8/1024-1024/tv-lg-mini-rgb-evo-ai-4k-75-75mrgb85-tv-lg-mini-rgb-evo-ai-4k-75-75mrgb85.jpg,8,,
lg-86mrgb85bsc,"TV LG Mini RGB evo AI 4K 86"" 86MRGB85","TV LG Mini RGB evo AI 4K 86"" 86MRGB85",LG,Electro,"TV, LG, stock-verificado",TRUE,Modelo,"TV LG Mini RGB evo AI 4K 86"" 86MRGB85",86MRGB85BSC,152582.00,,10,deny,https://f.fcdn.app/imgs/63e147/www.ltienda.com.uy/lguy/34ae/original/catalogo/86MRGB85BSC86MRGB85BSC1/1024-1024/tv-lg-mini-rgb-evo-ai-4k-86-86mrgb85-tv-lg-mini-rgb-evo-ai-4k-86-86mrgb85.jpg,1,,
lg-86mrgb85bsc,,,,,,,,,,,,,,https://f.fcdn.app/imgs/b5a057/www.ltienda.com.uy/lguy/f65f/original/catalogo/86MRGB85BSC86MRGB85BSC2/1024-1024/tv-lg-mini-rgb-evo-ai-4k-86-86mrgb85-tv-lg-mini-rgb-evo-ai-4k-86-86mrgb85.jpg,2,,
lg-86mrgb85bsc,,,,,,,,,,,,,,https://f.fcdn.app/imgs/d56500/www.ltienda.com.uy/lguy/20aa/original/catalogo/86MRGB85BSC86MRGB85BSC3/1024-1024/tv-lg-mini-rgb-evo-ai-4k-86-86mrgb85-tv-lg-mini-rgb-evo-ai-4k-86-86mrgb85.jpg,3,,
lg-86mrgb85bsc,,,,,,,,,,,,,,https://f.fcdn.app/imgs/c2eb83/www.ltienda.com.uy/lguy/6592/original/catalogo/86MRGB85BSC86MRGB85BSC4/1024-1024/tv-lg-mini-rgb-evo-ai-4k-86-86mrgb85-tv-lg-mini-rgb-evo-ai-4k-86-86mrgb85.jpg,4,,
lg-86mrgb85bsc,,,,,,,,,,,,,,https://f.fcdn.app/imgs/6a63d5/www.ltienda.com.uy/lguy/6115/original/catalogo/86MRGB85BSC86MRGB85BSC5/1024-1024/tv-lg-mini-rgb-evo-ai-4k-86-86mrgb85-tv-lg-mini-rgb-evo-ai-4k-86-86mrgb85.jpg,5,,
lg-86mrgb85bsc,,,,,,,,,,,,,,https://f.fcdn.app/imgs/1a7459/www.ltienda.com.uy/lguy/1346/original/catalogo/86MRGB85BSC86MRGB85BSC6/1024-1024/tv-lg-mini-rgb-evo-ai-4k-86-86mrgb85-tv-lg-mini-rgb-evo-ai-4k-86-86mrgb85.jpg,6,,
lg-86mrgb85bsc,,,,,,,,,,,,,,https://f.fcdn.app/imgs/be61cc/www.ltienda.com.uy/lguy/e6f7/original/catalogo/86MRGB85BSC86MRGB85BSC7/1024-1024/tv-lg-mini-rgb-evo-ai-4k-86-86mrgb85-tv-lg-mini-rgb-evo-ai-4k-86-86mrgb85.jpg,7,,
lg-86mrgb85bsc,,,,,,,,,,,,,,https://f.fcdn.app/imgs/087b91/www.ltienda.com.uy/lguy/241d/original/catalogo/86MRGB85BSC86MRGB85BSC8/1024-1024/tv-lg-mini-rgb-evo-ai-4k-86-86mrgb85-tv-lg-mini-rgb-evo-ai-4k-86-86mrgb85.jpg,8,,
lg-55um5n-e,"Pantalla de Señalización Digital UHD 4K 55"" 55UM5N-E","Pantalla de Señalización Digital UHD 4K 55"" 55UM5N-E",LG,Electro,"TV, LG, stock-verificado",TRUE,Modelo,"Pantalla de Señalización Digital UHD 4K 55"" 55UM5N-E",55UM5N-E,66119.00,,10,deny,https://f.fcdn.app/imgs/934b6c/www.ltienda.com.uy/lguy/48b5/original/catalogo/55UM5N-E55UM5N-E1/1024-1024/pantalla-de-senalizacion-digital-uhd-4k-55-55um5n-e-pantalla-de-senalizacion-digital-uhd-4k-55-55um5n-e.jpg,1,,
lg-55um5n-e,,,,,,,,,,,,,,https://f.fcdn.app/imgs/c1aeb9/www.ltienda.com.uy/lguy/f0ce/original/catalogo/55UM5N-E55UM5N-E2/1024-1024/pantalla-de-senalizacion-digital-uhd-4k-55-55um5n-e-pantalla-de-senalizacion-digital-uhd-4k-55-55um5n-e.jpg,2,,
lg-55um5n-e,,,,,,,,,,,,,,https://f.fcdn.app/imgs/911479/www.ltienda.com.uy/lguy/50d7/original/catalogo/55UM5N-E55UM5N-E3/1024-1024/pantalla-de-senalizacion-digital-uhd-4k-55-55um5n-e-pantalla-de-senalizacion-digital-uhd-4k-55-55um5n-e.jpg,3,,
lg-55um5n-e,,,,,,,,,,,,,,https://f.fcdn.app/imgs/511d1d/www.ltienda.com.uy/lguy/7dbe/original/catalogo/55UM5N-E55UM5N-E4/1024-1024/pantalla-de-senalizacion-digital-uhd-4k-55-55um5n-e-pantalla-de-senalizacion-digital-uhd-4k-55-55um5n-e.jpg,4,,
lg-55um5n-e,,,,,,,,,,,,,,https://f.fcdn.app/imgs/18ff2f/www.ltienda.com.uy/lguy/e95a/original/catalogo/55UM5N-E55UM5N-E5/1024-1024/pantalla-de-senalizacion-digital-uhd-4k-55-55um5n-e-pantalla-de-senalizacion-digital-uhd-4k-55-55um5n-e.jpg,5,,
lg-55um5n-e,,,,,,,,,,,,,,https://f.fcdn.app/imgs/0ade62/www.ltienda.com.uy/lguy/6105/original/catalogo/55UM5N-E55UM5N-E6/1024-1024/pantalla-de-senalizacion-digital-uhd-4k-55-55um5n-e-pantalla-de-senalizacion-digital-uhd-4k-55-55um5n-e.jpg,6,,
lg-lapa136,"Pantalla LG smart all in one LED 136"" LAPA136","Pantalla LG smart all in one LED 136"" LAPA136",LG,Electro,"TV, LG",TRUE,Modelo,"Pantalla LG smart all in one LED 136"" LAPA136",LAPA136,413459.00,,0,deny,https://f.fcdn.app/imgs/ab78ce/www.ltienda.com.uy/lguy/6fa8/original/catalogo/LAPA136LAPA1361/1024-1024/pantalla-lg-smart-all-in-one-led-136-lapa136-pantalla-lg-smart-all-in-one-led-136-lapa136.jpg,1,,
lg-lapa136,,,,,,,,,,,,,,https://f.fcdn.app/imgs/57f8e1/www.ltienda.com.uy/lguy/dee8/original/catalogo/LAPA136LAPA1362/1024-1024/pantalla-lg-smart-all-in-one-led-136-lapa136-pantalla-lg-smart-all-in-one-led-136-lapa136.jpg,2,,
lg-lapa136,,,,,,,,,,,,,,https://f.fcdn.app/imgs/b335fc/www.ltienda.com.uy/lguy/c230/original/catalogo/LAPA136LAPA1363/1024-1024/pantalla-lg-smart-all-in-one-led-136-lapa136-pantalla-lg-smart-all-in-one-led-136-lapa136.jpg,3,,
lg-lapa136,,,,,,,,,,,,,,https://f.fcdn.app/imgs/1bcae8/www.ltienda.com.uy/lguy/5de9/original/catalogo/LAPA136LAPA1364/1024-1024/pantalla-lg-smart-all-in-one-led-136-lapa136-pantalla-lg-smart-all-in-one-led-136-lapa136.jpg,4,,
lg-lapa136,,,,,,,,,,,,,,https://f.fcdn.app/imgs/f4813e/www.ltienda.com.uy/lguy/131c/original/catalogo/LAPA136LAPA1365/1024-1024/pantalla-lg-smart-all-in-one-led-136-lapa136-pantalla-lg-smart-all-in-one-led-136-lapa136.jpg,5,,
lg-lapa136,,,,,,,,,,,,,,https://f.fcdn.app/imgs/00bb5e/www.ltienda.com.uy/lguy/1b8a/original/catalogo/LAPA136LAPA1366/1024-1024/pantalla-lg-smart-all-in-one-led-136-lapa136-pantalla-lg-smart-all-in-one-led-136-lapa136.jpg,6,,
lg-wd9mvc4s6,Lavasecarropas frontal inverter LG 9Kg WD9MVC4S6,Lavasecarropas frontal inverter LG 9Kg WD9MVC4S6,LG,Electro,"Lavarropas, LG, stock-verificado",TRUE,Modelo,Lavasecarropas frontal inverter LG 9Kg WD9MVC4S6,WD9MVC4S6,30971.00,,10,deny,https://f.fcdn.app/imgs/ce83a6/www.ltienda.com.uy/lguy/682b/original/catalogo/WD9MVC4S6WD9MVC4S61/1024-1024/lavasecarropas-frontal-inverter-lg-9kg-wd9mvc4s6-lavasecarropas-frontal-inverter-lg-9kg-wd9mvc4s6.jpg,1,,
lg-wd9mvc4s6,,,,,,,,,,,,,,https://f.fcdn.app/imgs/915b87/www.ltienda.com.uy/lguy/ca4e/original/catalogo/WD9MVC4S6WD9MVC4S62/1024-1024/lavasecarropas-frontal-inverter-lg-9kg-wd9mvc4s6-lavasecarropas-frontal-inverter-lg-9kg-wd9mvc4s6.jpg,2,,
lg-wd9mvc4s6,,,,,,,,,,,,,,https://f.fcdn.app/imgs/60f34c/www.ltienda.com.uy/lguy/1045/original/catalogo/WD9MVC4S6WD9MVC4S63/1024-1024/lavasecarropas-frontal-inverter-lg-9kg-wd9mvc4s6-lavasecarropas-frontal-inverter-lg-9kg-wd9mvc4s6.jpg,3,,
lg-wd9mvc4s6,,,,,,,,,,,,,,https://f.fcdn.app/imgs/cc521e/www.ltienda.com.uy/lguy/db6b/original/catalogo/WD9MVC4S6WD9MVC4S64/1024-1024/lavasecarropas-frontal-inverter-lg-9kg-wd9mvc4s6-lavasecarropas-frontal-inverter-lg-9kg-wd9mvc4s6.jpg,4,,
lg-wd9mvc4s6,,,,,,,,,,,,,,https://f.fcdn.app/imgs/fc61c2/www.ltienda.com.uy/lguy/7b44/original/catalogo/WD9MVC4S6WD9MVC4S65/1024-1024/lavasecarropas-frontal-inverter-lg-9kg-wd9mvc4s6-lavasecarropas-frontal-inverter-lg-9kg-wd9mvc4s6.jpg,5,,
lg-wd9mvc4s6,,,,,,,,,,,,,,https://f.fcdn.app/imgs/40ca05/www.ltienda.com.uy/lguy/d459/original/catalogo/WD9MVC4S6WD9MVC4S66/1024-1024/lavasecarropas-frontal-inverter-lg-9kg-wd9mvc4s6-lavasecarropas-frontal-inverter-lg-9kg-wd9mvc4s6.jpg,6,,
lg-wd9mvc4s6,,,,,,,,,,,,,,https://f.fcdn.app/imgs/f1963e/www.ltienda.com.uy/lguy/92db/original/catalogo/WD9MVC4S6WD9MVC4S67/1024-1024/lavasecarropas-frontal-inverter-lg-9kg-wd9mvc4s6-lavasecarropas-frontal-inverter-lg-9kg-wd9mvc4s6.jpg,7,,
lg-wd9mvc4s6,,,,,,,,,,,,,,https://f.fcdn.app/imgs/191d2c/www.ltienda.com.uy/lguy/67e6/original/catalogo/WD9MVC4S6WD9MVC4S68/1024-1024/lavasecarropas-frontal-inverter-lg-9kg-wd9mvc4s6-lavasecarropas-frontal-inverter-lg-9kg-wd9mvc4s6.jpg,8,,
lg-tr3dk-bm,Pantalla interactiva LG UHD TR3DK-BM,Pantalla interactiva LG UHD TR3DK-BM,LG,Electro,"TV, LG",TRUE,Modelo,Pantalla interactiva LG UHD TR3DK-BM,TR3DK-BM,413459.00,,0,deny,https://f.fcdn.app/imgs/4929e3/www.ltienda.com.uy/lguy/bd3b/original/catalogo/TR3DK-BMTR3DK-BM1/1024-1024/pantalla-interactiva-lg-uhd-tr3dk-bm-pantalla-interactiva-lg-uhd-tr3dk-bm.jpg,1,,
lg-tr3dk-bm,,,,,,,,,,,,,,https://f.fcdn.app/imgs/9c745b/www.ltienda.com.uy/lguy/2605/original/catalogo/TR3DK-BMTR3DK-BM2/1024-1024/pantalla-interactiva-lg-uhd-tr3dk-bm-pantalla-interactiva-lg-uhd-tr3dk-bm.jpg,2,,
lg-tr3dk-bm,,,,,,,,,,,,,,https://f.fcdn.app/imgs/d245b4/www.ltienda.com.uy/lguy/0768/original/catalogo/TR3DK-BMTR3DK-BM3/1024-1024/pantalla-interactiva-lg-uhd-tr3dk-bm-pantalla-interactiva-lg-uhd-tr3dk-bm.jpg,3,,
lg-tr3dk-bm,,,,,,,,,,,,,,https://f.fcdn.app/imgs/292a07/www.ltienda.com.uy/lguy/c8a5/original/catalogo/TR3DK-BMTR3DK-BM4/1024-1024/pantalla-interactiva-lg-uhd-tr3dk-bm-pantalla-interactiva-lg-uhd-tr3dk-bm.jpg,4,,
lg-tr3dk-bm,,,,,,,,,,,,,,https://f.fcdn.app/imgs/ac16f2/www.ltienda.com.uy/lguy/bdfb/original/catalogo/TR3DK-BMTR3DK-BM5/1024-1024/pantalla-interactiva-lg-uhd-tr3dk-bm-pantalla-interactiva-lg-uhd-tr3dk-bm.jpg,5,,
lg-ew5g-v,"Pantalla LG OLED transparente 55"" EW5G-V","Pantalla LG OLED transparente 55"" EW5G-V",LG,Electro,"TV, LG",TRUE,Modelo,"Pantalla LG OLED transparente 55"" EW5G-V",EW5G-V,413459.00,,0,deny,https://f.fcdn.app/imgs/a323b9/www.ltienda.com.uy/lguy/7e29/original/catalogo/EW5G-VEW5G-V1/1024-1024/pantalla-lg-oled-transparente-55-ew5g-v-pantalla-lg-oled-transparente-55-ew5g-v.jpg,1,,
lg-ew5g-v,,,,,,,,,,,,,,https://f.fcdn.app/imgs/25d7bb/www.ltienda.com.uy/lguy/8557/original/catalogo/EW5G-VEW5G-V2/1024-1024/pantalla-lg-oled-transparente-55-ew5g-v-pantalla-lg-oled-transparente-55-ew5g-v.jpg,2,,
lg-ew5g-v,,,,,,,,,,,,,,https://f.fcdn.app/imgs/8c5da2/www.ltienda.com.uy/lguy/453c/original/catalogo/EW5G-VEW5G-V3/1024-1024/pantalla-lg-oled-transparente-55-ew5g-v-pantalla-lg-oled-transparente-55-ew5g-v.jpg,3,,
lg-ew5g-v,,,,,,,,,,,,,,https://f.fcdn.app/imgs/8e0ed2/www.ltienda.com.uy/lguy/acfe/original/catalogo/EW5G-VEW5G-V4/1024-1024/pantalla-lg-oled-transparente-55-ew5g-v-pantalla-lg-oled-transparente-55-ew5g-v.jpg,4,,
lg-xe3p-b,"Pantalla exterior alto brillo LG LED 49"" XE3P-B","Pantalla exterior alto brillo LG LED 49"" XE3P-B",LG,Electro,"TV, LG",TRUE,Modelo,"Pantalla exterior alto brillo LG LED 49"" XE3P-B",XE3P-B,413459.00,,0,deny,https://f.fcdn.app/imgs/e0f985/www.ltienda.com.uy/lguy/75c0/original/catalogo/XE3P-BXE3P-B1/1024-1024/pantalla-exterior-alto-brillo-lg-led-49-xe3p-b-pantalla-exterior-alto-brillo-lg-led-49-xe3p-b.jpg,1,,
lg-xe3p-b,,,,,,,,,,,,,,https://f.fcdn.app/imgs/447f3c/www.ltienda.com.uy/lguy/49a9/original/catalogo/XE3P-BXE3P-B2/1024-1024/pantalla-exterior-alto-brillo-lg-led-49-xe3p-b-pantalla-exterior-alto-brillo-lg-led-49-xe3p-b.jpg,2,,
lg-xe3p-b,,,,,,,,,,,,,,https://f.fcdn.app/imgs/913ff5/www.ltienda.com.uy/lguy/d201/original/catalogo/XE3P-BXE3P-B3/1024-1024/pantalla-exterior-alto-brillo-lg-led-49-xe3p-b-pantalla-exterior-alto-brillo-lg-led-49-xe3p-b.jpg,3,,
lg-xe3p-b,,,,,,,,,,,,,,https://f.fcdn.app/imgs/463d3f/www.ltienda.com.uy/lguy/d170/original/catalogo/XE3P-BXE3P-B4/1024-1024/pantalla-exterior-alto-brillo-lg-led-49-xe3p-b-pantalla-exterior-alto-brillo-lg-led-49-xe3p-b.jpg,4,,
lg-xe3p-b,,,,,,,,,,,,,,https://f.fcdn.app/imgs/04289b/www.ltienda.com.uy/lguy/6831/original/catalogo/XE3P-BXE3P-B5/1024-1024/pantalla-exterior-alto-brillo-lg-led-49-xe3p-b-pantalla-exterior-alto-brillo-lg-led-49-xe3p-b.jpg,5,,
lg-xe3p-b,,,,,,,,,,,,,,https://f.fcdn.app/imgs/c0ad0c/www.ltienda.com.uy/lguy/7d75/original/catalogo/XE3P-BXE3P-B6/1024-1024/pantalla-exterior-alto-brillo-lg-led-49-xe3p-b-pantalla-exterior-alto-brillo-lg-led-49-xe3p-b.jpg,6,,
lg-xe3p-b,,,,,,,,,,,,,,https://f.fcdn.app/imgs/13e65d/www.ltienda.com.uy/lguy/2c9f/original/catalogo/XE3P-BXE3P-B7/1024-1024/pantalla-exterior-alto-brillo-lg-led-49-xe3p-b-pantalla-exterior-alto-brillo-lg-led-49-xe3p-b.jpg,7,,
lg-xs4p-b,"Pantalla de exhibición alto brillo LG LED 55"" XS4P-B","Pantalla de exhibición alto brillo LG LED 55"" XS4P-B",LG,Electro,"TV, LG",TRUE,Modelo,"Pantalla de exhibición alto brillo LG LED 55"" XS4P-B",XS4P-B,413459.00,,0,deny,https://f.fcdn.app/imgs/2f7a3e/www.ltienda.com.uy/lguy/3da2/original/catalogo/XS4P-BXS4P-B1/1024-1024/pantalla-de-exhibicion-alto-brillo-lg-led-55-xs4p-b-pantalla-de-exhibicion-alto-brillo-lg-led-55-xs4p-b.jpg,1,,
lg-xs4p-b,,,,,,,,,,,,,,https://f.fcdn.app/imgs/48158d/www.ltienda.com.uy/lguy/8062/original/catalogo/XS4P-BXS4P-B2/1024-1024/pantalla-de-exhibicion-alto-brillo-lg-led-55-xs4p-b-pantalla-de-exhibicion-alto-brillo-lg-led-55-xs4p-b.jpg,2,,
lg-xs4p-b,,,,,,,,,,,,,,https://f.fcdn.app/imgs/4bd180/www.ltienda.com.uy/lguy/7d13/original/catalogo/XS4P-BXS4P-B3/1024-1024/pantalla-de-exhibicion-alto-brillo-lg-led-55-xs4p-b-pantalla-de-exhibicion-alto-brillo-lg-led-55-xs4p-b.jpg,3,,
lg-xs4p-b,,,,,,,,,,,,,,https://f.fcdn.app/imgs/d807cd/www.ltienda.com.uy/lguy/bfc2/original/catalogo/XS4P-BXS4P-B4/1024-1024/pantalla-de-exhibicion-alto-brillo-lg-led-55-xs4p-b-pantalla-de-exhibicion-alto-brillo-lg-led-55-xs4p-b.jpg,4,,
lg-xs4p-b,,,,,,,,,,,,,,https://f.fcdn.app/imgs/885f10/www.ltienda.com.uy/lguy/4467/original/catalogo/XS4P-BXS4P-B5/1024-1024/pantalla-de-exhibicion-alto-brillo-lg-led-55-xs4p-b-pantalla-de-exhibicion-alto-brillo-lg-led-55-xs4p-b.jpg,5,,
lg-xs4p-b,,,,,,,,,,,,,,https://f.fcdn.app/imgs/998e58/www.ltienda.com.uy/lguy/09fd/original/catalogo/XS4P-BXS4P-B6/1024-1024/pantalla-de-exhibicion-alto-brillo-lg-led-55-xs4p-b-pantalla-de-exhibicion-alto-brillo-lg-led-55-xs4p-b.jpg,6,,
lg-gspb039,Pantalla exterior alto brillo LG LED GSPB039,Pantalla exterior alto brillo LG LED GSPB039,LG,Electro,"TV, LG",TRUE,Modelo,Pantalla exterior alto brillo LG LED GSPB039,GSPB039,413459.00,,0,deny,https://f.fcdn.app/imgs/ce0c7f/www.ltienda.com.uy/lguy/848f/original/catalogo/GSPB039GSPB0391/1024-1024/pantalla-exterior-alto-brillo-lg-led-gspb039-pantalla-exterior-alto-brillo-lg-led-gspb039.jpg,1,,
lg-gspb039,,,,,,,,,,,,,,https://f.fcdn.app/imgs/e7eea9/www.ltienda.com.uy/lguy/5cff/original/catalogo/GSPB039GSPB0392/1024-1024/pantalla-exterior-alto-brillo-lg-led-gspb039-pantalla-exterior-alto-brillo-lg-led-gspb039.jpg,2,,
lg-gspb039,,,,,,,,,,,,,,https://f.fcdn.app/imgs/595882/www.ltienda.com.uy/lguy/9fb1/original/catalogo/GSPB039GSPB0393/1024-1024/pantalla-exterior-alto-brillo-lg-led-gspb039-pantalla-exterior-alto-brillo-lg-led-gspb039.jpg,3,,
lg-gspb039,,,,,,,,,,,,,,https://f.fcdn.app/imgs/618dac/www.ltienda.com.uy/lguy/80dd/original/catalogo/GSPB039GSPB0394/1024-1024/pantalla-exterior-alto-brillo-lg-led-gspb039-pantalla-exterior-alto-brillo-lg-led-gspb039.jpg,4,,
lg-gspb039,,,,,,,,,,,,,,https://f.fcdn.app/imgs/e0e92b/www.ltienda.com.uy/lguy/a8a1/original/catalogo/GSPB039GSPB0395/1024-1024/pantalla-exterior-alto-brillo-lg-led-gspb039-pantalla-exterior-alto-brillo-lg-led-gspb039.jpg,5,,
lg-gspb039,,,,,,,,,,,,,,https://f.fcdn.app/imgs/c23877/www.ltienda.com.uy/lguy/05b3/original/catalogo/GSPB039GSPB0396/1024-1024/pantalla-exterior-alto-brillo-lg-led-gspb039-pantalla-exterior-alto-brillo-lg-led-gspb039.jpg,6,,
lg-gspb039,,,,,,,,,,,,,,https://f.fcdn.app/imgs/e1da7d/www.ltienda.com.uy/lguy/04d6/original/catalogo/GSPB039GSPB0397/1024-1024/pantalla-exterior-alto-brillo-lg-led-gspb039-pantalla-exterior-alto-brillo-lg-led-gspb039.jpg,7,,
lg-gspb039,,,,,,,,,,,,,,https://f.fcdn.app/imgs/ce6aeb/www.ltienda.com.uy/lguy/3bcb/original/catalogo/GSPB039GSPB0398/1024-1024/pantalla-exterior-alto-brillo-lg-led-gspb039-pantalla-exterior-alto-brillo-lg-led-gspb039.jpg,8,,
lg-32sm5j-b,Pantalla Señalización Digital HD 32” 32SM5J-B,Pantalla Señalización Digital HD 32” 32SM5J-B,LG,Electro,"TV, LG, stock-verificado",TRUE,Modelo,Pantalla Señalización Digital HD 32” 32SM5J-B,32SM5J-B,413459.00,,10,deny,https://f.fcdn.app/imgs/591799/www.ltienda.com.uy/lguy/8cc0/original/catalogo/32SM5J-B32SM5J-B1/1024-1024/pantalla-senalizacion-digital-hd-32-32sm5j-b-pantalla-senalizacion-digital-hd-32-32sm5j-b.jpg,1,,
lg-32sm5j-b,,,,,,,,,,,,,,https://f.fcdn.app/imgs/6e3e10/www.ltienda.com.uy/lguy/d089/original/catalogo/32SM5J-B32SM5J-B2/1024-1024/pantalla-senalizacion-digital-hd-32-32sm5j-b-pantalla-senalizacion-digital-hd-32-32sm5j-b.jpg,2,,
lg-32sm5j-b,,,,,,,,,,,,,,https://f.fcdn.app/imgs/417d5b/www.ltienda.com.uy/lguy/d347/original/catalogo/32SM5J-B32SM5J-B3/1024-1024/pantalla-senalizacion-digital-hd-32-32sm5j-b-pantalla-senalizacion-digital-hd-32-32sm5j-b.jpg,3,,
lg-32sm5j-b,,,,,,,,,,,,,,https://f.fcdn.app/imgs/1a04ed/www.ltienda.com.uy/lguy/d18b/original/catalogo/32SM5J-B32SM5J-B4/1024-1024/pantalla-senalizacion-digital-hd-32-32sm5j-b-pantalla-senalizacion-digital-hd-32-32sm5j-b.jpg,4,,
lg-32sm5j-b,,,,,,,,,,,,,,https://f.fcdn.app/imgs/ae52d0/www.ltienda.com.uy/lguy/02de/original/catalogo/32SM5J-B32SM5J-B5/1024-1024/pantalla-senalizacion-digital-hd-32-32sm5j-b-pantalla-senalizacion-digital-hd-32-32sm5j-b.jpg,5,,
lg-32sm5j-b,,,,,,,,,,,,,,https://f.fcdn.app/imgs/264555/www.ltienda.com.uy/lguy/913e/original/catalogo/32SM5J-B32SM5J-B6/1024-1024/pantalla-senalizacion-digital-hd-32-32sm5j-b-pantalla-senalizacion-digital-hd-32-32sm5j-b.jpg,6,,
lg-43uh5q-e,"Pantalla de Señalización Digital UHD 4K 43"" 43UH5Q-E","Pantalla de Señalización Digital UHD 4K 43"" 43UH5Q-E",LG,Electro,"TV, LG, stock-verificado",TRUE,Modelo,"Pantalla de Señalización Digital UHD 4K 43"" 43UH5Q-E",43UH5Q-E,413459.00,,10,deny,https://f.fcdn.app/imgs/4efc19/www.ltienda.com.uy/lguy/0a08/original/catalogo/43UH5Q-E43UH5Q-E1/1024-1024/pantalla-de-senalizacion-digital-uhd-4k-43-43uh5q-e-pantalla-de-senalizacion-digital-uhd-4k-43-43uh5q-e.jpg,1,,
lg-43uh5q-e,,,,,,,,,,,,,,https://f.fcdn.app/imgs/22cc16/www.ltienda.com.uy/lguy/1a70/original/catalogo/43UH5Q-E43UH5Q-E2/1024-1024/pantalla-de-senalizacion-digital-uhd-4k-43-43uh5q-e-pantalla-de-senalizacion-digital-uhd-4k-43-43uh5q-e.jpg,2,,
lg-43uh5q-e,,,,,,,,,,,,,,https://f.fcdn.app/imgs/9a9ec8/www.ltienda.com.uy/lguy/bd8c/original/catalogo/43UH5Q-E43UH5Q-E3/1024-1024/pantalla-de-senalizacion-digital-uhd-4k-43-43uh5q-e-pantalla-de-senalizacion-digital-uhd-4k-43-43uh5q-e.jpg,3,,
lg-43uh5q-e,,,,,,,,,,,,,,https://f.fcdn.app/imgs/f2dc08/www.ltienda.com.uy/lguy/2f10/original/catalogo/43UH5Q-E43UH5Q-E4/1024-1024/pantalla-de-senalizacion-digital-uhd-4k-43-43uh5q-e-pantalla-de-senalizacion-digital-uhd-4k-43-43uh5q-e.jpg,4,,
lg-43uh5q-e,,,,,,,,,,,,,,https://f.fcdn.app/imgs/37d77b/www.ltienda.com.uy/lguy/033b/original/catalogo/43UH5Q-E43UH5Q-E5/1024-1024/pantalla-de-senalizacion-digital-uhd-4k-43-43uh5q-e-pantalla-de-senalizacion-digital-uhd-4k-43-43uh5q-e.jpg,5,,
lg-86uh5n-m,"Pantalla Señalización Digital UHD 4K 86"" 86UH5N-M","Pantalla Señalización Digital UHD 4K 86"" 86UH5N-M",LG,Electro,"TV, LG",TRUE,Modelo,"Pantalla Señalización Digital UHD 4K 86"" 86UH5N-M",86UH5N-M,413459.00,,0,deny,https://f.fcdn.app/imgs/136211/www.ltienda.com.uy/lguy/ec41/original/catalogo/86UH5N-M86UH5N-M1/1024-1024/pantalla-senalizacion-digital-uhd-4k-86-86uh5n-m-pantalla-senalizacion-digital-uhd-4k-86-86uh5n-m.jpg,1,,
lg-86uh5n-m,,,,,,,,,,,,,,https://f.fcdn.app/imgs/c52d85/www.ltienda.com.uy/lguy/36d8/original/catalogo/86UH5N-M86UH5N-M2/1024-1024/pantalla-senalizacion-digital-uhd-4k-86-86uh5n-m-pantalla-senalizacion-digital-uhd-4k-86-86uh5n-m.jpg,2,,
lg-86uh5n-m,,,,,,,,,,,,,,https://f.fcdn.app/imgs/68dbb4/www.ltienda.com.uy/lguy/cc76/original/catalogo/86UH5N-M86UH5N-M3/1024-1024/pantalla-senalizacion-digital-uhd-4k-86-86uh5n-m-pantalla-senalizacion-digital-uhd-4k-86-86uh5n-m.jpg,3,,
lg-86uh5n-m,,,,,,,,,,,,,,https://f.fcdn.app/imgs/32af5d/www.ltienda.com.uy/lguy/a0fc/original/catalogo/86UH5N-M86UH5N-M4/1024-1024/pantalla-senalizacion-digital-uhd-4k-86-86uh5n-m-pantalla-senalizacion-digital-uhd-4k-86-86uh5n-m.jpg,4,,
lg-55vl5pj-a,"Videowall Full HD 55"" 55VL5PJ-A","Videowall Full HD 55"" 55VL5PJ-A",LG,Electro,"TV, LG, stock-verificado",TRUE,Modelo,"Videowall Full HD 55"" 55VL5PJ-A",55VL5PJ-A,413459.00,,10,deny,https://f.fcdn.app/imgs/b15c42/www.ltienda.com.uy/lguy/d39e/original/catalogo/55VL5PJ-A55VL5PJ-A1/1024-1024/videowall-full-hd-55-55vl5pj-a-videowall-full-hd-55-55vl5pj-a.jpg,1,,
lg-55vl5pj-a,,,,,,,,,,,,,,https://f.fcdn.app/imgs/735f29/www.ltienda.com.uy/lguy/b19a/original/catalogo/55VL5PJ-A55VL5PJ-A2/1024-1024/videowall-full-hd-55-55vl5pj-a-videowall-full-hd-55-55vl5pj-a.jpg,2,,
lg-55vl5pj-a,,,,,,,,,,,,,,https://f.fcdn.app/imgs/40e060/www.ltienda.com.uy/lguy/f050/original/catalogo/55VL5PJ-A55VL5PJ-A3/1024-1024/videowall-full-hd-55-55vl5pj-a-videowall-full-hd-55-55vl5pj-a.jpg,3,,
lg-55vl5pj-a,,,,,,,,,,,,,,https://f.fcdn.app/imgs/a78eec/www.ltienda.com.uy/lguy/6b94/original/catalogo/55VL5PJ-A55VL5PJ-A4/1024-1024/videowall-full-hd-55-55vl5pj-a-videowall-full-hd-55-55vl5pj-a.jpg,4,,
lg-55vl5pj-a,,,,,,,,,,,,,,https://f.fcdn.app/imgs/c2a5c4/www.ltienda.com.uy/lguy/3991/original/catalogo/55VL5PJ-A55VL5PJ-A5/1024-1024/videowall-full-hd-55-55vl5pj-a-videowall-full-hd-55-55vl5pj-a.jpg,5,,
lg-kc3p-m,"LG Kiosk autoservicio táctil 27"" KC3P-M","LG Kiosk autoservicio táctil 27"" KC3P-M",LG,Electro,"TV, LG",TRUE,Modelo,"LG Kiosk autoservicio táctil 27"" KC3P-M",KC3P-M,413459.00,,0,deny,https://f.fcdn.app/imgs/acfb33/www.ltienda.com.uy/lguy/b2c5/original/catalogo/KC3P-MKC3P-M1/1024-1024/lg-kiosk-autoservicio-tactil-27-kc3p-m-lg-kiosk-autoservicio-tactil-27-kc3p-m.jpg,1,,
lg-kc3p-m,,,,,,,,,,,,,,https://f.fcdn.app/imgs/53c676/www.ltienda.com.uy/lguy/5870/original/catalogo/KC3P-MKC3P-M2/1024-1024/lg-kiosk-autoservicio-tactil-27-kc3p-m-lg-kiosk-autoservicio-tactil-27-kc3p-m.jpg,2,,
lg-kc3p-m,,,,,,,,,,,,,,https://f.fcdn.app/imgs/79c13d/www.ltienda.com.uy/lguy/8950/original/catalogo/KC3P-MKC3P-M3/1024-1024/lg-kiosk-autoservicio-tactil-27-kc3p-m-lg-kiosk-autoservicio-tactil-27-kc3p-m.jpg,3,,
lg-kc3p-m,,,,,,,,,,,,,,https://f.fcdn.app/imgs/2d9434/www.ltienda.com.uy/lguy/b6c9/original/catalogo/KC3P-MKC3P-M4/1024-1024/lg-kiosk-autoservicio-tactil-27-kc3p-m-lg-kiosk-autoservicio-tactil-27-kc3p-m.jpg,4,,
lg-kc3p-m,,,,,,,,,,,,,,https://f.fcdn.app/imgs/74d163/www.ltienda.com.uy/lguy/13f4/original/catalogo/KC3P-MKC3P-M5/1024-1024/lg-kiosk-autoservicio-tactil-27-kc3p-m-lg-kiosk-autoservicio-tactil-27-kc3p-m.jpg,5,,
lg-kc3p-m,,,,,,,,,,,,,,https://f.fcdn.app/imgs/08cfb4/www.ltienda.com.uy/lguy/71ee/original/catalogo/KC3P-MKC3P-M6/1024-1024/lg-kiosk-autoservicio-tactil-27-kc3p-m-lg-kiosk-autoservicio-tactil-27-kc3p-m.jpg,6,,
lg-27g850a,"Monitor Gaming LG UltraGear™ 27"" UHD 16:9 27G850A","Monitor Gaming LG UltraGear™ 27"" UHD 16:9 27G850A",LG,Electro,"Tecnología, LG, stock-verificado",TRUE,Modelo,"Monitor Gaming LG UltraGear™ 27"" UHD 16:9 27G850A",27G850A,36347.00,,10,deny,https://f.fcdn.app/imgs/944913/www.ltienda.com.uy/lguy/48e7/original/catalogo/27G850A27G850A1/1024-1024/monitor-gaming-lg-ultragear-27-uhd-16-9-27g850a-monitor-gaming-lg-ultragear-27-uhd-16-9-27g850a.jpg,1,,
lg-27g850a,,,,,,,,,,,,,,https://f.fcdn.app/imgs/044ee0/www.ltienda.com.uy/lguy/366e/original/catalogo/27G850A27G850A2/1024-1024/monitor-gaming-lg-ultragear-27-uhd-16-9-27g850a-monitor-gaming-lg-ultragear-27-uhd-16-9-27g850a.jpg,2,,
lg-27g850a,,,,,,,,,,,,,,https://f.fcdn.app/imgs/a3fe3c/www.ltienda.com.uy/lguy/b12d/original/catalogo/27G850A27G850A3/1024-1024/monitor-gaming-lg-ultragear-27-uhd-16-9-27g850a-monitor-gaming-lg-ultragear-27-uhd-16-9-27g850a.jpg,3,,
lg-27g850a,,,,,,,,,,,,,,https://f.fcdn.app/imgs/159b43/www.ltienda.com.uy/lguy/de6b/original/catalogo/27G850A27G850A4/1024-1024/monitor-gaming-lg-ultragear-27-uhd-16-9-27g850a-monitor-gaming-lg-ultragear-27-uhd-16-9-27g850a.jpg,4,,
lg-27g850a,,,,,,,,,,,,,,https://f.fcdn.app/imgs/1e1aa5/www.ltienda.com.uy/lguy/9571/original/catalogo/27G850A27G850A5/1024-1024/monitor-gaming-lg-ultragear-27-uhd-16-9-27g850a-monitor-gaming-lg-ultragear-27-uhd-16-9-27g850a.jpg,5,,
lg-27g850a,,,,,,,,,,,,,,https://f.fcdn.app/imgs/0b05fc/www.ltienda.com.uy/lguy/710a/original/catalogo/27G850A27G850A6/1024-1024/monitor-gaming-lg-ultragear-27-uhd-16-9-27g850a-monitor-gaming-lg-ultragear-27-uhd-16-9-27g850a.jpg,6,,
lg-wm9obvf6,Lavarropas frontal LG inverter 9Kg WM9OBVF6,Lavarropas frontal LG inverter 9Kg WM9OBVF6,LG,Electro,"Lavarropas, LG, stock-verificado",TRUE,Modelo,Lavarropas frontal LG inverter 9Kg WM9OBVF6,WM9OBVF6,24769.00,,10,deny,https://f.fcdn.app/imgs/f8822c/www.ltienda.com.uy/lguy/8803/original/catalogo/WM9OBVF6WM9OBVF61/1024-1024/lavarropas-frontal-lg-inverter-9kg-wm9obvf6-lavarropas-frontal-lg-inverter-9kg-wm9obvf6.jpg,1,,
lg-wm9obvf6,,,,,,,,,,,,,,https://f.fcdn.app/imgs/a51242/www.ltienda.com.uy/lguy/8d2f/original/catalogo/WM9OBVF6WM9OBVF62/1024-1024/lavarropas-frontal-lg-inverter-9kg-wm9obvf6-lavarropas-frontal-lg-inverter-9kg-wm9obvf6.jpg,2,,
lg-wm9obvf6,,,,,,,,,,,,,,https://f.fcdn.app/imgs/f25ae9/www.ltienda.com.uy/lguy/b91b/original/catalogo/WM9OBVF6WM9OBVF63/1024-1024/lavarropas-frontal-lg-inverter-9kg-wm9obvf6-lavarropas-frontal-lg-inverter-9kg-wm9obvf6.jpg,3,,
lg-wm9obvf6,,,,,,,,,,,,,,https://f.fcdn.app/imgs/075fa9/www.ltienda.com.uy/lguy/3438/original/catalogo/WM9OBVF6WM9OBVF64/1024-1024/lavarropas-frontal-lg-inverter-9kg-wm9obvf6-lavarropas-frontal-lg-inverter-9kg-wm9obvf6.jpg,4,,
lg-wm9obvf6,,,,,,,,,,,,,,https://f.fcdn.app/imgs/d0c817/www.ltienda.com.uy/lguy/f009/original/catalogo/WM9OBVF6WM9OBVF65/1024-1024/lavarropas-frontal-lg-inverter-9kg-wm9obvf6-lavarropas-frontal-lg-inverter-9kg-wm9obvf6.jpg,5,,
lg-wm9obvf6,,,,,,,,,,,,,,https://f.fcdn.app/imgs/c002e2/www.ltienda.com.uy/lguy/a94c/original/catalogo/WM9OBVF6WM9OBVF66/1024-1024/lavarropas-frontal-lg-inverter-9kg-wm9obvf6-lavarropas-frontal-lg-inverter-9kg-wm9obvf6.jpg,6,,
lg-wm9obvf6,,,,,,,,,,,,,,https://f.fcdn.app/imgs/9cbd6f/www.ltienda.com.uy/lguy/ed58/original/catalogo/WM9OBVF6WM9OBVF67/1024-1024/lavarropas-frontal-lg-inverter-9kg-wm9obvf6-lavarropas-frontal-lg-inverter-9kg-wm9obvf6.jpg,7,,
lg-wm9obvf6,,,,,,,,,,,,,,https://f.fcdn.app/imgs/1cc55c/www.ltienda.com.uy/lguy/318b/original/catalogo/WM9OBVF6WM9OBVF68/1024-1024/lavarropas-frontal-lg-inverter-9kg-wm9obvf6-lavarropas-frontal-lg-inverter-9kg-wm9obvf6.jpg,8,,
lg-vt26bpy,Refrigerador inverter 287L VT26BPY LG,Refrigerador inverter 287L VT26BPY LG,LG,Electro,"Heladeras, LG, stock-verificado",TRUE,Modelo,Refrigerador inverter 287L VT26BPY LG,VT26BPY,28904.00,,10,deny,https://f.fcdn.app/imgs/e5d394/www.ltienda.com.uy/lguy/5580/original/catalogo/VT26BPYVT26BPY1/1024-1024/refrigerador-inverter-287l-vt26bpy-lg-refrigerador-inverter-287l-vt26bpy-lg.jpg,1,,
lg-vt26bpy,,,,,,,,,,,,,,https://f.fcdn.app/imgs/18e57b/www.ltienda.com.uy/lguy/e675/original/catalogo/VT26BPYVT26BPY2/1024-1024/refrigerador-inverter-287l-vt26bpy-lg-refrigerador-inverter-287l-vt26bpy-lg.jpg,2,,
lg-vt26bpy,,,,,,,,,,,,,,https://f.fcdn.app/imgs/493838/www.ltienda.com.uy/lguy/09b8/original/catalogo/VT26BPYVT26BPY3/1024-1024/refrigerador-inverter-287l-vt26bpy-lg-refrigerador-inverter-287l-vt26bpy-lg.jpg,3,,
lg-vt26bpy,,,,,,,,,,,,,,https://f.fcdn.app/imgs/f8743a/www.ltienda.com.uy/lguy/88ff/original/catalogo/VT26BPYVT26BPY4/1024-1024/refrigerador-inverter-287l-vt26bpy-lg-refrigerador-inverter-287l-vt26bpy-lg.jpg,4,,
lg-vt26bpy,,,,,,,,,,,,,,https://f.fcdn.app/imgs/a23a20/www.ltienda.com.uy/lguy/b387/original/catalogo/VT26BPYVT26BPY5/1024-1024/refrigerador-inverter-287l-vt26bpy-lg-refrigerador-inverter-287l-vt26bpy-lg.jpg,5,,
lg-vt26bpy,,,,,,,,,,,,,,https://f.fcdn.app/imgs/8e60ac/www.ltienda.com.uy/lguy/7ab4/original/catalogo/VT26BPYVT26BPY6/1024-1024/refrigerador-inverter-287l-vt26bpy-lg-refrigerador-inverter-287l-vt26bpy-lg.jpg,6,,
lg-vt26bpy,,,,,,,,,,,,,,https://f.fcdn.app/imgs/dad91e/www.ltienda.com.uy/lguy/3e05/original/catalogo/VT26BPYVT26BPY7/1024-1024/refrigerador-inverter-287l-vt26bpy-lg-refrigerador-inverter-287l-vt26bpy-lg.jpg,7,,
lg-vt26bpy,,,,,,,,,,,,,,https://f.fcdn.app/imgs/01201e/www.ltienda.com.uy/lguy/318b/original/catalogo/VT26BPYVT26BPY8/1024-1024/refrigerador-inverter-287l-vt26bpy-lg-refrigerador-inverter-287l-vt26bpy-lg.jpg,8,,
lg-75uh5n-m,"Pantalla Señalización Digital UHD 4K 75"" 75UH5N-M","Pantalla Señalización Digital UHD 4K 75"" 75UH5N-M",LG,Electro,"TV, LG",TRUE,Modelo,"Pantalla Señalización Digital UHD 4K 75"" 75UH5N-M",75UH5N-M,413459.00,,0,deny,https://f.fcdn.app/imgs/bb485c/www.ltienda.com.uy/lguy/ec41/original/catalogo/75UH5N-M75UH5N-M1/1024-1024/pantalla-senalizacion-digital-uhd-4k-75-75uh5n-m-pantalla-senalizacion-digital-uhd-4k-75-75uh5n-m.jpg,1,,
lg-75uh5n-m,,,,,,,,,,,,,,https://f.fcdn.app/imgs/6b2ce9/www.ltienda.com.uy/lguy/36d8/original/catalogo/75UH5N-M75UH5N-M2/1024-1024/pantalla-senalizacion-digital-uhd-4k-75-75uh5n-m-pantalla-senalizacion-digital-uhd-4k-75-75uh5n-m.jpg,2,,
lg-75uh5n-m,,,,,,,,,,,,,,https://f.fcdn.app/imgs/15662e/www.ltienda.com.uy/lguy/cc76/original/catalogo/75UH5N-M75UH5N-M3/1024-1024/pantalla-senalizacion-digital-uhd-4k-75-75uh5n-m-pantalla-senalizacion-digital-uhd-4k-75-75uh5n-m.jpg,3,,
lg-75uh5n-m,,,,,,,,,,,,,,https://f.fcdn.app/imgs/a6f6e0/www.ltienda.com.uy/lguy/a0fc/original/catalogo/75UH5N-M75UH5N-M4/1024-1024/pantalla-senalizacion-digital-uhd-4k-75-75uh5n-m-pantalla-senalizacion-digital-uhd-4k-75-75uh5n-m.jpg,4,,
lg-lmea,Pantalla interior LG Micro LED Ultra Slim LMEA,Pantalla interior LG Micro LED Ultra Slim LMEA,LG,Electro,"TV, LG",TRUE,Modelo,Pantalla interior LG Micro LED Ultra Slim LMEA,LMEA,413459.00,,0,deny,https://f.fcdn.app/imgs/715c61/www.ltienda.com.uy/lguy/000a/original/catalogo/LMEALMEA1/1024-1024/pantalla-interior-lg-micro-led-ultra-slim-lmea-pantalla-interior-lg-micro-led-ultra-slim-lmea.jpg,1,,
lg-lmea,,,,,,,,,,,,,,https://f.fcdn.app/imgs/81ac31/www.ltienda.com.uy/lguy/b711/original/catalogo/LMEALMEA2/1024-1024/pantalla-interior-lg-micro-led-ultra-slim-lmea-pantalla-interior-lg-micro-led-ultra-slim-lmea.jpg,2,,
lg-lmea,,,,,,,,,,,,,,https://f.fcdn.app/imgs/3e66bd/www.ltienda.com.uy/lguy/9f9d/original/catalogo/LMEALMEA3/1024-1024/pantalla-interior-lg-micro-led-ultra-slim-lmea-pantalla-interior-lg-micro-led-ultra-slim-lmea.jpg,3,,
lg-lmea,,,,,,,,,,,,,,https://f.fcdn.app/imgs/4aa5a8/www.ltienda.com.uy/lguy/6ada/original/catalogo/LMEALMEA4/1024-1024/pantalla-interior-lg-micro-led-ultra-slim-lmea-pantalla-interior-lg-micro-led-ultra-slim-lmea.jpg,4,,
lg-lmea,,,,,,,,,,,,,,https://f.fcdn.app/imgs/4c2042/www.ltienda.com.uy/lguy/55cd/original/catalogo/LMEALMEA5/1024-1024/pantalla-interior-lg-micro-led-ultra-slim-lmea-pantalla-interior-lg-micro-led-ultra-slim-lmea.jpg,5,,
lg-lmea,,,,,,,,,,,,,,https://f.fcdn.app/imgs/446693/www.ltienda.com.uy/lguy/8e28/original/catalogo/LMEALMEA6/1024-1024/pantalla-interior-lg-micro-led-ultra-slim-lmea-pantalla-interior-lg-micro-led-ultra-slim-lmea.jpg,6,,
lg-49uh5q-e,"Pantalla Señalización Digital UHD 4K 49"" 49UH5Q-E","Pantalla Señalización Digital UHD 4K 49"" 49UH5Q-E",LG,Electro,"TV, LG, stock-verificado",TRUE,Modelo,"Pantalla Señalización Digital UHD 4K 49"" 49UH5Q-E",49UH5Q-E,413459.00,,10,deny,https://f.fcdn.app/imgs/75d9ae/www.ltienda.com.uy/lguy/0a08/original/catalogo/49UH5Q-E49UH5Q-E1/1024-1024/pantalla-senalizacion-digital-uhd-4k-49-49uh5q-e-pantalla-senalizacion-digital-uhd-4k-49-49uh5q-e.jpg,1,,
lg-49uh5q-e,,,,,,,,,,,,,,https://f.fcdn.app/imgs/b3184a/www.ltienda.com.uy/lguy/1a70/original/catalogo/49UH5Q-E49UH5Q-E2/1024-1024/pantalla-senalizacion-digital-uhd-4k-49-49uh5q-e-pantalla-senalizacion-digital-uhd-4k-49-49uh5q-e.jpg,2,,
lg-49uh5q-e,,,,,,,,,,,,,,https://f.fcdn.app/imgs/f6e8f0/www.ltienda.com.uy/lguy/2f10/original/catalogo/49UH5Q-E49UH5Q-E3/1024-1024/pantalla-senalizacion-digital-uhd-4k-49-49uh5q-e-pantalla-senalizacion-digital-uhd-4k-49-49uh5q-e.jpg,3,,
lg-49uh5q-e,,,,,,,,,,,,,,https://f.fcdn.app/imgs/67f345/www.ltienda.com.uy/lguy/bd8c/original/catalogo/49UH5Q-E49UH5Q-E4/1024-1024/pantalla-senalizacion-digital-uhd-4k-49-49uh5q-e-pantalla-senalizacion-digital-uhd-4k-49-49uh5q-e.jpg,4,,
lg-49uh5q-e,,,,,,,,,,,,,,https://f.fcdn.app/imgs/e1a509/www.ltienda.com.uy/lguy/033b/original/catalogo/49UH5Q-E49UH5Q-E5/1024-1024/pantalla-senalizacion-digital-uhd-4k-49-49uh5q-e-pantalla-senalizacion-digital-uhd-4k-49-49uh5q-e.jpg,5,,
lg-65qned73asa,"TV LG QNED 4K AI 65"" 65QNED73","TV LG QNED 4K AI 65"" 65QNED73",LG,Electro,"TV, LG, stock-verificado",TRUE,Modelo,"TV LG QNED 4K AI 65"" 65QNED73",65QNED73ASA,35520.00,,10,deny,https://f.fcdn.app/imgs/094083/www.ltienda.com.uy/lguy/15a2/original/catalogo/65QNED73ASA65QNED73ASA1/1024-1024/tv-lg-qned-4k-ai-65-65qned73-tv-lg-qned-4k-ai-65-65qned73.jpg,1,,
lg-65qned73asa,,,,,,,,,,,,,,https://f.fcdn.app/imgs/036cb2/www.ltienda.com.uy/lguy/2378/original/catalogo/65QNED73ASA65QNED73ASA2/1024-1024/tv-lg-qned-4k-ai-65-65qned73-tv-lg-qned-4k-ai-65-65qned73.jpg,2,,
lg-65qned73asa,,,,,,,,,,,,,,https://f.fcdn.app/imgs/71803e/www.ltienda.com.uy/lguy/39ad/original/catalogo/65QNED73ASA65QNED73ASA3/1024-1024/tv-lg-qned-4k-ai-65-65qned73-tv-lg-qned-4k-ai-65-65qned73.jpg,3,,
lg-65qned73asa,,,,,,,,,,,,,,https://f.fcdn.app/imgs/c7d861/www.ltienda.com.uy/lguy/8241/original/catalogo/65QNED73ASA65QNED73ASA4/1024-1024/tv-lg-qned-4k-ai-65-65qned73-tv-lg-qned-4k-ai-65-65qned73.jpg,4,,
lg-50qned73asa,"TV LG QNED 4K AI 50"" 50QNED73","TV LG QNED 4K AI 50"" 50QNED73",LG,Electro,"TV, LG, stock-verificado",TRUE,Modelo,"TV LG QNED 4K AI 50"" 50QNED73",50QNED73ASA,22701.00,,10,deny,https://f.fcdn.app/imgs/7bd129/www.ltienda.com.uy/lguy/1e70/original/catalogo/50QNED73ASA50QNED73ASA1/1024-1024/tv-lg-qned-4k-ai-50-50qned73-tv-lg-qned-4k-ai-50-50qned73.jpg,1,,
lg-50qned73asa,,,,,,,,,,,,,,https://f.fcdn.app/imgs/664f97/www.ltienda.com.uy/lguy/2378/original/catalogo/50QNED73ASA50QNED73ASA2/1024-1024/tv-lg-qned-4k-ai-50-50qned73-tv-lg-qned-4k-ai-50-50qned73.jpg,2,,
lg-50qned73asa,,,,,,,,,,,,,,https://f.fcdn.app/imgs/bd28ba/www.ltienda.com.uy/lguy/39ad/original/catalogo/50QNED73ASA50QNED73ASA3/1024-1024/tv-lg-qned-4k-ai-50-50qned73-tv-lg-qned-4k-ai-50-50qned73.jpg,3,,
lg-50qned73asa,,,,,,,,,,,,,,https://f.fcdn.app/imgs/d894cf/www.ltienda.com.uy/lguy/8241/original/catalogo/50QNED73ASA50QNED73ASA4/1024-1024/tv-lg-qned-4k-ai-50-50qned73-tv-lg-qned-4k-ai-50-50qned73.jpg,4,,
lg-55qned73asa,"TV LG QNED 4K AI 55"" 55QNED73","TV LG QNED 4K AI 55"" 55QNED73",LG,Electro,"TV, LG, stock-verificado",TRUE,Modelo,"TV LG QNED 4K AI 55"" 55QNED73",55QNED73ASA,28904.00,,10,deny,https://f.fcdn.app/imgs/20c705/www.ltienda.com.uy/lguy/4851/original/catalogo/55QNED73ASA55QNED73ASA1/1024-1024/tv-lg-qned-4k-ai-55-55qned73-tv-lg-qned-4k-ai-55-55qned73.jpg,1,,
lg-55qned73asa,,,,,,,,,,,,,,https://f.fcdn.app/imgs/4fc525/www.ltienda.com.uy/lguy/2378/original/catalogo/55QNED73ASA55QNED73ASA2/1024-1024/tv-lg-qned-4k-ai-55-55qned73-tv-lg-qned-4k-ai-55-55qned73.jpg,2,,
lg-55qned73asa,,,,,,,,,,,,,,https://f.fcdn.app/imgs/2f2220/www.ltienda.com.uy/lguy/39ad/original/catalogo/55QNED73ASA55QNED73ASA3/1024-1024/tv-lg-qned-4k-ai-55-55qned73-tv-lg-qned-4k-ai-55-55qned73.jpg,3,,
lg-55qned73asa,,,,,,,,,,,,,,https://f.fcdn.app/imgs/f5f2c3/www.ltienda.com.uy/lguy/8241/original/catalogo/55QNED73ASA55QNED73ASA4/1024-1024/tv-lg-qned-4k-ai-55-55qned73-tv-lg-qned-4k-ai-55-55qned73.jpg,4,,
lg-86nano80asa,"TV LG NANOCELL 4K AI 86"" 86NANO80","TV LG NANOCELL 4K AI 86"" 86NANO80",LG,Electro,"TV, LG, stock-verificado",TRUE,Modelo,"TV LG NANOCELL 4K AI 86"" 86NANO80",86NANO80ASA,70254.00,,10,deny,https://f.fcdn.app/imgs/9a2e4b/www.ltienda.com.uy/lguy/6344/original/catalogo/86NANO80ASA86NANO80ASA1/1024-1024/tv-lg-nanocell-4k-ai-86-86nano80-tv-lg-nanocell-4k-ai-86-86nano80.jpg,1,,
lg-86nano80asa,,,,,,,,,,,,,,https://f.fcdn.app/imgs/830271/www.ltienda.com.uy/lguy/918f/original/catalogo/86NANO80ASA86NANO80ASA2/1024-1024/tv-lg-nanocell-4k-ai-86-86nano80-tv-lg-nanocell-4k-ai-86-86nano80.jpg,2,,
lg-86nano80asa,,,,,,,,,,,,,,https://f.fcdn.app/imgs/15778e/www.ltienda.com.uy/lguy/97ff/original/catalogo/86NANO80ASA86NANO80ASA3/1024-1024/tv-lg-nanocell-4k-ai-86-86nano80-tv-lg-nanocell-4k-ai-86-86nano80.jpg,3,,
lg-86nano80asa,,,,,,,,,,,,,,https://f.fcdn.app/imgs/a7e2c9/www.ltienda.com.uy/lguy/9a51/original/catalogo/86NANO80ASA86NANO80ASA4/1024-1024/tv-lg-nanocell-4k-ai-86-86nano80-tv-lg-nanocell-4k-ai-86-86nano80.jpg,4,,
lg-34gx90sa-w,"Monitor Gaming LG OLED UltraGear™ Curvo 34"" UWQHD 21:9 34GX90SA-W","Monitor Gaming LG OLED UltraGear™ Curvo 34"" UWQHD 21:9 34GX90SA-W",LG,Electro,"Tecnología, LG, stock-verificado",TRUE,Modelo,"Monitor Gaming LG OLED UltraGear™ Curvo 34"" UWQHD 21:9 34GX90SA-W",34GX90SA-W,73148.00,,10,deny,https://f.fcdn.app/imgs/0ab1a4/www.ltienda.com.uy/lguy/a9a4/original/catalogo/34GX90SA-W34GX90SA-W1/1024-1024/monitor-gaming-lg-oled-ultragear-curvo-34-uwqhd-21-9-34gx90sa-w-monitor-gaming-lg-oled-ultragear-curvo-34-uwqhd-21-9-34gx90sa-w.jpg,1,,
lg-34gx90sa-w,,,,,,,,,,,,,,https://f.fcdn.app/imgs/9bbab4/www.ltienda.com.uy/lguy/0e54/original/catalogo/34GX90SA-W34GX90SA-W2/1024-1024/monitor-gaming-lg-oled-ultragear-curvo-34-uwqhd-21-9-34gx90sa-w-monitor-gaming-lg-oled-ultragear-curvo-34-uwqhd-21-9-34gx90sa-w.jpg,2,,
lg-34gx90sa-w,,,,,,,,,,,,,,https://f.fcdn.app/imgs/7ce789/www.ltienda.com.uy/lguy/7078/original/catalogo/34GX90SA-W34GX90SA-W3/1024-1024/monitor-gaming-lg-oled-ultragear-curvo-34-uwqhd-21-9-34gx90sa-w-monitor-gaming-lg-oled-ultragear-curvo-34-uwqhd-21-9-34gx90sa-w.jpg,3,,
lg-34gx90sa-w,,,,,,,,,,,,,,https://f.fcdn.app/imgs/51a434/www.ltienda.com.uy/lguy/24e6/original/catalogo/34GX90SA-W34GX90SA-W4/1024-1024/monitor-gaming-lg-oled-ultragear-curvo-34-uwqhd-21-9-34gx90sa-w-monitor-gaming-lg-oled-ultragear-curvo-34-uwqhd-21-9-34gx90sa-w.jpg,4,,
lg-34gx90sa-w,,,,,,,,,,,,,,https://f.fcdn.app/imgs/ea09de/www.ltienda.com.uy/lguy/84d0/original/catalogo/34GX90SA-W34GX90SA-W5/1024-1024/monitor-gaming-lg-oled-ultragear-curvo-34-uwqhd-21-9-34gx90sa-w-monitor-gaming-lg-oled-ultragear-curvo-34-uwqhd-21-9-34gx90sa-w.jpg,5,,
lg-34gx90sa-w,,,,,,,,,,,,,,https://f.fcdn.app/imgs/f8b5af/www.ltienda.com.uy/lguy/4c41/original/catalogo/34GX90SA-W34GX90SA-W6/1024-1024/monitor-gaming-lg-oled-ultragear-curvo-34-uwqhd-21-9-34gx90sa-w-monitor-gaming-lg-oled-ultragear-curvo-34-uwqhd-21-9-34gx90sa-w.jpg,6,,
lg-34gx90sa-w,,,,,,,,,,,,,,https://f.fcdn.app/imgs/f4fe27/www.ltienda.com.uy/lguy/dc07/original/catalogo/34GX90SA-W34GX90SA-W7/1024-1024/monitor-gaming-lg-oled-ultragear-curvo-34-uwqhd-21-9-34gx90sa-w-monitor-gaming-lg-oled-ultragear-curvo-34-uwqhd-21-9-34gx90sa-w.jpg,7,,
lg-34gx90sa-w,,,,,,,,,,,,,,https://f.fcdn.app/imgs/027af9/www.ltienda.com.uy/lguy/fce1/original/catalogo/34GX90SA-W34GX90SA-W8/1024-1024/monitor-gaming-lg-oled-ultragear-curvo-34-uwqhd-21-9-34gx90sa-w-monitor-gaming-lg-oled-ultragear-curvo-34-uwqhd-21-9-34gx90sa-w.jpg,8,,
lg-vt26wpy,Refrigerador LG inverter 287L VT26WPY,Refrigerador LG inverter 287L VT26WPY,LG,Electro,"Heladeras, LG",TRUE,Modelo,Refrigerador LG inverter 287L VT26WPY,VT26WPY,30971.00,,0,deny,https://f.fcdn.app/imgs/dea234/www.ltienda.com.uy/lguy/eb71/original/catalogo/VT26WPYVT26WPY1/1024-1024/refrigerador-lg-inverter-287l-vt26wpy-refrigerador-lg-inverter-287l-vt26wpy.jpg,1,,
lg-vt26wpy,,,,,,,,,,,,,,https://f.fcdn.app/imgs/81c067/www.ltienda.com.uy/lguy/b657/original/catalogo/VT26WPYVT26WPY2/1024-1024/refrigerador-lg-inverter-287l-vt26wpy-refrigerador-lg-inverter-287l-vt26wpy.jpg,2,,
lg-vt26wpy,,,,,,,,,,,,,,https://f.fcdn.app/imgs/4307bd/www.ltienda.com.uy/lguy/b22b/original/catalogo/VT26WPYVT26WPY3/1024-1024/refrigerador-lg-inverter-287l-vt26wpy-refrigerador-lg-inverter-287l-vt26wpy.jpg,3,,
lg-vt26wpy,,,,,,,,,,,,,,https://f.fcdn.app/imgs/3d275e/www.ltienda.com.uy/lguy/2f3b/original/catalogo/VT26WPYVT26WPY4/1024-1024/refrigerador-lg-inverter-287l-vt26wpy-refrigerador-lg-inverter-287l-vt26wpy.jpg,4,,
lg-vt26wpy,,,,,,,,,,,,,,https://f.fcdn.app/imgs/338b01/www.ltienda.com.uy/lguy/b7bc/original/catalogo/VT26WPYVT26WPY5/1024-1024/refrigerador-lg-inverter-287l-vt26wpy-refrigerador-lg-inverter-287l-vt26wpy.jpg,5,,
lg-vt26wpy,,,,,,,,,,,,,,https://f.fcdn.app/imgs/c31853/www.ltienda.com.uy/lguy/5596/original/catalogo/VT26WPYVT26WPY6/1024-1024/refrigerador-lg-inverter-287l-vt26wpy-refrigerador-lg-inverter-287l-vt26wpy.jpg,6,,
lg-vt26wpy,,,,,,,,,,,,,,https://f.fcdn.app/imgs/2034cc/www.ltienda.com.uy/lguy/dde1/original/catalogo/VT26WPYVT26WPY7/1024-1024/refrigerador-lg-inverter-287l-vt26wpy-refrigerador-lg-inverter-287l-vt26wpy.jpg,7,,
lg-vt26wpy,,,,,,,,,,,,,,https://f.fcdn.app/imgs/a73926/www.ltienda.com.uy/lguy/318b/original/catalogo/VT26WPYVT26WPY8/1024-1024/refrigerador-lg-inverter-287l-vt26wpy-refrigerador-lg-inverter-287l-vt26wpy.jpg,8,,
lg-34g600a,"Monitor Gaming LG UltraGear™ Curvo 34"" WQHD 21:9 34G600A","Monitor Gaming LG UltraGear™ Curvo 34"" WQHD 21:9 34G600A",LG,Electro,"Tecnología, LG, stock-verificado",TRUE,Modelo,"Monitor Gaming LG UltraGear™ Curvo 34"" WQHD 21:9 34G600A",34G600A,22288.00,,10,deny,https://f.fcdn.app/imgs/a6991b/www.ltienda.com.uy/lguy/ae9f/original/catalogo/34G600A34G600A1/1024-1024/monitor-gaming-lg-ultragear-curvo-34-wqhd-21-9-34g600a-monitor-gaming-lg-ultragear-curvo-34-wqhd-21-9-34g600a.jpg,1,,
lg-34g600a,,,,,,,,,,,,,,https://f.fcdn.app/imgs/2d57ae/www.ltienda.com.uy/lguy/ef7d/original/catalogo/34G600A34G600A2/1024-1024/monitor-gaming-lg-ultragear-curvo-34-wqhd-21-9-34g600a-monitor-gaming-lg-ultragear-curvo-34-wqhd-21-9-34g600a.jpg,2,,
lg-34g600a,,,,,,,,,,,,,,https://f.fcdn.app/imgs/cd6771/www.ltienda.com.uy/lguy/c1d8/original/catalogo/34G600A34G600A3/1024-1024/monitor-gaming-lg-ultragear-curvo-34-wqhd-21-9-34g600a-monitor-gaming-lg-ultragear-curvo-34-wqhd-21-9-34g600a.jpg,3,,
lg-34g600a,,,,,,,,,,,,,,https://f.fcdn.app/imgs/c1d10b/www.ltienda.com.uy/lguy/90b3/original/catalogo/34G600A34G600A4/1024-1024/monitor-gaming-lg-ultragear-curvo-34-wqhd-21-9-34g600a-monitor-gaming-lg-ultragear-curvo-34-wqhd-21-9-34g600a.jpg,4,,
lg-34g600a,,,,,,,,,,,,,,https://f.fcdn.app/imgs/759cd7/www.ltienda.com.uy/lguy/1fab/original/catalogo/34G600A34G600A5/1024-1024/monitor-gaming-lg-ultragear-curvo-34-wqhd-21-9-34g600a-monitor-gaming-lg-ultragear-curvo-34-wqhd-21-9-34g600a.jpg,5,,
lg-34g600a,,,,,,,,,,,,,,https://f.fcdn.app/imgs/da134c/www.ltienda.com.uy/lguy/7702/original/catalogo/34G600A34G600A6/1024-1024/monitor-gaming-lg-ultragear-curvo-34-wqhd-21-9-34g600a-monitor-gaming-lg-ultragear-curvo-34-wqhd-21-9-34g600a.jpg,6,,
lg-34g600a,,,,,,,,,,,,,,https://f.fcdn.app/imgs/75030b/www.ltienda.com.uy/lguy/01d5/original/catalogo/34G600A34G600A7/1024-1024/monitor-gaming-lg-ultragear-curvo-34-wqhd-21-9-34g600a-monitor-gaming-lg-ultragear-curvo-34-wqhd-21-9-34g600a.jpg,7,,
lg-65nano80asa,"TV LG NANOCELL 4K AI 65"" 65NANO80","TV LG NANOCELL 4K AI 65"" 65NANO80",LG,Electro,"TV, LG, stock-verificado",TRUE,Modelo,"TV LG NANOCELL 4K AI 65"" 65NANO80",65NANO80ASA,41309.00,,10,deny,https://f.fcdn.app/imgs/30a99a/www.ltienda.com.uy/lguy/b740/original/catalogo/65NANO80ASA65NANO80ASA1/1024-1024/tv-lg-nanocell-4k-ai-65-65nano80-tv-lg-nanocell-4k-ai-65-65nano80.jpg,1,,
lg-65nano80asa,,,,,,,,,,,,,,https://f.fcdn.app/imgs/d6a968/www.ltienda.com.uy/lguy/918f/original/catalogo/65NANO80ASA65NANO80ASA2/1024-1024/tv-lg-nanocell-4k-ai-65-65nano80-tv-lg-nanocell-4k-ai-65-65nano80.jpg,2,,
lg-65nano80asa,,,,,,,,,,,,,,https://f.fcdn.app/imgs/a474e1/www.ltienda.com.uy/lguy/0724/original/catalogo/65NANO80ASA65NANO80ASA3/1024-1024/tv-lg-nanocell-4k-ai-65-65nano80-tv-lg-nanocell-4k-ai-65-65nano80.jpg,3,,
lg-65nano80asa,,,,,,,,,,,,,,https://f.fcdn.app/imgs/b6235e/www.ltienda.com.uy/lguy/9a51/original/catalogo/65NANO80ASA65NANO80ASA4/1024-1024/tv-lg-nanocell-4k-ai-65-65nano80-tv-lg-nanocell-4k-ai-65-65nano80.jpg,4,,
lg-60ua8050psa,"TV LG UHD 4K AI 60"" 60UA8050","TV LG UHD 4K AI 60"" 60UA8050",LG,Electro,"TV, LG, stock-verificado",TRUE,Modelo,"TV LG UHD 4K AI 60"" 60UA8050",60UA8050PSA,28904.00,,10,deny,https://f.fcdn.app/imgs/53d072/www.ltienda.com.uy/lguy/5dff/original/catalogo/60UA8050PSA60UA8050PSA1/1024-1024/tv-lg-uhd-4k-ai-60-60ua8050-tv-lg-uhd-4k-ai-60-60ua8050.jpg,1,,
lg-60ua8050psa,,,,,,,,,,,,,,https://f.fcdn.app/imgs/0fdc1b/www.ltienda.com.uy/lguy/54c8/original/catalogo/60UA8050PSA60UA8050PSA2/1024-1024/tv-lg-uhd-4k-ai-60-60ua8050-tv-lg-uhd-4k-ai-60-60ua8050.jpg,2,,
lg-60ua8050psa,,,,,,,,,,,,,,https://f.fcdn.app/imgs/432e7c/www.ltienda.com.uy/lguy/80a4/original/catalogo/60UA8050PSA60UA8050PSA3/1024-1024/tv-lg-uhd-4k-ai-60-60ua8050-tv-lg-uhd-4k-ai-60-60ua8050.jpg,3,,
lg-adq73693903,Filtro de agua refrigerador LG GS66SXSC,Filtro de agua refrigerador LG GS66SXSC,LG,Accesorios,"LG, stock-verificado",TRUE,Modelo,Filtro de agua refrigerador LG GS66SXSC,ADQ73693903,2853.00,,10,deny,https://f.fcdn.app/imgs/d7b206/www.ltienda.com.uy/lguy/5cd5/original/catalogo/ADQ73693903ADQ736939031/1024-1024/filtro-de-agua-refrigerador-lg-gs66sxsc-filtro-de-agua-refrigerador-lg-gs66sxsc.jpg,1,,
lg-adq73693903,,,,,,,,,,,,,,https://f.fcdn.app/imgs/dc0b30/www.ltienda.com.uy/lguy/28b3/original/catalogo/ADQ73693903ADQ736939032/1024-1024/filtro-de-agua-refrigerador-lg-gs66sxsc-filtro-de-agua-refrigerador-lg-gs66sxsc.jpg,2,,
lg-akb76046605,Control remoto Magic Remote LG MR25GA - AKB76046605,Control remoto Magic Remote LG MR25GA - AKB76046605,LG,Accesorios,"LG, stock-verificado",TRUE,Modelo,Control remoto Magic Remote LG MR25GA - AKB76046605,AKB76046605,3515.00,,10,deny,https://f.fcdn.app/imgs/c5dfa5/www.ltienda.com.uy/lguy/298c/original/catalogo/AKB76046605AKB760466051/1024-1024/control-remoto-magic-remote-lg-mr25ga-akb76046605-control-remoto-magic-remote-lg-mr25ga-akb76046605.jpg,1,,
lg-akb76046605,,,,,,,,,,,,,,https://f.fcdn.app/imgs/000d3c/www.ltienda.com.uy/lguy/5ab3/original/catalogo/AKB76046605AKB760466052/1024-1024/control-remoto-magic-remote-lg-mr25ga-akb76046605-control-remoto-magic-remote-lg-mr25ga-akb76046605.jpg,2,,
lg-27gx704a-b,"Monitor Gaming LG OLED UltraGear™ 27"" QHD 16:9 27GX704A","Monitor Gaming LG OLED UltraGear™ 27"" QHD 16:9 27GX704A",LG,Electro,"Tecnología, LG, stock-verificado",TRUE,Modelo,"Monitor Gaming LG OLED UltraGear™ 27"" QHD 16:9 27GX704A",27GX704A-B,60330.00,,10,deny,https://f.fcdn.app/imgs/c9ec3b/www.ltienda.com.uy/lguy/6768/original/catalogo/27GX704A-B27GX704A-B1/1024-1024/monitor-gaming-lg-oled-ultragear-27-qhd-16-9-27gx704a-monitor-gaming-lg-oled-ultragear-27-qhd-16-9-27gx704a.jpg,1,,
lg-27gx704a-b,,,,,,,,,,,,,,https://f.fcdn.app/imgs/663bd7/www.ltienda.com.uy/lguy/7ec8/original/catalogo/27GX704A-B27GX704A-B2/1024-1024/monitor-gaming-lg-oled-ultragear-27-qhd-16-9-27gx704a-monitor-gaming-lg-oled-ultragear-27-qhd-16-9-27gx704a.jpg,2,,
lg-27gx704a-b,,,,,,,,,,,,,,https://f.fcdn.app/imgs/ca116d/www.ltienda.com.uy/lguy/5d9c/original/catalogo/27GX704A-B27GX704A-B3/1024-1024/monitor-gaming-lg-oled-ultragear-27-qhd-16-9-27gx704a-monitor-gaming-lg-oled-ultragear-27-qhd-16-9-27gx704a.jpg,3,,
lg-27gx704a-b,,,,,,,,,,,,,,https://f.fcdn.app/imgs/63f192/www.ltienda.com.uy/lguy/4bff/original/catalogo/27GX704A-B27GX704A-B4/1024-1024/monitor-gaming-lg-oled-ultragear-27-qhd-16-9-27gx704a-monitor-gaming-lg-oled-ultragear-27-qhd-16-9-27gx704a.jpg,4,,
lg-27gx704a-b,,,,,,,,,,,,,,https://f.fcdn.app/imgs/79988c/www.ltienda.com.uy/lguy/dc5d/original/catalogo/27GX704A-B27GX704A-B5/1024-1024/monitor-gaming-lg-oled-ultragear-27-qhd-16-9-27gx704a-monitor-gaming-lg-oled-ultragear-27-qhd-16-9-27gx704a.jpg,5,,
lg-27gx704a-b,,,,,,,,,,,,,,https://f.fcdn.app/imgs/b39ba4/www.ltienda.com.uy/lguy/321f/original/catalogo/27GX704A-B27GX704A-B6/1024-1024/monitor-gaming-lg-oled-ultragear-27-qhd-16-9-27gx704a-monitor-gaming-lg-oled-ultragear-27-qhd-16-9-27gx704a.jpg,6,,
lg-27gx704a-b,,,,,,,,,,,,,,https://f.fcdn.app/imgs/a1c111/www.ltienda.com.uy/lguy/70ba/original/catalogo/27GX704A-B27GX704A-B7/1024-1024/monitor-gaming-lg-oled-ultragear-27-qhd-16-9-27gx704a-monitor-gaming-lg-oled-ultragear-27-qhd-16-9-27gx704a.jpg,7,,
lg-27gx704a-b,,,,,,,,,,,,,,https://f.fcdn.app/imgs/d11e4a/www.ltienda.com.uy/lguy/4557/original/catalogo/27GX704A-B27GX704A-B8/1024-1024/monitor-gaming-lg-oled-ultragear-27-qhd-16-9-27gx704a-monitor-gaming-lg-oled-ultragear-27-qhd-16-9-27gx704a.jpg,8,,
lg-55qned82asg,"TV LG QNED 4K AI 55"" 55QNED82","TV LG QNED 4K AI 55"" 55QNED82",LG,Electro,"TV, LG, stock-verificado",TRUE,Modelo,"TV LG QNED 4K AI 55"" 55QNED82",55QNED82ASG,41309.00,,10,deny,https://f.fcdn.app/imgs/6760cd/www.ltienda.com.uy/lguy/2ef3/original/catalogo/55QNED82ASG55QNED82ASG1/1024-1024/tv-lg-qned-4k-ai-55-55qned82-tv-lg-qned-4k-ai-55-55qned82.jpg,1,,
lg-55qned82asg,,,,,,,,,,,,,,https://f.fcdn.app/imgs/17772f/www.ltienda.com.uy/lguy/4107/original/catalogo/55QNED82ASG55QNED82ASG2/1024-1024/tv-lg-qned-4k-ai-55-55qned82-tv-lg-qned-4k-ai-55-55qned82.jpg,2,,
lg-55qned82asg,,,,,,,,,,,,,,https://f.fcdn.app/imgs/7ac078/www.ltienda.com.uy/lguy/de9c/original/catalogo/55QNED82ASG55QNED82ASG3/1024-1024/tv-lg-qned-4k-ai-55-55qned82-tv-lg-qned-4k-ai-55-55qned82.jpg,3,,
lg-55qned82asg,,,,,,,,,,,,,,https://f.fcdn.app/imgs/453682/www.ltienda.com.uy/lguy/08b3/original/catalogo/55QNED82ASG55QNED82ASG4/1024-1024/tv-lg-qned-4k-ai-55-55qned82-tv-lg-qned-4k-ai-55-55qned82.jpg,4,,
lg-50nano80asa,"TV LG NANOCELL 4K AI 50"" 50NANO80","TV LG NANOCELL 4K AI 50"" 50NANO80",LG,Electro,"TV, LG, stock-verificado",TRUE,Modelo,"TV LG NANOCELL 4K AI 50"" 50NANO80",50NANO80ASA,21874.00,,10,deny,https://f.fcdn.app/imgs/a24703/www.ltienda.com.uy/lguy/b2a9/original/catalogo/50NANO80ASA50NANO80ASA1/1024-1024/tv-lg-nanocell-4k-ai-50-50nano80-tv-lg-nanocell-4k-ai-50-50nano80.jpg,1,,
lg-50nano80asa,,,,,,,,,,,,,,https://f.fcdn.app/imgs/0c615a/www.ltienda.com.uy/lguy/918f/original/catalogo/50NANO80ASA50NANO80ASA2/1024-1024/tv-lg-nanocell-4k-ai-50-50nano80-tv-lg-nanocell-4k-ai-50-50nano80.jpg,2,,
lg-50nano80asa,,,,,,,,,,,,,,https://f.fcdn.app/imgs/95d6c7/www.ltienda.com.uy/lguy/f6b8/original/catalogo/50NANO80ASA50NANO80ASA3/1024-1024/tv-lg-nanocell-4k-ai-50-50nano80-tv-lg-nanocell-4k-ai-50-50nano80.jpg,3,,
lg-50nano80asa,,,,,,,,,,,,,,https://f.fcdn.app/imgs/a86f11/www.ltienda.com.uy/lguy/9a51/original/catalogo/50NANO80ASA50NANO80ASA4/1024-1024/tv-lg-nanocell-4k-ai-50-50nano80-tv-lg-nanocell-4k-ai-50-50nano80.jpg,4,,
lg-43ua7300psb,"TV LG UHD 4K 43"" 43UA7300","TV LG UHD 4K 43"" 43UA7300",LG,Electro,"TV, LG, stock-verificado",TRUE,Modelo,"TV LG UHD 4K 43"" 43UA7300",43UA7300PSB,15672.00,,10,deny,https://f.fcdn.app/imgs/535861/www.ltienda.com.uy/lguy/d988/original/catalogo/43UA7300PSB43UA7300PSB1/1024-1024/tv-lg-uhd-4k-43-43ua7300-tv-lg-uhd-4k-43-43ua7300.jpg,1,,
lg-43ua7300psb,,,,,,,,,,,,,,https://f.fcdn.app/imgs/532cbc/www.ltienda.com.uy/lguy/852c/original/catalogo/43UA7300PSB43UA7300PSB2/1024-1024/tv-lg-uhd-4k-43-43ua7300-tv-lg-uhd-4k-43-43ua7300.jpg,2,,
lg-43ua7300psb,,,,,,,,,,,,,,https://f.fcdn.app/imgs/02c077/www.ltienda.com.uy/lguy/12af/original/catalogo/43UA7300PSB43UA7300PSB3/1024-1024/tv-lg-uhd-4k-43-43ua7300-tv-lg-uhd-4k-43-43ua7300.jpg,3,,
lg-43ua7300psb,,,,,,,,,,,,,,https://f.fcdn.app/imgs/2bb7c9/www.ltienda.com.uy/lguy/cd2f/original/catalogo/43UA7300PSB43UA7300PSB4/1024-1024/tv-lg-uhd-4k-43-43ua7300-tv-lg-uhd-4k-43-43ua7300.jpg,4,,
lg-55nano80asa,"TV LG NANOCELL 4K AI 55"" 55NANO80","TV LG NANOCELL 4K AI 55"" 55NANO80",LG,Electro,"TV, LG, stock-verificado",TRUE,Modelo,"TV LG NANOCELL 4K AI 55"" 55NANO80",55NANO80ASA,25596.00,,10,deny,https://f.fcdn.app/imgs/ee1637/www.ltienda.com.uy/lguy/2dbe/original/catalogo/55NANO80ASA55NANO80ASA1/1024-1024/tv-lg-nanocell-4k-ai-55-55nano80-tv-lg-nanocell-4k-ai-55-55nano80.jpg,1,,
lg-55nano80asa,,,,,,,,,,,,,,https://f.fcdn.app/imgs/175de7/www.ltienda.com.uy/lguy/918f/original/catalogo/55NANO80ASA55NANO80ASA2/1024-1024/tv-lg-nanocell-4k-ai-55-55nano80-tv-lg-nanocell-4k-ai-55-55nano80.jpg,2,,
lg-55nano80asa,,,,,,,,,,,,,,https://f.fcdn.app/imgs/e68b9c/www.ltienda.com.uy/lguy/5aec/original/catalogo/55NANO80ASA55NANO80ASA3/1024-1024/tv-lg-nanocell-4k-ai-55-55nano80-tv-lg-nanocell-4k-ai-55-55nano80.jpg,3,,
lg-55nano80asa,,,,,,,,,,,,,,https://f.fcdn.app/imgs/fce5af/www.ltienda.com.uy/lguy/9a51/original/catalogo/55NANO80ASA55NANO80ASA4/1024-1024/tv-lg-nanocell-4k-ai-55-55nano80-tv-lg-nanocell-4k-ai-55-55nano80.jpg,4,,
lg-55ua7300psb,"TV LG UHD 4K 55"" 55UA7300","TV LG UHD 4K 55"" 55UA7300",LG,Electro,"TV, LG, stock-verificado",TRUE,Modelo,"TV LG UHD 4K 55"" 55UA7300",55UA7300PSB,21047.00,,10,deny,https://f.fcdn.app/imgs/20ca6c/www.ltienda.com.uy/lguy/c20b/original/catalogo/55UA7300PSB55UA7300PSB1/1024-1024/tv-lg-uhd-4k-55-55ua7300-tv-lg-uhd-4k-55-55ua7300.jpg,1,,
lg-55ua7300psb,,,,,,,,,,,,,,https://f.fcdn.app/imgs/939066/www.ltienda.com.uy/lguy/852c/original/catalogo/55UA7300PSB55UA7300PSB2/1024-1024/tv-lg-uhd-4k-55-55ua7300-tv-lg-uhd-4k-55-55ua7300.jpg,2,,
lg-55ua7300psb,,,,,,,,,,,,,,https://f.fcdn.app/imgs/faaa81/www.ltienda.com.uy/lguy/12af/original/catalogo/55UA7300PSB55UA7300PSB3/1024-1024/tv-lg-uhd-4k-55-55ua7300-tv-lg-uhd-4k-55-55ua7300.jpg,3,,
lg-55ua7300psb,,,,,,,,,,,,,,https://f.fcdn.app/imgs/29aeee/www.ltienda.com.uy/lguy/cd2f/original/catalogo/55UA7300PSB55UA7300PSB4/1024-1024/tv-lg-uhd-4k-55-55ua7300-tv-lg-uhd-4k-55-55ua7300.jpg,4,,
lg-oled77c5psa,"TV LG OLED evo AI 4K 77"" OLED77C5","TV LG OLED evo AI 4K 77"" OLED77C5",LG,Electro,"TV, LG, stock-verificado",TRUE,Modelo,"TV LG OLED evo AI 4K 77"" OLED77C5",OLED77C5PSA,157089.00,,10,deny,https://f.fcdn.app/imgs/a60dac/www.ltienda.com.uy/lguy/7763/original/catalogo/OLED77C5PSAOLED77C5PSA1/1024-1024/tv-lg-oled-evo-ai-4k-77-oled77c5-tv-lg-oled-evo-ai-4k-77-oled77c5.jpg,1,,
lg-oled77c5psa,,,,,,,,,,,,,,https://f.fcdn.app/imgs/2b4ef6/www.ltienda.com.uy/lguy/2739/original/catalogo/OLED77C5PSAOLED77C5PSA2/1024-1024/tv-lg-oled-evo-ai-4k-77-oled77c5-tv-lg-oled-evo-ai-4k-77-oled77c5.jpg,2,,
lg-oled77c5psa,,,,,,,,,,,,,,https://f.fcdn.app/imgs/37912d/www.ltienda.com.uy/lguy/0a5a/original/catalogo/OLED77C5PSAOLED77C5PSA3/1024-1024/tv-lg-oled-evo-ai-4k-77-oled77c5-tv-lg-oled-evo-ai-4k-77-oled77c5.jpg,3,,
lg-oled77c5psa,,,,,,,,,,,,,,https://f.fcdn.app/imgs/5c03c7/www.ltienda.com.uy/lguy/d392/original/catalogo/OLED77C5PSAOLED77C5PSA4/1024-1024/tv-lg-oled-evo-ai-4k-77-oled77c5-tv-lg-oled-evo-ai-4k-77-oled77c5.jpg,4,,
lg-100qned86as,"TV LG QNED evo AI MiniLED 4K 100"" 100QNED86","TV LG QNED evo AI MiniLED 4K 100"" 100QNED86",LG,Electro,"TV, LG, stock-verificado",TRUE,Modelo,"TV LG QNED evo AI MiniLED 4K 100"" 100QNED86",100QNED86AS,272869.00,,10,deny,https://f.fcdn.app/imgs/905fbd/www.ltienda.com.uy/lguy/c36f/original/catalogo/100QNED86AS100QNED86AS1/1024-1024/tv-lg-qned-evo-ai-miniled-4k-100-100qned86-tv-lg-qned-evo-ai-miniled-4k-100-100qned86.jpg,1,,
lg-100qned86as,,,,,,,,,,,,,,https://f.fcdn.app/imgs/978013/www.ltienda.com.uy/lguy/b779/original/catalogo/100QNED86AS100QNED86AS2/1024-1024/tv-lg-qned-evo-ai-miniled-4k-100-100qned86-tv-lg-qned-evo-ai-miniled-4k-100-100qned86.jpg,2,,
lg-100qned86as,,,,,,,,,,,,,,https://f.fcdn.app/imgs/379ca9/www.ltienda.com.uy/lguy/a753/original/catalogo/100QNED86AS100QNED86AS3/1024-1024/tv-lg-qned-evo-ai-miniled-4k-100-100qned86-tv-lg-qned-evo-ai-miniled-4k-100-100qned86.jpg,3,,
lg-100qned86as,,,,,,,,,,,,,,https://f.fcdn.app/imgs/674449/www.ltienda.com.uy/lguy/6ef0/original/catalogo/100QNED86AS100QNED86AS4/1024-1024/tv-lg-qned-evo-ai-miniled-4k-100-100qned86-tv-lg-qned-evo-ai-miniled-4k-100-100qned86.jpg,4,,
lg-eab60772003,Micrófono LG EAB60772003,Micrófono LG EAB60772003,LG,Accesorios,"LG, stock-verificado",TRUE,Modelo,Micrófono LG EAB60772003,EAB60772003,2481.00,,10,deny,https://f.fcdn.app/imgs/8738de/www.ltienda.com.uy/lguy/0c30/original/catalogo/EAB60772003EAB607720031/1024-1024/microfono-lg-eab60772003-microfono-lg-eab60772003.jpg,1,,
lg-eab60772003,,,,,,,,,,,,,,https://f.fcdn.app/imgs/7b8982/www.ltienda.com.uy/lguy/ed43/original/catalogo/EAB60772003EAB607720032/1024-1024/microfono-lg-eab60772003-microfono-lg-eab60772003.jpg,2,,
lg-eab60772003,,,,,,,,,,,,,,https://f.fcdn.app/imgs/bbdf8c/www.ltienda.com.uy/lguy/208a/original/catalogo/EAB60772003EAB607720033/1024-1024/microfono-lg-eab60772003-microfono-lg-eab60772003.jpg,3,,
lg-oled48c5psa,"TV LG OLED evo AI 4K 48"" OLED48C5","TV LG OLED evo AI 4K 48"" OLED48C5",LG,Electro,"TV, LG, stock-verificado",TRUE,Modelo,"TV LG OLED evo AI 4K 48"" OLED48C5",OLED48C5PSA,53714.00,,10,deny,https://f.fcdn.app/imgs/ae519b/www.ltienda.com.uy/lguy/07d3/original/catalogo/OLED48C5PSAOLED48C5PSA1/1024-1024/tv-lg-oled-evo-ai-4k-48-oled48c5-tv-lg-oled-evo-ai-4k-48-oled48c5.jpg,1,,
lg-oled48c5psa,,,,,,,,,,,,,,https://f.fcdn.app/imgs/3ece6c/www.ltienda.com.uy/lguy/2739/original/catalogo/OLED48C5PSAOLED48C5PSA2/1024-1024/tv-lg-oled-evo-ai-4k-48-oled48c5-tv-lg-oled-evo-ai-4k-48-oled48c5.jpg,2,,
lg-oled48c5psa,,,,,,,,,,,,,,https://f.fcdn.app/imgs/6007cc/www.ltienda.com.uy/lguy/0a5a/original/catalogo/OLED48C5PSAOLED48C5PSA3/1024-1024/tv-lg-oled-evo-ai-4k-48-oled48c5-tv-lg-oled-evo-ai-4k-48-oled48c5.jpg,3,,
lg-oled48c5psa,,,,,,,,,,,,,,https://f.fcdn.app/imgs/2c2e2a/www.ltienda.com.uy/lguy/d392/original/catalogo/OLED48C5PSAOLED48C5PSA4/1024-1024/tv-lg-oled-evo-ai-4k-48-oled48c5-tv-lg-oled-evo-ai-4k-48-oled48c5.jpg,4,,
lg-50ua7300psb,"TV LG UHD 4K 50"" 50UA7300","TV LG UHD 4K 50"" 50UA7300",LG,Electro,"TV, LG, stock-verificado",TRUE,Modelo,"TV LG UHD 4K 50"" 50UA7300",50UA7300PSB,21461.00,,10,deny,https://f.fcdn.app/imgs/08a73c/www.ltienda.com.uy/lguy/80c6/original/catalogo/50UA7300PSB50UA7300PSB1/1024-1024/tv-lg-uhd-4k-50-50ua7300-tv-lg-uhd-4k-50-50ua7300.jpg,1,,
lg-50ua7300psb,,,,,,,,,,,,,,https://f.fcdn.app/imgs/16df13/www.ltienda.com.uy/lguy/852c/original/catalogo/50UA7300PSB50UA7300PSB2/1024-1024/tv-lg-uhd-4k-50-50ua7300-tv-lg-uhd-4k-50-50ua7300.jpg,2,,
lg-50ua7300psb,,,,,,,,,,,,,,https://f.fcdn.app/imgs/4fd642/www.ltienda.com.uy/lguy/12af/original/catalogo/50UA7300PSB50UA7300PSB3/1024-1024/tv-lg-uhd-4k-50-50ua7300-tv-lg-uhd-4k-50-50ua7300.jpg,3,,
lg-50ua7300psb,,,,,,,,,,,,,,https://f.fcdn.app/imgs/4f5f2a/www.ltienda.com.uy/lguy/cd2f/original/catalogo/50UA7300PSB50UA7300PSB4/1024-1024/tv-lg-uhd-4k-50-50ua7300-tv-lg-uhd-4k-50-50ua7300.jpg,4,,
lg-sqc1,Barra de sonido LG SQC1,Barra de sonido LG SQC1,LG,Electro,"Audio, LG, stock-verificado",TRUE,Modelo,Barra de sonido LG SQC1,SQC1,8229.00,,10,deny,https://f.fcdn.app/imgs/207128/www.ltienda.com.uy/lguy/3120/original/catalogo/SQC1SQC11/1024-1024/barra-de-sonido-lg-sqc1-barra-de-sonido-lg-sqc1.jpg,1,,
lg-sqc1,,,,,,,,,,,,,,https://f.fcdn.app/imgs/743a57/www.ltienda.com.uy/lguy/8683/original/catalogo/SQC1SQC12/1024-1024/barra-de-sonido-lg-sqc1-barra-de-sonido-lg-sqc1.jpg,2,,
lg-sqc1,,,,,,,,,,,,,,https://f.fcdn.app/imgs/68535a/www.ltienda.com.uy/lguy/15d5/original/catalogo/SQC1SQC13/1024-1024/barra-de-sonido-lg-sqc1-barra-de-sonido-lg-sqc1.jpg,3,,
lg-sqc1,,,,,,,,,,,,,,https://f.fcdn.app/imgs/ae38f1/www.ltienda.com.uy/lguy/06ba/original/catalogo/SQC1SQC14/1024-1024/barra-de-sonido-lg-sqc1-barra-de-sonido-lg-sqc1.jpg,4,,
lg-sqc1,,,,,,,,,,,,,,https://f.fcdn.app/imgs/0e56cd/www.ltienda.com.uy/lguy/6421/original/catalogo/SQC1SQC15/1024-1024/barra-de-sonido-lg-sqc1-barra-de-sonido-lg-sqc1.jpg,5,,
lg-24gs60f,"Monitor Gaming LG UltraGear™ 24"" FHD 16:9 24GS60F","Monitor Gaming LG UltraGear™ 24"" FHD 16:9 24GS60F",LG,Electro,"Tecnología, LG, stock-verificado",TRUE,Modelo,"Monitor Gaming LG UltraGear™ 24"" FHD 16:9 24GS60F",24GS60F,9883.00,,10,deny,https://f.fcdn.app/imgs/fd7743/www.ltienda.com.uy/lguy/4da5/original/catalogo/24GS60F24GS60F1/1024-1024/monitor-gaming-lg-ultragear-24-fhd-16-9-24gs60f-monitor-gaming-lg-ultragear-24-fhd-16-9-24gs60f.jpg,1,,
lg-24gs60f,,,,,,,,,,,,,,https://f.fcdn.app/imgs/3f0f46/www.ltienda.com.uy/lguy/1899/original/catalogo/24GS60F24GS60F2/1024-1024/monitor-gaming-lg-ultragear-24-fhd-16-9-24gs60f-monitor-gaming-lg-ultragear-24-fhd-16-9-24gs60f.jpg,2,,
lg-24gs60f,,,,,,,,,,,,,,https://f.fcdn.app/imgs/000272/www.ltienda.com.uy/lguy/3b72/original/catalogo/24GS60F24GS60F3/1024-1024/monitor-gaming-lg-ultragear-24-fhd-16-9-24gs60f-monitor-gaming-lg-ultragear-24-fhd-16-9-24gs60f.jpg,3,,
lg-24gs60f,,,,,,,,,,,,,,https://f.fcdn.app/imgs/8c2650/www.ltienda.com.uy/lguy/79e4/original/catalogo/24GS60F24GS60F4/1024-1024/monitor-gaming-lg-ultragear-24-fhd-16-9-24gs60f-monitor-gaming-lg-ultragear-24-fhd-16-9-24gs60f.jpg,4,,
lg-24gs60f,,,,,,,,,,,,,,https://f.fcdn.app/imgs/085922/www.ltienda.com.uy/lguy/55ee/original/catalogo/24GS60F24GS60F5/1024-1024/monitor-gaming-lg-ultragear-24-fhd-16-9-24gs60f-monitor-gaming-lg-ultragear-24-fhd-16-9-24gs60f.jpg,5,,
lg-24gs60f,,,,,,,,,,,,,,https://f.fcdn.app/imgs/1b243b/www.ltienda.com.uy/lguy/2872/original/catalogo/24GS60F24GS60F6/1024-1024/monitor-gaming-lg-ultragear-24-fhd-16-9-24gs60f-monitor-gaming-lg-ultragear-24-fhd-16-9-24gs60f.jpg,6,,
lg-24gs60f,,,,,,,,,,,,,,https://f.fcdn.app/imgs/0ade28/www.ltienda.com.uy/lguy/bc40/original/catalogo/24GS60F24GS60F7/1024-1024/monitor-gaming-lg-ultragear-24-fhd-16-9-24gs60f-monitor-gaming-lg-ultragear-24-fhd-16-9-24gs60f.jpg,7,,
lg-24gs60f,,,,,,,,,,,,,,https://f.fcdn.app/imgs/6118fe/www.ltienda.com.uy/lguy/dd1d/original/catalogo/24GS60F24GS60F8/1024-1024/monitor-gaming-lg-ultragear-24-fhd-16-9-24gs60f-monitor-gaming-lg-ultragear-24-fhd-16-9-24gs60f.jpg,8,,
lg-27gs75q,"Monitor Gaming LG UltraGear™ 27"" QHD 16:9 27GS75Q","Monitor Gaming LG UltraGear™ 27"" QHD 16:9 27GS75Q",LG,Electro,"Tecnología, LG",TRUE,Modelo,"Monitor Gaming LG UltraGear™ 27"" QHD 16:9 27GS75Q",27GS75Q,17739.00,,0,deny,https://f.fcdn.app/imgs/766482/www.ltienda.com.uy/lguy/535e/original/catalogo/27GS75Q27GS75Q1/1024-1024/monitor-gaming-lg-ultragear-27-qhd-16-9-27gs75q-monitor-gaming-lg-ultragear-27-qhd-16-9-27gs75q.jpg,1,,
lg-27gs75q,,,,,,,,,,,,,,https://f.fcdn.app/imgs/72dbd2/www.ltienda.com.uy/lguy/198a/original/catalogo/27GS75Q27GS75Q2/1024-1024/monitor-gaming-lg-ultragear-27-qhd-16-9-27gs75q-monitor-gaming-lg-ultragear-27-qhd-16-9-27gs75q.jpg,2,,
lg-27gs75q,,,,,,,,,,,,,,https://f.fcdn.app/imgs/a21c38/www.ltienda.com.uy/lguy/61e4/original/catalogo/27GS75Q27GS75Q3/1024-1024/monitor-gaming-lg-ultragear-27-qhd-16-9-27gs75q-monitor-gaming-lg-ultragear-27-qhd-16-9-27gs75q.jpg,3,,
lg-27gs75q,,,,,,,,,,,,,,https://f.fcdn.app/imgs/576132/www.ltienda.com.uy/lguy/57c2/original/catalogo/27GS75Q27GS75Q4/1024-1024/monitor-gaming-lg-ultragear-27-qhd-16-9-27gs75q-monitor-gaming-lg-ultragear-27-qhd-16-9-27gs75q.jpg,4,,
lg-27gs75q,,,,,,,,,,,,,,https://f.fcdn.app/imgs/386e3f/www.ltienda.com.uy/lguy/de8a/original/catalogo/27GS75Q27GS75Q5/1024-1024/monitor-gaming-lg-ultragear-27-qhd-16-9-27gs75q-monitor-gaming-lg-ultragear-27-qhd-16-9-27gs75q.jpg,5,,
lg-27gs75q,,,,,,,,,,,,,,https://f.fcdn.app/imgs/7e32ce/www.ltienda.com.uy/lguy/f31b/original/catalogo/27GS75Q27GS75Q6/1024-1024/monitor-gaming-lg-ultragear-27-qhd-16-9-27gs75q-monitor-gaming-lg-ultragear-27-qhd-16-9-27gs75q.jpg,6,,
lg-27gs75q,,,,,,,,,,,,,,https://f.fcdn.app/imgs/9dc191/www.ltienda.com.uy/lguy/3f26/original/catalogo/27GS75Q27GS75Q7/1024-1024/monitor-gaming-lg-ultragear-27-qhd-16-9-27gs75q-monitor-gaming-lg-ultragear-27-qhd-16-9-27gs75q.jpg,7,,
lg-akb76045005,Control remoto Magic Remote LG MR24GA - AKB76045005,Control remoto Magic Remote LG MR24GA - AKB76045005,LG,Accesorios,"LG, stock-verificado",TRUE,Modelo,Control remoto Magic Remote LG MR24GA - AKB76045005,AKB76045005,3308.00,,10,deny,https://f.fcdn.app/imgs/b23549/www.ltienda.com.uy/lguy/1655/original/catalogo/AKB76045005AKB760450051/1024-1024/control-remoto-magic-remote-lg-mr24ga-akb76045005-control-remoto-magic-remote-lg-mr24ga-akb76045005.jpg,1,,
lg-akb76045005,,,,,,,,,,,,,,https://f.fcdn.app/imgs/a384ae/www.ltienda.com.uy/lguy/6ae6/original/catalogo/AKB76045005AKB760450052/1024-1024/control-remoto-magic-remote-lg-mr24ga-akb76045005-control-remoto-magic-remote-lg-mr24ga-akb76045005.jpg,2,,
lg-akb76045005,,,,,,,,,,,,,,https://f.fcdn.app/imgs/fb14bf/www.ltienda.com.uy/lguy/736e/original/catalogo/AKB76045005AKB760450053/1024-1024/control-remoto-magic-remote-lg-mr24ga-akb76045005-control-remoto-magic-remote-lg-mr24ga-akb76045005.jpg,3,,
lg-24ms500,"Monitor LG 24"" FHD 16:9 24MS500","Monitor LG 24"" FHD 16:9 24MS500",LG,Electro,"Tecnología, LG, stock-verificado",TRUE,Modelo,"Monitor LG 24"" FHD 16:9 24MS500",24MS500,5169.00,,10,deny,https://f.fcdn.app/imgs/44d07e/www.ltienda.com.uy/lguy/1f34/original/catalogo/24MS50024MS5001/1024-1024/monitor-lg-24-fhd-16-9-24ms500-monitor-lg-24-fhd-16-9-24ms500.jpg,1,,
lg-24ms500,,,,,,,,,,,,,,https://f.fcdn.app/imgs/95c0a4/www.ltienda.com.uy/lguy/3d2c/original/catalogo/24MS50024MS5002/1024-1024/monitor-lg-24-fhd-16-9-24ms500-monitor-lg-24-fhd-16-9-24ms500.jpg,2,,
lg-24ms500,,,,,,,,,,,,,,https://f.fcdn.app/imgs/fa9219/www.ltienda.com.uy/lguy/44f7/original/catalogo/24MS50024MS5003/1024-1024/monitor-lg-24-fhd-16-9-24ms500-monitor-lg-24-fhd-16-9-24ms500.jpg,3,,
lg-24ms500,,,,,,,,,,,,,,https://f.fcdn.app/imgs/300338/www.ltienda.com.uy/lguy/a609/original/catalogo/24MS50024MS5004/1024-1024/monitor-lg-24-fhd-16-9-24ms500-monitor-lg-24-fhd-16-9-24ms500.jpg,4,,
lg-24ms500,,,,,,,,,,,,,,https://f.fcdn.app/imgs/20f5f1/www.ltienda.com.uy/lguy/14ec/original/catalogo/24MS50024MS5005/1024-1024/monitor-lg-24-fhd-16-9-24ms500-monitor-lg-24-fhd-16-9-24ms500.jpg,5,,
lg-24ms500,,,,,,,,,,,,,,https://f.fcdn.app/imgs/45175e/www.ltienda.com.uy/lguy/59ad/original/catalogo/24MS50024MS5006/1024-1024/monitor-lg-24-fhd-16-9-24ms500-monitor-lg-24-fhd-16-9-24ms500.jpg,6,,
lg-24ms500,,,,,,,,,,,,,,https://f.fcdn.app/imgs/33c289/www.ltienda.com.uy/lguy/cef7/original/catalogo/24MS50024MS5007/1024-1024/monitor-lg-24-fhd-16-9-24ms500-monitor-lg-24-fhd-16-9-24ms500.jpg,7,,
lg-27ms500,"Monitor LG 27"" FHD 16:9 27MS500","Monitor LG 27"" FHD 16:9 27MS500",LG,Electro,"Tecnología, LG, stock-verificado",TRUE,Modelo,"Monitor LG 27"" FHD 16:9 27MS500",27MS500,6409.00,,10,deny,https://f.fcdn.app/imgs/173a4b/www.ltienda.com.uy/lguy/f190/original/catalogo/27MS50027MS5001/1024-1024/monitor-lg-27-fhd-16-9-27ms500-monitor-lg-27-fhd-16-9-27ms500.jpg,1,,
lg-27ms500,,,,,,,,,,,,,,https://f.fcdn.app/imgs/e099c4/www.ltienda.com.uy/lguy/a901/original/catalogo/27MS50027MS5002/1024-1024/monitor-lg-27-fhd-16-9-27ms500-monitor-lg-27-fhd-16-9-27ms500.jpg,2,,
lg-27ms500,,,,,,,,,,,,,,https://f.fcdn.app/imgs/a92a17/www.ltienda.com.uy/lguy/fc15/original/catalogo/27MS50027MS5003/1024-1024/monitor-lg-27-fhd-16-9-27ms500-monitor-lg-27-fhd-16-9-27ms500.jpg,3,,
lg-27ms500,,,,,,,,,,,,,,https://f.fcdn.app/imgs/8b3f2a/www.ltienda.com.uy/lguy/c567/original/catalogo/27MS50027MS5004/1024-1024/monitor-lg-27-fhd-16-9-27ms500-monitor-lg-27-fhd-16-9-27ms500.jpg,4,,
lg-27ms500,,,,,,,,,,,,,,https://f.fcdn.app/imgs/fab460/www.ltienda.com.uy/lguy/5b69/original/catalogo/27MS50027MS5005/1024-1024/monitor-lg-27-fhd-16-9-27ms500-monitor-lg-27-fhd-16-9-27ms500.jpg,5,,
lg-27ms500,,,,,,,,,,,,,,https://f.fcdn.app/imgs/db8345/www.ltienda.com.uy/lguy/2348/original/catalogo/27MS50027MS5006/1024-1024/monitor-lg-27-fhd-16-9-27ms500-monitor-lg-27-fhd-16-9-27ms500.jpg,6,,
lg-27us500,"Monitor LG UltraFine™ 27"" UHD 4K 16:9 27US500","Monitor LG UltraFine™ 27"" UHD 4K 16:9 27US500",LG,Electro,"Tecnología, LG",TRUE,Modelo,"Monitor LG UltraFine™ 27"" UHD 4K 16:9 27US500",27US500,15258.00,,0,deny,https://f.fcdn.app/imgs/88c587/www.ltienda.com.uy/lguy/a788/original/catalogo/27US50027US5001/1024-1024/monitor-lg-ultrafine-27-uhd-4k-16-9-27us500-monitor-lg-ultrafine-27-uhd-4k-16-9-27us500.jpg,1,,
lg-27us500,,,,,,,,,,,,,,https://f.fcdn.app/imgs/335d79/www.ltienda.com.uy/lguy/be3c/original/catalogo/27US50027US5002/1024-1024/monitor-lg-ultrafine-27-uhd-4k-16-9-27us500-monitor-lg-ultrafine-27-uhd-4k-16-9-27us500.jpg,2,,
lg-27us500,,,,,,,,,,,,,,https://f.fcdn.app/imgs/629555/www.ltienda.com.uy/lguy/21ec/original/catalogo/27US50027US5003/1024-1024/monitor-lg-ultrafine-27-uhd-4k-16-9-27us500-monitor-lg-ultrafine-27-uhd-4k-16-9-27us500.jpg,3,,
lg-27us500,,,,,,,,,,,,,,https://f.fcdn.app/imgs/42c825/www.ltienda.com.uy/lguy/5cbd/original/catalogo/27US50027US5004/1024-1024/monitor-lg-ultrafine-27-uhd-4k-16-9-27us500-monitor-lg-ultrafine-27-uhd-4k-16-9-27us500.jpg,4,,
lg-27us500,,,,,,,,,,,,,,https://f.fcdn.app/imgs/e50008/www.ltienda.com.uy/lguy/77a2/original/catalogo/27US50027US5005/1024-1024/monitor-lg-ultrafine-27-uhd-4k-16-9-27us500-monitor-lg-ultrafine-27-uhd-4k-16-9-27us500.jpg,5,,
lg-27us500,,,,,,,,,,,,,,https://f.fcdn.app/imgs/2af27c/www.ltienda.com.uy/lguy/efe8/original/catalogo/27US50027US5006/1024-1024/monitor-lg-ultrafine-27-uhd-4k-16-9-27us500-monitor-lg-ultrafine-27-uhd-4k-16-9-27us500.jpg,6,,
lg-27us500,,,,,,,,,,,,,,https://f.fcdn.app/imgs/399ed9/www.ltienda.com.uy/lguy/f9b9/original/catalogo/27US50027US5007/1024-1024/monitor-lg-ultrafine-27-uhd-4k-16-9-27us500-monitor-lg-ultrafine-27-uhd-4k-16-9-27us500.jpg,7,,
lg-27us500,,,,,,,,,,,,,,https://f.fcdn.app/imgs/441a45/www.ltienda.com.uy/lguy/f936/original/catalogo/27US50027US5008/1024-1024/monitor-lg-ultrafine-27-uhd-4k-16-9-27us500-monitor-lg-ultrafine-27-uhd-4k-16-9-27us500.jpg,8,,
lg-22mp410,"Monitor LG 22"" FHD 16:9 22MP410","Monitor LG 22"" FHD 16:9 22MP410",LG,Electro,"Tecnología, LG, stock-verificado",TRUE,Modelo,"Monitor LG 22"" FHD 16:9 22MP410",22MP410,4094.00,,10,deny,https://f.fcdn.app/imgs/b1912f/www.ltienda.com.uy/lguy/fb09/original/catalogo/22MP41022MP4101/1024-1024/monitor-lg-22-fhd-16-9-22mp410-monitor-lg-22-fhd-16-9-22mp410.jpg,1,,
lg-22mp410,,,,,,,,,,,,,,https://f.fcdn.app/imgs/2d7498/www.ltienda.com.uy/lguy/b008/original/catalogo/22MP41022MP4102/1024-1024/monitor-lg-22-fhd-16-9-22mp410-monitor-lg-22-fhd-16-9-22mp410.jpg,2,,
lg-22mp410,,,,,,,,,,,,,,https://f.fcdn.app/imgs/d2d905/www.ltienda.com.uy/lguy/2137/original/catalogo/22MP41022MP4103/1024-1024/monitor-lg-22-fhd-16-9-22mp410-monitor-lg-22-fhd-16-9-22mp410.jpg,3,,
lg-22mp410,,,,,,,,,,,,,,https://f.fcdn.app/imgs/a8892d/www.ltienda.com.uy/lguy/4037/original/catalogo/22MP41022MP4104/1024-1024/monitor-lg-22-fhd-16-9-22mp410-monitor-lg-22-fhd-16-9-22mp410.jpg,4,,
lg-22mp410,,,,,,,,,,,,,,https://f.fcdn.app/imgs/8b3dfa/www.ltienda.com.uy/lguy/b474/original/catalogo/22MP41022MP4105/1024-1024/monitor-lg-22-fhd-16-9-22mp410-monitor-lg-22-fhd-16-9-22mp410.jpg,5,,
lg-22mp410,,,,,,,,,,,,,,https://f.fcdn.app/imgs/26ff84/www.ltienda.com.uy/lguy/1264/original/catalogo/22MP41022MP4106/1024-1024/monitor-lg-22-fhd-16-9-22mp410-monitor-lg-22-fhd-16-9-22mp410.jpg,6,,
lg-22mp410,,,,,,,,,,,,,,https://f.fcdn.app/imgs/264036/www.ltienda.com.uy/lguy/f789/original/catalogo/22MP41022MP4107/1024-1024/monitor-lg-22-fhd-16-9-22mp410-monitor-lg-22-fhd-16-9-22mp410.jpg,7,,
lg-27gs60f,"Monitor Gaming LG UltraGear™ 27"" FHD 16:9 27GS60F","Monitor Gaming LG UltraGear™ 27"" FHD 16:9 27GS60F",LG,Electro,"Tecnología, LG, stock-verificado",TRUE,Modelo,"Monitor Gaming LG UltraGear™ 27"" FHD 16:9 27GS60F",27GS60F,12364.00,,10,deny,https://f.fcdn.app/imgs/d83041/www.ltienda.com.uy/lguy/7734/original/catalogo/27GS60F27GS60F1/1024-1024/monitor-gaming-lg-ultragear-27-fhd-16-9-27gs60f-monitor-gaming-lg-ultragear-27-fhd-16-9-27gs60f.jpg,1,,
lg-27gs60f,,,,,,,,,,,,,,https://f.fcdn.app/imgs/151ab2/www.ltienda.com.uy/lguy/e1b4/original/catalogo/27GS60F27GS60F2/1024-1024/monitor-gaming-lg-ultragear-27-fhd-16-9-27gs60f-monitor-gaming-lg-ultragear-27-fhd-16-9-27gs60f.jpg,2,,
lg-27gs60f,,,,,,,,,,,,,,https://f.fcdn.app/imgs/8592d4/www.ltienda.com.uy/lguy/05f1/original/catalogo/27GS60F27GS60F3/1024-1024/monitor-gaming-lg-ultragear-27-fhd-16-9-27gs60f-monitor-gaming-lg-ultragear-27-fhd-16-9-27gs60f.jpg,3,,
lg-27gs60f,,,,,,,,,,,,,,https://f.fcdn.app/imgs/8b28dd/www.ltienda.com.uy/lguy/8584/original/catalogo/27GS60F27GS60F4/1024-1024/monitor-gaming-lg-ultragear-27-fhd-16-9-27gs60f-monitor-gaming-lg-ultragear-27-fhd-16-9-27gs60f.jpg,4,,
lg-27gs60f,,,,,,,,,,,,,,https://f.fcdn.app/imgs/b75b02/www.ltienda.com.uy/lguy/5858/original/catalogo/27GS60F27GS60F5/1024-1024/monitor-gaming-lg-ultragear-27-fhd-16-9-27gs60f-monitor-gaming-lg-ultragear-27-fhd-16-9-27gs60f.jpg,5,,
lg-27gs60f,,,,,,,,,,,,,,https://f.fcdn.app/imgs/4fffd1/www.ltienda.com.uy/lguy/e77e/original/catalogo/27GS60F27GS60F6/1024-1024/monitor-gaming-lg-ultragear-27-fhd-16-9-27gs60f-monitor-gaming-lg-ultragear-27-fhd-16-9-27gs60f.jpg,6,,
lg-27gs60f,,,,,,,,,,,,,,https://f.fcdn.app/imgs/322844/www.ltienda.com.uy/lguy/4025/original/catalogo/27GS60F27GS60F7/1024-1024/monitor-gaming-lg-ultragear-27-fhd-16-9-27gs60f-monitor-gaming-lg-ultragear-27-fhd-16-9-27gs60f.jpg,7,,
lg-29wq600,"Monitor LG UltraWide 29"" WFHD 21:9 29WQ600","Monitor LG UltraWide 29"" WFHD 21:9 29WQ600",LG,Electro,"Tecnología, LG",TRUE,Modelo,"Monitor LG UltraWide 29"" WFHD 21:9 29WQ600",29WQ600,12984.00,,0,deny,https://f.fcdn.app/imgs/48d578/www.ltienda.com.uy/lguy/139c/original/catalogo/29WQ60029WQ6001/1024-1024/monitor-lg-ultrawide-29-wfhd-21-9-29wq600-monitor-lg-ultrawide-29-wfhd-21-9-29wq600.jpg,1,,
lg-29wq600,,,,,,,,,,,,,,https://f.fcdn.app/imgs/80c2b2/www.ltienda.com.uy/lguy/9dda/original/catalogo/29WQ60029WQ6002/1024-1024/monitor-lg-ultrawide-29-wfhd-21-9-29wq600-monitor-lg-ultrawide-29-wfhd-21-9-29wq600.jpg,2,,
lg-29wq600,,,,,,,,,,,,,,https://f.fcdn.app/imgs/e996fa/www.ltienda.com.uy/lguy/2235/original/catalogo/29WQ60029WQ6003/1024-1024/monitor-lg-ultrawide-29-wfhd-21-9-29wq600-monitor-lg-ultrawide-29-wfhd-21-9-29wq600.jpg,3,,
lg-32gs75q,"Monitor Gaming LG UltraGear™ 32"" QHD 16:9 32GS75Q","Monitor Gaming LG UltraGear™ 32"" QHD 16:9 32GS75Q",LG,Electro,"Tecnología, LG, stock-verificado",TRUE,Modelo,"Monitor Gaming LG UltraGear™ 32"" QHD 16:9 32GS75Q",32GS75Q,20220.00,,10,deny,https://f.fcdn.app/imgs/f737e8/www.ltienda.com.uy/lguy/08a7/original/catalogo/32GS75Q32GS75Q1/1024-1024/monitor-gaming-lg-ultragear-32-qhd-16-9-32gs75q-monitor-gaming-lg-ultragear-32-qhd-16-9-32gs75q.jpg,1,,
lg-32gs75q,,,,,,,,,,,,,,https://f.fcdn.app/imgs/2c22e0/www.ltienda.com.uy/lguy/8619/original/catalogo/32GS75Q32GS75Q2/1024-1024/monitor-gaming-lg-ultragear-32-qhd-16-9-32gs75q-monitor-gaming-lg-ultragear-32-qhd-16-9-32gs75q.jpg,2,,
lg-32gs75q,,,,,,,,,,,,,,https://f.fcdn.app/imgs/2a0a93/www.ltienda.com.uy/lguy/0da7/original/catalogo/32GS75Q32GS75Q3/1024-1024/monitor-gaming-lg-ultragear-32-qhd-16-9-32gs75q-monitor-gaming-lg-ultragear-32-qhd-16-9-32gs75q.jpg,3,,
lg-32gs75q,,,,,,,,,,,,,,https://f.fcdn.app/imgs/8eb87c/www.ltienda.com.uy/lguy/4a7e/original/catalogo/32GS75Q32GS75Q4/1024-1024/monitor-gaming-lg-ultragear-32-qhd-16-9-32gs75q-monitor-gaming-lg-ultragear-32-qhd-16-9-32gs75q.jpg,4,,
lg-32gs75q,,,,,,,,,,,,,,https://f.fcdn.app/imgs/ee9fe8/www.ltienda.com.uy/lguy/3e0c/original/catalogo/32GS75Q32GS75Q5/1024-1024/monitor-gaming-lg-ultragear-32-qhd-16-9-32gs75q-monitor-gaming-lg-ultragear-32-qhd-16-9-32gs75q.jpg,5,,
lg-32gs75q,,,,,,,,,,,,,,https://f.fcdn.app/imgs/9f7588/www.ltienda.com.uy/lguy/8dc8/original/catalogo/32GS75Q32GS75Q6/1024-1024/monitor-gaming-lg-ultragear-32-qhd-16-9-32gs75q-monitor-gaming-lg-ultragear-32-qhd-16-9-32gs75q.jpg,6,,
lg-32gs75q,,,,,,,,,,,,,,https://f.fcdn.app/imgs/738741/www.ltienda.com.uy/lguy/b3f5/original/catalogo/32GS75Q32GS75Q7/1024-1024/monitor-gaming-lg-ultragear-32-qhd-16-9-32gs75q-monitor-gaming-lg-ultragear-32-qhd-16-9-32gs75q.jpg,7,,
lg-19m38l-b,"Monitor LG 19"" HD 16:9 19M38L","Monitor LG 19"" HD 16:9 19M38L",LG,Electro,"Tecnología, LG",TRUE,Modelo,"Monitor LG 19"" HD 16:9 19M38L",19M38L-B,3473.00,,0,deny,https://f.fcdn.app/imgs/1edbd6/www.ltienda.com.uy/lguy/5207/original/catalogo/19M38L-B19M38L-B1/1024-1024/monitor-lg-19-hd-16-9-19m38l-monitor-lg-19-hd-16-9-19m38l.jpg,1,,
lg-19m38l-b,,,,,,,,,,,,,,https://f.fcdn.app/imgs/ad8c62/www.ltienda.com.uy/lguy/58c3/original/catalogo/19M38L-B19M38L-B2/1024-1024/monitor-lg-19-hd-16-9-19m38l-monitor-lg-19-hd-16-9-19m38l.jpg,2,,
lg-19m38l-b,,,,,,,,,,,,,,https://f.fcdn.app/imgs/f6a884/www.ltienda.com.uy/lguy/5b3c/original/catalogo/19M38L-B19M38L-B3/1024-1024/monitor-lg-19-hd-16-9-19m38l-monitor-lg-19-hd-16-9-19m38l.jpg,3,,
lg-19m38l-b,,,,,,,,,,,,,,https://f.fcdn.app/imgs/2915b5/www.ltienda.com.uy/lguy/6f1e/original/catalogo/19M38L-B19M38L-B4/1024-1024/monitor-lg-19-hd-16-9-19m38l-monitor-lg-19-hd-16-9-19m38l.jpg,4,,
lg-19m38l-b,,,,,,,,,,,,,,https://f.fcdn.app/imgs/723032/www.ltienda.com.uy/lguy/d359/original/catalogo/19M38L-B19M38L-B5/1024-1024/monitor-lg-19-hd-16-9-19m38l-monitor-lg-19-hd-16-9-19m38l.jpg,5,,
lg-gs66sxsc,Refrigerador LG inverter InstaView 674L GS66SXSC,Refrigerador LG inverter InstaView 674L GS66SXSC,LG,Electro,"Heladeras, LG, stock-verificado",TRUE,Modelo,Refrigerador LG inverter InstaView 674L GS66SXSC,GS66SXSC,99199.00,,10,deny,https://f.fcdn.app/imgs/729227/www.ltienda.com.uy/lguy/0f7a/original/catalogo/GS66SXSCGS66SXSC1/1024-1024/refrigerador-lg-inverter-instaview-674l-gs66sxsc-refrigerador-lg-inverter-instaview-674l-gs66sxsc.jpg,1,,
lg-gs66sxsc,,,,,,,,,,,,,,https://f.fcdn.app/imgs/ad5341/www.ltienda.com.uy/lguy/a86c/original/catalogo/GS66SXSCGS66SXSC2/1024-1024/refrigerador-lg-inverter-instaview-674l-gs66sxsc-refrigerador-lg-inverter-instaview-674l-gs66sxsc.jpg,2,,
lg-gs66sxsc,,,,,,,,,,,,,,https://f.fcdn.app/imgs/4abef5/www.ltienda.com.uy/lguy/6040/original/catalogo/GS66SXSCGS66SXSC3/1024-1024/refrigerador-lg-inverter-instaview-674l-gs66sxsc-refrigerador-lg-inverter-instaview-674l-gs66sxsc.jpg,3,,
lg-gs66sxsc,,,,,,,,,,,,,,https://f.fcdn.app/imgs/d0a68d/www.ltienda.com.uy/lguy/3e8c/original/catalogo/GS66SXSCGS66SXSC4/1024-1024/refrigerador-lg-inverter-instaview-674l-gs66sxsc-refrigerador-lg-inverter-instaview-674l-gs66sxsc.jpg,4,,
lg-gs66sxsc,,,,,,,,,,,,,,https://f.fcdn.app/imgs/074f6d/www.ltienda.com.uy/lguy/5e9a/original/catalogo/GS66SXSCGS66SXSC5/1024-1024/refrigerador-lg-inverter-instaview-674l-gs66sxsc-refrigerador-lg-inverter-instaview-674l-gs66sxsc.jpg,5,,
lg-gs66sxsc,,,,,,,,,,,,,,https://f.fcdn.app/imgs/04aefe/www.ltienda.com.uy/lguy/c027/original/catalogo/GS66SXSCGS66SXSC6/1024-1024/refrigerador-lg-inverter-instaview-674l-gs66sxsc-refrigerador-lg-inverter-instaview-674l-gs66sxsc.jpg,6,,
lg-gs66sxsc,,,,,,,,,,,,,,https://f.fcdn.app/imgs/e08a49/www.ltienda.com.uy/lguy/318b/original/catalogo/GS66SXSCGS66SXSC7/1024-1024/refrigerador-lg-inverter-instaview-674l-gs66sxsc-refrigerador-lg-inverter-instaview-674l-gs66sxsc.jpg,7,,
lg-ck43n,Minicomponente LG XBOOM CK43N,Minicomponente LG XBOOM CK43N,LG,Electro,"Audio, LG, stock-verificado",TRUE,Modelo,Minicomponente LG XBOOM CK43N,CK43N,10296.00,,10,deny,https://f.fcdn.app/imgs/c17f60/www.ltienda.com.uy/lguy/46ba/original/catalogo/CK43NCK43N1/1024-1024/minicomponente-lg-xboom-ck43n-minicomponente-lg-xboom-ck43n.jpg,1,,
lg-ck43n,,,,,,,,,,,,,,https://f.fcdn.app/imgs/8df568/www.ltienda.com.uy/lguy/51e5/original/catalogo/CK43NCK43N2/1024-1024/minicomponente-lg-xboom-ck43n-minicomponente-lg-xboom-ck43n.jpg,2,,
lg-ck43n,,,,,,,,,,,,,,https://f.fcdn.app/imgs/c3ab19/www.ltienda.com.uy/lguy/4e10/original/catalogo/CK43NCK43N3/1024-1024/minicomponente-lg-xboom-ck43n-minicomponente-lg-xboom-ck43n.jpg,3,,
lg-ck43n,,,,,,,,,,,,,,https://f.fcdn.app/imgs/028aa2/www.ltienda.com.uy/lguy/77da/original/catalogo/CK43NCK43N4/1024-1024/minicomponente-lg-xboom-ck43n-minicomponente-lg-xboom-ck43n.jpg,4,,
lg-ck43n,,,,,,,,,,,,,,https://f.fcdn.app/imgs/47a4ac/www.ltienda.com.uy/lguy/f022/original/catalogo/CK43NCK43N5/1024-1024/minicomponente-lg-xboom-ck43n-minicomponente-lg-xboom-ck43n.jpg,5,,
lg-ck43n,,,,,,,,,,,,,,https://f.fcdn.app/imgs/085cbe/www.ltienda.com.uy/lguy/4778/original/catalogo/CK43NCK43N6/1024-1024/minicomponente-lg-xboom-ck43n-minicomponente-lg-xboom-ck43n.jpg,6,,
lg-gs66spm,Refrigerador LG inverter 684L GS66SPM,Refrigerador LG inverter 684L GS66SPM,LG,Electro,"Heladeras, LG, stock-verificado",TRUE,Modelo,Refrigerador LG inverter 684L GS66SPM,GS66SPM,76043.00,,10,deny,https://f.fcdn.app/imgs/105587/www.ltienda.com.uy/lguy/37f5/original/catalogo/GS66SPMGS66SPM1/1024-1024/refrigerador-lg-inverter-684l-gs66spm-refrigerador-lg-inverter-684l-gs66spm.jpg,1,,
lg-gs66spm,,,,,,,,,,,,,,https://f.fcdn.app/imgs/c87381/www.ltienda.com.uy/lguy/9f37/original/catalogo/GS66SPMGS66SPM2/1024-1024/refrigerador-lg-inverter-684l-gs66spm-refrigerador-lg-inverter-684l-gs66spm.jpg,2,,
lg-gs66spm,,,,,,,,,,,,,,https://f.fcdn.app/imgs/a2f07a/www.ltienda.com.uy/lguy/2fe8/original/catalogo/GS66SPMGS66SPM3/1024-1024/refrigerador-lg-inverter-684l-gs66spm-refrigerador-lg-inverter-684l-gs66spm.jpg,3,,
lg-gs66spm,,,,,,,,,,,,,,https://f.fcdn.app/imgs/41e924/www.ltienda.com.uy/lguy/4c8e/original/catalogo/GS66SPMGS66SPM4/1024-1024/refrigerador-lg-inverter-684l-gs66spm-refrigerador-lg-inverter-684l-gs66spm.jpg,4,,
lg-gs66spm,,,,,,,,,,,,,,https://f.fcdn.app/imgs/0d98a5/www.ltienda.com.uy/lguy/44f8/original/catalogo/GS66SPMGS66SPM5/1024-1024/refrigerador-lg-inverter-684l-gs66spm-refrigerador-lg-inverter-684l-gs66spm.jpg,5,,
lg-gs66spm,,,,,,,,,,,,,,https://f.fcdn.app/imgs/12e5e8/www.ltienda.com.uy/lguy/e110/original/catalogo/GS66SPMGS66SPM6/1024-1024/refrigerador-lg-inverter-684l-gs66spm-refrigerador-lg-inverter-684l-gs66spm.jpg,6,,
lg-gs66spm,,,,,,,,,,,,,,https://f.fcdn.app/imgs/8b1dc4/www.ltienda.com.uy/lguy/318b/original/catalogo/GS66SPMGS66SPM7/1024-1024/refrigerador-lg-inverter-684l-gs66spm-refrigerador-lg-inverter-684l-gs66spm.jpg,7,,
lg-an-mr650,Control remoto Magic Remote LG AN-MR650,Control remoto Magic Remote LG AN-MR650,LG,Accesorios,"LG, stock-verificado",TRUE,Modelo,Control remoto Magic Remote LG AN-MR650,AN-MR650,3308.00,,10,deny,https://f.fcdn.app/imgs/22f326/www.ltienda.com.uy/lguy/c6fa/original/catalogo/AN-MR650AN-MR6501/1024-1024/control-remoto-magic-remote-lg-an-mr650-control-remoto-magic-remote-lg-an-mr650.jpg,1,,
lg-akb76036504,Control remoto Magic Remote NFC LG MR21GC - AKB76036504,Control remoto Magic Remote NFC LG MR21GC - AKB76036504,LG,Accesorios,"LG, stock-verificado",TRUE,Modelo,Control remoto Magic Remote NFC LG MR21GC - AKB76036504,AKB76036504,3308.00,,10,deny,https://f.fcdn.app/imgs/6ded11/www.ltienda.com.uy/lguy/2026/original/catalogo/AKB76036504AKB760365041/1024-1024/control-remoto-magic-remote-nfc-lg-mr21gc-akb76036504-control-remoto-magic-remote-nfc-lg-mr21gc-akb76036504.jpg,1,,
lg-akb76036504,,,,,,,,,,,,,,https://f.fcdn.app/imgs/637e6a/www.ltienda.com.uy/lguy/9bbd/original/catalogo/AKB76036504AKB760365042/1024-1024/control-remoto-magic-remote-nfc-lg-mr21gc-akb76036504-control-remoto-magic-remote-nfc-lg-mr21gc-akb76036504.jpg,2,,
lg-akb76043105,Control remoto Magic Remote LG MR23GA - AKB76043105,Control remoto Magic Remote LG MR23GA - AKB76043105,LG,Accesorios,"LG, stock-verificado",TRUE,Modelo,Control remoto Magic Remote LG MR23GA - AKB76043105,AKB76043105,3308.00,,10,deny,https://f.fcdn.app/imgs/9f2bb7/www.ltienda.com.uy/lguy/1655/original/catalogo/AKB76043105AKB760431051/1024-1024/control-remoto-magic-remote-lg-mr23ga-akb76043105-control-remoto-magic-remote-lg-mr23ga-akb76043105.jpg,1,,
lg-akb76043105,,,,,,,,,,,,,,https://f.fcdn.app/imgs/3e0aec/www.ltienda.com.uy/lguy/736e/original/catalogo/AKB76043105AKB760431052/1024-1024/control-remoto-magic-remote-lg-mr23ga-akb76043105-control-remoto-magic-remote-lg-mr23ga-akb76043105.jpg,2,,
lg-akb76043105,,,,,,,,,,,,,,https://f.fcdn.app/imgs/b792ea/www.ltienda.com.uy/lguy/6ae6/original/catalogo/AKB76043105AKB760431053/1024-1024/control-remoto-magic-remote-lg-mr23ga-akb76043105-control-remoto-magic-remote-lg-mr23ga-akb76043105.jpg,3,,
lg-akb76040303,Control remoto LG AKB76040303,Control remoto LG AKB76040303,LG,Accesorios,LG,TRUE,Modelo,Control remoto LG AKB76040303,AKB76040303,1447.00,,0,deny,https://f.fcdn.app/imgs/90fe98/www.ltienda.com.uy/lguy/10af/original/catalogo/AKB76040303AKB760403031/1024-1024/control-remoto-lg-akb76040303-control-remoto-lg-akb76040303.jpg,1,,
lg-akb76040303,,,,,,,,,,,,,,https://f.fcdn.app/imgs/6c2b16/www.ltienda.com.uy/lguy/9c1e/original/catalogo/AKB76040303AKB760403032/1024-1024/control-remoto-lg-akb76040303-control-remoto-lg-akb76040303.jpg,2,,
lg-wd9wvc4s6,Lavasecarropas frontal inverter LG 9Kg WD9WVC4S6,Lavasecarropas frontal inverter LG 9Kg WD9WVC4S6,LG,Electro,"Lavarropas, LG, stock-verificado",TRUE,Modelo,Lavasecarropas frontal inverter LG 9Kg WD9WVC4S6,WD9WVC4S6,33039.00,,10,deny,https://f.fcdn.app/imgs/863892/www.ltienda.com.uy/lguy/d586/original/catalogo/WD9WVC4S6WD9WVC4S61/1024-1024/lavasecarropas-frontal-inverter-lg-9kg-wd9wvc4s6-lavasecarropas-frontal-inverter-lg-9kg-wd9wvc4s6.jpg,1,,
lg-wd9wvc4s6,,,,,,,,,,,,,,https://f.fcdn.app/imgs/891dd5/www.ltienda.com.uy/lguy/a3f0/original/catalogo/WD9WVC4S6WD9WVC4S62/1024-1024/lavasecarropas-frontal-inverter-lg-9kg-wd9wvc4s6-lavasecarropas-frontal-inverter-lg-9kg-wd9wvc4s6.jpg,2,,
lg-wd9wvc4s6,,,,,,,,,,,,,,https://f.fcdn.app/imgs/40dc23/www.ltienda.com.uy/lguy/6696/original/catalogo/WD9WVC4S6WD9WVC4S63/1024-1024/lavasecarropas-frontal-inverter-lg-9kg-wd9wvc4s6-lavasecarropas-frontal-inverter-lg-9kg-wd9wvc4s6.jpg,3,,
lg-wd9wvc4s6,,,,,,,,,,,,,,https://f.fcdn.app/imgs/8ff20d/www.ltienda.com.uy/lguy/6359/original/catalogo/WD9WVC4S6WD9WVC4S64/1024-1024/lavasecarropas-frontal-inverter-lg-9kg-wd9wvc4s6-lavasecarropas-frontal-inverter-lg-9kg-wd9wvc4s6.jpg,4,,
lg-wd9wvc4s6,,,,,,,,,,,,,,https://f.fcdn.app/imgs/112a1f/www.ltienda.com.uy/lguy/7c91/original/catalogo/WD9WVC4S6WD9WVC4S65/1024-1024/lavasecarropas-frontal-inverter-lg-9kg-wd9wvc4s6-lavasecarropas-frontal-inverter-lg-9kg-wd9wvc4s6.jpg,5,,
lg-wd9wvc4s6,,,,,,,,,,,,,,https://f.fcdn.app/imgs/52720b/www.ltienda.com.uy/lguy/4517/original/catalogo/WD9WVC4S6WD9WVC4S66/1024-1024/lavasecarropas-frontal-inverter-lg-9kg-wd9wvc4s6-lavasecarropas-frontal-inverter-lg-9kg-wd9wvc4s6.jpg,6,,
lg-wd9wvc4s6,,,,,,,,,,,,,,https://f.fcdn.app/imgs/b4c35e/www.ltienda.com.uy/lguy/e66c/original/catalogo/WD9WVC4S6WD9WVC4S67/1024-1024/lavasecarropas-frontal-inverter-lg-9kg-wd9wvc4s6-lavasecarropas-frontal-inverter-lg-9kg-wd9wvc4s6.jpg,7,,
lg-wd9wvc4s6,,,,,,,,,,,,,,https://f.fcdn.app/imgs/086fd6/www.ltienda.com.uy/lguy/318b/original/catalogo/WD9WVC4S6WD9WVC4S68/1024-1024/lavasecarropas-frontal-inverter-lg-9kg-wd9wvc4s6-lavasecarropas-frontal-inverter-lg-9kg-wd9wvc4s6.jpg,8,,
lg-akb76039904,Control remoto Magic Remote LG MR22GA - AKB76039904,Control remoto Magic Remote LG MR22GA - AKB76039904,LG,Accesorios,"LG, stock-verificado",TRUE,Modelo,Control remoto Magic Remote LG MR22GA - AKB76039904,AKB76039904,3308.00,,10,deny,https://f.fcdn.app/imgs/130710/www.ltienda.com.uy/lguy/1655/original/catalogo/AKB76039904AKB760399041/1024-1024/control-remoto-magic-remote-lg-mr22ga-akb76039904-control-remoto-magic-remote-lg-mr22ga-akb76039904.jpg,1,,
lg-akb76039904,,,,,,,,,,,,,,https://f.fcdn.app/imgs/ee4589/www.ltienda.com.uy/lguy/736e/original/catalogo/AKB76039904AKB760399042/1024-1024/control-remoto-magic-remote-lg-mr22ga-akb76039904-control-remoto-magic-remote-lg-mr22ga-akb76039904.jpg,2,,
lg-akb76039904,,,,,,,,,,,,,,https://f.fcdn.app/imgs/d3565f/www.ltienda.com.uy/lguy/6ae6/original/catalogo/AKB76039904AKB760399043/1024-1024/control-remoto-magic-remote-lg-mr22ga-akb76039904-control-remoto-magic-remote-lg-mr22ga-akb76039904.jpg,3,,
lg-s40t,Barra de sonido LG S40T,Barra de sonido LG S40T,LG,Electro,"Audio, LG, stock-verificado",TRUE,Modelo,Barra de sonido LG S40T,S40T,11123.00,,10,deny,https://f.fcdn.app/imgs/e30b2b/www.ltienda.com.uy/lguy/fccb/original/catalogo/S40TS40T1/1024-1024/barra-de-sonido-lg-s40t-barra-de-sonido-lg-s40t.jpg,1,,
lg-s40t,,,,,,,,,,,,,,https://f.fcdn.app/imgs/fdd632/www.ltienda.com.uy/lguy/0618/original/catalogo/S40TS40T2/1024-1024/barra-de-sonido-lg-s40t-barra-de-sonido-lg-s40t.jpg,2,,
lg-s40t,,,,,,,,,,,,,,https://f.fcdn.app/imgs/613659/www.ltienda.com.uy/lguy/9de8/original/catalogo/S40TS40T3/1024-1024/barra-de-sonido-lg-s40t-barra-de-sonido-lg-s40t.jpg,3,,
lg-s40t,,,,,,,,,,,,,,https://f.fcdn.app/imgs/3e543a/www.ltienda.com.uy/lguy/ae44/original/catalogo/S40TS40T4/1024-1024/barra-de-sonido-lg-s40t-barra-de-sonido-lg-s40t.jpg,4,,
lg-s40t,,,,,,,,,,,,,,https://f.fcdn.app/imgs/13ab55/www.ltienda.com.uy/lguy/f97b/original/catalogo/S40TS40T5/1024-1024/barra-de-sonido-lg-s40t-barra-de-sonido-lg-s40t.jpg,5,,
lg-s40t,,,,,,,,,,,,,,https://f.fcdn.app/imgs/b30b44/www.ltienda.com.uy/lguy/4e66/original/catalogo/S40TS40T6/1024-1024/barra-de-sonido-lg-s40t-barra-de-sonido-lg-s40t.jpg,6,,
lg-s40t,,,,,,,,,,,,,,https://f.fcdn.app/imgs/3a13b8/www.ltienda.com.uy/lguy/f58e/original/catalogo/S40TS40T7/1024-1024/barra-de-sonido-lg-s40t-barra-de-sonido-lg-s40t.jpg,7,,
lg-s40t,,,,,,,,,,,,,,https://f.fcdn.app/imgs/8928ba/www.ltienda.com.uy/lguy/8284/original/catalogo/S40TS40T8/1024-1024/barra-de-sonido-lg-s40t-barra-de-sonido-lg-s40t.jpg,8,,
lg-sg10ty,Barra de sonido LG SG10TY,Barra de sonido LG SG10TY,LG,Electro,"Audio, LG, stock-verificado",TRUE,Modelo,Barra de sonido LG SG10TY,SG10TY,45444.00,,10,deny,https://f.fcdn.app/imgs/4f4643/www.ltienda.com.uy/lguy/89c7/original/catalogo/SG10TYSG10TY1/1024-1024/barra-de-sonido-lg-sg10ty-barra-de-sonido-lg-sg10ty.jpg,1,,
lg-sg10ty,,,,,,,,,,,,,,https://f.fcdn.app/imgs/66c1b6/www.ltienda.com.uy/lguy/9af9/original/catalogo/SG10TYSG10TY2/1024-1024/barra-de-sonido-lg-sg10ty-barra-de-sonido-lg-sg10ty.jpg,2,,
lg-sg10ty,,,,,,,,,,,,,,https://f.fcdn.app/imgs/304f9a/www.ltienda.com.uy/lguy/e7a5/original/catalogo/SG10TYSG10TY3/1024-1024/barra-de-sonido-lg-sg10ty-barra-de-sonido-lg-sg10ty.jpg,3,,
lg-sg10ty,,,,,,,,,,,,,,https://f.fcdn.app/imgs/4c9bcd/www.ltienda.com.uy/lguy/3513/original/catalogo/SG10TYSG10TY4/1024-1024/barra-de-sonido-lg-sg10ty-barra-de-sonido-lg-sg10ty.jpg,4,,
lg-sg10ty,,,,,,,,,,,,,,https://f.fcdn.app/imgs/3190ea/www.ltienda.com.uy/lguy/9de8/original/catalogo/SG10TYSG10TY5/1024-1024/barra-de-sonido-lg-sg10ty-barra-de-sonido-lg-sg10ty.jpg,5,,
lg-sg10ty,,,,,,,,,,,,,,https://f.fcdn.app/imgs/9d8b99/www.ltienda.com.uy/lguy/252e/original/catalogo/SG10TYSG10TY6/1024-1024/barra-de-sonido-lg-sg10ty-barra-de-sonido-lg-sg10ty.jpg,6,,
lg-sg10ty,,,,,,,,,,,,,,https://f.fcdn.app/imgs/5b69ae/www.ltienda.com.uy/lguy/8819/original/catalogo/SG10TYSG10TY7/1024-1024/barra-de-sonido-lg-sg10ty-barra-de-sonido-lg-sg10ty.jpg,7,,
lg-sg10ty,,,,,,,,,,,,,,https://f.fcdn.app/imgs/322aa1/www.ltienda.com.uy/lguy/eb60/original/catalogo/SG10TYSG10TY8/1024-1024/barra-de-sonido-lg-sg10ty-barra-de-sonido-lg-sg10ty.jpg,8,,
lg-s60tr,Barra de sonido LG S60TR,Barra de sonido LG S60TR,LG,Electro,"Audio, LG, stock-verificado",TRUE,Modelo,Barra de sonido LG S60TR,S60TR,20634.00,,10,deny,https://f.fcdn.app/imgs/2db0c8/www.ltienda.com.uy/lguy/bbc3/original/catalogo/S60TRS60TR1/1024-1024/barra-de-sonido-lg-s60tr-barra-de-sonido-lg-s60tr.jpg,1,,
lg-s60tr,,,,,,,,,,,,,,https://f.fcdn.app/imgs/1cc93e/www.ltienda.com.uy/lguy/4f42/original/catalogo/S60TRS60TR2/1024-1024/barra-de-sonido-lg-s60tr-barra-de-sonido-lg-s60tr.jpg,2,,
lg-s60tr,,,,,,,,,,,,,,https://f.fcdn.app/imgs/1154c0/www.ltienda.com.uy/lguy/4f8b/original/catalogo/S60TRS60TR3/1024-1024/barra-de-sonido-lg-s60tr-barra-de-sonido-lg-s60tr.jpg,3,,
lg-s60tr,,,,,,,,,,,,,,https://f.fcdn.app/imgs/b31aee/www.ltienda.com.uy/lguy/9de8/original/catalogo/S60TRS60TR4/1024-1024/barra-de-sonido-lg-s60tr-barra-de-sonido-lg-s60tr.jpg,4,,
lg-s60tr,,,,,,,,,,,,,,https://f.fcdn.app/imgs/404aa8/www.ltienda.com.uy/lguy/ec8a/original/catalogo/S60TRS60TR5/1024-1024/barra-de-sonido-lg-s60tr-barra-de-sonido-lg-s60tr.jpg,5,,
lg-s60tr,,,,,,,,,,,,,,https://f.fcdn.app/imgs/f67f43/www.ltienda.com.uy/lguy/43ed/original/catalogo/S60TRS60TR6/1024-1024/barra-de-sonido-lg-s60tr-barra-de-sonido-lg-s60tr.jpg,6,,
lg-s60tr,,,,,,,,,,,,,,https://f.fcdn.app/imgs/d86da6/www.ltienda.com.uy/lguy/65b6/original/catalogo/S60TRS60TR7/1024-1024/barra-de-sonido-lg-s60tr-barra-de-sonido-lg-s60tr.jpg,7,,
lg-s60tr,,,,,,,,,,,,,,https://f.fcdn.app/imgs/7ba0a4/www.ltienda.com.uy/lguy/368f/original/catalogo/S60TRS60TR8/1024-1024/barra-de-sonido-lg-s60tr-barra-de-sonido-lg-s60tr.jpg,8,,
lg-s70ty,Barra de sonido LG S70TY,Barra de sonido LG S70TY,LG,Electro,"Audio, LG, stock-verificado",TRUE,Modelo,Barra de sonido LG S70TY,S70TY,23528.00,,10,deny,https://f.fcdn.app/imgs/5a9b55/www.ltienda.com.uy/lguy/cc98/original/catalogo/S70TYS70TY1/1024-1024/barra-de-sonido-lg-s70ty-barra-de-sonido-lg-s70ty.jpg,1,,
lg-s70ty,,,,,,,,,,,,,,https://f.fcdn.app/imgs/7e7687/www.ltienda.com.uy/lguy/96c9/original/catalogo/S70TYS70TY2/1024-1024/barra-de-sonido-lg-s70ty-barra-de-sonido-lg-s70ty.jpg,2,,
lg-s70ty,,,,,,,,,,,,,,https://f.fcdn.app/imgs/ff6b98/www.ltienda.com.uy/lguy/3a3b/original/catalogo/S70TYS70TY3/1024-1024/barra-de-sonido-lg-s70ty-barra-de-sonido-lg-s70ty.jpg,3,,
lg-s70ty,,,,,,,,,,,,,,https://f.fcdn.app/imgs/d62656/www.ltienda.com.uy/lguy/9de8/original/catalogo/S70TYS70TY4/1024-1024/barra-de-sonido-lg-s70ty-barra-de-sonido-lg-s70ty.jpg,4,,
lg-s70ty,,,,,,,,,,,,,,https://f.fcdn.app/imgs/24e1a4/www.ltienda.com.uy/lguy/76eb/original/catalogo/S70TYS70TY5/1024-1024/barra-de-sonido-lg-s70ty-barra-de-sonido-lg-s70ty.jpg,5,,
lg-s70ty,,,,,,,,,,,,,,https://f.fcdn.app/imgs/9b64e2/www.ltienda.com.uy/lguy/7504/original/catalogo/S70TYS70TY6/1024-1024/barra-de-sonido-lg-s70ty-barra-de-sonido-lg-s70ty.jpg,6,,
lg-s70ty,,,,,,,,,,,,,,https://f.fcdn.app/imgs/78f5fb/www.ltienda.com.uy/lguy/417e/original/catalogo/S70TYS70TY7/1024-1024/barra-de-sonido-lg-s70ty-barra-de-sonido-lg-s70ty.jpg,7,,
lg-s70ty,,,,,,,,,,,,,,https://f.fcdn.app/imgs/7b8823/www.ltienda.com.uy/lguy/2c70/original/catalogo/S70TYS70TY8/1024-1024/barra-de-sonido-lg-s70ty-barra-de-sonido-lg-s70ty.jpg,8,,
lg-s90ty,Barra de sonido LG S90TY,Barra de sonido LG S90TY,LG,Electro,"Audio, LG",TRUE,Modelo,Barra de sonido LG S90TY,S90TY,58676.00,,0,deny,https://f.fcdn.app/imgs/371ace/www.ltienda.com.uy/lguy/d4a8/original/catalogo/S90TYS90TY1/1024-1024/barra-de-sonido-lg-s90ty-barra-de-sonido-lg-s90ty.jpg,1,,
lg-s90ty,,,,,,,,,,,,,,https://f.fcdn.app/imgs/df6802/www.ltienda.com.uy/lguy/516f/original/catalogo/S90TYS90TY2/1024-1024/barra-de-sonido-lg-s90ty-barra-de-sonido-lg-s90ty.jpg,2,,
lg-s90ty,,,,,,,,,,,,,,https://f.fcdn.app/imgs/a45c48/www.ltienda.com.uy/lguy/9de8/original/catalogo/S90TYS90TY3/1024-1024/barra-de-sonido-lg-s90ty-barra-de-sonido-lg-s90ty.jpg,3,,
lg-s90ty,,,,,,,,,,,,,,https://f.fcdn.app/imgs/f00ee1/www.ltienda.com.uy/lguy/2d09/original/catalogo/S90TYS90TY4/1024-1024/barra-de-sonido-lg-s90ty-barra-de-sonido-lg-s90ty.jpg,4,,
lg-s90ty,,,,,,,,,,,,,,https://f.fcdn.app/imgs/072718/www.ltienda.com.uy/lguy/8b38/original/catalogo/S90TYS90TY5/1024-1024/barra-de-sonido-lg-s90ty-barra-de-sonido-lg-s90ty.jpg,5,,
lg-s90ty,,,,,,,,,,,,,,https://f.fcdn.app/imgs/1fca0f/www.ltienda.com.uy/lguy/19af/original/catalogo/S90TYS90TY6/1024-1024/barra-de-sonido-lg-s90ty-barra-de-sonido-lg-s90ty.jpg,6,,
lg-s90ty,,,,,,,,,,,,,,https://f.fcdn.app/imgs/aa3c2f/www.ltienda.com.uy/lguy/c26d/original/catalogo/S90TYS90TY7/1024-1024/barra-de-sonido-lg-s90ty-barra-de-sonido-lg-s90ty.jpg,7,,
lg-s90ty,,,,,,,,,,,,,,https://f.fcdn.app/imgs/e86fe5/www.ltienda.com.uy/lguy/7e56/original/catalogo/S90TYS90TY8/1024-1024/barra-de-sonido-lg-s90ty-barra-de-sonido-lg-s90ty.jpg,8,,
lg-wt19bv6t,Lavarropas inverter carga superior 19 Kg WT19BV6T LG,Lavarropas inverter carga superior 19 Kg WT19BV6T LG,LG,Electro,"Lavarropas, LG, stock-verificado",TRUE,Modelo,Lavarropas inverter carga superior 19 Kg WT19BV6T LG,WT19BV6T,26836.00,,10,deny,https://f.fcdn.app/imgs/5e2277/www.ltienda.com.uy/lguy/bd3b/original/catalogo/WT19BV6TWT19BV6T1/1024-1024/lavarropas-inverter-carga-superior-19-kg-wt19bv6t-lg-lavarropas-inverter-carga-superior-19-kg-wt19bv6t-lg.jpg,1,,
lg-wt19bv6t,,,,,,,,,,,,,,https://f.fcdn.app/imgs/fabd67/www.ltienda.com.uy/lguy/9bef/original/catalogo/WT19BV6TWT19BV6T2/1024-1024/lavarropas-inverter-carga-superior-19-kg-wt19bv6t-lg-lavarropas-inverter-carga-superior-19-kg-wt19bv6t-lg.jpg,2,,
lg-wt19bv6t,,,,,,,,,,,,,,https://f.fcdn.app/imgs/98d629/www.ltienda.com.uy/lguy/6562/original/catalogo/WT19BV6TWT19BV6T3/1024-1024/lavarropas-inverter-carga-superior-19-kg-wt19bv6t-lg-lavarropas-inverter-carga-superior-19-kg-wt19bv6t-lg.jpg,3,,
lg-wt19bv6t,,,,,,,,,,,,,,https://f.fcdn.app/imgs/b3d2b6/www.ltienda.com.uy/lguy/3325/original/catalogo/WT19BV6TWT19BV6T4/1024-1024/lavarropas-inverter-carga-superior-19-kg-wt19bv6t-lg-lavarropas-inverter-carga-superior-19-kg-wt19bv6t-lg.jpg,4,,
lg-wt19bv6t,,,,,,,,,,,,,,https://f.fcdn.app/imgs/b00e0d/www.ltienda.com.uy/lguy/8a46/original/catalogo/WT19BV6TWT19BV6T5/1024-1024/lavarropas-inverter-carga-superior-19-kg-wt19bv6t-lg-lavarropas-inverter-carga-superior-19-kg-wt19bv6t-lg.jpg,5,,
lg-wt19bv6t,,,,,,,,,,,,,,https://f.fcdn.app/imgs/1445c8/www.ltienda.com.uy/lguy/cf3b/original/catalogo/WT19BV6TWT19BV6T6/1024-1024/lavarropas-inverter-carga-superior-19-kg-wt19bv6t-lg-lavarropas-inverter-carga-superior-19-kg-wt19bv6t-lg.jpg,6,,
lg-wt19bv6t,,,,,,,,,,,,,,https://f.fcdn.app/imgs/58b730/www.ltienda.com.uy/lguy/ec8a/original/catalogo/WT19BV6TWT19BV6T7/1024-1024/lavarropas-inverter-carga-superior-19-kg-wt19bv6t-lg-lavarropas-inverter-carga-superior-19-kg-wt19bv6t-lg.jpg,7,,
lg-wt19bv6t,,,,,,,,,,,,,,https://f.fcdn.app/imgs/e39d58/www.ltienda.com.uy/lguy/318b/original/catalogo/WT19BV6TWT19BV6T8/1024-1024/lavarropas-inverter-carga-superior-19-kg-wt19bv6t-lg-lavarropas-inverter-carga-superior-19-kg-wt19bv6t-lg.jpg,8,,
lg-xg9qbk,Parlante LG XBOOM XG9QBK,Parlante LG XBOOM XG9QBK,LG,Electro,"Audio, LG, stock-verificado",TRUE,Modelo,Parlante LG XBOOM XG9QBK,XG9QBK,20634.00,,10,deny,https://f.fcdn.app/imgs/274153/www.ltienda.com.uy/lguy/0324/original/catalogo/XG9QBKXG9QBK1/1024-1024/parlante-lg-xboom-xg9qbk-parlante-lg-xboom-xg9qbk.jpg,1,,
lg-xg9qbk,,,,,,,,,,,,,,https://f.fcdn.app/imgs/a2ad85/www.ltienda.com.uy/lguy/0fd6/original/catalogo/XG9QBKXG9QBK2/1024-1024/parlante-lg-xboom-xg9qbk-parlante-lg-xboom-xg9qbk.jpg,2,,
lg-xg9qbk,,,,,,,,,,,,,,https://f.fcdn.app/imgs/04c238/www.ltienda.com.uy/lguy/00ac/original/catalogo/XG9QBKXG9QBK3/1024-1024/parlante-lg-xboom-xg9qbk-parlante-lg-xboom-xg9qbk.jpg,3,,
lg-xg9qbk,,,,,,,,,,,,,,https://f.fcdn.app/imgs/72602b/www.ltienda.com.uy/lguy/e5a3/original/catalogo/XG9QBKXG9QBK4/1024-1024/parlante-lg-xboom-xg9qbk-parlante-lg-xboom-xg9qbk.jpg,4,,
lg-xg9qbk,,,,,,,,,,,,,,https://f.fcdn.app/imgs/67a10b/www.ltienda.com.uy/lguy/b2a1/original/catalogo/XG9QBKXG9QBK5/1024-1024/parlante-lg-xboom-xg9qbk-parlante-lg-xboom-xg9qbk.jpg,5,,
lg-xg9qbk,,,,,,,,,,,,,,https://f.fcdn.app/imgs/fc9da3/www.ltienda.com.uy/lguy/7a92/original/catalogo/XG9QBKXG9QBK6/1024-1024/parlante-lg-xboom-xg9qbk-parlante-lg-xboom-xg9qbk.jpg,6,,
lg-xg9qbk,,,,,,,,,,,,,,https://f.fcdn.app/imgs/ee14da/www.ltienda.com.uy/lguy/5b2e/original/catalogo/XG9QBKXG9QBK7/1024-1024/parlante-lg-xboom-xg9qbk-parlante-lg-xboom-xg9qbk.jpg,7,,
lg-xg9qbk,,,,,,,,,,,,,,https://f.fcdn.app/imgs/318f24/www.ltienda.com.uy/lguy/2b43/original/catalogo/XG9QBKXG9QBK8/1024-1024/parlante-lg-xboom-xg9qbk-parlante-lg-xboom-xg9qbk.jpg,8,,
lg-rnc7,Parlante OneBody LG XBOOM RNC7,Parlante OneBody LG XBOOM RNC7,LG,Electro,"Audio, LG, stock-verificado",TRUE,Modelo,Parlante OneBody LG XBOOM RNC7,RNC7,20220.00,,10,deny,https://f.fcdn.app/imgs/ea29fc/www.ltienda.com.uy/lguy/2dfc/original/catalogo/RNC7RNC71/1024-1024/parlante-onebody-lg-xboom-rnc7-parlante-onebody-lg-xboom-rnc7.jpg,1,,
lg-rnc7,,,,,,,,,,,,,,https://f.fcdn.app/imgs/6dd5a5/www.ltienda.com.uy/lguy/4118/original/catalogo/RNC7RNC72/1024-1024/parlante-onebody-lg-xboom-rnc7-parlante-onebody-lg-xboom-rnc7.jpg,2,,
lg-rnc7,,,,,,,,,,,,,,https://f.fcdn.app/imgs/775a9c/www.ltienda.com.uy/lguy/5ae4/original/catalogo/RNC7RNC73/1024-1024/parlante-onebody-lg-xboom-rnc7-parlante-onebody-lg-xboom-rnc7.jpg,3,,
lg-rnc7,,,,,,,,,,,,,,https://f.fcdn.app/imgs/c6868b/www.ltienda.com.uy/lguy/73e6/original/catalogo/RNC7RNC74/1024-1024/parlante-onebody-lg-xboom-rnc7-parlante-onebody-lg-xboom-rnc7.jpg,4,,
lg-rnc7,,,,,,,,,,,,,,https://f.fcdn.app/imgs/08d627/www.ltienda.com.uy/lguy/4314/original/catalogo/RNC7RNC75/1024-1024/parlante-onebody-lg-xboom-rnc7-parlante-onebody-lg-xboom-rnc7.jpg,5,,
lg-rnc7,,,,,,,,,,,,,,https://f.fcdn.app/imgs/97ff01/www.ltienda.com.uy/lguy/6128/original/catalogo/RNC7RNC76/1024-1024/parlante-onebody-lg-xboom-rnc7-parlante-onebody-lg-xboom-rnc7.jpg,6,,
lg-rnc7,,,,,,,,,,,,,,https://f.fcdn.app/imgs/2910ef/www.ltienda.com.uy/lguy/3256/original/catalogo/RNC7RNC77/1024-1024/parlante-onebody-lg-xboom-rnc7-parlante-onebody-lg-xboom-rnc7.jpg,7,,
lg-rnc7,,,,,,,,,,,,,,https://f.fcdn.app/imgs/a99068/www.ltienda.com.uy/lguy/4d50/original/catalogo/RNC7RNC78/1024-1024/parlante-onebody-lg-xboom-rnc7-parlante-onebody-lg-xboom-rnc7.jpg,8,,
lg-xo3qbk,Parlante LG XBOOM 360 XO3QBK,Parlante LG XBOOM 360 XO3QBK,LG,Electro,"Audio, LG, stock-verificado",TRUE,Modelo,Parlante LG XBOOM 360 XO3QBK,XO3QBK,12777.00,,10,deny,https://f.fcdn.app/imgs/d1444b/www.ltienda.com.uy/lguy/52e3/original/catalogo/XO3QBKXO3QBK1/1024-1024/parlante-lg-xboom-360-xo3qbk-parlante-lg-xboom-360-xo3qbk.jpg,1,,
lg-xo3qbk,,,,,,,,,,,,,,https://f.fcdn.app/imgs/839cae/www.ltienda.com.uy/lguy/1526/original/catalogo/XO3QBKXO3QBK2/1024-1024/parlante-lg-xboom-360-xo3qbk-parlante-lg-xboom-360-xo3qbk.jpg,2,,
lg-xo3qbk,,,,,,,,,,,,,,https://f.fcdn.app/imgs/3274fb/www.ltienda.com.uy/lguy/b1ea/original/catalogo/XO3QBKXO3QBK3/1024-1024/parlante-lg-xboom-360-xo3qbk-parlante-lg-xboom-360-xo3qbk.jpg,3,,
lg-xo3qbk,,,,,,,,,,,,,,https://f.fcdn.app/imgs/a8709c/www.ltienda.com.uy/lguy/e6f6/original/catalogo/XO3QBKXO3QBK4/1024-1024/parlante-lg-xboom-360-xo3qbk-parlante-lg-xboom-360-xo3qbk.jpg,4,,
lg-xo3qbk,,,,,,,,,,,,,,https://f.fcdn.app/imgs/08dc70/www.ltienda.com.uy/lguy/2ec6/original/catalogo/XO3QBKXO3QBK5/1024-1024/parlante-lg-xboom-360-xo3qbk-parlante-lg-xboom-360-xo3qbk.jpg,5,,
lg-xo3qbk,,,,,,,,,,,,,,https://f.fcdn.app/imgs/1fa2ec/www.ltienda.com.uy/lguy/8e3c/original/catalogo/XO3QBKXO3QBK6/1024-1024/parlante-lg-xboom-360-xo3qbk-parlante-lg-xboom-360-xo3qbk.jpg,6,,
lg-xo3qbk,,,,,,,,,,,,,,https://f.fcdn.app/imgs/e0b8b2/www.ltienda.com.uy/lguy/eadd/original/catalogo/XO3QBKXO3QBK7/1024-1024/parlante-lg-xboom-360-xo3qbk-parlante-lg-xboom-360-xo3qbk.jpg,7,,
lg-xo3qbk,,,,,,,,,,,,,,https://f.fcdn.app/imgs/bb1608/www.ltienda.com.uy/lguy/c2b9/original/catalogo/XO3QBKXO3QBK8/1024-1024/parlante-lg-xboom-360-xo3qbk-parlante-lg-xboom-360-xo3qbk.jpg,8,,
lg-rnc5,Parlante OneBody LG XBOOM RNC5,Parlante OneBody LG XBOOM RNC5,LG,Electro,"Audio, LG, stock-verificado",TRUE,Modelo,Parlante OneBody LG XBOOM RNC5,RNC5,15258.00,,10,deny,https://f.fcdn.app/imgs/97161d/www.ltienda.com.uy/lguy/f17f/original/catalogo/RNC5RNC51/1024-1024/parlante-onebody-lg-xboom-rnc5-parlante-onebody-lg-xboom-rnc5.jpg,1,,
lg-rnc5,,,,,,,,,,,,,,https://f.fcdn.app/imgs/9817a0/www.ltienda.com.uy/lguy/26d9/original/catalogo/RNC5RNC52/1024-1024/parlante-onebody-lg-xboom-rnc5-parlante-onebody-lg-xboom-rnc5.jpg,2,,
lg-rnc5,,,,,,,,,,,,,,https://f.fcdn.app/imgs/12eea7/www.ltienda.com.uy/lguy/171d/original/catalogo/RNC5RNC53/1024-1024/parlante-onebody-lg-xboom-rnc5-parlante-onebody-lg-xboom-rnc5.jpg,3,,
lg-rnc5,,,,,,,,,,,,,,https://f.fcdn.app/imgs/76ca28/www.ltienda.com.uy/lguy/f86b/original/catalogo/RNC5RNC54/1024-1024/parlante-onebody-lg-xboom-rnc5-parlante-onebody-lg-xboom-rnc5.jpg,4,,
lg-rnc5,,,,,,,,,,,,,,https://f.fcdn.app/imgs/b6b80b/www.ltienda.com.uy/lguy/3c00/original/catalogo/RNC5RNC55/1024-1024/parlante-onebody-lg-xboom-rnc5-parlante-onebody-lg-xboom-rnc5.jpg,5,,
lg-rnc5,,,,,,,,,,,,,,https://f.fcdn.app/imgs/b3d7f5/www.ltienda.com.uy/lguy/0efa/original/catalogo/RNC5RNC56/1024-1024/parlante-onebody-lg-xboom-rnc5-parlante-onebody-lg-xboom-rnc5.jpg,6,,
lg-rnc5,,,,,,,,,,,,,,https://f.fcdn.app/imgs/5ee110/www.ltienda.com.uy/lguy/a83c/original/catalogo/RNC5RNC57/1024-1024/parlante-onebody-lg-xboom-rnc5-parlante-onebody-lg-xboom-rnc5.jpg,7,,
lg-rnc5,,,,,,,,,,,,,,https://f.fcdn.app/imgs/3f6acd/www.ltienda.com.uy/lguy/6fcd/original/catalogo/RNC5RNC58/1024-1024/parlante-onebody-lg-xboom-rnc5-parlante-onebody-lg-xboom-rnc5.jpg,8,,
lg-sh7q-dperllk,Barra de sonido LG SH7Q,Barra de sonido LG SH7Q,LG,Electro,"Audio, LG, stock-verificado",TRUE,Modelo,Barra de sonido LG SH7Q,SH7Q.DPERLLK,33039.00,,10,deny,https://f.fcdn.app/imgs/fbe856/www.ltienda.com.uy/lguy/1125/original/catalogo/SH7Q.DPERLLKSH7Q.DPERLLK1/1024-1024/barra-de-sonido-lg-sh7q-barra-de-sonido-lg-sh7q.jpg,1,,
lg-sh7q-dperllk,,,,,,,,,,,,,,https://f.fcdn.app/imgs/14f5c9/www.ltienda.com.uy/lguy/e514/original/catalogo/SH7Q.DPERLLKSH7Q.DPERLLK2/1024-1024/barra-de-sonido-lg-sh7q-barra-de-sonido-lg-sh7q.jpg,2,,
lg-sh7q-dperllk,,,,,,,,,,,,,,https://f.fcdn.app/imgs/ac35e5/www.ltienda.com.uy/lguy/1edd/original/catalogo/SH7Q.DPERLLKSH7Q.DPERLLK3/1024-1024/barra-de-sonido-lg-sh7q-barra-de-sonido-lg-sh7q.jpg,3,,
lg-sh7q-dperllk,,,,,,,,,,,,,,https://f.fcdn.app/imgs/e47f09/www.ltienda.com.uy/lguy/9de8/original/catalogo/SH7Q.DPERLLKSH7Q.DPERLLK4/1024-1024/barra-de-sonido-lg-sh7q-barra-de-sonido-lg-sh7q.jpg,4,,
lg-sh7q-dperllk,,,,,,,,,,,,,,https://f.fcdn.app/imgs/b4e8af/www.ltienda.com.uy/lguy/7c97/original/catalogo/SH7Q.DPERLLKSH7Q.DPERLLK5/1024-1024/barra-de-sonido-lg-sh7q-barra-de-sonido-lg-sh7q.jpg,5,,
lg-sh7q-dperllk,,,,,,,,,,,,,,https://f.fcdn.app/imgs/9a55f2/www.ltienda.com.uy/lguy/0807/original/catalogo/SH7Q.DPERLLKSH7Q.DPERLLK6/1024-1024/barra-de-sonido-lg-sh7q-barra-de-sonido-lg-sh7q.jpg,6,,
lg-sh7q-dperllk,,,,,,,,,,,,,,https://f.fcdn.app/imgs/63d8d0/www.ltienda.com.uy/lguy/8616/original/catalogo/SH7Q.DPERLLKSH7Q.DPERLLK7/1024-1024/barra-de-sonido-lg-sh7q-barra-de-sonido-lg-sh7q.jpg,7,,
lg-sh7q-dperllk,,,,,,,,,,,,,,https://f.fcdn.app/imgs/3f1274/www.ltienda.com.uy/lguy/c2e4/original/catalogo/SH7Q.DPERLLKSH7Q.DPERLLK8/1024-1024/barra-de-sonido-lg-sh7q-barra-de-sonido-lg-sh7q.jpg,8,,
lg-vt32wppdc,Refrigerador LG inverter 340L VT32WPPDC,Refrigerador LG inverter 340L VT32WPPDC,LG,Electro,"Heladeras, LG, stock-verificado",TRUE,Modelo,Refrigerador LG inverter 340L VT32WPPDC,VT32WPPDC,28904.00,,10,deny,https://f.fcdn.app/imgs/27b4e0/www.ltienda.com.uy/lguy/1f7b/original/catalogo/VT32WPPDCVT32WPPDC1/1024-1024/refrigerador-lg-inverter-340l-vt32wppdc-refrigerador-lg-inverter-340l-vt32wppdc.jpg,1,,
lg-vt32wppdc,,,,,,,,,,,,,,https://f.fcdn.app/imgs/d2b087/www.ltienda.com.uy/lguy/e8e5/original/catalogo/VT32WPPDCVT32WPPDC2/1024-1024/refrigerador-lg-inverter-340l-vt32wppdc-refrigerador-lg-inverter-340l-vt32wppdc.jpg,2,,
lg-vt32wppdc,,,,,,,,,,,,,,https://f.fcdn.app/imgs/b3284e/www.ltienda.com.uy/lguy/d145/original/catalogo/VT32WPPDCVT32WPPDC3/1024-1024/refrigerador-lg-inverter-340l-vt32wppdc-refrigerador-lg-inverter-340l-vt32wppdc.jpg,3,,
lg-vt32wppdc,,,,,,,,,,,,,,https://f.fcdn.app/imgs/af0ed6/www.ltienda.com.uy/lguy/b7b6/original/catalogo/VT32WPPDCVT32WPPDC4/1024-1024/refrigerador-lg-inverter-340l-vt32wppdc-refrigerador-lg-inverter-340l-vt32wppdc.jpg,4,,
lg-vt32wppdc,,,,,,,,,,,,,,https://f.fcdn.app/imgs/e50387/www.ltienda.com.uy/lguy/83c9/original/catalogo/VT32WPPDCVT32WPPDC5/1024-1024/refrigerador-lg-inverter-340l-vt32wppdc-refrigerador-lg-inverter-340l-vt32wppdc.jpg,5,,
lg-vt32wppdc,,,,,,,,,,,,,,https://f.fcdn.app/imgs/05e214/www.ltienda.com.uy/lguy/2503/original/catalogo/VT32WPPDCVT32WPPDC6/1024-1024/refrigerador-lg-inverter-340l-vt32wppdc-refrigerador-lg-inverter-340l-vt32wppdc.jpg,6,,
lg-vt32wppdc,,,,,,,,,,,,,,https://f.fcdn.app/imgs/be5ca0/www.ltienda.com.uy/lguy/c579/original/catalogo/VT32WPPDCVT32WPPDC7/1024-1024/refrigerador-lg-inverter-340l-vt32wppdc-refrigerador-lg-inverter-340l-vt32wppdc.jpg,7,,
lg-vt32wppdc,,,,,,,,,,,,,,https://f.fcdn.app/imgs/cbf3c2/www.ltienda.com.uy/lguy/318b/original/catalogo/VT32WPPDCVT32WPPDC8/1024-1024/refrigerador-lg-inverter-340l-vt32wppdc-refrigerador-lg-inverter-340l-vt32wppdc.jpg,8,,
lg-xl7s,Parlante OneBody portátil LG XBOOM XL7S,Parlante OneBody portátil LG XBOOM XL7S,LG,Electro,"Audio, LG, stock-verificado",TRUE,Modelo,Parlante OneBody portátil LG XBOOM XL7S,XL7S,24769.00,,10,deny,https://f.fcdn.app/imgs/3eaefe/www.ltienda.com.uy/lguy/88f7/original/catalogo/XL7SXL7S1/1024-1024/parlante-onebody-portatil-lg-xboom-xl7s-parlante-onebody-portatil-lg-xboom-xl7s.jpg,1,,
lg-xl7s,,,,,,,,,,,,,,https://f.fcdn.app/imgs/9542de/www.ltienda.com.uy/lguy/6d57/original/catalogo/XL7SXL7S2/1024-1024/parlante-onebody-portatil-lg-xboom-xl7s-parlante-onebody-portatil-lg-xboom-xl7s.jpg,2,,
lg-xl7s,,,,,,,,,,,,,,https://f.fcdn.app/imgs/26be8a/www.ltienda.com.uy/lguy/7480/original/catalogo/XL7SXL7S3/1024-1024/parlante-onebody-portatil-lg-xboom-xl7s-parlante-onebody-portatil-lg-xboom-xl7s.jpg,3,,
lg-xl7s,,,,,,,,,,,,,,https://f.fcdn.app/imgs/fbbd16/www.ltienda.com.uy/lguy/5e3c/original/catalogo/XL7SXL7S4/1024-1024/parlante-onebody-portatil-lg-xboom-xl7s-parlante-onebody-portatil-lg-xboom-xl7s.jpg,4,,
lg-xl7s,,,,,,,,,,,,,,https://f.fcdn.app/imgs/3596ba/www.ltienda.com.uy/lguy/1963/original/catalogo/XL7SXL7S5/1024-1024/parlante-onebody-portatil-lg-xboom-xl7s-parlante-onebody-portatil-lg-xboom-xl7s.jpg,5,,
lg-xl7s,,,,,,,,,,,,,,https://f.fcdn.app/imgs/4397bd/www.ltienda.com.uy/lguy/4558/original/catalogo/XL7SXL7S6/1024-1024/parlante-onebody-portatil-lg-xboom-xl7s-parlante-onebody-portatil-lg-xboom-xl7s.jpg,6,,
lg-xl7s,,,,,,,,,,,,,,https://f.fcdn.app/imgs/e45c6c/www.ltienda.com.uy/lguy/f28e/original/catalogo/XL7SXL7S7/1024-1024/parlante-onebody-portatil-lg-xboom-xl7s-parlante-onebody-portatil-lg-xboom-xl7s.jpg,7,,
lg-xl7s,,,,,,,,,,,,,,https://f.fcdn.app/imgs/59d216/www.ltienda.com.uy/lguy/55df/original/catalogo/XL7SXL7S8/1024-1024/parlante-onebody-portatil-lg-xboom-xl7s-parlante-onebody-portatil-lg-xboom-xl7s.jpg,8,,
lg-rnc9,Parlante OneBody LG XBOOM RNC9,Parlante OneBody LG XBOOM RNC9,LG,Electro,"Audio, LG, stock-verificado",TRUE,Modelo,Parlante OneBody LG XBOOM RNC9,RNC9,25596.00,,10,deny,https://f.fcdn.app/imgs/462d9c/www.ltienda.com.uy/lguy/1d6c/original/catalogo/RNC9RNC91/1024-1024/parlante-onebody-lg-xboom-rnc9-parlante-onebody-lg-xboom-rnc9.jpg,1,,
lg-rnc9,,,,,,,,,,,,,,https://f.fcdn.app/imgs/61e4d2/www.ltienda.com.uy/lguy/2024/original/catalogo/RNC9RNC92/1024-1024/parlante-onebody-lg-xboom-rnc9-parlante-onebody-lg-xboom-rnc9.jpg,2,,
lg-rnc9,,,,,,,,,,,,,,https://f.fcdn.app/imgs/a677a7/www.ltienda.com.uy/lguy/08b8/original/catalogo/RNC9RNC93/1024-1024/parlante-onebody-lg-xboom-rnc9-parlante-onebody-lg-xboom-rnc9.jpg,3,,
lg-rnc9,,,,,,,,,,,,,,https://f.fcdn.app/imgs/2701ff/www.ltienda.com.uy/lguy/8514/original/catalogo/RNC9RNC94/1024-1024/parlante-onebody-lg-xboom-rnc9-parlante-onebody-lg-xboom-rnc9.jpg,4,,
lg-rnc9,,,,,,,,,,,,,,https://f.fcdn.app/imgs/3f9d82/www.ltienda.com.uy/lguy/b507/original/catalogo/RNC9RNC95/1024-1024/parlante-onebody-lg-xboom-rnc9-parlante-onebody-lg-xboom-rnc9.jpg,5,,
lg-rnc9,,,,,,,,,,,,,,https://f.fcdn.app/imgs/22b128/www.ltienda.com.uy/lguy/4afe/original/catalogo/RNC9RNC96/1024-1024/parlante-onebody-lg-xboom-rnc9-parlante-onebody-lg-xboom-rnc9.jpg,6,,
lg-rnc9,,,,,,,,,,,,,,https://f.fcdn.app/imgs/3ce947/www.ltienda.com.uy/lguy/d38d/original/catalogo/RNC9RNC97/1024-1024/parlante-onebody-lg-xboom-rnc9-parlante-onebody-lg-xboom-rnc9.jpg,7,,
lg-rnc9,,,,,,,,,,,,,,https://f.fcdn.app/imgs/f2b92b/www.ltienda.com.uy/lguy/5719/original/catalogo/RNC9RNC98/1024-1024/parlante-onebody-lg-xboom-rnc9-parlante-onebody-lg-xboom-rnc9.jpg,8,,
lg-vt32bppdc,Refrigerador LG inverter 340L VT32BPPDC,Refrigerador LG inverter 340L VT32BPPDC,LG,Electro,"Heladeras, LG, stock-verificado",TRUE,Modelo,Refrigerador LG inverter 340L VT32BPPDC,VT32BPPDC,26836.00,,10,deny,https://f.fcdn.app/imgs/2dc345/www.ltienda.com.uy/lguy/4599/original/catalogo/VT32BPPDCVT32BPPDC1/1024-1024/refrigerador-lg-inverter-340l-vt32bppdc-refrigerador-lg-inverter-340l-vt32bppdc.jpg,1,,
lg-vt32bppdc,,,,,,,,,,,,,,https://f.fcdn.app/imgs/d49f28/www.ltienda.com.uy/lguy/d397/original/catalogo/VT32BPPDCVT32BPPDC2/1024-1024/refrigerador-lg-inverter-340l-vt32bppdc-refrigerador-lg-inverter-340l-vt32bppdc.jpg,2,,
lg-vt32bppdc,,,,,,,,,,,,,,https://f.fcdn.app/imgs/fa883d/www.ltienda.com.uy/lguy/20f0/original/catalogo/VT32BPPDCVT32BPPDC3/1024-1024/refrigerador-lg-inverter-340l-vt32bppdc-refrigerador-lg-inverter-340l-vt32bppdc.jpg,3,,
lg-vt32bppdc,,,,,,,,,,,,,,https://f.fcdn.app/imgs/1b4a36/www.ltienda.com.uy/lguy/b4a9/original/catalogo/VT32BPPDCVT32BPPDC4/1024-1024/refrigerador-lg-inverter-340l-vt32bppdc-refrigerador-lg-inverter-340l-vt32bppdc.jpg,4,,
lg-vt32bppdc,,,,,,,,,,,,,,https://f.fcdn.app/imgs/983473/www.ltienda.com.uy/lguy/ffbb/original/catalogo/VT32BPPDCVT32BPPDC5/1024-1024/refrigerador-lg-inverter-340l-vt32bppdc-refrigerador-lg-inverter-340l-vt32bppdc.jpg,5,,
lg-vt32bppdc,,,,,,,,,,,,,,https://f.fcdn.app/imgs/3a7745/www.ltienda.com.uy/lguy/1274/original/catalogo/VT32BPPDCVT32BPPDC6/1024-1024/refrigerador-lg-inverter-340l-vt32bppdc-refrigerador-lg-inverter-340l-vt32bppdc.jpg,6,,
lg-vt32bppdc,,,,,,,,,,,,,,https://f.fcdn.app/imgs/a4a57b/www.ltienda.com.uy/lguy/75e4/original/catalogo/VT32BPPDCVT32BPPDC7/1024-1024/refrigerador-lg-inverter-340l-vt32bppdc-refrigerador-lg-inverter-340l-vt32bppdc.jpg,7,,
lg-vt32bppdc,,,,,,,,,,,,,,https://f.fcdn.app/imgs/2e9a83/www.ltienda.com.uy/lguy/318b/original/catalogo/VT32BPPDCVT32BPPDC8/1024-1024/refrigerador-lg-inverter-340l-vt32bppdc-refrigerador-lg-inverter-340l-vt32bppdc.jpg,8,,
lg-ms2536gis,Microondas inverter NeoChef 25L LG MS2536GIS,Microondas inverter NeoChef 25L LG MS2536GIS,LG,Electro,"Cocinas, LG",TRUE,Modelo,Microondas inverter NeoChef 25L LG MS2536GIS,MS2536GIS,12198.00,,0,deny,https://f.fcdn.app/imgs/46bbb7/www.ltienda.com.uy/lguy/e3e4/original/catalogo/MS2536GISMS2536GIS1/1024-1024/microondas-inverter-neochef-25l-lg-ms2536gis-microondas-inverter-neochef-25l-lg-ms2536gis.jpg,1,,
lg-ms2536gis,,,,,,,,,,,,,,https://f.fcdn.app/imgs/9dd11b/www.ltienda.com.uy/lguy/5977/original/catalogo/MS2536GISMS2536GIS2/1024-1024/microondas-inverter-neochef-25l-lg-ms2536gis-microondas-inverter-neochef-25l-lg-ms2536gis.jpg,2,,
lg-ms2536gis,,,,,,,,,,,,,,https://f.fcdn.app/imgs/bdcd7d/www.ltienda.com.uy/lguy/687f/original/catalogo/MS2536GISMS2536GIS3/1024-1024/microondas-inverter-neochef-25l-lg-ms2536gis-microondas-inverter-neochef-25l-lg-ms2536gis.jpg,3,,
lg-ms2536gis,,,,,,,,,,,,,,https://f.fcdn.app/imgs/2845bd/www.ltienda.com.uy/lguy/81b2/original/catalogo/MS2536GISMS2536GIS4/1024-1024/microondas-inverter-neochef-25l-lg-ms2536gis-microondas-inverter-neochef-25l-lg-ms2536gis.jpg,4,,
lg-ms2536gis,,,,,,,,,,,,,,https://f.fcdn.app/imgs/142201/www.ltienda.com.uy/lguy/a2e8/original/catalogo/MS2536GISMS2536GIS5/1024-1024/microondas-inverter-neochef-25l-lg-ms2536gis-microondas-inverter-neochef-25l-lg-ms2536gis.jpg,5,,
lg-wt9wl,Lavarropas superior LG 9Kg WT9WL,Lavarropas superior LG 9Kg WT9WL,LG,Electro,"Lavarropas, LG",TRUE,Modelo,Lavarropas superior LG 9Kg WT9WL,WT9WL,20634.00,,0,deny,https://f.fcdn.app/imgs/093e7e/www.ltienda.com.uy/lguy/2a75/original/catalogo/WT9WLWT9WL1/1024-1024/lavarropas-superior-lg-9kg-wt9wl-lavarropas-superior-lg-9kg-wt9wl.jpg,1,,
lg-wt9wl,,,,,,,,,,,,,,https://f.fcdn.app/imgs/df916c/www.ltienda.com.uy/lguy/b634/original/catalogo/WT9WLWT9WL2/1024-1024/lavarropas-superior-lg-9kg-wt9wl-lavarropas-superior-lg-9kg-wt9wl.jpg,2,,
lg-wt9wl,,,,,,,,,,,,,,https://f.fcdn.app/imgs/0e3bc8/www.ltienda.com.uy/lguy/12bc/original/catalogo/WT9WLWT9WL3/1024-1024/lavarropas-superior-lg-9kg-wt9wl-lavarropas-superior-lg-9kg-wt9wl.jpg,3,,
lg-wt9wl,,,,,,,,,,,,,,https://f.fcdn.app/imgs/3d9bbf/www.ltienda.com.uy/lguy/2b86/original/catalogo/WT9WLWT9WL4/1024-1024/lavarropas-superior-lg-9kg-wt9wl-lavarropas-superior-lg-9kg-wt9wl.jpg,4,,
lg-wt9wl,,,,,,,,,,,,,,https://f.fcdn.app/imgs/f50584/www.ltienda.com.uy/lguy/57ce/original/catalogo/WT9WLWT9WL5/1024-1024/lavarropas-superior-lg-9kg-wt9wl-lavarropas-superior-lg-9kg-wt9wl.jpg,5,,
lg-wt9wl,,,,,,,,,,,,,,https://f.fcdn.app/imgs/e7965b/www.ltienda.com.uy/lguy/5c8c/original/catalogo/WT9WLWT9WL6/1024-1024/lavarropas-superior-lg-9kg-wt9wl-lavarropas-superior-lg-9kg-wt9wl.jpg,6,,
lg-wt9wl,,,,,,,,,,,,,,https://f.fcdn.app/imgs/039459/www.ltienda.com.uy/lguy/c0d4/original/catalogo/WT9WLWT9WL7/1024-1024/lavarropas-superior-lg-9kg-wt9wl-lavarropas-superior-lg-9kg-wt9wl.jpg,7,,
lg-wt9wl,,,,,,,,,,,,,,https://f.fcdn.app/imgs/a1777e/www.ltienda.com.uy/lguy/318b/original/catalogo/WT9WLWT9WL8/1024-1024/lavarropas-superior-lg-9kg-wt9wl-lavarropas-superior-lg-9kg-wt9wl.jpg,8,,
lg-cj45,Minicomponente XBOOM CJ45 LG,Minicomponente XBOOM CJ45 LG,LG,Electro,"Audio, LG, stock-verificado",TRUE,Modelo,Minicomponente XBOOM CJ45 LG,CJ45,16499.00,,10,deny,https://f.fcdn.app/imgs/ba3e6b/www.ltienda.com.uy/lguy/63e2/original/catalogo/CJ45CJ451/1024-1024/minicomponente-xboom-cj45-lg-minicomponente-xboom-cj45-lg.jpg,1,,
lg-cj45,,,,,,,,,,,,,,https://f.fcdn.app/imgs/ce5b02/www.ltienda.com.uy/lguy/f9b7/original/catalogo/CJ45CJ452/1024-1024/minicomponente-xboom-cj45-lg-minicomponente-xboom-cj45-lg.jpg,2,,
lg-cj45,,,,,,,,,,,,,,https://f.fcdn.app/imgs/1ddb4b/www.ltienda.com.uy/lguy/0734/original/catalogo/CJ45CJ453/1024-1024/minicomponente-xboom-cj45-lg-minicomponente-xboom-cj45-lg.jpg,3,,
lg-cj45,,,,,,,,,,,,,,https://f.fcdn.app/imgs/7e3721/www.ltienda.com.uy/lguy/b64b/original/catalogo/CJ45CJ454/1024-1024/minicomponente-xboom-cj45-lg-minicomponente-xboom-cj45-lg.jpg,4,,
lg-cj45,,,,,,,,,,,,,,https://f.fcdn.app/imgs/8d3583/www.ltienda.com.uy/lguy/6514/original/catalogo/CJ45CJ455/1024-1024/minicomponente-xboom-cj45-lg-minicomponente-xboom-cj45-lg.jpg,5,,
lg-cj45,,,,,,,,,,,,,,https://f.fcdn.app/imgs/747da9/www.ltienda.com.uy/lguy/8c3d/original/catalogo/CJ45CJ456/1024-1024/minicomponente-xboom-cj45-lg-minicomponente-xboom-cj45-lg.jpg,6,,
lg-cj45,,,,,,,,,,,,,,https://f.fcdn.app/imgs/33fa57/www.ltienda.com.uy/lguy/d489/original/catalogo/CJ45CJ457/1024-1024/minicomponente-xboom-cj45-lg-minicomponente-xboom-cj45-lg.jpg,7,,
lg-cj45,,,,,,,,,,,,,,https://f.fcdn.app/imgs/e0bf3a/www.ltienda.com.uy/lguy/a300/original/catalogo/CJ45CJ458/1024-1024/minicomponente-xboom-cj45-lg-minicomponente-xboom-cj45-lg.jpg,8,,
